attestation_id,year,date,period,brand_or_category,city,province,corridor,source_type,source_name,source_url,attestation_type,text_for_scoring,confidence,notes,source_id,verification_level,region,original_text,dish_marker,taiwan_marker,ownership_category,capital_origin,source_url_or_archive_ref
H40_001,1960,1960-01-01,1950-1978_taiwan_side_popular_food,鬍鬚張魯肉飯,Taipei,Taiwan,Taiwan-side,official_brand_timeline,鬍鬚張,https://shop.fmsc.com.tw/pages/about-us,brand_origin,1960 台北 民生西路 雙連派出所 對面 路邊 創立 雙連魯肉飯 路邊攤 台灣 庶民小吃,high,Direct official brand timeline; retrospective but detailed.,,,,,,,,,
H40_002,1971,1971-01-01,1950-1978_taiwan_side_popular_food,鬍鬚張魯肉飯,Taipei,Taiwan,Taiwan-side,official_brand_timeline,鬍鬚張,https://shop.fmsc.com.tw/pages/about-us,stall_relocation,1971 台北 民生西路 雙連 魯肉飯 攤位 遷至 圓環 寧夏路64號 前 魯肉飯 攤位,high,Shows movement from stall geography into Taipei food district.,,,,,,,,,
H40_003,1973,1973-02-10,1950-1978_taiwan_side_popular_food,台北小吃魯肉飯,Taipei,Taiwan,Taiwan-side,newspaper_retrospective,聯合報 / UDN Oops,https://udn.com/news/story/7205/6132433,photo_archive_retro,1973 台北 重慶北路 小吃店 魯肉飯 三塊錢 圓環 小食 夜間 熱鬧,medium,Retrospective UDN archive item based on 1973 newspaper/photo.,,,,,,,,,
H40_004,1970,1970-01-01,1950-1978_taiwan_side_popular_food,阿義魯肉飯,Taipei,Taiwan,Taiwan-side,food_history_article,FoodNEXT,https://www.foodnext.net/life/culture/paper/5739466759,brand_origin_retro,華西街 夜市 阿義魯肉飯 創立於70年代 台北 滷肉飯 偏甜 豬油 肉燥 年輕人口味,medium,Retrospective food-history article; needs newspaper corroboration.,,,,,,,,,
H40_005,1979,1979-01-01,1979-1987_brand_formalization_and_reopening,鬍鬚張魯肉飯,Taipei,Taiwan,Taiwan-side,official_brand_timeline,鬍鬚張,https://shop.fmsc.com.tw/pages/about-us,first_branch,1979 台北 寧夏店 第一家分店 魯肉飯 台灣 小吃 品牌化,high,Marks formal branching before mainland diffusion.,,,,,,,,,
H40_006,1986,1986-01-01,1979-1987_brand_formalization_and_reopening,鬍鬚張魯肉飯,Taipei,Taiwan,Taiwan-side,official_brand_timeline,鬍鬚張,https://shop.fmsc.com.tw/pages/about-us,service_mark,1986 鬍鬚張 魯肉飯 服務標章 註冊 商標 品牌化 台灣,high,Shows trademark/service mark formalization.,,,,,,,,,
H40_007,1987,1987-01-01,1979-1987_brand_formalization_and_reopening,阿才的店,Taipei,Taiwan,Taiwan-side,newspaper_retrospective,報時光,https://time.udn.com/udntime/story/122833/9248883,taiwanese_cuisine_restaurant,1987 台北 台菜餐廳 阿才的店 本土台菜 民主聖地 台灣菜 餐廳化,medium,Not lu rou fan-specific; useful for Taiwan-side 台菜 restaurantization.,,,,,,,,,
H40_008,1993,1993-01-01,1988-2001_cross_strait_mobility,鬍鬚張魯肉飯,Taipei,Taiwan,Taiwan-side,official_brand_timeline,鬍鬚張,https://shop.fmsc.com.tw/pages/about-us,corporatization,1993 鬍鬚張 公司改組為股份有限公司 魯肉飯 連鎖 企業化 台灣,high,Corporate formalization of Taiwan-side lu rou fan chain.,,,,,,,,,
H40_009,1996,1996-01-01,1988-2001_cross_strait_mobility,仙踪林,Shanghai,Shanghai,Yangtze River Delta,media_report,China Daily / China News,https://www.chinadaily.com.cn/dfpd/expo2010/2010-07/12/content_10094994,mainland_entry_retro,仙踪林 1996 台式奶茶 進入內地 港台大陸 過百間分店 連鎖加盟 台式 餐飲,medium,Not lu rou fan-specific; shows Taiwan-style food/drink entering mainland as chain format.,,,,,,,,,
H40_010,1998,1998-01-01,1988-2001_cross_strait_mobility,呷哺呷哺,Beijing,Beijing,North China,news_report,中国经济网,https://www.ce.cn/cysc/sp/info/201001/06/t20100106_19990066.shtml,mainland_taiwan_capital_food,1998 北京 西单 首家 吧台式 小涮锅 中式快餐 台资餐饮 大陆市场 连锁,medium,Capital layer rather than Taiwaneseness semantics; source fetch unstable but search snippet confirms.,,,,,,,,,
H40_011,2000,2000-01-01,1988-2001_cross_strait_mobility,鬍鬚張魯肉飯,Taipei,Taiwan,Taiwan-side,official_brand_timeline,鬍鬚張,https://shop.fmsc.com.tw/pages/about-us,standardization,2000 鬍鬚張 連鎖總部 ISO9001 認證 日本拓店 魯肉飯 標準化 台灣品牌,high,Shows Taiwan-side standardization before mainland lu rou fan platformization.,,,,,,,,,
H40_012,2002,2002-06-01,2002-2013_taiwan_capital_gateway,一茶一坐,Shanghai,Shanghai,Yangtze River Delta,media_report,TVBS,https://news.tvbs.com.tw/world/327709,first_mainland_store,一茶一坐 2002年6月 上海 第一家 台湾风味 休闲餐饮 都市连锁,medium,Early Taiwan-linked casual-dining gateway.,,,,,,,,,
H40_013,2002,2002-07-01,2002-2013_taiwan_capital_gateway,一茶一坐,Shanghai,Shanghai,Yangtze River Delta,media_report,CCTV Taiwan Channel,https://www.cctv.com/taiwan/20030404/100182.shtml,first_mainland_flagship,一茶一坐 上海新天地 第一家旗舰店 台湾餐饮 连锁 向浙江 江苏 北京 广东 福建 四川拓展,high,Shanghai/YRD gateway and regional expansion.,,,,,,,,,
H40_014,2007,2007-01-01,2002-2013_taiwan_capital_gateway,鬍鬚張魯肉飯,Taipei,Taiwan,Taiwan-side,official_brand_timeline,鬍鬚張,https://shop.fmsc.com.tw/pages/about-us,official_festival,2007 鬍鬚張 參加 第九屆 傳統美食嘉年華 魯肉飯節 網路票選 第一名 台灣 小吃,high,Taiwan-side official festival/national food recognition.,,,,,,,,,
H40_015,2009,2009-01-01,2002-2013_taiwan_capital_gateway,鬍鬚張魯肉飯,Beijing,Beijing,North China,official_brand_timeline,鬍鬚張,https://shop.fmsc.com.tw/pages/about-us,beijing_promotion,2009 鬍鬚張 代表 台北市政府 至北京 參加 冠軍團 宣傳 魯肉飯 台灣味,high,Taiwan-side brand presented in Beijing promotional context.,,,,,,,,,
H40_016,2009,2009-01-01,2002-2013_taiwan_capital_gateway,Taiwanese national cuisine,Taipei,Taiwan,Taiwan-side,academic_article,Hui-Tun Chuang,https://rauli.cbs.dk/index.php/cjas/article/download/2542/2647/0,culinary_tourism,台灣 美食 觀光 國族料理 文化意象 小吃 夜市 台灣菜 身份 認同,high,Academic source; supports identity/national cuisine regime.,,,,,,,,,
H40_017,2010,2010-07-12,2002-2013_taiwan_capital_gateway,世博台味餐饮,Shanghai,Shanghai,Yangtze River Delta,news_report,China Daily / China News,https://www.chinadaily.com.cn/dfpd/expo2010/2010-07/12/content_10094994,expo_food_visibility,上海 世博 台味 台湾牛肉面 台式奶茶 永和豆浆 台式卤肉饭 中国风 台湾味 两岸情 400余家 连锁加盟,high,Important mainland event-source for 台味 and 台式卤肉饭 visibility.,,,,,,,,,
H40_018,2010,2010-01-06,2002-2013_taiwan_capital_gateway,台资餐饮企业,Beijing,Beijing,North China,news_report,中国经济网,https://www.ce.cn/cysc/sp/info/201001/06/t20100106_19990066.shtml,taiwan_capital_food_growth,台资餐饮企业 大陆市场 呷哺呷哺 1998 西单 首家 中式快餐 100家 连锁 服务业转型,medium,Capital-origin and format evidence; not Taiwaneseness lexicon evidence.,,,,,,,,,
H40_019,2011,2011-01-01,2002-2013_taiwan_capital_gateway,魯肉飯正名,Taipei,Taiwan,Taiwan-side,academic_article,陳元朋,https://www.airitilibrary.com/Article/Detail/P20160811001-201310-201608110015-201608110015-211-233,naming_controversy,2011 Michelin Green Guide Taiwan 魯肉飯 源自山東 爭議 滷肉飯 正名運動 台灣 中國 文化建構,high,Key orthographic/geopolitical semantic event.,,,,,,,,,
H40_020,2015,2015-09-08,2014-2020_pre_wanghong_platformization,上海台湾料理店卤肉饭,Shanghai,Shanghai,Yangtze River Delta,image_metadata,Wikimedia Commons,https://commons.wikimedia.org/wiki/File%3A%E4%B8%8A%E6%B5%B7%E9%A4%90%E5%8E%85%E4%B8%AD%E4%B8%AA%E5%8D%A4%E8%82%89%E9%A5%AD.jpg,visual_attestation,2015 上海 台湾料理店 卤肉饭 照片 经纬度 大陆 城市餐厅 台式,medium,Visual attestation of lu rou fan in Shanghai Taiwan restaurant.,,,,,,,,,
H40_021,2016,2016-01-01,2014-2020_pre_wanghong_platformization,鬍鬚張魯肉飯,Taipei,Taiwan,Taiwan-side,food_media,Ryori Taiwan,https://ryoritaiwan.fcdc.org.tw/columns/4037,internationalization,鬍鬚張 魯肉飯 1960 台北 雙連 寧夏 華航 機上餐 國際 台灣味,medium,Retrospective food media; traces 1960-2010 internationalization.,,,,,,,,,
H40_022,2018,2018-01-01,2014-2020_pre_wanghong_platformization,紅豬卤肉饭,Shanghai,Shanghai,Yangtze River Delta,food_media,Sina,https://k.sina.cn/article_7232786777_1af1b91590010134vk.html,shanghai_lu_rou_fan_visibility,2018 上海 徐家汇 台湾古早味 红猪卤肉饭 上海最好吃 卤肉饭 15元,medium,Pre-2020 Shanghai lu rou fan visibility; source quality needs audit.,,,,,,,,,
H40_023,2018,2018-01-01,2014-2020_pre_wanghong_platformization,鬍鬚張魯肉飯,Taipei,Taiwan,Taiwan-side,official_brand_timeline,鬍鬚張,https://shop.fmsc.com.tw/pages/about-us,platform_delivery,2018 鬍鬚張 導入 外送平台 魯肉飯 台灣 數位化 平台化,high,Taiwan-side platformization before mainland wanghong boom.,,,,,,,,,
H40_024,2019,2019-01-01,2014-2020_pre_wanghong_platformization,鬍鬚張魯肉飯,Taipei,Taiwan,Taiwan-side,official_brand_timeline,鬍鬚張,https://shop.fmsc.com.tw/pages/about-us,digital_payment,2019 鬍鬚張 數位轉型 會員APP KIOSK 數位支付 魯肉飯 台灣,high,Digitalization of Taiwan-side lu rou fan chain.,,,,,,,,,
H40_025,2020,2020-08-21,2014-2020_pre_wanghong_platformization,大润发台湾风味卤肉大包,Shanghai,Shanghai,Yangtze River Delta,retail_media,China Daily,https://cn.chinadaily.com.cn/a/202008/21/WS5f3f451ba310a859d09df17e.html,retail_product_extension,2020 大润发 上海 台湾风味 卤肉大包 台湾卤肉饭 味道 包子 研发 试吃 打分 味觉记忆,high,Non-restaurant retail commodification of Taiwan lu rou fan flavor before 2021.,,,,,,,,,
SG_1971_001,1971,1971-11-19,1946-1987_taiwan_side_formation,Taiwanese food,Singapore,,,newspaper_archive,NewspaperSG / New Nation,,overseas_taiwan_food_review,Taiwanese food Singapore genuine Taiwan food Taiwanese cooks first restaurant serving genuine Taiwan food,,Comparative Singapore attestation; source lines from NewspaperSG search/open result.,NEWSG_NEWNATION_19711119,probable,Singapore,New Nation article describes genuine Taiwan food and Taiwanese cooks in Singapore.,,Taiwanese food,,,https://eresources.nlb.gov.sg/newspapers/digitised/issue/newnation19711119-1
SG_1972_001,1972,1972-09-26,1946-1987_taiwan_side_formation,Taiwan Porridge Restaurant,Singapore,,,newspaper_archive,NewspaperSG / The Straits Times,,overseas_taiwan_porridge_ad,Taiwan Porridge Restaurant Singapore Oasis Theatre Restaurant Taiwanese porridge,,Comparative Singapore Taiwan-porridge ad.,NEWSG_ST_19720926,probable,Singapore,Advertisement for Taiwan Porridge Restaurant at Oasis Theatre Restaurant.,,Taiwan porridge,,,https://eresources.nlb.gov.sg/newspapers/digitised/issue/straitstimes19720926-1
SG_1972_002,1972,1972-10-24,1946-1987_taiwan_side_formation,Taiwan Porridge Restaurant,Singapore,,,newspaper_archive,NewspaperSG / The Straits Times,,overseas_taiwan_porridge_ad,Taiwan Porridge Restaurant Singapore fine food Taiwan porridge,,Comparative Singapore Taiwan-porridge ad.,NEWSG_ST_19721024,probable,Singapore,Advertisement says come and taste fine food at Taiwan Porridge Restaurant.,,Taiwan porridge,,,https://eresources.nlb.gov.sg/newspapers/digitised/issue/straitstimes19721024-1
SG_1975_001,1975,1975-04-19,1946-1987_taiwan_side_formation,Taiwan Porridge Restaurant,Singapore,,,newspaper_archive,NewspaperSG / The Straits Times,,overseas_taiwan_porridge_ad,Taiwan Porridge Restaurant Singapore advertisement Taiwan porridge,,Comparative Singapore Taiwan-porridge ad.,NEWSG_ST_19750419,probable,Singapore,Advertisement references Taiwan Porridge Rest in entertainment/restaurant cluster.,,Taiwan porridge,,,https://eresources.nlb.gov.sg/newspapers/digitised/issue/straitstimes19750419-1
SG_1975_002,1975,1975-10-11,1946-1987_taiwan_side_formation,Toa Payoh Lucky Restaurant,Singapore,,,newspaper_archive,NewspaperSG / The Straits Times,,overseas_taiwan_porridge_ad,Taiwanese Porridge Toa Payoh Lucky Restaurant Singapore local dishes,,Comparative Singapore Taiwan-porridge ad.,NEWSG_ST_19751011,probable,Singapore,Advertisement offers Taiwanese porridge with local dishes.,,Taiwanese porridge,,,https://eresources.nlb.gov.sg/newspapers/digitised/issue/straitstimes19751011-1
SG_1976_001,1976,1976-04-10,1946-1987_taiwan_side_formation,Taiwan Porridge Restaurant,Singapore,,,newspaper_archive,NewspaperSG / The Straits Times,,overseas_taiwan_porridge_ad,Taiwan Porridge Restaurant Singapore advertisement,,Comparative Singapore Taiwan-porridge ad.,NEWSG_ST_19760410,probable,Singapore,Advertisement references Taiwan Porridge Rest.,,Taiwan porridge,,,https://eresources.nlb.gov.sg/newspapers/digitised/issue/straitstimes19760410-1
SG_1977_001,1977,1977-05-29,1946-1987_taiwan_side_formation,Taiwan Porridge,Singapore,,,newspaper_archive,NewspaperSG / New Nation,,overseas_taiwan_porridge_ad,Taiwan porridge Chinese dishes Singapore restaurant advertisement,,Comparative Singapore Taiwan-porridge ad.,NEWSG_NEWNATION_19770529,probable,Singapore,Advertisement lists Chinese dishes and Taiwan porridge.,,Taiwan porridge,,,https://eresources.nlb.gov.sg/newspapers/digitised/issue/newnation19770529-1
SG_1978_001,1978,1978-08-04,1946-1987_taiwan_side_formation,Taiwan Porridge,Singapore,,,newspaper_archive,NewspaperSG / New Nation,,overseas_taiwan_porridge_ad,Taiwan porridge quick lunch Sin Sin Restaurant Singapore,,Comparative Singapore Taiwan-porridge ad.,NEWSG_NEWNATION_19780804,probable,Singapore,Sin Sin Restaurant advertises quick lunch and Taiwan porridge.,,Taiwan porridge,,,https://eresources.nlb.gov.sg/newspapers/digitised/issue/newnation19780804-1
SG_1982_001,1982,1982-03-21,1946-1987_taiwan_side_formation,Taiwan Porridge,Singapore,,,newspaper_archive,NewspaperSG / The Straits Times,,overseas_taiwan_porridge_review,Taiwan porridge light meal snack Goodwood Park Hotel Singapore,,Comparative Singapore Taiwan-porridge review.,NEWSG_ST_19820321,probable,Singapore,Article titled Taiwan porridge as a light meal or snack.,,Taiwan porridge,,,https://eresources.nlb.gov.sg/newspapers/digitised/issue/straitstimes19820321-1
SG_1982_002,1982,1982-09-23,1946-1987_taiwan_side_formation,Taiwan Porridge,Singapore,,,newspaper_archive,NewspaperSG / The Straits Times,,overseas_taiwan_porridge_ad,Authentic Taiwan porridge Goodwood Park Hotel Singapore Chinese chef,,Comparative Singapore Taiwan-porridge ad.,NEWSG_ST_19820923,probable,Singapore,Goodwood Park Hotel advertisement for authentic Taiwan porridge.,,Taiwan porridge,,,https://eresources.nlb.gov.sg/newspapers/digitised/issue/straitstimes19820923-1
SG_1986_001,1986,1986-06-19,1946-1987_taiwan_side_formation,Taiwanese Porridge,Singapore,,,newspaper_archive,NewspaperSG / The Straits Times,,overseas_taiwan_porridge_ad,Taiwanese Porridge Cockpit Hotel Singapore supper breakfast,,Comparative Singapore Taiwan-porridge ad.,NEWSG_ST_19860619,probable,Singapore,Cockpit Hotel ad lists Taiwanese porridge among supper/breakfast choices.,,Taiwanese porridge,,,https://eresources.nlb.gov.sg/newspapers/digitised/issue/straitstimes19860619-1
SG_1987_001,1987,1987-06-12,1946-1987_taiwan_side_formation,Taiwanese Porridge,Singapore,,,newspaper_archive,NewspaperSG / The Business Times,,overseas_taiwan_porridge_ad,Taiwanese Shaobing You Tiao Taiwanese porridge Singapore breakfast,,Comparative Singapore Taiwan-porridge ad.,NEWSG_BT_19870612,probable,Singapore,Advertisement includes Taiwanese shaobing youtiao breakfast and Taiwanese porridge.,,Taiwanese porridge,,,https://eresources.nlb.gov.sg/newspapers/digitised/issue/biztimes19870612-1
JP_1980_001,1980,,1946-1987_taiwan_side_formation,夜来香,Tokyo,,,food_media_retrospective,Annju's Chillaxing Life,,overseas_taiwanese_restaurant,Tokyo Nishi-Shinjuku 夜来香 1980 founded Taiwanese restaurant 台湾料理,,Retrospective food blog; needs Japanese newspaper/registry corroboration.,JP_YELAI_1980,probable,Japan,"Retrospective source describes Nishi-Shinjuku 夜来香 as a Taiwanese restaurant founded in 1980, with some claims of older tradition.",,台湾料理,,,https://chillaxing-life.com/yelaixiang/
JP_1980_002,1980,,1946-1987_taiwan_side_formation,老李グループ,Nagasaki,,,official_company_profile,老李グループ・ジャパン,,overseas_taiwanese_restaurant_company,老李グループ 1980 創業 台湾料理専門店 Japan Nagasaki Taiwanese restaurant,,Official company profile; good comparative Japan record.,JP_LAOLEE_1980,probable,Japan,Company profile gives founding as Showa 55 / 1980 and identifies the company as a Taiwanese cuisine restaurant group.,,台湾料理,taiwan_capital,Taiwan-origin restaurant group,https://www.laolee.jp/company_profile/
JP_1981_001,1981,,1946-1987_taiwan_side_formation,龍の髭,Tokyo,,,local_business_media,シブヤ経済新聞,,overseas_taiwanese_restaurant,Shibuya Tokyo 龍の髭 1981 Taiwanese restaurant 台湾料理屋台 predecessor,,Local business media retrospective; useful for Japan 1980s Taiwanese restaurantization.,JP_RYUNOHIGE_1981,probable,Japan,Source says Shibuya Taiwanese restaurant 龍の髭 opened in 1981 and had a Taiwanese food-stall predecessor.,,台湾料理,,,https://www.shibukei.com/headline/10013/
JP_1980S_001,1985,,1946-1987_taiwan_side_formation,Tokyo Taiwanese restaurants,Tokyo,,,academic_secondary,東北人類学論壇 / Zhang-related Japanese literature,,overseas_taiwanese_cuisine_regime,1980s Japan Taiwanese cuisine household cuisine small plates authentic Taiwan料理,,Secondary scholarly guide; use to direct Japanese archive searches.,JP_TOKYO_TAIWAN_1980S,probable,Japan,Academic/secondary source states that Taiwanese restaurants in Japan after the 1980s featured household cuisine and small-plate cuisine as authentic Taiwanese cuisine.,,Taiwanese cuisine,,,https://www2.sal.tohoku.ac.jp/anthropology/TAE20_2021.pdf
US_1970_001,1970,,1946-1987_taiwan_side_formation,Taiwanese cuisine in Flushing,New York,,,academic_secondary,Taipei Medical University publication record,,overseas_taiwanese_cuisine_history,Taiwanese cuisine New York Flushing 1970 present Chinese food immigrant restaurant,,Secondary source; primary newspaper/menu records still needed.,US_NY_FLUSHING_1970,probable,North America,Publication record identifies a study on the evolution of Taiwanese cuisine in New York City's Flushing neighborhood from 1970 to present.,,Taiwanese cuisine,,,https://hub.tmu.edu.tw/en/publications/when-little-island-cuisine-encountered-chinese-food-the-evolution-2/
US_1970S_001,1975,,1946-1987_taiwan_side_formation,Taiwanese immigrant Chinese restaurants,New York,,,food_history_secondary,NYFoodStory,,overseas_operator_history,Taiwanese immigrants Chinese food New York 1970s restaurant operators,,Candidate comparative operator/capital history; not counted as cuisine attestation until primary records are found.,US_NY_CHINESE_FOOD_TAIWANESE_1970S,candidate,North America,"Food-history source discusses Taiwanese immigrants and a golden age for Chinese food, but primary restaurant records are needed.",,Taiwanese immigrant,,,https://www.nyfoodstory.com/articles/taiwanese-immigrants-spark-a-golden-age-for-chinese-food/
MY_1980_001,1980,,1946-1987_taiwan_side_formation,The New Formosa Restaurant,Petaling Jaya,,,restaurant_listing_retrospective,Unilocal,,overseas_taiwanese_restaurant,The New Formosa Restaurant Petaling Jaya 1980 authentic Taiwanese cuisine,,Retrospective listing; needs Malaysian newspaper/business corroboration.,MY_FORMOSA_1980,probable,Malaysia,Listing states The New Formosa Restaurant opened in 1980 and served authentic Taiwanese cuisine.,,Taiwanese cuisine,,,https://unilocal.net/malaysia/petaling-jaya/the-new-formosa-restaurant
SG_1974_001,1974,1974-05-05,1946-1987_taiwan_side_formation,Taiwan Restaurant,Singapore,,Singapore,newspaper_archive,NewspaperSG / The Straits Times,https://eresources.nlb.gov.sg/newspapers/digitised/issue/straitstimes19740505-1,overseas_taiwan_restaurant_reference,Singapore Maxwell House Taiwan Restaurant lunch Taiwan restaurant visibility,medium,Restaurant-name attestation rather than dish-specific evidence; useful for Singapore Taiwan-food naming field.,NEWSG_ST_19740505,probable,Singapore,The Straits Times report places an event lunch at the Taiwan Restaurant in Maxwell House.,,Taiwan Restaurant,,,https://eresources.nlb.gov.sg/newspapers/digitised/issue/straitstimes19740505-1
SG_1980_001,1980,1980-07-20,1946-1987_taiwan_side_formation,Taiwan Porridge,Singapore,,Singapore,newspaper_archive,NewspaperSG / The Straits Times,https://eresources.nlb.gov.sg/newspapers/digitised/issue/straitstimes19800720-1,overseas_taiwan_porridge_ad,Singapore advertisement Taiwan Porridge Bak Kut Teh eight dollars per head,medium,Advertisement attestation; OCR is brief but directly contains the Taiwan Porridge menu label.,NEWSG_ST_19800720,probable,Singapore,Advertisement lists Taiwan Porridge alongside bak kut teh and happy-hours pricing.,Taiwan Porridge,Taiwan,,,https://eresources.nlb.gov.sg/newspapers/digitised/issue/straitstimes19800720-1
SG_1982_003,1982,1982-04-19,1946-1987_taiwan_side_formation,Taiwan Porridge,Singapore,,Singapore,newspaper_archive,NewspaperSG / The Straits Times,https://eresources.nlb.gov.sg/newspapers/digitised/issue/straitstimes19820419-1,overseas_taiwan_porridge_ad,Goodwood Park Hotel Taiwan Porridge authentic Taiwan porridge Chinese chef crispy baby squids fried pomfret steamed minced pork,medium,Distinct Goodwood Park advertisement before September 1982; useful for repeated venue-level circulation.,NEWSG_ST_19820419,probable,Singapore,Goodwood Park Hotel advertisement offers authentic Taiwan porridge cooked by an expert Chinese chef.,Taiwan Porridge,Taiwan,,,https://eresources.nlb.gov.sg/newspapers/digitised/issue/straitstimes19820419-1
SG_1982_004,1982,1982-04-28,1946-1987_taiwan_side_formation,Taiwan Porridge,Singapore,,Singapore,newspaper_archive,NewspaperSG / The Straits Times,https://eresources.nlb.gov.sg/newspapers/digitised/issue/straitstimes19820428-1,overseas_taiwan_porridge_ad,Goodwood Park Hotel Taiwan Porridge authentic Taiwan porridge Chinese chef menu crispy baby squids fried pomfret,medium,Second April 1982 Goodwood ad; keep as separate ad/date attestation rather than a unique restaurant.,NEWSG_ST_19820428,probable,Singapore,Goodwood Park Hotel advertisement repeats authentic Taiwan porridge menu language.,Taiwan Porridge,Taiwan,,,https://eresources.nlb.gov.sg/newspapers/digitised/issue/straitstimes19820428-1
SG_1983_001,1983,1983-07-30,1946-1987_taiwan_side_formation,Hai Guo Restaurant,Singapore,,Singapore,newspaper_archive,NewspaperSG / The Straits Times,https://eresources.nlb.gov.sg/newspapers/digitised/issue/straitstimes19830730-1,overseas_taiwan_porridge_ad,Hai Guo Restaurant grand official opening singers from Taiwan seafood steam-boat Taiwan Porridge,medium,Grand-opening advertisement links Taiwan Porridge to broader entertainment/restaurant branding.,NEWSG_ST_19830730,probable,Singapore,Grand-opening advertisement lists Taiwan Porridge among food available at Hai Guo Restaurant.,Taiwan Porridge,Taiwan,,,https://eresources.nlb.gov.sg/newspapers/digitised/issue/straitstimes19830730-1
SG_1985_001,1985,1985-04-15,1946-1987_taiwan_side_formation,Taiwan Porridge,Singapore,,Singapore,newspaper_archive,NewspaperSG / Singapore Monitor,https://eresources.nlb.gov.sg/newspapers/digitised/issue/singmonitor19850415-2,overseas_taiwan_porridge_ad,Goodwood Park Hotel traditional Taiwan Porridge true Taiwan porridge Coffee Lounge traditional favourites,medium,Advertisement stresses tradition and authenticity; useful for semantic coding of Taiwaneseness as homestyle tradition.,NEWSG_MONITOR_19850415,probable,Singapore,Advertisement invites lovers of true Taiwan porridge to Goodwood Park Hotel Coffee Lounge.,Taiwan Porridge,Taiwan,,,https://eresources.nlb.gov.sg/newspapers/digitised/issue/singmonitor19850415-2
SG_1985_002,1985,1985-10-01,1946-1987_taiwan_side_formation,Sin Leong Restaurant,Singapore,,Singapore,newspaper_archive,NewspaperSG / The Straits Times,https://eresources.nlb.gov.sg/newspapers/digitised/issue/straitstimes19851001-1,overseas_taiwan_porridge_ad,Sin Leong Restaurant Marine Parade introduces Taiwan Porridge delicious mini dishes economical lunch,medium,Shows diffusion beyond Goodwood Park into another Singapore restaurant setting.,NEWSG_ST_19851001,probable,Singapore,Sin Leong Restaurant advertisement introduces Taiwan Porridge with mini dishes and lunch pricing.,Taiwan Porridge,Taiwan,,,https://eresources.nlb.gov.sg/newspapers/digitised/issue/straitstimes19851001-1
SG_1986_002,1986,1986-01-23,1946-1987_taiwan_side_formation,Taiwan Porridge,Singapore,,Singapore,newspaper_archive,NewspaperSG / The Straits Times,https://eresources.nlb.gov.sg/newspapers/digitised/issue/straitstimes19860123-1,overseas_taiwan_porridge_ad,Singapore after-midnight restaurant advertisement local favourites tasty Taiwan Porridge,medium,OCR-fragmentary but directly identifies Taiwan Porridge as part of late-night/local-favourites menu language.,NEWSG_ST_19860123,probable,Singapore,Advertisement says noon or after midnight cravings can be met with local favourites and tasty Taiwan Porridge.,Taiwan Porridge,Taiwan,,,https://eresources.nlb.gov.sg/newspapers/digitised/issue/straitstimes19860123-1
SG_1986_003,1986,1986-03-16,1946-1987_taiwan_side_formation,Taiwan food morsel,Singapore,,Singapore,newspaper_archive,NewspaperSG / The Straits Times,https://eresources.nlb.gov.sg/newspapers/Digitised/Issue/straitstimes19860316-1,food_column_taiwan_label,Singapore food column Taiwan porridge Taiwan yew char koay cruller Taiwan songbird,medium,Food-column language shows Taiwan as a culinary label in everyday Singapore food discourse.,NEWSG_ST_19860316,probable,Singapore,Food morsel contrasts Taiwan porridge with a Taiwan-labelled cruller item.,Taiwan porridge,Taiwan,,,https://eresources.nlb.gov.sg/newspapers/Digitised/Issue/straitstimes19860316-1
SG_1986_004,1986,1986-09-26,1946-1987_taiwan_side_formation,Taiwan Porridge supper,Singapore,,Singapore,newspaper_archive,NewspaperSG / The Straits Times,https://eresources.nlb.gov.sg/newspapers/digitised/issue/straitstimes19860926-1,overseas_taiwan_porridge_ad,Singapore hotel coffee house claypot dishes Taiwan Porridge supper,medium,Hotel advertisement; relevant to Taiwan Porridge as a supper/night-service format.,NEWSG_ST_19860926,probable,Singapore,Hotel advertisement describes a coffee house famous for claypot dishes and Taiwan Porridge supper.,Taiwan Porridge,Taiwan,,,https://eresources.nlb.gov.sg/newspapers/digitised/issue/straitstimes19860926-1
SG_1987_002,1987,1987-03-28,1946-1987_taiwan_side_formation,Taiwanese breakfast and porridge,Singapore,,Singapore,newspaper_archive,NewspaperSG / The Business Times,https://eresources.nlb.gov.sg/newspapers/digitised/issue/biztimes19870328-1,overseas_taiwanese_breakfast_ad,Singapore Stevens Corner Taiwanese Shaobing Youtiao Buffet Breakfast soya-bean milk Taiwanese porridge chicken porridge,medium,Strengthens 1987 Taiwan/Taiwanese breakfast evidence before the post-1987 travel-opening period.,NEWSG_BT_19870328,probable,Singapore,Advertisement offers Taiwanese shaobing youtiao buffet breakfast with Taiwanese porridge.,Taiwanese porridge,Taiwanese,,,https://eresources.nlb.gov.sg/newspapers/digitised/issue/biztimes19870328-1
JP_1947_001,1947,1947-01-01,1946-1987_taiwan_side_formation,山珍居,Tokyo,,Japan,newspaper_or_municipal_publication,Shinjuku City / 新宿商人,https://www.city.shinjuku.lg.jp/content/000246806.pdf,overseas_taiwanese_restaurant_lu_rou_fan,Shinjuku Sanchinkyo 1947 Taiwan cuisine pioneer lu rou fan Taiwanese stewed minced pork rice Taiwan-style dishes,high,Important early Japan-side Taiwanese cuisine and lu rou fan attestation; municipal publication is retrospective but specific.,JP_SANCHINKYO_1947,probable,Japan,Shinjuku municipal commerce magazine identifies 山珍居 as a 1947 Taiwanese-cuisine pioneer and lists 魯肉飯.,魯肉飯,台湾料理,,,https://www.city.shinjuku.lg.jp/content/000246806.pdf
JP_1960_001,1960,1960-01-01,1946-1987_taiwan_side_formation,味仙今池本店,Nagoya,Aichi,Japan,official_tourism_listing,Nagoya Meshi official site,https://nagoya-meshi.jp/cms/nagoyameshi-search/detail/%E4%B8%AD%E5%9B%BD%E5%8F%B0%E6%B9%BE%E6%96%99%E7%90%86-%E5%91%B3%E4%BB%99-%E6%9C%AC%E5%BA%97/,overseas_taiwanese_restaurant_localization,Nagoya Misen founded 1960 Chinese Taiwanese cuisine Taiwan ramen pork mince chicken soup chili garlic,high,Shows Japan-side Taiwan label becoming localized regional food through Taiwanese restaurant branding.,JP_MISEN_1960,probable,Japan,Official Nagoya Meshi listing calls Misen a 1960-founded original Taiwan ramen shop.,台湾ラーメン,台湾料理,,,https://nagoya-meshi.jp/cms/nagoyameshi-search/detail/%E4%B8%AD%E5%9B%BD%E5%8F%B0%E6%B9%BE%E6%96%99%E7%90%86-%E5%91%B3%E4%BB%99-%E6%9C%AC%E5%BA%97/
JP_1962_001,1962,1962-01-01,1946-1987_taiwan_side_formation,味仙今池本店,Nagoya,Aichi,Japan,brand_history,Yaba Misen official history,https://yabamisen.jp/history/,overseas_taiwanese_restaurant_localization,Misen first store 1962 Taiwan ramen tan-tsu-men staff meal Taiwan cuisine Nagoya,medium,Alternative internal brand-history chronology gives 1962; keep both with source-specific dates until reconciled.,JP_MISEN_1962,probable,Japan,Brand history says the first Misen store opened in 1962 and Taiwan ramen began from adapted danzai noodles.,台湾ラーメン,台湾料理,,,https://yabamisen.jp/history/
JP_1967_001,1967,1967-01-01,1946-1987_taiwan_side_formation,味仙台湾ラーメン,Nagoya,Aichi,Japan,media_obituary,CBC / TBS News Dig,https://newsdig.tbs.co.jp/articles/cbc/409918?display=1,overseas_taiwan_label_local_dish,Misen Taiwan ramen born five years after 1962 founding adapted Taiwanese danzai noodles 1980s spicy boom,medium,Useful for distinguishing Taiwaneseness as localized Japanese sign rather than reproduced Taiwanese dish.,JP_MISEN_RAMEN_1967,probable,Japan,CBC reports that Taiwan ramen emerged five years after Misen's 1962 founding and spread in the 1980s spicy-food boom.,台湾ラーメン,Taiwan,,,https://newsdig.tbs.co.jp/articles/cbc/409918?display=1
JP_1973_001,1973,1973-01-01,1946-1987_taiwan_side_formation,味仙八事店,Nagoya,Aichi,Japan,brand_history,Yaba Misen official history,https://yabamisen.jp/history/,overseas_taiwanese_restaurant_branching,Misen Yagoto branch opened 1973 Taiwan cuisine group branching,medium,Branching record; helps track Japan-side diffusion of Taiwan-labeled restaurant family before 1987.,JP_MISEN_YAGOTO_1973,probable,Japan,Brand history says the second son opened the Yagoto Misen branch in 1973.,台湾料理,台湾料理,,,https://yabamisen.jp/history/
JP_1981_002,1981,1981-01-01,1946-1987_taiwan_side_formation,矢場味仙,Nagoya,Aichi,Japan,brand_history,Yaba Misen official history,https://yabamisen.jp/history/,overseas_taiwanese_restaurant_branching,Yaba Misen 1981 opened popular spicy Taiwan ramen Taiwan cuisine,medium,Separate from Tokyo 1981 record; another Japan-side Taiwan-restaurant branch useful for Nagoya corridor.,JP_YABAMISEN_1981,probable,Japan,Brand history says the eldest daughter opened the Yaba Misen line in 1981.,台湾ラーメン,台湾料理,,,https://yabamisen.jp/history/
JP_1982_001,1982,1982-01-01,1946-1987_taiwan_side_formation,味仙藤が丘店,Nagoya,Aichi,Japan,brand_history,Yaba Misen official history,https://yabamisen.jp/history/,overseas_taiwanese_restaurant_branching,Misen Fujigaoka 1982 Taiwan ramen Taiwan rice menu takeout Taiwan ramen,medium,Shows Taiwan-label proliferation into branch menu and takeout format.,JP_MISEN_FUJIGAOKA_1982,probable,Japan,Brand history says the second daughter opened the Fujigaoka line in 1982 and notes Taiwan rice on the menu.,台湾飯,台湾料理,,,https://yabamisen.jp/history/
JP_1987_001,1987,1987-01-01,1946-1987_taiwan_side_formation,味仙日進竹の山店,Nagoya,Aichi,Japan,brand_history,Yaba Misen official history,https://yabamisen.jp/history/,overseas_taiwanese_restaurant_branching,Misen Nisshin Takenoyama 1987 salt Taiwan Taiwan ramen branch,medium,Border-year branch record; still belongs to pre/post opening threshold and should be flagged in temporal analysis.,JP_MISEN_NISSHIN_1987,probable,Japan,Brand history says the third son opened the Nisshin Takenoyama line in 1987.,台湾ラーメン,台湾料理,,,https://yabamisen.jp/history/
TW_1958_001,1958,1958-01-01,1946-1987_taiwan_side_formation,滿庭香魯肉飯,Taipei,Taiwan,Taiwan-side,oral_history_project,NCAFROC archive / postwar Shuanglian oral history,https://archive.ncafroc.org.tw/upload/result/21083-A1001/%E7%8E%8B%E5%BA%AD%E7%8F%8A%E3%80%8C%E5%86%8D%E7%8F%BE%E6%88%B0%E5%BE%8C%E9%9B%99%E9%80%A3%E5%9C%A8%E5%9C%B0%E8%A8%98%E6%86%B6%E5%8F%A3%E8%BF%B0%E6%AD%B7%E5%8F%B2%E8%AA%BF%E6%9F%A5%E8%A8%88%E7%95%AB%E3%80%8D%E8%87%AA%E9%81%B8%E9%83%A8%E5%88%86%E7%AB%A0%E7%AF%80_1655188846159.pdf,stall_origin_oral_history,1958 Shuanglian Minsheng open-air stalls Mantingxiang began selling lu rou fan fishball soup fish crisp soup pork oil rice ordinary people's snack,high,Oral-history chapter gives named informants and a detailed account of postwar Shuanglian stall food.,TW_MANTINGXIANG_1958,probable,Taiwan-side,Oral-history text says the founder began selling lu rou fan in 1958 with fishball and fish-crisp soups.,滷肉飯,台灣庶民小吃,,,https://archive.ncafroc.org.tw/upload/result/21083-A1001/%E7%8E%8B%E5%BA%AD%E7%8F%8A%E3%80%8C%E5%86%8D%E7%8F%BE%E6%88%B0%E5%BE%8C%E9%9B%99%E9%80%A3%E5%9C%A8%E5%9C%B0%E8%A8%98%E6%86%B6%E5%8F%A3%E8%BF%B0%E6%AD%B7%E5%8F%B2%E8%AA%BF%E6%9F%A5%E8%A8%88%E7%95%AB%E3%80%8D%E8%87%AA%E9%81%B8%E9%83%A8%E5%88%86%E7%AB%A0%E7%AF%80_1655188846159.pdf
TW_1958_002,1958,1958-01-01,1946-1987_taiwan_side_formation,滿庭香魯肉飯,Taipei,Taiwan,Taiwan-side,oral_history_project,NCAFROC archive / postwar Shuanglian oral history,https://archive.ncafroc.org.tw/upload/result/21083-A1001/%E7%8E%8B%E5%BA%AD%E7%8F%8A%E3%80%8C%E5%86%8D%E7%8F%BE%E6%88%B0%E5%BE%8C%E9%9B%99%E9%80%A3%E5%9C%A8%E5%9C%B0%E8%A8%98%E6%86%B6%E5%8F%A3%E8%BF%B0%E6%AD%B7%E5%8F%B2%E8%AA%BF%E6%9F%A5%E8%A8%88%E7%95%AB%E3%80%8D%E8%87%AA%E9%81%B8%E9%83%A8%E5%88%86%E7%AB%A0%E7%AF%80_1655188846159.pdf,semantic_origin_oral_history,lu rou fan evolved from pork oil mixed rice pork crackling soy sauce spices Chinese medicine ordinary people's rice dish,high,This is semantic history rather than a separate shop event; keep because it directly defines early lu rou fan as a classed everyday dish.,TW_LRF_SEMANTIC_1958,probable,Taiwan-side,Oral-history account describes lu rou fan as developing from pork-oil rice and pork crackling.,滷肉飯,台灣庶民小吃,,,https://archive.ncafroc.org.tw/upload/result/21083-A1001/%E7%8E%8B%E5%BA%AD%E7%8F%8A%E3%80%8C%E5%86%8D%E7%8F%BE%E6%88%B0%E5%BE%8C%E9%9B%99%E9%80%A3%E5%9C%A8%E5%9C%B0%E8%A8%98%E6%86%B6%E5%8F%A3%E8%BF%B0%E6%AD%B7%E5%8F%B2%E8%AA%BF%E6%9F%A5%E8%A8%88%E7%95%AB%E3%80%8D%E8%87%AA%E9%81%B8%E9%83%A8%E5%88%86%E7%AB%A0%E7%AF%80_1655188846159.pdf
TW_1971_001,1971,1971-01-01,1946-1987_taiwan_side_formation,滿庭香魯肉飯,Taipei,Taiwan,Taiwan-side,oral_history_project,NCAFROC archive / postwar Shuanglian oral history,https://archive.ncafroc.org.tw/upload/result/21083-A1001/%E7%8E%8B%E5%BA%AD%E7%8F%8A%E3%80%8C%E5%86%8D%E7%8F%BE%E6%88%B0%E5%BE%8C%E9%9B%99%E9%80%A3%E5%9C%A8%E5%9C%B0%E8%A8%98%E6%86%B6%E5%8F%A3%E8%BF%B0%E6%AD%B7%E5%8F%B2%E8%AA%BF%E6%9F%A5%E8%A8%88%E7%95%AB%E3%80%8D%E8%87%AA%E9%81%B8%E9%83%A8%E5%88%86%E7%AB%A0%E7%AF%80_1655188846159.pdf,stall_relocation_oral_history,1971 Minsheng West Road Chongqing North Road widening open-air stalls concentrated railway restaurant Mantingxiang moved to Shuanglian Street,high,Spatial attestation for how road works reshaped the Taipei lu rou fan stall geography.,TW_MANTINGXIANG_1971,probable,Taiwan-side,Oral-history account says road widening in 1971 moved Minsheng open-air stall operators and Mantingxiang found a shop nearby.,滷肉飯,台北小吃,,,https://archive.ncafroc.org.tw/upload/result/21083-A1001/%E7%8E%8B%E5%BA%AD%E7%8F%8A%E3%80%8C%E5%86%8D%E7%8F%BE%E6%88%B0%E5%BE%8C%E9%9B%99%E9%80%A3%E5%9C%A8%E5%9C%B0%E8%A8%98%E6%86%B6%E5%8F%A3%E8%BF%B0%E6%AD%B7%E5%8F%B2%E8%AA%BF%E6%9F%A5%E8%A8%88%E7%95%AB%E3%80%8D%E8%87%AA%E9%81%B8%E9%83%A8%E5%88%86%E7%AB%A0%E7%AF%80_1655188846159.pdf
TW_1958_003,1958,1958-01-01,1946-1987_taiwan_side_formation,大稻埕魯肉飯 / 民福飯店,Taipei,Taiwan,Taiwan-side,food_media_retrospective,WalkerLand,https://www.walkerland.com.tw/article/view/190745,restaurant_photo_retro,1958 Taipei rear station Minfu restaurant group travel lunch banquets later Dadaocheng lu rou fan inherited taste,medium,Retrospective food-media source uses an old photo and family memory; needs newspaper or business-record corroboration.,TW_DADAOCHENG_1958,probable,Taiwan-side,Article describes a 1958 family restaurant photo and links it to the later Dadaocheng lu rou fan lineage.,魯肉飯,台北後站小吃,,,https://www.walkerland.com.tw/article/view/190745
TW_1964_001,1964,1964-01-01,1946-1987_taiwan_side_formation,青葉餐廳,Taipei,Taiwan,Taiwan-side,official_brand_history,Ching Yeh Food / 青葉飯擔,https://www.chinyeh-fandan.com.tw/pages/about,tai_cai_restaurantization,1964 Ching Yeh founder Shen Yun-ying founded Ching Yeh Restaurant first Taiwan Tai-cai banquet restaurant,high,Not lu rou fan-specific but important Taiwan-side Tai-cai restaurantization baseline.,TW_CHINGYEH_1964,probable,Taiwan-side,Official history says Ching Yeh Restaurant was founded in 1964 as Taiwan's first Tai-cai banquet restaurant.,台菜,台灣第一家台菜筵席餐廳,,,https://www.chinyeh-fandan.com.tw/pages/about
TW_1970_001,1970,1970-01-01,1946-1987_taiwan_side_formation,青葉食品工業,Taipei,Taiwan,Taiwan-side,official_brand_history,Ching Yeh Food / 青葉飯擔,https://www.chinyeh-fandan.com.tw/pages/about,processed_food_extension,1970 Ching Yeh Food canned lu rou rice meat sauce gua zai rou Tai-cai canned food production,high,Early industrial/packaged extension of lu rou rice flavor; useful for commodity-form layer before internet platformization.,TW_CHINGYEH_1970,probable,Taiwan-side,Official history says Ching Yeh Food began producing canned lu rou rice and related meat sauces in 1970.,嚕肉飯,台菜罐頭,,,https://www.chinyeh-fandan.com.tw/pages/about
TW_1960S_001,1965,,1946-1987_taiwan_side_formation,李海魯肉飯 / 聰明担仔麵,Taichung,Taiwan,Taiwan-side,municipal_media,Taichung Good Living / UDN paper,https://paper.udn.com/udnpaper/POD0004/306283/web/,market_food_fame,Taiwan Taichung Second Market Lee Hai lu rou fan Congming danzai noodles lu rou fan became famous in the 1960s,medium,Approximate year assigned to decade-level source; keep as decade-coded rather than exact annual evidence.,TW_TAICHUNG_1960S,probable,Taiwan-side,Taichung source says Lee Hai lu rou fan and Congming danzai noodles made lu rou fan a Second Market signature in the 1960s.,魯肉飯,台中第二市場小吃,,,https://paper.udn.com/udnpaper/POD0004/306283/web/
TW_1969_001,1969,1969-01-01,1946-1987_taiwan_side_formation,柏弘肉燥,Kaohsiung,Taiwan,Taiwan-side,business_interview,iCHEF x 小日子,https://www.forward.ichefpos.com/hung-chi-rice-shop,rouzao_rice_brand_origin,1969 Kaohsiung Bohong rouzao founded rouzao rice classic local taste inherited to third generation,medium,Business interview with POS vendor; useful but should be corroborated by local press or registration data.,TW_BOHONG_1969,probable,Taiwan-side,Interview says Bohong rouzao was founded in 1969 and became a classic Kaohsiung rouzao-rice taste.,肉燥飯,高雄地方小吃,,,https://www.forward.ichefpos.com/hung-chi-rice-shop
TW_1977_001,1977,1977-01-01,1946-1987_taiwan_side_formation,丸林魯肉飯,Taipei,Taiwan,Taiwan-side,food_logistics_media,T-Cat black cat food map,https://www.t-cat.com.tw/foodmap/hometown-detail.aspx?h_id=5&h_name=%E5%8F%B0%E5%8C%97&key=1,restaurant_origin_retro,1960s Taipei Roundabout Longfeng lu rou fan apprenticeship 1977 Nong'an Street Wanlin lu rou fan founding taxi drivers,medium,Retrospective source; good for training/apprenticeship and taxi-driver customer geography.,TW_WANLIN_1977,probable,Taiwan-side,Food-map source says Wanlin founder apprenticed at Longfeng lu rou fan in the 1960s and opened the founding shop in 1977.,魯肉飯,台北圓環小吃,,,https://www.t-cat.com.tw/foodmap/hometown-detail.aspx?h_id=5&h_name=%E5%8F%B0%E5%8C%97&key=1
TW_1958_004,1958,1958-01-01,1946-1987_taiwan_side_formation,香滿園魯肉飯,Taipei,Taiwan,Taiwan-side,food_media_retrospective,貓大爺,https://lordcat.net/archives/365,restaurant_origin_retro,1958 Shuanglian Xiangmanyuan lu rou fan old shop Wanquan Street laborer affordable rice meal,medium,Retrospective food-media source corroborates the Shuanglian 1958 lu rou fan cluster but needs archive or registration confirmation.,TW_XIANGMANYUAN_1958,probable,Taiwan-side,Article says Xiangmanyuan near Shuanglian station opened in 1958 as an old lu rou fan shop.,滷肉飯,台北雙連小吃,,,https://lordcat.net/archives/365
TW_1958_005,1958,1958-01-01,1946-1987_taiwan_side_formation,香滿園魯肉飯,Taipei,Taiwan,Taiwan-side,platform_food_review,PopDaily,https://www.popdaily.com.tw/forum/food/1586514,restaurant_social_memory_retro,1958 Shuanglian Xiangmanyuan opened over sixty years laborers affordable lu rou fan side dishes,low,User-platform food post; keep as low-confidence corroborative consumer-memory evidence only.,TW_XIANGMANYUAN_1958_POP,probable,Taiwan-side,PopDaily post says Xiangmanyuan has operated since 1958 and served workers around Taipei Bridge and Shuanglian.,滷肉飯,台北雙連小吃,,,https://www.popdaily.com.tw/forum/food/1586514
TW_1977_002,1977,1977-01-01,1946-1987_taiwan_side_formation,丸林魯肉飯,Taipei,Taiwan,Taiwan-side,brand_food_map,T-Cat black cat food map,https://www.t-cat.com.tw/foodmap/shop.aspx?id=7,restaurant_origin_retro,1977 Wanlin lu rou fan Nong'an Street founding taxi drivers Taipei Roundabout Longfeng apprenticeship,medium,More focused shop page for Wanlin than prior broader food-map page; useful for origin and customer-base coding.,TW_WANLIN_1977_SHOP,probable,Taiwan-side,T-Cat shop page says Wanlin founded its original Nong'an Street shop in 1977 after the founder apprenticed around Taipei Roundabout lu rou fan.,魯肉飯,台北圓環小吃,,,https://www.t-cat.com.tw/foodmap/shop.aspx?id=7
TW_1970_002,1970,1970-01-01,1946-1987_taiwan_side_formation,鼎泰豐,Taipei,Taiwan,Taiwan-side,restaurant_history_secondary,Hobble Creek / Din Tai Fung sightings,https://hobblecreek.us/blog/entry/din-tai-fung-sightings,restaurant_conversion,Taipei Xinyi Road Din Tai Fung oil shop converted half shop to xiaolongbao around 1970 Taiwanese restaurant history,medium,Not lu rou fan-specific; useful only as Taiwan-side restaurant commercialization comparator.,TW_DTF_1970,probable,Taiwan-side,Secondary account says Din Tai Fung converted part of its oil shop to selling xiaolongbao around 1970.,小籠包,台灣餐飲品牌,,,https://hobblecreek.us/blog/entry/din-tai-fung-sightings
TW_1972_001,1972,1972-01-01,1946-1987_taiwan_side_formation,鼎泰豐,Taipei,Taiwan,Taiwan-side,restaurant_history_secondary,Hobble Creek / Din Tai Fung sightings,https://hobblecreek.us/blog/entry/din-tai-fung-sightings,restaurant_conversion,Taipei Din Tai Fung stopped selling oil and became full restaurant in 1972,medium,Comparator for restaurantization and later transnational Taiwanese branding; not lu rou fan-specific.,TW_DTF_1972,probable,Taiwan-side,Secondary account says Din Tai Fung became a full restaurant in 1972 after xiaolongbao sales grew.,小籠包,台灣餐飲品牌,,,https://hobblecreek.us/blog/entry/din-tai-fung-sightings
TW_1984_001,1984,1984-01-01,1946-1987_taiwan_side_formation,青葉麵筋,Taipei,Taiwan,Taiwan-side,official_brand_history,Ching Yeh Food / 青葉飯擔,https://www.chinyeh-fandan.com.tw/pages/about,processed_food_award,1984 Ching Yeh mianjin won Taiwan provincial agriculture award packaged Taiwan food,medium,Processed-food recognition record; use for commodification layer rather than dish-origin layer.,TW_CHINGYEH_1984,probable,Taiwan-side,Official history says Ching Yeh mianjin won a Taiwan provincial agricultural specialty food award in 1984.,麵筋,台菜罐頭,,,https://www.chinyeh-fandan.com.tw/pages/about
CN_1987_001,1987,1987-11-03,1946-1987_taiwan_side_formation,Taiwan compatriot travel reception,Multiple mainland cities,,Mainland China,newspaper_archive,People's Daily / cn.govopendata,https://cn.govopendata.com/renminribao/1987/11/3/4/,mobility_infrastructure,1987 National Tourism Administration arranged travel agencies and designated hotels for Taiwan compatriots visiting mainland China,high,Not food-specific; records the mainland-side infrastructure that precedes later Taiwan-food commercial circulation.,CN_RMRB_19871103_TAIBAO_HOTELS,probable,Mainland China,People's Daily reports that tourism departments designated hotels at different levels for Taiwan compatriots visiting mainland China.,,台湾同胞;台胞接待,,,https://cn.govopendata.com/renminribao/1987/11/3/4/
CN_1987_002,1987,1987-11-12,1946-1987_taiwan_side_formation,Beijing Taiwan compatriot reception center,Beijing,Beijing,Mainland China,newspaper_archive,People's Daily / cn.govopendata,https://cn.govopendata.com/renminribao/1987/11/12/4/,mobility_infrastructure,1987 Beijing Hadmen Hotel Taiwan compatriot reception center dining hall 800 people dance hall coffee hall service Taiwan compatriots,high,Not Taiwan cuisine; useful for tracing mainland platform/institutional reception of Taiwan-labeled mobility before commercial food signs.,CN_RMRB_19871112_BEIJING_RECEPTION,probable,Mainland China,People's Daily says Hadmen Hotel would serve as Beijing's Taiwan compatriot reception center with dining and travel services.,,台胞;饭店;餐厅,,,https://cn.govopendata.com/renminribao/1987/11/12/4/
CN_1987_003,1987,1987-08-11,1946-1987_taiwan_side_formation,Taiwan Hotel project,Beijing,Beijing,Mainland China,newspaper_archive,People's Daily / cn.govopendata,https://cn.govopendata.com/renminribao/1987/8/11/2/,taiwan_labeled_hotel_project,1987 Beijing Jinyu Hutong Taiwan Hotel foundation Wangfu Hotel Peace Hotel tourism hotel boom,medium,Taiwan-labeled hotel project rather than food; helps document mainland Taiwan signifier before Taiwan food boom.,CN_RMRB_19870811_TAIWAN_HOTEL,probable,Mainland China,People's Daily mentions a Taiwan Hotel under foundation work in Beijing's Jinyu Hutong hotel-construction cluster.,,台湾饭店,,,https://cn.govopendata.com/renminribao/1987/8/11/2/
CN_1987_004,1987,1987-10-20,1946-1987_taiwan_side_formation,China Travel Service Taiwan compatriot reception,Multiple mainland cities,,Mainland China,newspaper_archive,People's Daily / cn.govopendata,https://cn.govopendata.com/renminribao/1987/10/20/4/,mobility_infrastructure,1987 China Travel Service 320 branches 169 tourism hotels Taiwan compatriots mainland travel reception,high,Institutional-scale mainland reception infrastructure for Taiwan visitors; not dish evidence.,CN_RMRB_19871020_CTS_TAIBAO,probable,Mainland China,People's Daily reports China Travel Service had 320 branches and 169 tourist hotels while discussing Taiwan compatriot travel.,,台胞;旅游饭店,,,https://cn.govopendata.com/renminribao/1987/10/20/4/
CN_1987_005,1987,1987-11-05,1946-1987_taiwan_side_formation,Guide for Taiwan compatriots returning home,Fuzhou,Fujian,Mainland China,newspaper_archive,People's Daily / cn.govopendata,https://cn.govopendata.com/renminribao/1987/11/5/3/,mobility_information_infrastructure,1987 Guide for Taiwan compatriots returning home introduced mainland travel traffic hotel information for Taiwan visitors,medium,Guidebook record; relevant to mainland representational infrastructure but not food-specific.,CN_RMRB_19871105_GUIDEBOOK,probable,Mainland China,People's Daily reports a guidebook for Taiwan compatriots with travel and hotel information across mainland provinces and cities.,,台胞;饭店价格表,,,https://cn.govopendata.com/renminribao/1987/11/5/3/
US_1974_001,1974,1974-01-01,1946-1987_taiwan_side_formation,Peng Garden / Peng Yuan,New York,New York,North America,book_secondary,From Canton Restaurant to Panda Express / web text,https://dokumen.pub/from-canton-restaurant-to-panda-express-a-history-of-chinese-food-in-the-united-states-9780813574776.html,taiwan_immigrant_operator_history,1974 Chef Peng arrived New York Hunan restaurant Taiwan immigrant Chinese regional cuisine United States,medium,Secondary book text; not Taiwanese cuisine but Taiwan-migrant restaurant operator history for North America comparator.,US_PENG_1974,probable,North America,Book text says Chef Peng arrived in New York in 1974 and locates Taiwan-linked entrepreneurs in the 1970s Hunan restaurant boom.,,Taiwan immigrant restaurant operator,Taiwan-origin operator,Taiwan,https://dokumen.pub/from-canton-restaurant-to-panda-express-a-history-of-chinese-food-in-the-united-states-9780813574776.html
US_1977_001,1977,1977-08-01,1946-1987_taiwan_side_formation,Peng Garden Restaurant,New York,New York,North America,book_secondary,From Canton Restaurant to Panda Express / web text,https://dokumen.pub/from-canton-restaurant-to-panda-express-a-history-of-chinese-food-in-the-united-states-9780813574776.html,taiwan_immigrant_operator_history,1977 Peng Garden Restaurant New York Taiwan president Ma Ying-jeou married there exchange students Hunan restaurant,medium,Uses book secondary text and anecdotal claim; should be checked against NYT or marriage records before strong inference.,US_PENG_GARDEN_1977,probable,North America,Book text notes Peng Garden Restaurant in New York and an alleged 1977 Taiwan-student social connection.,,Taiwan migrant social field,Taiwan-origin operator,Taiwan,https://dokumen.pub/from-canton-restaurant-to-panda-express-a-history-of-chinese-food-in-the-united-states-9780813574776.html
US_1970S_002,1978,,1946-1987_taiwan_side_formation,Taiwanese restaurants in Flushing,New York,New York,North America,academic_publication_record,Taipei Medical University,https://hub.tmu.edu.tw/en/publications/when-little-island-cuisine-encountered-chinese-food-the-evolution-2/,taiwanese_cuisine_secondary,Taiwanese cuisine New York Flushing 1970 present Chinese food Little Island cuisine,high,Publication metadata only; needs chapter access for restaurant-level extraction.,US_FLUSHING_TW_CUISINE_1970S,probable,North America,Publication record identifies a chapter on Taiwanese cuisine in Flushing from 1970 to present.,,Taiwanese cuisine,,,https://hub.tmu.edu.tw/en/publications/when-little-island-cuisine-encountered-chinese-food-the-evolution-2/
US_1980S_001,1985,,1946-1987_taiwan_side_formation,Taiwanese food enclaves in Flushing and Monterey Park,New York / Los Angeles,,North America,encyclopedic_secondary,Taiwanese Americans,https://en.wikipedia.org/wiki/Taiwanese_Americans,taiwanese_immigrant_food_enclave,Taiwanese emigrants late 1970s early 1980s Monterey Park Little Taipei Flushing Taiwanese cuisine restaurants Taiwanese immigrant restaurateurs,low,Encyclopedic secondary source; use only as search guide and not as final analytical evidence.,US_TW_AM_ENCLAVES_1980S,candidate,North America,Source summarizes Taiwanese immigrant enclave formation and restaurant influence in late 1970s and early 1980s.,,Taiwanese cuisine,Taiwanese immigrant operator,Taiwan,https://en.wikipedia.org/wiki/Taiwanese_Americans
JP_1979_001,1979,1979-01-01,1946-1987_taiwan_side_formation,Tokyo old Taiwanese and yatai cuisine restaurants,Tokyo,,Japan,food_media_secondary,Forbes Japan,https://forbesjapan.com/articles/detail/46596/page2,overseas_taiwanese_restaurant_field,1979 Taiwan travel liberalization Taiwanese people opened restaurants in Tokyo before late 1980s Chinese migrants Taiwanese yatai small-plate cuisine,medium,Secondary typology; useful for identifying Tokyo restaurant names but not a discrete restaurant record.,JP_TOKYO_OLD_TW_FIELD_1979,probable,Japan,Forbes Japan says Taiwanese operators had already opened Tokyo restaurants before late-1980s mainland Chinese migration and often used Taiwan yatai small-plate cuisine signs.,台湾屋台料理,Taiwanese cuisine,Taiwan-origin operator,Taiwan,https://forbesjapan.com/articles/detail/46596/page2
SG_1984_001,1984,1984-01-01,1946-1987_taiwan_side_formation,Goodwood Park Coffee Lounge Taiwan Porridge,Singapore,,Singapore,newspaper_archive_retrospective,NewspaperSG / Today,https://eresources.nlb.gov.sg/newspapers/digitised/issue/today20110418-2,retrospective_signature_offering,Goodwood Park Hotel Coffee Lounge Taiwan porridge signature offering since 1984 traditional Taiwan Porridge fare,medium,Later advertisement but gives explicit since-1984 date for Goodwood Park signature Taiwan porridge; needs hotel archive corroboration.,NEWSG_TODAY_20110418_1984,probable,Singapore,Today advertisement says Goodwood Park Coffee Lounge had offered signature Taiwan porridge since 1984.,Taiwan Porridge,Taiwan,,,https://eresources.nlb.gov.sg/newspapers/digitised/issue/today20110418-2
SG_1985_003,1985,1985-06-12,1946-1987_taiwan_side_formation,Goodwood Park Coffee Lounge Taiwan Porridge,Singapore,,Singapore,newspaper_archive,NewspaperSG / Singapore Monitor,https://eresources.nlb.gov.sg/newspapers/digitised/issue/singmonitor19850612-1,overseas_taiwan_porridge_ad,Traditional Taiwan Porridge Goodwood Park Coffee Lounge true Taiwan porridge wholesome meal traditional favourites forty items,medium,Distinct June 1985 Goodwood advertisement repeating tradition and true Taiwan language.,NEWSG_MONITOR_19850612,probable,Singapore,Advertisement promotes traditional Taiwan porridge at Goodwood Park Coffee Lounge with more than forty items.,Taiwan Porridge,Taiwan,,,https://eresources.nlb.gov.sg/newspapers/digitised/issue/singmonitor19850612-1
SG_1987_003,1987,1987-01-29,1946-1987_taiwan_side_formation,Taiwanese Porridge foodfest,Singapore,,Singapore,newspaper_archive,NewspaperSG / The Straits Times,https://eresources.nlb.gov.sg/newspapers/digitised/issue/straitstimes19870129-1,foodfest_listing,Taiwanese porridge local specialities breakfast foodfest Singapore hotel dining,medium,Foodfest listing rather than full ad; useful because Taiwanese porridge is categorized with popular local specialities.,NEWSG_ST_19870129,probable,Singapore,Foodfest item lists Taiwanese porridge among popular local specialties in a hotel dining context.,Taiwanese porridge,Taiwanese,,,https://eresources.nlb.gov.sg/newspapers/digitised/issue/straitstimes19870129-1
SG_1987_004,1987,1987-03-20,1946-1987_taiwan_side_formation,Taiwanese Shaobing Youtiao Buffet Breakfast,Singapore,,Singapore,newspaper_archive,NewspaperSG / The Business Times,https://eresources.nlb.gov.sg/newspapers/digitised/issue/biztimes19870320-1,overseas_taiwanese_breakfast_ad,Taiwanese Shaobing Youtiao Buffet Breakfast Stevens Corner soya-bean milk Taiwanese porridge chicken porridge local black coffee,medium,Distinct March 1987 Stevens Corner ad; useful for Taiwanese breakfast format beyond porridge alone.,NEWSG_BT_19870320,probable,Singapore,Advertisement offers Taiwanese shaobing youtiao buffet breakfast with Taiwanese porridge and soy milk.,Taiwanese porridge,Taiwanese,,,https://eresources.nlb.gov.sg/newspapers/digitised/issue/biztimes19870320-1
SG_1982_005,1982,1982-09-23,1946-1987_taiwan_side_formation,Goodwood Park Coffee Lounge Taiwan Porridge,Singapore,,Singapore,newspaper_archive,NewspaperSG / The Straits Times,https://eresources.nlb.gov.sg/newspapers/digitised/issue/straitstimes19820923-1,overseas_taiwan_porridge_ad,Goodwood Park Hotel Taiwan Porridge authentic Taiwan porridge expert Chinese Chef thirty dishes steamed minced pork fried pomfret,medium,Already represented by a seed row but this entry captures source wording and menu details more explicitly.,NEWSG_ST_19820923_DETAIL,candidate,Singapore,Advertisement offers authentic Taiwan porridge with a thirty-item menu at Goodwood Park Hotel.,Taiwan Porridge,Taiwan,,,https://eresources.nlb.gov.sg/newspapers/digitised/issue/straitstimes19820923-1
TW_1947_001,1947,1947-01-01,1946-1987_taiwan_side_formation,祖師廟原汁排骨大王,Taipei,Taiwan,Taiwan-side,food_media_retrospective,Kao Foodie / Taipei market PDF,https://www.foodie-kao.com/%E7%A5%96%E5%B8%AB%E5%BB%9F%E5%8E%9F%E6%B1%81%E6%8E%92%E9%AA%A8%E5%A4%A7%E7%8E%8B-%E8%89%8B%E8%88%BA%E8%80%81%E5%AD%97%E8%99%9F-%E4%B8%BB%E6%89%93%E9%AA%A8%E8%82%89%E5%88%86%E9%9B%A2%E8%82%89/,old_shop_origin,1947 Wanhua old shop guazi rouzao rice pork rib soup Taiwan traditional small food,medium,Search-visible source and Taipei PDF both associate the shop with 1947 and guazi rouzao rice; needs direct archive corroboration.,TW_ZUSHIMIAO_1947,probable,Taiwan-side,Source describes a Wanhua old shop founded in 1947 with guazi rouzao rice and pork-rib soup.,瓜仔肉燥飯,台北萬華小吃,,,https://www.foodie-kao.com/%E7%A5%96%E5%B8%AB%E5%BB%9F%E5%8E%9F%E6%B1%81%E6%8E%92%E9%AA%A8%E5%A4%A7%E7%8E%8B-%E8%89%8B%E8%88%BA%E8%80%81%E5%AD%97%E8%99%9F-%E4%B8%BB%E6%89%93%E9%AA%A8%E8%82%89%E5%88%86%E9%9B%A2%E8%82%89/
TW_1952_001,1952,1952-01-01,1946-1987_taiwan_side_formation,橋仔頭黃家肉燥飯,Kaohsiung,Taiwan,Taiwan-side,municipal_tourism,Kaohsiung Travel,https://khh.travel/en/shop/gourmet/1171/,old_shop_origin,1952 Qiaotou First Public Market braised minced pork rice third generation grandfather recipe,high,Official Kaohsiung tourism page gives explicit establishment year and market location.,TW_QIAOTOU_HUANG_1952_ORIGIN,probable,Taiwan-side,Kaohsiung Travel says the restaurant was established in 1952 at Qiaotou First Public Market and is now third-generation.,肉燥飯,高雄橋頭市場小吃,,,https://khh.travel/en/shop/gourmet/1171/
TW_1952_002,1952,1952-01-01,1946-1987_taiwan_side_formation,橋仔頭黃家肉燥飯,Kaohsiung,Taiwan,Taiwan-side,municipal_tourism,Kaohsiung Travel,https://khh.travel/en/shop/gourmet/1171/,recipe_lineage,1952 grandfather traditional meat thick soup mother Zhuangyuan braised pork rice second generation,high,Same source supplies intergenerational menu lineage useful for semantic coding.,TW_QIAOTOU_HUANG_1952_LINEAGE,probable,Taiwan-side,Source links first-generation meat soup and second-generation Zhuangyuan braised pork rice as a family recipe sequence.,肉燥飯,高雄橋頭市場小吃,,,https://khh.travel/en/shop/gourmet/1171/
TW_1952_003,1952,1952-01-01,1946-1987_taiwan_side_formation,橋仔頭黃家肉燥飯,Kaohsiung,Taiwan,Taiwan-side,municipal_tourism,Kaohsiung Travel,https://khh.travel/en/shop/gourmet/1171/,ingredient_semantics,braised minced pork locally sourced warm meat belly scapula hind leg golden proportion,high,Useful for coding southern rouzao rice as meat-proportion and warm-pork discourse.,TW_QIAOTOU_HUANG_1952_INGREDIENT,probable,Taiwan-side,Source describes braised minced pork using local warm meat and a golden proportion of pork parts.,肉燥飯,高雄地方小吃,,,https://khh.travel/en/shop/gourmet/1171/
TW_1955_001,1955,1955-01-01,1946-1987_taiwan_side_formation,柳家肉燥飯,Hsinchu,Taiwan,Taiwan-side,platform_food_listing,FonFood,https://www.fonfood.com/store/560552,decade_origin,1950s Hsinchu Chenghuang Temple business district Liujia rouzao rice traditional snack shop,medium,Decade-coded because the source states 1950s rather than a precise year.,TW_LIUJIA_1950S,probable,Taiwan-side,FonFood listing says Liujia rouzao rice was founded in the 1950s in the Hsinchu Chenghuang Temple business district.,肉燥飯,新竹城隍廟小吃,,,https://www.fonfood.com/store/560552
TW_1959_001,1959,1959-01-01,1946-1987_taiwan_side_formation,前金肉燥飯,Kaohsiung,Taiwan,Taiwan-side,municipal_tourism,Kaohsiung Travel,https://khh.travel/zh-tw/shop/gourmet/1138/,old_shop_origin,1959 Qianjin rouzao rice Kaohsiung third generation signature rouzao rice,high,Official Kaohsiung tourism page gives exact date and third-generation status.,TW_QIANJIN_1959_ORIGIN,probable,Taiwan-side,Kaohsiung Travel says Qianjin rouzao rice was founded in 1959 and is now third-generation.,肉燥飯,高雄前金小吃,,,https://khh.travel/zh-tw/shop/gourmet/1138/
TW_1959_002,1959,1959-01-01,1946-1987_taiwan_side_formation,前金肉燥飯,Kaohsiung,Taiwan,Taiwan-side,municipal_tourism,Kaohsiung Travel,https://khh.travel/zh-tw/shop/gourmet/1138/,taste_semantics,1959 Qianjin rouzao rice pork back fat fatty not greasy duck egg fish floss local taste,high,Useful for coding southern rouzao rice sensory terms and add-on grammar.,TW_QIANJIN_1959_TASTE,probable,Taiwan-side,Source defines the shop through pork back fat meat texture duck egg and fish-floss add-ons.,肉燥飯,高雄前金小吃,,,https://khh.travel/zh-tw/shop/gourmet/1138/
TW_1960_002,1960,1960-01-01,1946-1987_taiwan_side_formation,鬍鬚張魯肉飯,Taipei,Taiwan,Taiwan-side,municipal_accessibility_listing,Taipei Friendly Store,https://friendlystore.taipei/index.php/property/7552/tw,brand_origin_corroboration,1960 Formosa Chang roadside stall traditional food Taiwanese food culture lu rou fan restaurant,high,Corroborates official brand timeline through a Taipei municipal-facing listing.,TW_FMSC_TAIPEI_1960,probable,Taiwan-side,Taipei listing says Formosa Chang was founded in 1960 from a roadside stall and aimed to promote Taiwanese food culture.,魯肉飯,台北雙連小吃,,,https://friendlystore.taipei/index.php/property/7552/tw
TW_1960_003,1960,1960-01-01,1946-1987_taiwan_side_formation,大溝頂虱目魚米粉湯,Kaohsiung,Taiwan,Taiwan-side,platform_food_listing,FonFood,https://www.fonfood.com/store/6632226,side_menu_marker,1960 Kaohsiung Yancheng milkfish rice noodle soup old breakfast shop rouzao rice side menu,medium,Not a rouzao-rice specialist but shows rouzao rice embedded in southern breakfast shop menu ecology.,TW_DAGOUDING_1960,probable,Taiwan-side,FonFood listing says the old Kaohsiung breakfast shop was founded in 1960 and lists rouzao rice among popular items.,肉燥飯,高雄鹽埕早餐小吃,,,https://www.fonfood.com/store/6632226
TW_CHH_1964_001,1964,1964-01-01,1946-1987_taiwan_side_formation,彰化黑肉麵,Changhua,Taiwan,Taiwan-side,food_history_article,Ryori Taiwan,https://ryoritaiwan.fcdc.org.tw/columns/1151,menu_memory,1964 Changhua black meat noodles father sold minced noodles wonton lu rou fan and rouzao rice before rib rice launch,high,Article gives oral-history details from second generation and states pre-1964 lu rou fan and rouzao rice menu memory.,TW_BLACKMEAT_1964_MENU,probable,Taiwan-side,Ryori Taiwan records family testimony that the father sold qiezai noodles wontons lu rou fan and rouzao rice before formally launching rib rice in 1964.,滷肉飯;肉燥飯,彰化常民小吃,,,https://ryoritaiwan.fcdc.org.tw/columns/1151
TW_1964_002,1964,1964-01-01,1946-1987_taiwan_side_formation,彰化黑肉麵,Changhua,Taiwan,Taiwan-side,food_history_article,Ryori Taiwan,https://ryoritaiwan.fcdc.org.tw/columns/1151,retired_menu_marker,1964 Changhua old shop later stopped making lu rou fan and rouzao rice to focus on black meat noodles,high,Shows how rice dishes could be present in early menus and later removed as shop specialization changed.,TW_BLACKMEAT_1964_REMOVAL,probable,Taiwan-side,Source says later generations no longer prepared lu rou fan and rouzao rice and focused on black meat noodles.,滷肉飯;肉燥飯,彰化常民小吃,,,https://ryoritaiwan.fcdc.org.tw/columns/1151
TW_1964_003,1964,1964-01-01,1946-1987_taiwan_side_formation,石精臼擔仔麵,Tainan,Taiwan,Taiwan-side,local_news,RightMedia,https://www.right-media.news/archives/18114,old_shop_origin,1964 Tainan Chikan Tower area shijingjiu danzai noodles rouzao rice famous Taiwanese old taste,medium,Local news source explicitly links 1964 founding to Tainan old-taste food and rouzao rice.,TW_SHIJINGJIU_1964_ORIGIN,probable,Taiwan-side,RightMedia says the shop was founded in 1964 and that danzai noodles and rouzao rice are famous Taiwanese old-taste foods near Chikan Tower.,肉燥飯,台南赤崁樓小吃,,,https://www.right-media.news/archives/18114
TW_1964_004,1964,1964-01-01,1946-1987_taiwan_side_formation,石精臼擔仔麵,Tainan,Taiwan,Taiwan-side,local_news,RightMedia,https://www.right-media.news/archives/18114,rouzao_technique,1964 Tainan danzai noodles meat sauce fresh shoulder lean pork no water red shallot local garlic Taiwanese old taste,medium,Useful for coding rouzao as a technique crossing noodles and rice rather than only a named rice dish.,TW_SHIJINGJIU_1964_TECHNIQUE,probable,Taiwan-side,Source says the danzai noodle technique depends on freshly stewed rouzao made without water and with local shallots and garlic.,肉燥,台南古早味,,,https://www.right-media.news/archives/18114
TW_1965_001,1965,1965-01-01,1946-1987_taiwan_side_formation,永通虱目魚粥,Tainan,Taiwan,Taiwan-side,food_travel_blog,Travel Chia,https://travelchia.com/yong-tong-milkfish/,side_menu_marker,1965 Tainan Xuejia milkfish congee old shop rouzao rice side menu local breakfast,medium,Food-travel source gives exact founding year and rouzao rice menu marker; needs stronger corroboration.,TW_YONGTONG_1965,probable,Taiwan-side,Travel Chia says Yongtong milkfish congee was founded in 1965 and records rouzao rice as part of the ordering routine.,肉燥飯,台南學甲小吃,,,https://travelchia.com/yong-tong-milkfish/
TW_1970_003,1970,1970-01-01,1946-1987_taiwan_side_formation,博義師燒肉飯,Kaohsiung,Taiwan,Taiwan-side,travel_feature,Smile Taiwan,https://smiletaiwan.cw.com.tw/article/5185,comparative_rice_market,1970 Kaohsiung grilled pork rice developed against common southern rouzao lu rou leg-pork rice,medium,Not rouzao-rice itself but a strong comparator for southern meat-over-rice market structure in 1970.,TW_BOYISHI_1970,probable,Taiwan-side,Smile Taiwan says the founder saw an opportunity against common southern rouzao lu rou and leg-pork rice formats and began grilled pork rice in 1970.,肉燥飯;滷肉飯,高雄肉飯市場,,,https://smiletaiwan.cw.com.tw/article/5185
TW_1970_004,1970,1970-01-01,1946-1987_taiwan_side_formation,冬粉王,Kaohsiung,Taiwan,Taiwan-side,food_tv_listing,TVBS Supertaste,https://supertaste.tvbs.com.tw/infocard/7196,old_shop_origin,1970 Kaohsiung Yancheng old shop dry vermicelli meat sauce adjacent rouzao rice food ecology,medium,Not a rice specialist; retained as local small-food ecology around rouzao seasoning.,TW_DONGFENWANG_1970,probable,Taiwan-side,TVBS listing says Dongfenwang was founded in 1970 and presents dry vermicelli with sauce in the same Kaohsiung old-shop ecology.,肉燥,高雄鹽埕小吃,,,https://supertaste.tvbs.com.tw/infocard/7196
TW_1971_002,1971,1971-01-01,1946-1987_taiwan_side_formation,老店柏弘肉燥,Kaohsiung,Taiwan,Taiwan-side,news_report,NOWnews,https://www.nownews.com/amp/news/6762033,date_discrepancy_corroboration,ROC year 60 Kaohsiung Bohong rouzao third generation Michelin local rouzao rice champion,medium,Conflicts with another harvested source that gives 1969; retained as candidate until founding date is reconciled.,TW_BOHONG_1971_CONFLICT,candidate,Taiwan-side,NOWnews says Bohong rouzao was founded in ROC year 60 and became a third-generation Kaohsiung rouzao rice shop.,肉燥飯,高雄地方小吃,,,https://www.nownews.com/amp/news/6762033
TW_1981_001,1981,1981-01-01,1946-1987_taiwan_side_formation,五燈獎豬腳魯肉飯,New Taipei,Taiwan,Taiwan-side,food_media_retrospective,Muzi,https://muzi.com.tw/streetfood-newtaipei-5dengjiang/,old_shop_origin,ROC year 70 Sanchong old snack stall pig trotter rice lu rou fan unnamed stall origin,medium,Retrospective food-media source; direct enough for probable but should be checked against shop registration if available.,TW_WUDENGJIANG_1981_ORIGIN,probable,Taiwan-side,Source says Wudengjiang began in ROC year 70 as an unnamed Sanchong snack stall known for pig-trotter rice and lu rou fan.,魯肉飯,新北三重小吃,,,https://muzi.com.tw/streetfood-newtaipei-5dengjiang/
TW_1987_002,1987,1987-01-01,1946-1987_taiwan_side_formation,五燈獎豬腳魯肉飯,New Taipei,Taiwan,Taiwan-side,food_media_retrospective,Muzi,https://muzi.com.tw/streetfood-newtaipei-5dengjiang/,renaming_event,ROC year 76 Wudengjiang singing contest title converted unnamed lu rou fan stall into named brand,medium,Useful for linking local snack shop naming and media/pop-culture branding before internet platforms.,TW_WUDENGJIANG_1987_NAME,probable,Taiwan-side,Source says the second-generation operator won the Wudengjiang singing contest in ROC year 76 and the shop name followed that event.,魯肉飯,新北三重小吃,,,https://muzi.com.tw/streetfood-newtaipei-5dengjiang/
TW_1981_002,1981,1981-01-01,1946-1987_taiwan_side_formation,余媽媽老麵店,Chiayi,Taiwan,Taiwan-side,food_media_retrospective,Happy Day,https://ihappyday.tw/blog/post/old-mother-noodle,old_shop_origin,ROC year 70 Chiayi old noodle shop lu rou fan rouzao hand-pounded texture Taiwan lu rou fan festival selected shop,medium,Search result and page capture now support ROC year 70 founding plus lu rou fan menu and 2019 Taiwan lu rou fan festival selected-shop status; still retrospective but strong enough for probable.,TW_YUMAMA_1981,probable,Taiwan-side,Happy Day says Yumama old noodle shop was founded in ROC year 70 and was selected for the 2019 Taiwan lu rou fan festival while serving lu rou fan.,魯肉飯,嘉義小吃;台灣滷肉飯節,,,https://ihappyday.tw/blog/post/old-mother-noodle
US_1950S_001,1955,1955-01-01,1946-1987_taiwan_side_formation,Taiwanese chefs in United States,Multiple,United States,North America,encyclopedic_secondary,Taiwanese cuisine overview,https://en.wikipedia.org/wiki/Taiwanese_cuisine,diaspora_chef_migration,1950s Taiwanese chefs United States Chinese regional cooking Cantonese shift,low,Use as a search-guiding candidate until replaced by stronger migration-history source.,US_TW_CHEFS_1950S,candidate,North America,Overview states that immigration of Taiwanese chefs to the United States began in the 1950s and later affected Chinese restaurant diversity.,regional Chinese restaurant,Taiwanese immigrant restaurateurs,,,https://en.wikipedia.org/wiki/Taiwanese_cuisine
US_1960S_001,1965,1965-01-01,1946-1987_taiwan_side_formation,Taiwanese New York community,New York,New York,North America,food_culture_article,TASTE,https://tastecooking.com/new-york-citys-taiwanese-food-boom-its-about-damn-time/,diaspora_presence,Taiwanese immigrants Taiwanese Americans New York area since 1960s later restaurant ecology,medium,Useful for pre-restaurant community layer in New York corridor.,US_NY_TW_COMMUNITY_1960S,probable,North America,TASTE says Taiwanese immigrants and Taiwanese Americans had been living in the New York area since the 1960s.,Taiwanese food,Taiwanese diaspora,,,https://tastecooking.com/new-york-citys-taiwanese-food-boom-its-about-damn-time/
US_1970_001B,1970,1970-01-01,1946-1987_taiwan_side_formation,Flushing Little Taipei formation,New York,New York,North America,travel_history_article,Matador Network,https://matadornetwork.com/read/chinatown-nyc-restaurants/,neighborhood_formation,1970 Flushing Chinatown began Mandarin speaking Taiwanese immigrants Little Taipei condition,medium,Neighborhood-level corridor evidence for Taiwanese food geography in New York.,US_FLUSHING_1970,probable,North America,Matador says Flushing Chinatown began forming around 1970 with Mandarin-speaking Taiwanese immigrants.,Taiwanese community,Taiwanese immigrants,,,https://matadornetwork.com/read/chinatown-nyc-restaurants/
US_1970S_003,1975,1975-01-01,1946-1987_taiwan_side_formation,Taiwanese chefs and Hunan boom,New York,New York,North America,food_culture_article,TASTE,https://tastecooking.com/new-york-citys-taiwanese-food-boom-its-about-damn-time/,restaurant_labor_ecology,1970s New York Hunan restaurant boom Taiwanese chefs responsible in part regional Chinese shift,medium,Important because Taiwaneseness entered US food ecology partly through non-Taiwan-labeled regional Chinese formats.,US_NY_HUNAN_1970S,probable,North America,TASTE says Taiwanese chefs were responsible in part for the 1970s boom in Hunan restaurants in New York.,Hunan restaurant,Taiwanese chefs,,,https://tastecooking.com/new-york-citys-taiwanese-food-boom-its-about-damn-time/
US_1973_001,1973,1973-01-01,1946-1987_taiwan_side_formation,Uncle Peng's Hunan Yuan,New York,New York,North America,obituary_food_history,Los Angeles Times,https://www.latimes.com/local/obituaries/la-me-peng-chang-kueigeneral-tso-chicken-obituary-20161202-story.html,chef_migration_restaurant,1973 Peng Chang-kuei Taiwan-based Hunan chef New York restaurant near United Nations General Tso chicken,medium,Not Taiwanese cuisine as menu label but direct Taiwan-to-New-York chef and restaurant migration evidence.,US_PENG_1973,probable,North America,Los Angeles Times obituary says Peng was in New York by the 1970s running a restaurant near the United Nations.,General Tso chicken,Taiwan-based chef,,,https://www.latimes.com/local/obituaries/la-me-peng-chang-kueigeneral-tso-chicken-obituary-20161202-story.html
US_1973_002,1973,1973-01-01,1946-1987_taiwan_side_formation,General Tso chicken Taiwan-New York circuit,New York,New York,North America,food_history_magazine,TIME,https://time.com/4591567/general-tsos-chicken-creator-peng-chang-kuei-chuck/,dish_transfer,1973 Peng brought Taiwan-created General Tso chicken to New York restaurant Taiwanese diplomats hosted events,medium,Shows Taiwan-origin dish story and diplomatic restaurant clientele in New York.,US_GENERAL_TSO_1973,probable,North America,TIME says Peng moved to New York in 1973 and Taiwanese diplomats hosted events at his restaurant near the UN.,General Tso chicken,Taiwan diplomatic restaurant circuit,,,https://time.com/4591567/general-tsos-chicken-creator-peng-chang-kuei-chuck/
US_1975_001,1975,1975-01-01,1946-1987_taiwan_side_formation,Los Angeles Chinatown non-Cantonese shift,Los Angeles,California,North America,food_history_article,LA Weekly,https://www.laweekly.com/as-chinatown-changes-the-neighborhoods-chinese-restaurants-move-away-from-cantonese-food/,regional_restaurant_shift,1970s Los Angeles Chinatown non-Cantonese restaurants Taiwanese chefs introduced Sichuan Hunan styles through Americanized Chinese food,medium,Useful for coding Taiwan-origin restaurateurs under regional Chinese labels.,US_LA_CHINATOWN_1970S,probable,North America,LA Weekly says Taiwanese chefs introduced Sichuan and Hunan style Chinese cuisine to America and LA Chinatown saw non-Cantonese restaurants in the 1970s.,Sichuan Hunan restaurant,Taiwanese chefs,,,https://www.laweekly.com/as-chinatown-changes-the-neighborhoods-chinese-restaurants-move-away-from-cantonese-food/
US_1978_001,1978,1978-01-01,1946-1987_taiwan_side_formation,Monterey Park Little Taipei,Monterey Park,California,North America,local_news_food_guide,CBS Los Angeles,https://www.cbsnews.com/losangeles/news/best-taiwanese-restaurants-in-the-san-gabriel-valley/,little_taipei_geography,late 1970s Monterey Park Little Taipei Taiwanese American businesses restaurants San Gabriel Valley,medium,Neighborhood-level evidence for Taiwaneseness as business and restaurant geography.,US_MONTEREY_LITTLE_TAIPEI_1978,probable,North America,CBS LA says Monterey Park was dubbed Little Taipei in the late 1970s because of Taiwanese-American businesses and restaurants.,Taiwanese restaurants,Taiwanese American businesses,,,https://www.cbsnews.com/losangeles/news/best-taiwanese-restaurants-in-the-san-gabriel-valley/
US_1979_001,1979,1979-01-01,1946-1987_taiwan_side_formation,San Gabriel Valley Taiwanese food corridor,Los Angeles County,California,North America,food_guide,LA Weekly,https://www.laweekly.com/10-best-taiwanese-restaurants-in-los-angeles/,immigration_wave_food_mecca,1970s San Gabriel Valley Taiwanese food mecca Formosan immigration wave skilled immigrants Taiwanese money restaurants,medium,Important corridor-level coding for capital and migration layer before wanghong era.,US_SGV_1970S,probable,North America,LA Weekly says the San Gabriel Valley became a Taiwanese food mecca through a 1970s immigration wave and Taiwanese capital.,Taiwanese restaurants,Taiwanese capital,,,https://www.laweekly.com/10-best-taiwanese-restaurants-in-los-angeles/
US_1980S_002,1985,1985-01-01,1946-1987_taiwan_side_formation,Monterey Park Taiwanese business sector,Monterey Park,California,North America,food_guide,LA Weekly,https://www.laweekly.com/10-best-taiwanese-restaurants-in-los-angeles/,business_sector_dominance,mid 1980s mainland immigrants surpassed Taiwanese but Taiwanese still dominated business sector Monterey Park restaurant capital,medium,Useful for separating demography from restaurant-capital control.,US_MONTEREY_BUSINESS_1985,probable,North America,LA Weekly says that by the mid-1980s mainland Chinese immigrants outnumbered Taiwanese but Taiwanese still dominated the business sector in places like Monterey Park.,Taiwanese restaurants,Taiwanese capital,,,https://www.laweekly.com/10-best-taiwanese-restaurants-in-los-angeles/
US_1987_001,1987,1987-01-01,1946-1987_taiwan_side_formation,Flushing Little Taipei restaurant count,New York,New York,North America,food_culture_article,TASTE,https://tastecooking.com/new-york-citys-taiwanese-food-boom-its-about-damn-time/,restaurant_count_memory,up through 1990s Flushing Little Taipei only about a dozen Taiwanese restaurants according to TECO source,medium,Use 1987 as late-martial-law boundary marker for pre-1990s Little Taipei restaurant density; source phrase is up-through-1990s rather than exact year.,US_FLUSHING_RESTAURANTS_1987,probable,North America,TASTE reports that Flushing was known as Little Taipei up through the 1990s and even then had only about a dozen Taiwanese restaurants according to a TECO source.,Taiwanese restaurants,Taiwanese diaspora,,,https://tastecooking.com/new-york-citys-taiwanese-food-boom-its-about-damn-time/
US_1980S_003,1985,1985-01-01,1946-1987_taiwan_side_formation,Happy Garden Alhambra,Alhambra,California,North America,local_news_food_guide,CBS Los Angeles,https://www.cbsnews.com/losangeles/news/best-taiwanese-restaurants-in-the-san-gabriel-valley/,restaurant_duration_inference,more than two decades before 2011 Alhambra family-owned authentic Taiwanese restaurant xiao chi,low,Derived from 2011 more-than-two-decades wording; date is approximate and should be replaced by direct business record.,US_HAPPYGARDEN_1980S,candidate,North America,CBS LA describes Happy Garden as a family-owned authentic Taiwanese restaurant in the same location for more than two decades as of 2011.,xiao chi,Taiwanese restaurant,,,https://www.cbsnews.com/losangeles/news/best-taiwanese-restaurants-in-the-san-gabriel-valley/
TW_KHH_1947_001,1947,1947-01-01,1940-1987_taiwan_side_formation,汕頭天天沙茶火鍋,Kaohsiung,Taiwan,Taiwan-side,municipal_tourism,Kaohsiung Travel old taste zone,https://khh.travel/zh-tw/event/news/4784/,postwar_old_shop_origin,ROC year 36 Kaohsiung Yancheng Shantou hotpot self-made satay postwar old taste,medium,Not rice-specific but valuable as 1947 postwar southern restaurant ecology and Guangdong/Shantou migration layer.,TW_KHH_SHANTOU_1947,probable,Taiwan-side,Kaohsiung old-taste page says Shantou Tiantian satay hotpot was founded in ROC year 36 and preserves handmade satay flavor.,沙茶火鍋,高雄鹽埕老味,,,https://khh.travel/zh-tw/event/news/4784/
TW_KHH_1951_001,1951,1951-01-01,1946-1987_taiwan_side_formation,哈瑪星碗粿枝,Kaohsiung,Taiwan,Taiwan-side,municipal_tourism,Kaohsiung Travel old taste zone,https://khh.travel/zh-tw/event/news/4784/,old_shop_origin,ROC year 40 Kaohsiung Hamasen bowl rice cake rice paste meat juice soy sauce inherited fourth generation,medium,Relevant to meat-sauce-over-rice material culture though not named rouzao rice.,TW_KHH_WANGUEI_1951,probable,Taiwan-side,Kaohsiung old-taste page says Bowl Cake Zhi began in ROC year 40 and uses rice paste and meat juice in its sauce.,肉汁醬油,高雄哈瑪星小吃,,,https://khh.travel/zh-tw/event/news/4784/
TW_KHH_1952_004,1952,1952-01-01,1946-1987_taiwan_side_formation,黃家肉燥飯仁武店,Kaohsiung,Taiwan,Taiwan-side,municipal_tourism,Kaohsiung Travel old taste zone,https://khh.travel/zh-tw/event/news/4784/,branch_family_ecology,70 years Huang family rouzao rice Renwu Zhuangyuan rouzao rice hand cut pork belly shoulder hind leg seven fat three lean,medium,Official municipal page records a related Huang-family rouzao rice location; use alongside Qiaotou record but not as independent founding proof.,TW_KHH_HUANG_RENWU_1952,probable,Taiwan-side,Kaohsiung old-taste page says Huang family rouzao rice has operated for 70 years and describes hand-cut pork proportions.,肉燥飯,高雄仁武小吃,,,https://khh.travel/zh-tw/event/news/4784/
TW_KHH_1952_005,1952,1952-01-01,1946-1987_taiwan_side_formation,橋仔頭黃家肉燥飯,Kaohsiung,Taiwan,Taiwan-side,municipal_tourism,Kaohsiung Travel old taste zone,https://khh.travel/zh-tw/event/news/4784/,old_taste_crosslisting,70 years Qiaotou Huang family Zhuangyuan rouzao rice hand cut meat seven fat three lean official old taste zone,medium,Cross-listing corroborates separate Kaohsiung Travel shop page and adds official old-taste categorization.,TW_KHH_QIAOTOU_CROSS_1952,probable,Taiwan-side,Kaohsiung old-taste page lists Qiaotou Huang family rouzao rice as a 70-year old-taste shop with Zhuangyuan rouzao rice.,肉燥飯,高雄橋頭小吃,,,https://khh.travel/zh-tw/event/news/4784/
TW_KHH_1955_001,1955,1955-01-01,1946-1987_taiwan_side_formation,55年老店豬血大腸湯,Kaohsiung,Taiwan,Taiwan-side,municipal_tourism,Kaohsiung Travel old taste zone,https://khh.travel/zh-tw/event/news/4784/,side_menu_marker,Kaohsiung 55-year old shop pig blood intestine soup paired with signature rouzao rice large meat chunks balanced fat lean,medium,Approximate year inferred from 55-year label on a 2025-updated municipal page; use as approximate not exact.,TW_KHH_PIGBLOOD_1955,probable,Taiwan-side,Kaohsiung old-taste page recommends large-intestine pig-blood soup paired with signature rouzao rice at a 55-year old shop.,肉燥飯,高雄新興小吃,,,https://khh.travel/zh-tw/event/news/4784/
TW_KHH_1962_001,1962,1962-01-01,1946-1987_taiwan_side_formation,蘇家鹹水鴨,Kaohsiung,Taiwan,Taiwan-side,municipal_tourism,Kaohsiung Travel old taste zone,https://khh.travel/zh-tw/event/news/4784/,military_village_food_origin,ROC year 51 Zuoying Chongshi military village salted duck old taste,medium,Not rice-specific but useful for military-village food geography in southern Taiwan.,TW_KHH_SU_DUCK_1962,probable,Taiwan-side,Kaohsiung old-taste page says Su family salted duck originated in ROC year 51 from Zuoying Chongshi military village.,鹹水鴨,左營眷村老味,,,https://khh.travel/zh-tw/event/news/4784/
TW_KHH_1964_005,1964,1964-01-01,1946-1987_taiwan_side_formation,新國際西餐廳,Kaohsiung,Taiwan,Taiwan-side,municipal_tourism,Kaohsiung Travel old taste zone,https://khh.travel/zh-tw/event/news/4784/,western_restaurant_comparator,1964 Kaohsiung first western restaurant old taste urban dining comparator,medium,Comparator for non-snack restaurant modernization in southern urban foodscape.,TW_KHH_NEWINTL_1964,probable,Taiwan-side,Kaohsiung old-taste page says New International Western Restaurant was founded in 1964 as a Kaohsiung western-restaurant landmark.,西餐廳,高雄都市餐飲,,,https://khh.travel/zh-tw/event/news/4784/
TW_KHH_1967_001,1967,1967-01-01,1946-1987_taiwan_side_formation,六合林家檸檬愛玉冰,Kaohsiung,Taiwan,Taiwan-side,municipal_tourism,Kaohsiung Travel old taste zone,https://khh.travel/zh-tw/event/news/4784/,night_market_old_shop,ROC year 56 Liuhe night market aiyu old shop post-meal snack ecology,medium,Useful for night-market ecology around snack consumption rather than rice dish itself.,TW_KHH_LIUHE_AIYU_1967,probable,Taiwan-side,Kaohsiung old-taste page says Liuhe Lin family lemon aiyu was founded in ROC year 56 as a night-market old taste.,愛玉冰,高雄六合夜市,,,https://khh.travel/zh-tw/event/news/4784/
TW_KHH_1969_002,1969,1969-01-01,1946-1987_taiwan_side_formation,老店柏弘肉燥,Kaohsiung,Taiwan,Taiwan-side,municipal_tourism,Kaohsiung Travel old taste zone,https://khh.travel/zh-tw/event/news/4784/,second_generation_marker,Kaohsiung Bohong rouzao rice old shop upgraded to Hongji rouzao rice traditional snacks rouzao rice leg pork rice modern style,medium,Does not resolve founding-year conflict but supports Bohong as old rouzao-rice parent brand behind Hongji.,TW_KHH_BOHONG_HONGJI,probable,Taiwan-side,Kaohsiung old-taste page describes Hongji as a modern second-generation shop upgraded from old Bohong rouzao rice.,肉燥飯,高雄左營小吃,,,https://khh.travel/zh-tw/event/news/4784/
TW_TN_1945_001,1945,1945-01-01,1940-1987_taiwan_side_formation,鹽水豆簽羹,Tainan,Taiwan,Taiwan-side,cultural_city_file,Tainan Creative Culture file,https://creativetainan.culture.tainan.gov.tw/index.php?id=1398&index=2&lang=cht&option=event&task=dfile,stall_menu_history,1945 Yanshui cattle-market stall Chen Shui-chuan sold meat soup fish congee rouzao rice Spanish mackerel soup before specializing in bean-noodle soup,high,Important post-1940 source but outside current 1946-1987 audit window; should be included if the historical frame is widened to 1940.,TW_YANSHUI_1945,probable,Taiwan-side,Tainan cultural file says Chen Shui-chuan founded a cattle-market stall in 1945 and once sold rouzao rice before specializing in bean-noodle soup.,肉燥飯,台南鹽水小吃,,,https://creativetainan.culture.tainan.gov.tw/index.php?id=1398&index=2&lang=cht&option=event&task=dfile
TW_TN_1953_001,1953,1953-01-01,1946-1987_taiwan_side_formation,江川肉燥飯,Tainan,Taiwan,Taiwan-side,food_media_retrospective,iFoodie repost / local food blog,https://ifoodie.tw/en/post/60b7b416a6272846a04cdde3,old_shop_origin,1953 Tainan Jiangchuan rouzao rice Guohua Street Yongle Market old shop founded ROC year 42 rice-table self-service ancestor,medium,Retrospective food-media source; useful for Tainan rouzao rice city coverage but should be corroborated by local archive or municipal source.,TW_TN_JIANGCHUAN_1953,probable,Taiwan-side,Source says Jiangchuan rouzao rice was founded in ROC year 42 and became an old Tainan food shop near Guohua Street/Yongle Market.,肉燥飯,台南地方小吃,,,https://ifoodie.tw/en/post/60b7b416a6272846a04cdde3
TW_TN_1965_001,1965,1965-01-01,1946-1987_taiwan_side_formation,阿星鹹粥,Tainan,Taiwan,Taiwan-side,food_media_retrospective,Yahoo / IRene Travel and Living,https://autos.yahoo.com.tw/1965-%E5%B9%B4%E5%89%B5%E5%A7%8B%E5%9C%A8%E5%9C%B0%E8%80%81%E5%BA%97%E3%80%8C%E9%98%BF%E6%98%9F%E9%B9%B9%E7%B2%A5%E3%80%8D%E9%AD%9A%E7%B2%A5%E8%B1%90%E5%8E%9A%E9%AE%AE%E7%BE%8E%EF%BC%8C%E6%90%AD%E9%85%8D%E8%82%89%E7%87%A5%E6%B2%B9%E6%A2%9D%E6%98%AF%E5%8F%B0%E5%8D%97%E6%9C%80%E6%A3%92%E6%97%A9%E9%A4%90%EF%BC%81-055001246.html,old_shop_origin,1965 Tainan Axing salty congee founded in Zhongxi district Minzu Road breakfast shop sold zongzi and rouzao rice,medium,Retrospective article gives founding year and explicitly lists rouzao rice as part of shop menu ecology.,TW_TN_AXING_1965_ORIGIN,probable,Taiwan-side,Article says Axing salty congee was founded in 1965 on Minzu Road and sold zongzi and rouzao rice in addition to salty congee.,肉燥飯,台南早餐小吃,,,https://autos.yahoo.com.tw/1965-%E5%B9%B4%E5%89%B5%E5%A7%8B%E5%9C%A8%E5%9C%B0%E8%80%81%E5%BA%97%E3%80%8C%E9%98%BF%E6%98%9F%E9%B9%B9%E7%B2%A5%E3%80%8D%E9%AD%9A%E7%B2%A5%E8%B1%90%E5%8E%9A%E9%AE%AE%E7%BE%8E%EF%BC%8C%E6%90%AD%E9%85%8D%E8%82%89%E7%87%A5%E6%B2%B9%E6%A2%9D%E6%98%AF%E5%8F%B0%E5%8D%97%E6%9C%80%E6%A3%92%E6%97%A9%E9%A4%90%EF%BC%81-055001246.html
TW_TN_1965_002,1965,1965-01-01,1946-1987_taiwan_side_formation,阿星鹹粥,Tainan,Taiwan,Taiwan-side,food_media_retrospective,Yahoo / IRene Travel and Living,https://autos.yahoo.com.tw/1965-%E5%B9%B4%E5%89%B5%E5%A7%8B%E5%9C%A8%E5%9C%B0%E8%80%81%E5%BA%97%E3%80%8C%E9%98%BF%E6%98%9F%E9%B9%B9%E7%B2%A5%E3%80%8D%E9%AD%9A%E7%B2%A5%E8%B1%90%E5%8E%9A%E9%AE%AE%E7%BE%8E%EF%BC%8C%E6%90%AD%E9%85%8D%E8%82%89%E7%87%A5%E6%B2%B9%E6%A2%9D%E6%98%AF%E5%8F%B0%E5%8D%97%E6%9C%80%E6%A3%92%E6%97%A9%E9%A4%90%EF%BC%81-055001246.html,rouzao_breakfast_semantics,1965 Tainan breakfast old marinade poured over white rice Tainan flavor rouzao rice salty congee and oil sticks,medium,Same source; second attestation captures Tainan breakfast semantic ecology rather than a separate founding event.,TW_TN_AXING_1965_SEMANTIC,probable,Taiwan-side,Article describes an old marinade poured over rice as Tainan-flavored rouzao rice and links it to salty congee/oil-stick breakfast practice.,肉燥飯,台南味,,,https://autos.yahoo.com.tw/1965-%E5%B9%B4%E5%89%B5%E5%A7%8B%E5%9C%A8%E5%9C%B0%E8%80%81%E5%BA%97%E3%80%8C%E9%98%BF%E6%98%9F%E9%B9%B9%E7%B2%A5%E3%80%8D%E9%AD%9A%E7%B2%A5%E8%B1%90%E5%8E%9A%E9%AE%AE%E7%BE%8E%EF%BC%8C%E6%90%AD%E9%85%8D%E8%82%89%E7%87%A5%E6%B2%B9%E6%A2%9D%E6%98%AF%E5%8F%B0%E5%8D%97%E6%9C%80%E6%A3%92%E6%97%A9%E9%A4%90%EF%BC%81-055001246.html
TW_TN_1965_003,1965,1965-01-01,1946-1987_taiwan_side_formation,周氏蝦捲,Tainan,Taiwan,Taiwan-side,travel_food_retrospective,Journey.tw,https://journey.tw/chous/,snack_shop_origin,1965 Tainan Anping Zhou shrimp roll originated as banquet chef snack shop fish floss rouzao rice in old street food ecology,medium,Not a rouzao-rice specialist; retained as Tainan snack-ecology comparator because source links 1965 origin with fish-floss rouzao rice menu practice.,TW_TN_ZHOU_1965,probable,Taiwan-side,Source says Zhou shrimp roll originated in 1965 and describes fish-floss rouzao rice as part of the shop's old-street food ecology.,魚鬆肉燥飯,台南安平小吃,,,https://journey.tw/chous/
TW_KHH_1952_001,1952,1952-01-01,1946-1987_taiwan_side_formation,橋仔頭黃家肉燥飯,Kaohsiung,Taiwan,Taiwan-side,municipal_tourism,Kaohsiung Travel,https://khh.travel/zh-tw/shop/gourmet/788/,old_shop_origin,1952 Kaohsiung Qiaotou first public market Huang family rouzao rice old taste meat soup champion rouzao rice Taiwanese warm pork,high,Official municipal tourism page states ROC year 41 origin in Qiaotou First Public Market and explicitly names Zhuangyuan rouzao rice and recommended rouzao rice.,TW_KHH_HUANGJIA_1952,probable,Taiwan-side,Kaohsiung Travel says Huang family rouzao rice began in ROC year 41 in Qiaotou First Public Market and continued old-taste meat soup and Zhuangyuan rouzao rice into the third generation.,肉燥飯,高雄橋頭市場小吃,,,https://khh.travel/zh-tw/shop/gourmet/788/
TW_KHH_1956_001,1956,1956-01-01,1946-1987_taiwan_side_formation,吳家豬血湯,Kaohsiung,Taiwan,Taiwan-side,food_media_listing,TVBS 食尚玩家,https://supertaste.tvbs.com.tw/infocard/9853,old_shop_menu_ecology,1956 Kaohsiung Gushan Wu family pig-blood soup founded ROC year 45 menu rice cake rouzao rice fried noodles fish soup,medium,Food-media listing states the shop was founded in ROC year 45 and its menu includes rouzao rice; useful for Kaohsiung breakfast/market ecology rather than a specialist rouzao-rice origin.,TW_KHH_WUJIA_1956,probable,Taiwan-side,TVBS listing says Wu family pig-blood soup in Gushan was founded in ROC year 45 and lists rice cake rouzao rice fried noodles and soup dishes.,肉燥飯,高雄鼓山市場小吃,,,https://supertaste.tvbs.com.tw/infocard/9853
TW_TN_1956_001,1956,1956-01-01,1946-1987_taiwan_side_formation,水仙宮粽葉米糕,Tainan,Taiwan,Taiwan-side,food_media_listing,TaiwanFoodie,https://taiwanfoodie.org/restaurants/shuixian_zongye_rice_cake/,old_shop_menu_ecology,1956 Tainan Shuixian temple rice cake founded ROC year 45 third generation braised rouzao bamboo-tube rice cake menu rouzao rice,medium,Food-media/restaurant listing gives ROC year 45 founding and describes hand-braised rouzao plus menu references to rouzao rice; retain as probable until corroborated by local cultural archive.,TW_TN_SHUIXIAN_1956,probable,Taiwan-side,TaiwanFoodie says Shuixian Temple zongye rice cake was founded in ROC year 45 and still hand-fries and braises rouzao; the listing also includes rouzao rice in menu/commentary text.,肉燥飯,台南水仙宮小吃,,,https://taiwanfoodie.org/restaurants/shuixian_zongye_rice_cake/
TW_TPE_1958_001,1958,1958-01-01,1946-1987_taiwan_side_formation,大稻埕魯肉飯,Taipei,Taiwan,Taiwan-side,food_media_retrospective,WalkerLand / 女子的休假計劃,https://www.walkerland.com.tw/article/view/190003,old_shop_origin,1958 Taipei Dadaocheng lu rou fan founded ROC year 47 old taste third generation market alley national snack,medium,Retrospective food-media source gives ROC year 47 founding and describes lu rou fan as old Taipei everyday taste; useful for Taipei quota but should be corroborated by municipal/archive source.,TW_TPE_DADAOCHENG_1958_ORIGIN,probable,Taiwan-side,Source says Dadaocheng lu rou fan was founded in ROC year 47 and has carried an old taste through three generations in the Taipei rear-station market area.,魯肉飯,老台北市場小吃,,,https://www.walkerland.com.tw/article/view/190003
TW_TPE_1958_002,1958,1958-01-01,1946-1987_taiwan_side_formation,大稻埕魯肉飯,Taipei,Taiwan,Taiwan-side,food_media_retrospective,WalkerLand / 小麥與鳩鳩,https://www.walkerland.com.tw/article/view/190745,family_photo_archive,1958 Taipei rear-station restaurant old photo group lunch banquet later third-generation lu rou fan revival,medium,Same brand as TW_TPE_1958_001 but a distinct source and attestation type; captures family-photo/restaurant memory rather than only present shop description.,TW_TPE_DADAOCHENG_1958_PHOTO,probable,Taiwan-side,Source says a ROC year 47 old photo showed the owner's grandfather operating a rear-station restaurant for group lunch boxes and banquets later inherited as Dadaocheng lu rou fan.,魯肉飯,台北後車站小吃,,,https://www.walkerland.com.tw/article/view/190745
TW_TPE_1958_003,1958,1958-01-01,1946-1987_taiwan_side_formation,香滿園魯肉飯,Taipei,Taiwan,Taiwan-side,food_blog_retrospective,Livia's Wonderland,https://www.liviatravel.com/2015/02/taipei-shuanglian-braised-pork-rice.html,old_shop_origin,1958 Taipei Shuanglian Xiangmanyuan lu rou fan old taste lu rou fan began ROC year 47,medium,Retrospective blog source; valuable Taipei/Shuanglian comparator to Formosa Chang and Dadaocheng but needs archival corroboration.,TW_TPE_XIANGMANYUAN_1958,probable,Taiwan-side,Source says Xiangmanyuan lu rou fan began in ROC year 47 as an old-style Taipei lu rou fan shop near Shuanglian.,魯肉飯,台北雙連小吃,,,https://www.liviatravel.com/2015/02/taipei-shuanglian-braised-pork-rice.html
TW_TPE_1967_001,1967,1967-01-01,1946-1987_taiwan_side_formation,阿義魯肉飯,Taipei,Taiwan,Taiwan-side,food_media_retrospective,UpToGo,https://uptogo.com.tw/%E7%BE%8E%E9%A3%9F/%E9%A3%9F%E5%93%81/%E4%B8%BB%E9%A3%9F/%E9%98%BF%E7%BE%A9%E9%AD%AF%E8%82%89%E9%A3%AF/,old_shop_origin_and_migration,1967 Taipei Wanhua Huaxi Street Ayi lu rou fan founder from Tainan southern taste entered Monga,medium,Retrospective source explicitly links a 1967 Taipei lu rou fan shop to a Tainan-born operator and southern flavor; useful for intra-island geo-semantic movement.,TW_TPE_AYI_1967,probable,Taiwan-side,Source says Ayi lu rou fan was founded in 1967 by a Tainan-born operator who brought southern flavor into Monga/Huaxi Street.,魯肉飯,台南味進入艋舺,,,https://uptogo.com.tw/%E7%BE%8E%E9%A3%9F/%E9%A3%9F%E5%93%81/%E4%B8%BB%E9%A3%9F/%E9%98%BF%E7%BE%A9%E9%AD%AF%E8%82%89%E9%A3%AF/
TW_TPE_1973_001,1973,1973-01-01,1946-1987_taiwan_side_formation,施家麻油腰花,Taipei,Taiwan,Taiwan-side,food_media_listing,TVBS 食尚玩家,https://supertaste.tvbs.com.tw/review/352551,old_shop_menu_ecology,1973 Taipei Shijia sesame-oil kidney old shop started ROC year 62 lu rou fan common ordered item,medium,Not a lu rou fan specialist; retained as Taipei night-market/old-shop menu ecology because source states ROC year 62 operation and lu rou fan is a common item.,TW_TPE_SHIJIA_1973_TVBS,probable,Taiwan-side,TVBS says Shijia began operating in ROC year 62 and that lu rou fan is almost universally ordered with the sesame-oil kidney soup.,魯肉飯,台北松山路小吃,,,https://supertaste.tvbs.com.tw/review/352551
TW_TPE_1973_002,1973,1973-01-01,1946-1987_taiwan_side_formation,施家麻油腰花,Taipei,Taiwan,Taiwan-side,food_blog_retrospective,阿球出任務,https://aball.tw/shi-sesame-chicken/,old_shop_origin_and_menu,1973 Taipei Shijia opened by Songshan temple lu rou fan menu long-strip braised pork,medium,Second source for same shop; retained because it supplies more detailed menu/texture description of lu rou fan.,TW_TPE_SHIJIA_1973_ABALL,probable,Taiwan-side,Source says Shijia opened in 1973 / ROC year 62 near Songshan Songde temple and lists lu rou fan as a key menu item.,魯肉飯,台北松山路小吃,,,https://aball.tw/shi-sesame-chicken/
TW_TPE_1979_001,1979,1979-01-01,1946-1987_taiwan_side_formation,大鼎豬血湯,Taipei,Taiwan,Taiwan-side,food_media_listing,TVBS 食尚玩家,https://supertaste.tvbs.com.tw/infocard/26983,old_shop_menu_ecology,1979 Taipei Dading pig-blood soup founded ROC year 68 lu rou fan menu item,medium,Not a lu rou fan specialist; useful for Taipei old-shop rice/soup pairing ecology and post-1970s menu platforming.,TW_TPE_DADING_1979,probable,Taiwan-side,TVBS listing says Dading pig-blood soup was founded in ROC year 68 and includes lu rou fan as a menu item.,滷肉飯,台北延吉街小吃,,,https://supertaste.tvbs.com.tw/infocard/26983
TW_TPE_1980_001,1980,1980-01-01,1946-1987_taiwan_side_formation,金峰魯肉飯,Taipei,Taiwan,Taiwan-side,food_media_retrospective,在地老饕阿府,https://wanteatfood.com/food/%E9%AD%AF%E8%82%89%E9%A3%AF,old_shop_origin,1980 Taipei Jinfeng lu rou fan South Gate market location lu rou fan old shop,low,Retrospective index page states Jinfeng has sold lu rou fan from 1980; retained as candidate because the source is an index/summary page rather than a focused historical article.,TW_TPE_JINFENG_1980,candidate,Taiwan-side,Source summary says Jinfeng lu rou fan has operated from 1980 near Nanmen Market / Chiang Kai-shek Memorial Hall.,魯肉飯,台北南門市場小吃,,,https://wanteatfood.com/food/%E9%AD%AF%E8%82%89%E9%A3%AF
TW_KHH_1963_001,1963,1963-01-01,1946-1987_taiwan_side_formation,阿英排骨飯,Kaohsiung,Taiwan,Taiwan-side,food_blog_retrospective,高雄攻略 / 吃心絕對,https://khguide.com/%E9%98%BF%E8%8B%B1%E6%8E%92%E9%AA%A8%E9%A3%AF/,old_shop_menu_ecology,1963 Kaohsiung Yancheng Aying pork-chop rice founded ROC year 52 menu includes lu rou series,medium,Not a lu rou fan specialist; retained as Kaohsiung rice-menu ecology because source gives ROC year 52 founding and menu includes lu rou category.,TW_KHH_AYING_1963,probable,Taiwan-side,Source says Aying pork-chop rice in Yancheng was founded in ROC year 52 and shows a menu with lu rou / pork-chop / chicken-leg series.,魯肉,高雄鹽埕飯食小吃,,,https://khguide.com/%E9%98%BF%E8%8B%B1%E6%8E%92%E9%AA%A8%E9%A3%AF/
TW_KHH_1969_003,1969,1969-01-01,1946-1987_taiwan_side_formation,鳳山鹹米苔目,Kaohsiung,Taiwan,Taiwan-side,food_media_retrospective,饗食客棧,https://i17fun.tw/fengshan-salty-rice-moss/,old_shop_menu_ecology,1969 Kaohsiung Fengshan salty rice moss founded ROC year 58 old shop meat sauce rice menu,medium,Not rice-specialist origin evidence; useful for Fengshan first-market old-shop ecology because source gives founding year and distinct rouzao rice menu section.,TW_KHH_FENGSHAN_MITAI_1969,probable,Taiwan-side,Source says Fengshan salty rice moss was founded in ROC year 58 and its menu/food sections include rouzao rice with braised meat sauce over white rice.,肉燥飯,高雄鳳山市場小吃,,,https://i17fun.tw/fengshan-salty-rice-moss/
TW_KHH_1971_003,1971,1971-01-01,1946-1987_taiwan_side_formation,老店柏弘肉燥飯,Kaohsiung,Taiwan,Taiwan-side,platform_menu,Ubr Eats Taiwan,https://www.ubereats.com/tw/store/%E8%80%81%E5%BA%97%E6%9F%8F%E5%BC%98%E8%82%89%E7%87%A5%E9%A3%AF/_7JWzWKSUvmYv0n98TZjRQ,merchant_self_description,1971 Kaohsiung Bohong rouzao rice first generation founded early ROC 60s Taiwan hometown taste domestic pork,medium,Platform menu/self-description gives detailed merchant origin narrative; useful but platform-mediated so keep as probable with platform caveat.,TW_KHH_BOHONG_1971_UBER,probable,Taiwan-side,Uber Eats merchant description says first-generation Li Longhua founded the shop in the early ROC 60s and the third generation uses rouzao rice to transmit Taiwan hometown taste.,肉燥飯,台灣家鄉味,,,https://www.ubereats.com/tw/store/%E8%80%81%E5%BA%97%E6%9F%8F%E5%BC%98%E8%82%89%E7%87%A5%E9%A3%AF/_7JWzWKSUvmYv0n98TZjRQ
TW_KHH_1986_001,1986,1986-01-01,1946-1987_taiwan_side_formation,秀明豬心冬粉,Kaohsiung,Taiwan,Taiwan-side,food_media_retrospective,高雄美食地圖,https://inmap.tw/archives/69040,old_shop_menu_ecology,1986 Kaohsiung Qishan Xiuming pig-heart vermicelli founded ROC year 75 moon-egg rouzao rice top rouzao rice,medium,Not a specialist rouzao-rice origin but directly links ROC year 75 old shop to moon-egg rouzao rice and Kaohsiung top-ten rouzao-rice recognition.,TW_KHH_XIUMING_1986,probable,Taiwan-side,Source says Xiuming pig-heart vermicelli was founded in ROC year 75 and is known for moon-egg rouzao rice selected among Kaohsiung top rouzao-rice shops.,肉燥飯,高雄旗山小吃,,,https://inmap.tw/archives/69040
TW_TN_1965_004,1965,1965-01-01,1946-1987_taiwan_side_formation,永通虱目魚粥,Tainan,Taiwan,Taiwan-side,food_blog_retrospective,派大熊與海綿羊,https://pbear.tw/%E6%B0%B8%E9%80%9A%E8%99%B1%E7%9B%AE%E9%AD%9A%E7%B2%A5/,old_shop_menu_ecology,1965 Tainan Xuejia Yongtong milkfish congee founded ROC year 54 local daily fish soup with rouzao rice,medium,Retrospective blog source; useful for Tainan fish-soup/rouzao-rice everyday pairing but founding line is partly title/snippet-derived and should be corroborated.,TW_TN_YONGTONG_1965,candidate,Taiwan-side,Source page title identifies Yongtong as a ROC year 54 old shop and the article records ordering rouzao rice as part of the milkfish-congee meal ecology.,肉燥飯,台南學甲小吃,,,https://pbear.tw/%E6%B0%B8%E9%80%9A%E8%99%B1%E7%9B%AE%E9%AD%9A%E7%B2%A5/
TW_TPE_1986_001,1986,1986-01-01,1946-1987_taiwan_side_formation,大來小館,Taipei,Taiwan,Taiwan-side,travel_food_media,MOOK 景點家,https://www.mook.com.tw/article/16796,restaurant_origin_and_award,1986 Taipei Yongkang Street Dalai Xiaoguan founded ROC year 75 lu rou fan contest champion Taiwanese creative restaurant,medium,Restaurant rather than street-stall source; useful for Taipei restaurantization of lu rou fan before 1987 and as contrast to market/stall old-shop records.,TW_TPE_DALAI_1986,probable,Taiwan-side,MOOK says Dalai Xiaoguan was founded in ROC year 75 in Yongkang Street and won Taipei lu rou fan contest awards for its lu rou fan.,滷肉飯,台北永康街台式餐廳,,,https://www.mook.com.tw/article/16796
TW_TN_1965_005,1965,1965-01-01,1946-1987_taiwan_side_formation,無名土魠魚粥菜粽肉粽,Tainan,Taiwan,Taiwan-side,food_blog_retrospective,SayTainan,https://saytainan.com/2023/03/17/nonmilkfish/,old_shop_menu_ecology,1965 Tainan Jinhua Road unnamed Spanish mackerel congee breakfast shop opened in 1965 menu categories include congee soup rouzao rice and zongzi,medium,Public food article gives exact 1965 opening and directly lists rouzao rice as a menu category; needs municipal or registration corroboration.,TW_TN_NONMILKFISH_1965,probable,Taiwan-side,SayTainan article says the Jinhua Road unnamed Spanish mackerel congee shop opened in 1965 and lists rouzao rice among the menu categories.,肉燥飯,台南早餐小吃,,,https://saytainan.com/2023/03/17/nonmilkfish/
TW_TN_1963_001,1963,,1946-1987_taiwan_side_formation,光明街無名肉燥飯,Tainan,Taiwan,Taiwan-side,food_blog_retrospective,台南先生,https://www.mrtainan.com/2021/09/nnmpr.html,old_shop_origin_and_taste_semantics,1963 approximate Tainan Guangming Street nameless rouzao rice from roadside stall to shop three generations near sixty years non sweet Kaohsiung style rouzao rice,medium,Year inferred from 2021 source stating 58 years of operation; keep as approximate until registration or archive source is found.,TW_TN_GUANGMING_1963,probable,Taiwan-side,Source says the Guangming Street nameless rouzao rice shop moved from roadside stall to shop and had operated for 58 years by 2021; it describes non-sweet rouzao linked to the founder's Kaohsiung taste.,肉燥飯,高雄味進入台南早餐,,,https://www.mrtainan.com/2021/09/nnmpr.html
TW_KHH_1980_001,1980,1980-01-01,1946-1987_taiwan_side_formation,錦田肉燥飯,Kaohsiung,Taiwan,Taiwan-side,local_news_food_business,PChome / 創新聞,https://news.pchome.com.tw/public/pronews/20260527/index-77989075490386353016.html,old_shop_origin,1980 Kaohsiung Jintian rouzao rice Jintian Road Bohai Street salty sweet marinade fed two generations common table memory,medium,Recent local-news/business article gives exact 1980 origin and location; useful for 1980s Kaohsiung rouzao rice ecology but should be corroborated by older source if possible.,TW_KHH_JINTIAN_1980,probable,Taiwan-side,Local-news article says Jintian rouzao rice began in 1980 at the corner of Jintian Road and Bohai Street and frames its marinade as everyday food memory for two generations.,肉燥飯,高雄新興小吃,,,https://news.pchome.com.tw/public/pronews/20260527/index-77989075490386353016.html
TW_KHH_1968_001,1968,,1946-1987_taiwan_side_formation,郭家肉燥飯,Kaohsiung,Taiwan,Taiwan-side,food_media_retrospective,WalkerLand / 敦小蓮,https://www.walkerland.com.tw/article/view/192037,old_shop_origin_candidate,1968 approximate Kaohsiung Guo family rouzao rice Jintian Road old shop fifty years history rouzao rice fish soup neighborhood breakfast lunch ecology,medium,Year inferred from 2018 source stating 50 years of history; retain as candidate until exact founding source is found.,TW_KHH_GUOJIA_1968,candidate,Taiwan-side,WalkerLand source says Guo family rouzao rice on Jintian Road had fifty years of history by 2018 and describes rouzao rice with fish soup and neighborhood meal ecology.,肉燥飯,高雄錦田路小吃,,,https://www.walkerland.com.tw/article/view/192037
TW_TN_1952_001,1952,1952-01-01,1946-1987_taiwan_side_formation,廣仔肉燥飯虱目魚丸,Tainan,Taiwan,Taiwan-side,food_blog_retrospective,用快門記錄著生活,https://ikachalife.com/34729,old_shop_origin,1952 Tainan Guangzi rouzao rice milkfish ball shop Kaishan Road breakfast rouzao rice fish skin soup old local customers,medium,Source says Guangzi rouzao rice and milkfish balls were founded in 1952 on Kaishan Road and menu includes rouzao rice.,TW_TN_GUANGZI_1952_ORIGIN,probable,Taiwan-side,Article states Guangzi rouzao rice milkfish balls was founded in 1952 on Kaishan Road and lists inexpensive rouzao rice and fish-skin soup.,肉燥飯,台南早餐小吃,,,https://ikachalife.com/34729
TW_TN_1952_002,1952,1952-01-01,1946-1987_taiwan_side_formation,廣仔肉燥飯虱目魚丸,Tainan,Taiwan,Taiwan-side,food_blog_retrospective,享受生活不無聊,https://enlifesun.com/2021-04-23-1955/,breakfast_semantics,1952 Tainan old breakfast rouzao rice with milkfish ball soup before beef soup became tourist shorthand,medium,Separate source frames rouzao rice plus fish-ball soup as old Tainan breakfast practice; founding year is attributed to online shop information.,TW_TN_GUANGZI_1952_BREAKFAST,probable,Taiwan-side,Source says old Tainan breakfast was rouzao rice with fish-ball soup and notes Guangzi was founded in 1952.,肉燥飯,老台南早餐,,,https://enlifesun.com/2021-04-23-1955/
TW_TN_1953_002,1953,1953-01-01,1946-1987_taiwan_side_formation,江川肉燥飯,Tainan,Taiwan,Taiwan-side,food_blog_retrospective,文仔不宅 只是居家,https://wenzai.pixnet.net/blog/posts/7103160920,old_shop_origin_corroboration,1953 Tainan Jiangchuan rouzao rice third generation Yongle Market rice-table meat sauce everyday lunch,medium,Corroborates existing Jiangchuan row with a separate local food source; source describes the shop as a roughly 50-year old local rouzao-rice shop and search result gives ROC year 42 origin.,TW_TN_JIANGCHUAN_1953_WENZAI,probable,Taiwan-side,Source describes Jiangchuan as a long-running Tainan rouzao-rice shop near Guohua Street and Yongle Market with third-generation operation.,肉燥飯,台南飯桌仔,,,https://wenzai.pixnet.net/blog/posts/7103160920
TW_TN_1955_001,1955,,1946-1987_taiwan_side_formation,第三代虱目魚丸,Tainan,Taiwan,Taiwan-side,food_blog_retrospective,淋雨一直走,https://linyu.tw/thirdgeneration/,decade_origin_candidate,1950s approximate Tainan Third Generation milkfish balls first generation sold fish-ball soup in ROC 40s with rouzao rice breakfast pairing,medium,Year is midpoint of ROC 40s decade and retained as candidate because the source gives decade not exact founding year.,TW_TN_THIRDGEN_1955,candidate,Taiwan-side,Source says the first generation sold fish-ball soup in the ROC 40s and documents meat-sauce rice as part of the contemporary Tainan breakfast set.,肉燥飯,台南早餐小吃,,,https://linyu.tw/thirdgeneration/
TW_TN_1965_006,1965,1965-01-01,1946-1987_taiwan_side_formation,永通虱目魚,Tainan,Taiwan,Taiwan-side,food_blog_retrospective,巧莉的世界流浪筆記,https://ciaoz.tw/yungtung-milkfish/,old_shop_menu_corroboration,1965 Tainan Xuejia Yongtong milkfish shop ROC year 54 opening rouzao rice low price with milkfish soup,medium,Separate corroborating source for Yongtong; useful because it gives ROC year 54 opening and describes rouzao rice as a cheap everyday pairing with milkfish dishes.,TW_TN_YONGTONG_1965_CIAOZ,probable,Taiwan-side,Source says Yongtong opened in ROC year 54 and describes a low-priced rouzao rice bowl eaten with milkfish dishes.,肉燥飯,台南學甲虱目魚早餐,,,https://ciaoz.tw/yungtung-milkfish/
TW_TN_1968_001,1968,1968-01-01,1946-1987_taiwan_side_formation,上富小吃店,Tainan,Taiwan,Taiwan-side,local_food_media,台南美食地圖,https://foodintainan.com.tw/uprichdishes/,rice_lunch_comparator,1968 Tainan Shangfu eatery moved during old East Gate Circle redevelopment rice lunch with meat juice and old-shop food cluster near Guorong rouzao rice,medium,Comparator for Tainan rice-lunch and meat-juice ecology rather than a specialist rouzao-rice shop.,TW_TN_SHANGFU_1968,probable,Taiwan-side,Source says the first-generation owner moved during the ROC year 57 East Gate Circle redevelopment and the shop serves rice dishes with meat juice in the same food cluster as Guorong rouzao rice.,肉汁飯,台南庶民飯食,,,https://foodintainan.com.tw/uprichdishes/
TW_KHH_1969_004,1969,1969-01-01,1946-1987_taiwan_side_formation,郭家肉燥飯,Kaohsiung,Taiwan,Taiwan-side,food_blog_retrospective,披著虎皮的貓,https://rainieis.tw/2017-08-29-307/,old_shop_origin_corroboration,1969 Kaohsiung Guo family rouzao rice Jintian Road old shop southern household rouzao chicken rice menu,medium,Improves existing approximate Guo-family candidate with a separate source that gives exact 1969 founding.,TW_KHH_GUOJIA_1969_RAINIE,probable,Taiwan-side,Source says Guo family rouzao rice on Jintian Road was founded in 1969 and is a Kaohsiung old shop remembered by local diners.,肉燥飯,高雄錦田路小吃,,,https://rainieis.tw/2017-08-29-307/
TW_KHH_1967_002,1967,,1946-1987_taiwan_side_formation,南豐魯肉飯,Kaohsiung,Taiwan,Taiwan-side,newspaper_food_feature,中國時報,https://www.chinatimes.com/amp/realtimenews/20171217000507-263201,old_shop_and_naming_semantics,1967 approximate Kaohsiung Ziqiang night market Nanfeng lu rou rice 50 years southern naming distinction rouzao rice minced pork versus lu rou rice pork belly,high,Year inferred from 2017 newspaper feature saying 50 years; strong for southern naming distinction but still approximate for founding date.,TW_KHH_NANFENG_1967_CTIMES,probable,Taiwan-side,China Times feature describes Nanfeng as a 50-year Kaohsiung old shop and explains southern usage where rouzao rice means minced braised pork while lu rou rice means a larger braised pork piece.,魯肉飯;肉燥飯,高雄南部命名差異,,,https://www.chinatimes.com/amp/realtimenews/20171217000507-263201
TW_KHH_1964_006,1964,1964-01-01,1946-1987_taiwan_side_formation,大港埔可口雞肉飯,Kaohsiung,Taiwan,Taiwan-side,food_blog_retrospective,捲捲和土豆拿鐵,https://nigi33.tw/2014-01-07-387/,meat_sauce_rice_comparator,1964 Kaohsiung Dagangpu Kokou chicken rice founded ROC year 53 chicken rice with optional rouzao hand-cut pork belly meat sauce,medium,Comparator for Kaohsiung meat-sauce-over-rice practice rather than rouzao-rice specialist origin.,TW_KHH_KOKOU_1964,probable,Taiwan-side,Source says Kokou chicken rice was founded in ROC year 53 and distinguishes chicken rice with or without added rouzao.,肉燥,高雄米飯小吃,,,https://nigi33.tw/2014-01-07-387/
TW_KHH_1956_002,1956,1956-01-01,1946-1987_taiwan_side_formation,吳家豬血湯,Kaohsiung,Taiwan,Taiwan-side,food_media_retrospective,WalkerLand / 樂天小高,https://www.walkerland.com.tw/article/view/170762,old_shop_menu_corroboration,1956 Kaohsiung Gushan Wu family pig-blood soup ROC year 45 menu includes rouzao rice rice cake meat sauce noodles market breakfast,medium,Separate source corroborates the existing Wu-family row and adds meat-sauce-on-rice-cake and noodle ecology.,TW_KHH_WUJIA_1956_WALKER,probable,Taiwan-side,Source says Wu family pig-blood soup was founded in ROC year 45 and lists rice cake rouzao rice fried noodles and other market foods.,肉燥飯,高雄鼓山市場小吃,,,https://www.walkerland.com.tw/article/view/170762
TW_KHH_1966_001,1966,1966-01-01,1946-1987_taiwan_side_formation,鳳山中華街觀光夜市,Kaohsiung,Taiwan,Taiwan-side,local_storymap,高雄中華街美食地圖,https://storymaps.arcgis.com/stories/7072478a14604397bcd72398058fb080,market_food_ecology,1966 Kaohsiung Fengshan Zhonghua Street stalls gathered from ROC year 55 to 1970s with chicken rice sweets potstickers rouzao rice,medium,Market-ecology record rather than single shop; useful for Kaohsiung spatial coverage and street-food setting.,TW_KHH_ZHONGHUA_ST_1966,probable,Taiwan-side,Storymap says Zhonghua Street gathered mobile vendors from ROC year 55 through the 1970s and lists chicken rice desserts potstickers rouzao rice and other local foods.,肉燥飯,高雄鳳山夜市小吃,,,https://storymaps.arcgis.com/stories/7072478a14604397bcd72398058fb080
TW_TN_1946_001,1946,1946-01-01,1946-1987_taiwan_side_formation,阿憨鹹粥,Tainan,Taiwan,Taiwan-side,food_media_retrospective,南人幫,https://lifeintainan.com/ahang/,old_shop_origin,1946 Tainan Ahan salty porridge Guang'an Temple stall milkfish porridge breakfast old shop,medium,Source gives exact ROC year 35 founding at Shizhuangjiu Guang'an Temple and is specific enough for probable use.,TW_AHAN_1946_ORIGIN,probable,Taiwan-side,Source says first-generation founder Zheng Ji set up a porridge stall at Guang'an Temple in ROC year 35 and built the shop around milkfish porridge.,鹹粥;虱目魚粥,台南早餐小吃,,,https://lifeintainan.com/ahang/
TW_TN_1946_002,1946,1946-01-01,1946-1987_taiwan_side_formation,阿憨鹹粥,Tainan,Taiwan,Taiwan-side,food_media_retrospective,南人幫,https://lifeintainan.com/ahang/,half_porridge_technique,1946 Tainan Ahan salty porridge southern half porridge method milkfish breakfast Fujian Zhangzhou Quanzhou technique,medium,Same source explicitly links the founding stall to a Zhangzhou-Quanzhou half-porridge method and early milkfish specialization.,TW_AHAN_1946_TECHNIQUE,probable,Taiwan-side,Source says the founder used the southern half-porridge method with local milkfish from the beginning of the stall.,鹹粥;虱目魚粥,台南早餐技法,,,https://lifeintainan.com/ahang/
TW_TN_1950_001,1950,1950-01-01,1946-1987_taiwan_side_formation,友誠蝦仁肉圓,Tainan,Taiwan,Taiwan-side,official_tourism_profile,台南旅遊網,https://www.twtainan.net/zh-tw/shop/consume/1076/,market_stall_origin,1950 Tainan Youcheng shrimp meatball postwar Kangle Market Sakariba stall origin,medium,Official tourism page gives exact ROC year 39 origin and specific early market geography for the family line later represented by Youcheng.,TW_YOUCHENG_1950_ORIGIN,probable,Taiwan-side,Official page says first-generation Su Song first sold shrimp meatballs at Kangle Market Sakariba in postwar ROC year 39.,蝦仁肉圓,台南市場小吃,,,https://www.twtainan.net/zh-tw/shop/consume/1076/
TW_TN_1952_003,1952,1952-01-01,1946-1987_taiwan_side_formation,小南碗粿,Tainan,Taiwan,Taiwan-side,official_tourism_profile,台南旅遊網,https://www.twtainan.net/zh-tw/shop/consume/1077/,old_shop_origin,1952 Tainan Xiaonan bowl rice cake East Gate Roundabout snack city old shop origin,medium,Official tourism page gives exact ROC year 41 founding in the East Gate Roundabout snack cluster.,TW_XIAONAN_BOWLCAKE_1952_ORIGIN,probable,Taiwan-side,Official page says first-generation Zheng Zhenfu opened Xiaonan bowl rice cake in the East Gate Roundabout snack city in ROC year 41.,碗粿,台南東門圓環小吃,,,https://www.twtainan.net/zh-tw/shop/consume/1077/
TW_TN_1952_004,1952,1952-01-01,1946-1987_taiwan_side_formation,小南碗粿,Tainan,Taiwan,Taiwan-side,official_tourism_profile,台南旅遊網,https://www.twtainan.net/zh-tw/shop/consume/1077/,rouzao_kueh_style,1952 Tainan city bowl rice cake rouzao style meat sauce dark soy color Xiaonan,medium,Official page contrasts Tainan city bowl-rice-cake practice as meat-sauce style and ties Xiaonan to that city tradition.,TW_XIAONAN_BOWLCAKE_1952_STYLE,probable,Taiwan-side,Official page says Tainan city bowl rice cake was the rouzao style with meat-sauce aroma and soy color and then traces Xiaonan's lineage from that milieu.,肉燥,台南肉燥粿,,,https://www.twtainan.net/zh-tw/shop/consume/1077/
TW_TN_1957_001,1957,1957-01-01,1946-1987_taiwan_side_formation,阿鳳浮水虱目魚羹,Tainan,Taiwan,Taiwan-side,official_tourism_profile,台南旅遊網,https://twtainan.net/zh-tw/shop/consume/1488/,old_shop_origin,1957 Tainan Afeng floating milkfish thick soup old shop origin Baoan Road,medium,Official tourism page gives exact ROC year 46 founding and present family continuity.,TW_AFENG_1957_ORIGIN,probable,Taiwan-side,Official page says Lin Ye-aiyin founded Afeng floating milkfish thick soup in ROC year 46 on Baoan Road.,虱目魚羹,台南保安路小吃,,,https://twtainan.net/zh-tw/shop/consume/1488/
TW_TN_1957_002,1957,1957-01-01,1946-1987_taiwan_side_formation,阿鳳浮水虱目魚羹,Tainan,Taiwan,Taiwan-side,official_tourism_profile,台南旅遊網,https://twtainan.net/zh-tw/shop/consume/1488/,floating_fish_thick_soup_technique,1957 Tainan Afeng milkfish belly back-meat paste floating thick soup technique boneless filling,medium,Same official page explains the historical floating-fish-thick-soup form in enough detail to code as a preparation record.,TW_AFENG_1957_TECHNIQUE,probable,Taiwan-side,Official page says the soup used milkfish belly and back meat pounded into paste and dropped into boiling water so the fish-thick-soup pieces floated when cooked.,虱目魚羹,台南虱目魚技法,,,https://twtainan.net/zh-tw/shop/consume/1488/
TW_TN_1961_001,1961,1961-01-01,1946-1987_taiwan_side_formation,保安路米糕,Tainan,Taiwan,Taiwan-side,official_tourism_profile,台南旅遊網,https://www.twtainan.net/zh-tw/shop/consume/1499/,old_shop_origin,1961 Tainan Baoan Road rice cake founding Lower Avenue stall meat sauce and fish floss style,medium,Official tourism page gives exact ROC year 50 founding and names the founders.,TW_BAOAN_1961_ORIGIN,probable,Taiwan-side,Official page says Baoan Road rice cake began in ROC year 50 when Hong Bingren and his wife started a stall.,米糕,台南下大道小吃,,,https://www.twtainan.net/zh-tw/shop/consume/1499/
TW_TN_1961_002,1961,1961-01-01,1946-1987_taiwan_side_formation,保安路米糕,Tainan,Taiwan,Taiwan-side,official_tourism_profile,台南旅遊網,https://www.twtainan.net/zh-tw/shop/consume/1499/,lower_avenue_stall_geography,1961 Tainan Baoan Road rice cake Ximen Road Fuqian Road Lower Avenue stall geography,medium,Same official page specifies the first stall location at the Ximen-Fuqian junction known as Xia Dadao.,TW_BAOAN_1961_GEOGRAPHY,probable,Taiwan-side,Official page says the founders first sold rice cake at the Ximen Road and Fuqian Road intersection in the Lower Avenue area.,米糕,台南下大道攤食地理,,,https://www.twtainan.net/zh-tw/shop/consume/1499/
TW_TN_1968_002,1968,1968-11-30,1946-1987_taiwan_side_formation,小南碗粿,Tainan,Taiwan,Taiwan-side,official_tourism_profile,台南旅遊網,https://www.twtainan.net/zh-tw/shop/consume/1077/,stall_relocation,1968 Tainan Xiaonan bowl rice cake relocated from East Gate Roundabout to Kaishan Road after stall clearance,medium,Official tourism page gives an exact relocation date tied to the East Gate Roundabout clearance.,TW_XIAONAN_BOWLCAKE_1968_MOVE,probable,Taiwan-side,Official page says the snack stalls were cleared on November 30 of ROC year 57 and Xiaonan moved to Kaishan Road near the teachers' school annex elementary.,碗粿,台南東門圓環拆遷,,,https://www.twtainan.net/zh-tw/shop/consume/1077/
TW_TN_1968_003,1968,1968-11-30,1946-1987_taiwan_side_formation,小南碗粿,Tainan,Taiwan,Taiwan-side,official_tourism_profile,台南旅遊網,https://www.twtainan.net/zh-tw/shop/consume/1077/,city_order_relocation,1968 Tainan Xiaonan bowl rice cake city-order traffic-safety clearance reshaped snack geography,medium,Same page is useful for urban-ordering pressure on snack geographies because it names the city-order and traffic-safety rationale.,TW_XIAONAN_BOWLCAKE_1968_POLICY,probable,Taiwan-side,Official page says the mayor ordered removal of the snack stalls in ROC year 57 for city appearance and traffic safety and forced Xiaonan to relocate.,碗粿,台南市容整頓小吃,,,https://www.twtainan.net/zh-tw/shop/consume/1077/
TW_TN_1970_001,1970,1970-01-01,1946-1987_taiwan_side_formation,福榮小吃店,Tainan,Taiwan,Taiwan-side,official_tourism_profile,台南旅遊網,https://www.twtainan.net/zh-tw/shop/consume/1115/,generational_handover,1970 Tainan Furong snack shop third generation inherited noodle stall with meat sauce service continuity,medium,Official tourism page gives exact ROC year 59 third-generation takeover and links the shop to long-running rouzao noodle practice.,TW_FURONG_1970_HANDOVER,probable,Taiwan-side,Official page says third-generation operator Ye Rui-rong inherited the noodle stall in ROC year 59 after the family had long served fried noodles topped with rouzao.,肉燥,台南意麵傳承,,,https://www.twtainan.net/zh-tw/shop/consume/1115/
TW_TN_1970_002,1970,1970-01-01,1946-1987_taiwan_side_formation,福榮小吃店,Tainan,Taiwan,Taiwan-side,official_tourism_profile,台南旅遊網,https://www.twtainan.net/zh-tw/shop/consume/1115/,fried_noodle_rouzao_service,1970 Tainan Furong fried noodles softened and served with rouzao quick-service method,medium,Same official page records the shop's distinctive noodle-plus-rouzao serving mode as part of its inherited practice.,TW_FURONG_1970_ROUZAO,probable,Taiwan-side,Official page says Furong used pre-fried cooked noodles that were softened and served with rouzao while reducing cooking time and keeping a distinctive aroma.,肉燥,台南意麵肉燥,,,https://www.twtainan.net/zh-tw/shop/consume/1115/
TW_TN_1977_001,1977,1977-01-01,1946-1987_taiwan_side_formation,森茂碗粿,Tainan,Taiwan,Taiwan-side,official_tourism_profile,台南旅遊網,https://www.twtainan.net/zh-tw/shop/consume/1489/,old_shop_origin,1977 Tainan Senmao bowl rice cake opened on Kaishan Road and became a local snack landmark,medium,Official tourism page gives exact ROC year 66 start year.,TW_SENMAO_1977_ORIGIN,probable,Taiwan-side,Official page says Senmao bowl rice cake has been sold since ROC year 66 on Kaishan Road.,碗粿,台南開山路小吃,,,https://www.twtainan.net/zh-tw/shop/consume/1489/
TW_TN_1977_002,1977,1977-01-01,1946-1987_taiwan_side_formation,森茂碗粿,Tainan,Taiwan,Taiwan-side,official_tourism_profile,台南旅遊網,https://www.twtainan.net/zh-tw/shop/consume/1489/,namesake_origin,1977 Tainan Senmao bowl rice cake named after Chen Senmao local political figure,medium,Same official page explains the brand naming origin while anchoring the shop to the 1977 start date.,TW_SENMAO_1977_NAME,probable,Taiwan-side,Official page says the shop name came from former Tainan municipal secretary Chen Senmao and that the business has operated since ROC year 66.,碗粿,台南店名沿革,,,https://www.twtainan.net/zh-tw/shop/consume/1489/
TW_TN_1977_003,1977,1977-01-01,1946-1987_taiwan_side_formation,小南米糕,Tainan,Taiwan,Taiwan-side,official_tourism_profile,台南旅遊網,https://www.twtainan.net/zh-tw/shop/consume/1161/,generational_handover,1977 Tainan Xiaonan rice cake Huang Qingzhen took over century rice-cake line and continued meat-sauce style,medium,Official tourism page gives exact 1977 handover even though the family's deeper origin predates the target window.,TW_XIAONAN_RICECAKE_1977_HANDOVER,probable,Taiwan-side,Official page says Huang Qingzhen took over Xiaonan rice cake in 1977 and continued the long-running Tainan rice-cake line.,米糕,台南米糕傳承,,,https://www.twtainan.net/zh-tw/shop/consume/1161/
TW_TN_1980_001,1980,1980-01-01,1946-1987_taiwan_side_formation,保安路米糕,Tainan,Taiwan,Taiwan-side,official_tourism_profile,台南旅遊網,https://www.twtainan.net/zh-tw/shop/consume/1499/,stall_relocation,1980 Tainan Baoan Road rice cake moved to current Baoan Road site after road widening demolition,medium,Official tourism page gives exact ROC year 69 relocation to the current site.,TW_BAOAN_1980_MOVE,probable,Taiwan-side,Official page says road widening in ROC year 69 forced Baoan Road rice cake to move to its current site and continue operating there.,米糕,台南道路拓寬小吃,,,https://www.twtainan.net/zh-tw/shop/consume/1499/
JP_1947_002,1947,1947-01-01,1946-1987_taiwan_side_formation,山珍居,Tokyo,Tokyo,Japan,official_merchant_directory,新宿ルーペ / 新宿区商店会連合会,https://shinjuku-loupe.info/p/member/704,taiwan_cuisine_label_pioneer,1947 Tokyo Shinjuku Sanchinkyo first used Taiwan cuisine label in Japan and kept traditional Taiwan taste,medium,Official merchant directory gives a specific 1947 founding claim and explicit Taiwan-cuisine naming claim.,JP_SANCHINKYO_LABEL_1947,probable,Japan,Official merchant page says the shop opened in Showa 22 using the name Taiwan cuisine for the first time in Japan and has continued serving traditional Taiwan flavors.,,台湾料理,,,https://shinjuku-loupe.info/p/member/704
JP_1951_001,1951,1951-01-01,1946-1987_taiwan_side_formation,ビーフン東,Tokyo,Tokyo,Japan,local_government_magazine,港区芝地区地域情報誌,https://www.city.minato.tokyo.jp/shibachikusei/shiba/koho/documents/shiba45.pdf,old_taiwan_restaurant_origin,1951 Tokyo Shinbashi Bifun Azuma old Taiwan restaurant founded signature bihun and batzang,medium,Local-government district magazine gives a specific 1951 founding year and identifies the shop as an old Taiwan restaurant.,JP_BIFUNAZUMA_1951,probable,Japan,Official Minato City district magazine says Bifun Azuma was founded in Showa 26 1951 and profiles it as a long-running Taiwan restaurant.,ビーフン;バーツァン,台湾料理,,,https://www.city.minato.tokyo.jp/shibachikusei/shiba/koho/documents/shiba45.pdf
JP_1966_001,1966,1966-01-01,1946-1987_taiwan_side_formation,ビーフン東,Tokyo,Tokyo,Japan,local_government_magazine,港区芝地区地域情報誌,https://www.city.minato.tokyo.jp/shibachikusei/shiba/koho/documents/shiba45.pdf,station_front_continuity,1966 Tokyo Shinbashi Bifun Azuma entered new Shinbashi Station Front Building and continued Taiwan restaurant trade,medium,Same local-government magazine ties the shop to the 1966 station-front redevelopment and continuous operation in the new building.,JP_BIFUNAZUMA_1966,probable,Japan,Official Minato City district magazine says Bifun Azuma has kept operating in the Shinbashi Station Front Building since the building opened in Showa 41 1966.,ビーフン;バーツァン,台湾料理,,,https://www.city.minato.tokyo.jp/shibachikusei/shiba/koho/documents/shiba45.pdf
US_1985_001,1985,1985-06-06,1946-1987_taiwan_side_formation,Good Shine Kitchen,Monterey Park,California,North America,newspaper_review,Los Angeles Times,https://www.latimes.com/archives/la-xpm-1985-06-06-fo-7155-story.html,overseas_taiwanese_restaurant_review,1985 Monterey Park Good Shine Kitchen authentic Taiwanese food bring it to America three cups chicken minced pork rice oyster pancake,high,Contemporaneous newspaper review with explicit Taiwanese self-description and dish-level detail.,US_GOODSHINE_19850606,probable,North America,Los Angeles Times describes Good Shine Kitchen as a Taiwanese restaurant created by Leonard Hsu quotes his wish to bring authentic Taiwanese food to America and lists three-cup chicken minced-pork rice bowl and oyster pancake.,three-cup chicken;minced pork rice;oyster pancake,authentic Taiwanese food;Taiwan,Taiwan-origin operator,Taiwan,https://www.latimes.com/archives/la-xpm-1985-06-06-fo-7155-story.html
TW_TC_1986_001,1986,1986-01-01,1946-1987_taiwan_side_formation,山河魯肉飯,Taichung,Taiwan,Taiwan-side,food_media_retrospective,WalkerLand,https://www.walkerland.com.tw/article/view/412394,old_shop_origin,ROC year 75 Taichung Second Market Shanhe lu rou fan meat-sauce rice market breakfast,medium,Retrospective food-media source gives ROC year 75 founding and menu; useful late-formation central Taiwan market marker.,TW_TC_SHANHE_1986,probable,Taiwan-side,WalkerLand says Shanhe lu rou fan in Taichung Second Market was founded in ROC year 75 and serves lu rou fan plus rouzao rice.,魯肉飯;肉燥飯,台中第二市場小吃,,,https://www.walkerland.com.tw/article/view/412394
TW_KM_1981_001,1981,1981-01-01,1946-1987_taiwan_side_formation,來來小吃,Kinmen,Taiwan,Taiwan-side,food_blog_retrospective,DongWa,https://www.dongwa.tw/lailai-lieyu/,old_shop_origin_candidate,approx ROC year 70 Kinmen Lieyu Donglin Market Lai Lai snack shop lu rou fan breakfast,low,Approximate ROC-year wording and retrospective blog source; retained as candidate until local or registration corroboration.,TW_KM_LAILAI_1981,candidate,Taiwan-side,DongWa says Lai Lai snack shop in Little Kinmen's Donglin Market has operated from about ROC year 70 and serves noodles soups and lu rou fan.,滷肉飯,金門烈嶼東林市場小吃,,,https://www.dongwa.tw/lailai-lieyu/
SG_1982_006,1982,1982-04-24,1946-1987_taiwan_side_formation,Goodwood Park Hotel Taiwan Porridge,Singapore,Singapore,Singapore,newspaper_archive,NewspaperSG / The Straits Times,https://eresources.nlb.gov.sg/newspapers/digitised/issue/straitstimes19820424-1,overseas_taiwan_porridge_ad,Goodwood Park Hotel authentic Taiwan porridge cooked by expert Chinese chef April 24 1982 Straits Times advertisement,medium,Distinct dated advertisement between the April 19 and April 28 Goodwood Park ads; keep as repeated ad circulation not a unique venue.,NEWSG_ST_19820424,probable,Singapore,The Straits Times issue for 24 April 1982 includes a Goodwood Park Hotel advertisement for authentic Taiwan porridge cooked by an expert Chinese chef.,Taiwan Porridge,Taiwan,,,https://eresources.nlb.gov.sg/newspapers/digitised/issue/straitstimes19820424-1
US_1986_001,1986,1986-09-24,1946-1987_taiwan_side_formation,Monterey Park Taiwanese food landscape,Monterey Park,California,North America,newspaper_feature,The Washington Post,https://www.washingtonpost.com/archive/lifestyle/food/1986/09/24/asian-oasis/0f0cd975-4262-493e-938a-f3c1d9ffd74d/,taiwanese_food_landscape_feature,1986 Monterey Park food landscape mostly Taiwanese restaurants Chinese regional parade bilingual signs,high,Contemporaneous national newspaper feature; venue-level ecology rather than single restaurant but directly labels the foodscape.,US_WP_MONTEREY_19860924,probable,North America,Washington Post describes Monterey Park restaurant geography in 1986 and says most of the food was Taiwanese alongside other Chinese regional cuisines.,Taiwanese food;regional Chinese restaurants,Taiwanese foodscape,,,https://www.washingtonpost.com/archive/lifestyle/food/1986/09/24/asian-oasis/0f0cd975-4262-493e-938a-f3c1d9ffd74d/
US_1984_001,1984,1984-01-01,1946-1987_taiwan_side_formation,99 Ranch Market,Westminster,California,North America,official_company_profile,99 Ranch Market,https://h5.awsprod.99ranch.com/about-us,asian_supermarket_origin,1984 99 Ranch Market Tawa Supermarket Roger Chen Taiwanese immigrant Asian supermarket pantry infrastructure,high,Official company history gives founding year and Taiwanese immigrant founder; useful for non-restaurant pantry and grocery infrastructure in North America.,US_99RANCH_1984,probable,North America,Official about-us page says 99 Ranch Market or Tawa Supermarket was established in 1984 by Roger Chen a Taiwanese immigrant to fill the need for an Asian supermarket.,Asian grocery;Taiwanese pantry,Taiwanese immigrant founder;Asian food culture,Taiwanese immigrant operator,Taiwan,https://h5.awsprod.99ranch.com/about-us
US_1985_002,1985,1985-07-21,1946-1987_taiwan_side_formation,Good Shine Kitchen,Monterey Park,California,North America,newspaper_feature,Los Angeles Times,https://www.latimes.com/archives/la-xpm-1985-07-21-mn-6906-story.html,political_social_foodspace,1985 Good Shine Kitchen Taiwanese activists old hometown taste Taiwan countryside native place homeland social function,high,Distinct from the June 1985 restaurant review; this records Good Shine as a Taiwanese community and political-social food space.,US_GOODSHINE_SOCIAL_19850721,probable,North America,Los Angeles Times describes Good Shine Kitchen as a favorite spot for Taiwanese activists and as serving old hometown tastes from the Taiwanese countryside.,Taiwanese countryside dishes,Taiwanese activists;homeland;Little Taipei,Taiwanese community operator,Taiwan,https://www.latimes.com/archives/la-xpm-1985-07-21-mn-6906-story.html
US_1987_002,1987,1987-04-06,1946-1987_taiwan_side_formation,Monterey Park Chinese restaurant corridor,Monterey Park,California,North America,newspaper_feature,Los Angeles Times,https://www.latimes.com/archives/la-xpm-1987-04-06-mn-135-story.html,suburban_chinatown_restaurant_ecology,1987 Monterey Park Taiwan Hong Kong immigrant capital Chinese-language signs 60 Chinese restaurants Asian-owned commercial corridor,medium,Not a Taiwan-specific restaurant row; useful for the built commercial corridor that supported Taiwan/Hong Kong food signs before the internet platform era.,US_MONTEREY_RESTAURANT_CORRIDOR_19870406,probable,North America,Los Angeles Times reports Monterey Park's growth through immigrants from Taiwan and Hong Kong and describes a Chinese-language commercial corridor with 60 Chinese restaurants.,Chinese restaurants;Asian grocery corridor,Taiwan and Hong Kong immigrant capital;Chinese-language signs,immigrant commercial corridor,Taiwan/Hong Kong,https://www.latimes.com/archives/la-xpm-1987-04-06-mn-135-story.html
CN_1987_006,1987,1987-05-28,1946-1987_taiwan_side_formation,美国加州牛肉面大王 / 李先生牛肉面,Beijing,Beijing,Mainland China,brand_official_with_secondary,Mr. Lee official / Sina capture,https://www.mrlee.com.cn/show_82_52.html,taiwan_us_mainland_returnee_chain_candidate,1987 Beijing Dongsi California beef noodle chain Li Beiqi Chongqing Taiwan United States Beijing returnee fast-food route,low,Official source gives 1972 California origin and 1987 Beijing first mainland store; Taiwan migration route is from a weaker Sina capture, so keep candidate until a stronger biography source is found.,CN_MRLEE_1987_CANDIDATE,candidate,Mainland China,Official Mr Lee page says the brand originated in California in 1972 and opened its first mainland China store in Beijing Dongsi in 1987; secondary capture says Li Beiqi moved from Chongqing to Taiwan and then the United States before returning to Beijing.,牛肉面,台湾移民路径;美国加州;北京东四,Taiwan/US returnee operator,Taiwan/United States,https://k.sina.cn/article_1906286443_719f9f6b04001c6km.html
JP_1955_001,1955,1955-01-01,1946-1987_taiwan_side_formation,麗郷,Tokyo,Tokyo,Japan,food_history_feature,さんたつ / 散歩の達人,https://san-tatsu.jp/articles/414608/,old_taiwan_restaurant_origin,1955 Shibuya Reikyo old Taiwan cuisine restaurant sausage clam classic Showa continuity,medium,Food-history feature gives exact Showa 30 founding and identifies the shop as a long-running Taiwan-cuisine restaurant.,JP_REIKYO_1955,probable,Japan,San-tatsu says Reikyo in Shibuya was founded in Showa 30 1955 and is a 70-year Taiwan-cuisine restaurant known for sausage and clams.,腸詰;シジミ,台湾料理,,,https://san-tatsu.jp/articles/414608/
JP_1968_001,1968,1968-01-01,1946-1987_taiwan_side_formation,青葉,Tokyo,Tokyo,Japan,food_history_feature,朝日新聞デジタル &and,https://www.asahi.com/and/m/article/15805738,old_taiwan_restaurant_origin,1968 Shinjuku Kabukicho Aoba Taiwan cuisine owner chef Taiwan small dishes ru rou fan era context,medium,Food-history feature gives exact founding year and connects the shop to long Japanese Taiwan-cuisine history.,JP_AOBA_SHINJUKU_1968,probable,Japan,Asahi &and says Shinjuku Kabukicho Taiwan restaurant Aoba has been run from its 1968 founding by owner-chef Li Keshun and his wife.,ビーフン;台湾小吃,台湾料理,,,https://www.asahi.com/and/m/article/15805738
JP_1984_001,1984,1984-01-01,1946-1987_taiwan_side_formation,台南担仔麺 新宿,Tokyo,Tokyo,Japan,food_history_feature,東京ディープチャイナ研究会,https://deep-china.tokyo/restaurant-info/6706/,taiwan_street_food_restaurant_origin,1984 Shinjuku Tainan Taami Taiwan street small-plate cuisine early Tokyo deep Taiwan restaurant,medium,Secondary food-history article; useful for 1980s Tokyo Taiwan street-food restaurant wave but should be corroborated with business records if possible.,JP_TAINAN_TAAMI_SHINJUKU_1984,probable,Japan,Tokyo Deep China says Shinjuku Taiwan street-food restaurant Tainan Taami opened in 1984 when Taiwan small-plate restaurants were still rare in Tokyo.,担仔麺;台湾屋台料理,台湾屋台料理,,,https://deep-china.tokyo/restaurant-info/6706/
JP_1986_002,1986,1986-01-01,1946-1987_taiwan_side_formation,台南担仔麺 水道橋本店,Tokyo,Tokyo,Japan,official_restaurant_profile,台南担仔麺 水道橋本店,https://taiwan-taami.com/tainan/,taiwan_cuisine_restaurant_origin,1986 Tokyo Suidobashi Tainan Taami authentic Taiwan cuisine lu rou fan beef noodle Taiwan night-market space,high,Official restaurant page gives exact founding year and explicit menu-level Taiwan markers including lu rou fan and beef noodle.,JP_TAINAN_TAAMI_SUIDOBASHI_1986,probable,Japan,Official page says Tainan Taami Suidobashi opened in 1986 to bring Tainan flavor to Tokyo and offers lu rou fan beef noodle and Taiwan night-market atmosphere.,魯肉飯;担仔麺;牛肉麺,台湾料理;台南夜市,,,https://taiwan-taami.com/tainan/
JP_1986_003,1986,1986-01-01,1946-1987_taiwan_side_formation,香味,Tokyo,Tokyo,Japan,food_history_feature,東京ディープチャイナ研究会,https://deep-china.tokyo/restaurant-info/6706/,taiwan_home_cooking_restaurant_origin,1986 Shimbashi Koumi Taichung-origin Taiwan home cooking chicken cutlet radish cake Tokyo restaurant,medium,Secondary food-history source with exact opening year; useful for 1980s Taiwanese home-cooking restaurant ecology in Tokyo.,JP_KOUMI_SHIMBASHI_1986,probable,Japan,Tokyo Deep China says Shimbashi Koumi opened in 1986 and was started by a woman from Taichung, serving home-style Taiwan dishes.,鶏排;大根餅,台湾家庭料理,Taichung-origin operator,Taiwan,https://deep-china.tokyo/restaurant-info/6706/
JP_1987_002,1987,1987-01-01,1946-1987_taiwan_side_formation,台湾料理 千,Tokyo,Tokyo,Japan,food_history_feature,東京ディープチャイナ研究会,https://deep-china.tokyo/restaurant-info/6706/,taiwan_hakka_restaurant_origin,1987 Harajuku Taiwan cuisine Sen Hsinchu Hakka aunt and niece yuba dumplings Taiwan rice-style sauce,medium,Secondary food-history source; exact year and origin story make this usable as a probable but still worth future corroboration.,JP_SEN_HARAJUKU_1987,probable,Japan,Tokyo Deep China says Harajuku Taiwan Cuisine Sen opened in 1987 and was started by a Hsinchu Hakka woman and her niece.,揚げ湯葉;水餃子,台湾新竹客家料理,Hsinchu-origin operator,Taiwan,https://deep-china.tokyo/restaurant-info/6706/
TW_1977_003,1977,1977-01-01,1946-1987_taiwan_side_formation,欣葉台菜,Taipei,Taiwan,Taiwan-side,official_brand_profile,欣葉國際餐飲集團,https://www.shinyeh.com.tw/content/zh/brand/About.aspx?BrandId=1,tai_cai_restaurantization,1977 Taipei Shinyeh Tai-cai restaurant Shuangcheng Street Taiwanese banquet cuisine lu rou home-style dishes,high,Official brand profile gives exact origin year and explicitly frames Shinyeh as changing Taiwan-cuisine restaurantization beyond snack stalls.,TW_SHINYEH_1977,probable,Taiwan-side,Official Shinyeh profile says Shinyeh Tai-cai began on Shuangcheng Street in Taipei in 1977 and expanded Taiwan cuisine from snacks toward banquet and home-style dishes including lu rou.,滷肉;台菜,台菜餐廳化;台灣美食拼圖,Taiwan restaurant operator,Taiwan,https://www.shinyeh.com.tw/content/zh/brand/About.aspx?BrandId=1
TW_1983_001,1983,1983-05-20,1946-1987_taiwan_side_formation,春水堂,Taichung,Taiwan,Taiwan-side,official_brand_profile,春水堂人文茶館,https://www.chunshuitang.com.tw/about/,tea_house_origin,1983 Taichung Chun Shui Tang founded tea house Taiwan tea culture cold drink innovation,medium,Official about page/search capture gives founding date; use for tea-house platform before bubble tea launch.,TW_CHUNSHUITANG_1983,probable,Taiwan-side,Official Chun Shui Tang profile/search capture says Liu Han-Chieh founded Chun Shui Tang in Taichung on 1983-05-20.,泡沫紅茶;茶飲,台灣茶文化;台中,Taiwan tea-house operator,Taiwan,https://www.chunshuitang.com.tw/about/
TW_1986_002,1986,1986-01-01,1946-1987_taiwan_side_formation,春水堂珍珠奶茶,Taichung,Taiwan,Taiwan-side,official_product_history,春水堂人文茶館,https://www.chunshuitang.com.tw/drink/innovation/,bubble_tea_invention,1986 Chun Shui Tang invented pearl milk tea Taiwan tea drink innovation hand-shaken beverage,high,Official product-history page explicitly states 1986 invention and 1987 launch; keep separate from launch row for innovation timeline.,TW_CHUNSHUITANG_BMT_1986,probable,Taiwan-side,Chun Shui Tang official page says pearl milk tea was invented by Chun Shui Tang in 1986 before being listed for sale in 1987.,珍珠奶茶,世界首創;台灣手搖飲,Taiwan tea-house operator,Taiwan,https://www.chunshuitang.com.tw/drink/innovation/
TW_1987_003,1987,1987-01-01,1946-1987_taiwan_side_formation,春水堂珍珠奶茶,Taichung,Taiwan,Taiwan-side,official_product_history,春水堂人文茶館,https://www.chunshuitang.com.tw/drink/innovation/,bubble_tea_market_launch,1987 Chun Shui Tang pearl milk tea market launch national drink world-first Taiwan beverage sign,high,Official product-history page gives 1987 market launch; useful for transition from invention to consumer-facing Taiwan food sign.,TW_CHUNSHUITANG_BMT_1987,probable,Taiwan-side,Chun Shui Tang official page says pearl milk tea launched in 1987 and became a representative hand-shaken national drink.,珍珠奶茶,世界首創;國民飲料,Taiwan tea-house operator,Taiwan,https://www.chunshuitang.com.tw/drink/innovation/
TW_1986_003,1986,1986-01-01,1946-1987_taiwan_side_formation,翰林茶館珍珠奶茶,Tainan,Taiwan,Taiwan-side,official_brand_homepage,翰林茶館,https://www.hanlin-tea.com.tw/,bubble_tea_origin_claim,1986 Hanlin Tea House Tu Tsung-ho first pearl milk tea Tainan tea-drink origin claim,medium,Official homepage/search capture gives Hanlin's 1986 first-pearl-milk-tea claim; retain as probable origin-claim record rather than adjudicating invention priority.,TW_HANLIN_BMT_1986,probable,Taiwan-side,Hanlin Tea official search capture says founder Tu Tsung-ho developed the world's first pearl milk tea in 1986.,珍珠奶茶,台南茶飲;珍珠奶茶起源,Taiwan tea-house operator,Taiwan,https://www.hanlin-tea.com.tw/
SG_1985_004,1985,1985-09-28,1946-1987_taiwan_side_formation,Stevens Corner Taiwanese Breakfast,Singapore,Singapore,Singapore,newspaper_archive,NewspaperSG / The Straits Times,https://eresources.nlb.gov.sg/newspapers/digitised/issue/straitstimes19850928-1,overseas_taiwanese_breakfast_ad,1985 Stevens Corner all-time favourite Taiwanese Breakfast Shaobing You Tiao soya bean milk Singapore,medium,Direct OCR advertisement; useful because it places Taiwanese breakfast at Stevens Corner before the 1986 buffet framing.,NEWSG_ST_19850928_STEVENS_BREAKFAST,probable,Singapore,The Straits Times advertisement says the all-time favourite Taiwanese Breakfast came to Singapore and Stevens Corner with Shaobing You Tiao and soya bean milk.,Shaobing;You Tiao;soya bean milk,Taiwanese Breakfast,,,https://eresources.nlb.gov.sg/newspapers/digitised/issue/straitstimes19850928-1
SG_1985_005,1985,1985-10-18,1946-1987_taiwan_side_formation,Taiwanese Porridge breakfast,Singapore,Singapore,Singapore,newspaper_archive,NewspaperSG / The Business Times,https://eresources.nlb.gov.sg/newspapers/digitised/issue/biztimes19851018-1,overseas_taiwanese_porridge_breakfast_ad,1985 Business Times tempting Taiwanese Porridge breakfast sumptuous dishes tasty tim sum Singapore,medium,OCR gives direct dish label but the venue is less clear in text capture; keep as probable dish-label attestation for Singapore breakfast circulation.,NEWSG_BT_19851018_TAIWANESE_PORRIDGE,probable,Singapore,The Business Times advertisement invites readers to wake up to tempting Taiwanese Porridge with sumptuous dishes and tim sum for breakfast.,Taiwanese Porridge,Taiwanese,,,https://eresources.nlb.gov.sg/newspapers/digitised/issue/biztimes19851018-1
SG_1986_005,1986,1986-06-13,1946-1987_taiwan_side_formation,Stevens Corner Taiwanese Breakfast,Singapore,Singapore,Singapore,newspaper_archive,NewspaperSG / The Straits Times,https://eresources.nlb.gov.sg/newspapers/digitised/issue/straitstimes19860613-1,overseas_taiwanese_breakfast_ad,1986 Stevens Corner Taiwanese Breakfast Shaobing You Tiao Soya Bean Milk Taiwan famous shredded pork Sichuan cabbage,medium,Direct advertisement; repeats the Taiwanese breakfast format with menu detail and predates later Food Stop buffet ads.,NEWSG_ST_19860613_STEVENS_BREAKFAST,probable,Singapore,The Straits Times advertisement presents Taiwanese Breakfast of Shaobing You Tiao and soya bean milk at Stevens Corner.,Shaobing;You Tiao;soya bean milk,Taiwanese Breakfast,,,https://eresources.nlb.gov.sg/newspapers/digitised/issue/straitstimes19860613-1
SG_1986_006,1986,1986-11-15,1946-1987_taiwan_side_formation,Stevens Corner Shaobing You Tiao Buffet Breakfast,Singapore,Singapore,Singapore,newspaper_archive,NewspaperSG / The Straits Times,https://eresources.nlb.gov.sg/newspapers/digitised/issue/straitstimes19861115-1,overseas_taiwanese_breakfast_ad,1986 Hotel Equatorial Food Stop Stevens Corner first ever Taiwanese Shaobing You Tiao Buffet Breakfast Taiwanese porridge,medium,Direct hotel advertisement; useful because it explicitly says first ever Taiwanese Shaobing You Tiao buffet breakfast and lists Taiwanese porridge.,NEWSG_ST_19861115_STEVENS_BUFFET,probable,Singapore,The Straits Times advertisement for Hotel Equatorial Food Stop says Stevens Corner offered the first ever Taiwanese Shaobing You Tiao Buffet Breakfast with Taiwanese porridge.,Shaobing;You Tiao;Taiwanese porridge,Taiwanese,,,https://eresources.nlb.gov.sg/newspapers/digitised/issue/straitstimes19861115-1
SG_1986_007,1986,1986-12-07,1946-1987_taiwan_side_formation,Stevens Corner Shaobing You Tiao Buffet Breakfast,Singapore,Singapore,Singapore,newspaper_archive,NewspaperSG / The Straits Times,https://eresources.nlb.gov.sg/newspapers/digitised/issue/straitstimes19861207-1,overseas_taiwanese_breakfast_ad,1986 Stevens Corner first ever Taiwanese Shaobing You Tiao Buffet Breakfast soya bean milk Taiwanese porridge,medium,Distinct Sunday Times issue continuing the hotel buffet campaign; keep as dated circulation evidence rather than a unique venue.,NEWSG_ST_19861207_STEVENS_BUFFET,probable,Singapore,The Straits Times advertisement says Stevens Corner offered the first ever Taiwanese Shaobing You Tiao Buffet Breakfast with soya bean milk and Taiwanese porridge.,Shaobing;You Tiao;Taiwanese porridge,Taiwanese,,,https://eresources.nlb.gov.sg/newspapers/digitised/issue/straitstimes19861207-1
SG_1987_005,1987,1987-08-14,1946-1987_taiwan_side_formation,Hotel Equatorial Food Stop Stevens Corner,Singapore,Singapore,Singapore,newspaper_archive,NewspaperSG / The Straits Times,https://eresources.nlb.gov.sg/newspapers/digitised/issue/straitstimes19870814-1,overseas_taiwanese_breakfast_ad,1987 Hotel Equatorial Food Stop Stevens Corner renowned Taiwanese Shaobing You Tiao Buffet Breakfast Taiwanese porridge soya bean milk,medium,Direct advertisement; extends the Stevens Corner Taiwanese breakfast campaign into late 1987 after the June Business Times record.,NEWSG_ST_19870814_STEVENS_BUFFET,probable,Singapore,The Straits Times advertisement says Hotel Equatorial Food Stop served renowned Taiwanese Shaobing You Tiao Buffet Breakfast with soya-bean milk and Taiwanese porridge.,Shaobing;You Tiao;Taiwanese porridge,Taiwanese,,,https://eresources.nlb.gov.sg/newspapers/digitised/issue/straitstimes19870814-1
SG_1987_006,1987,1987-09-05,1946-1987_taiwan_side_formation,Hotel Equatorial Food Stop Stevens Corner,Singapore,Singapore,Singapore,newspaper_archive,NewspaperSG / The Straits Times,https://eresources.nlb.gov.sg/newspapers/digitised/issue/straitstimes19870905-1,overseas_taiwanese_breakfast_ad,1987 Hotel Equatorial Food Stop Stevens Corner Taiwanese Shaobing You Tiao Buffet Breakfast Taiwanese porridge,medium,Direct advertisement; separate dated issue from August 1987 and not a duplicate source key.,NEWSG_ST_19870905_STEVENS_BUFFET,probable,Singapore,The Straits Times advertisement repeats the Hotel Equatorial Food Stop Taiwanese Shaobing You Tiao Buffet Breakfast with Taiwanese porridge.,Shaobing;You Tiao;Taiwanese porridge,Taiwanese,,,https://eresources.nlb.gov.sg/newspapers/digitised/issue/straitstimes19870905-1
SG_1980_002,1980,1980-07-26,1946-1987_taiwan_side_formation,Taiwan Porridge and Bak Kut Teh,Singapore,Singapore,Singapore,newspaper_archive,NewspaperSG / The Straits Times,https://eresources.nlb.gov.sg/newspapers/digitised/issue/straitstimes19800726-1,overseas_taiwan_porridge_ad,1980 Singapore advertisement Taiwan Porridge Bak Kut Teh happy hours eight dollars per head,medium,Distinct issue from the 20 July 1980 seed row; venue OCR is unclear but the Taiwan Porridge label is direct.,NEWSG_ST_19800726_TAIWAN_PORRIDGE,probable,Singapore,The Straits Times advertisement lists Taiwan Porridge with bak kut teh and happy hours at eight dollars per head.,Taiwan Porridge,Taiwan,,,https://eresources.nlb.gov.sg/newspapers/digitised/issue/straitstimes19800726-1
SG_1980_003,1980,1980-08-15,1946-1987_taiwan_side_formation,Taiwan Porridge and Bak Kut Teh,Singapore,Singapore,Singapore,newspaper_archive,NewspaperSG / The Straits Times,https://eresources.nlb.gov.sg/newspapers/digitised/issue/straitstimes19800815-1,overseas_taiwan_porridge_ad,1980 Singapore advertisement Taiwan Porridge Bak Kut Teh happy hours repeated issue,medium,Distinct August 1980 issue with same direct menu label; keep as circulation evidence rather than a unique venue.,NEWSG_ST_19800815_TAIWAN_PORRIDGE,probable,Singapore,The Straits Times advertisement lists Taiwan Porridge and bak kut teh with happy-hours language.,Taiwan Porridge,Taiwan,,,https://eresources.nlb.gov.sg/newspapers/digitised/issue/straitstimes19800815-1
SG_1981_001,1981,1981-01-24,1946-1987_taiwan_side_formation,Skyview Taiwan Porridge,Singapore,Singapore,Singapore,newspaper_archive,NewspaperSG / The Straits Times,https://eresources.nlb.gov.sg/newspapers/digitised/issue/straitstimes19810124-1,overseas_taiwan_porridge_ad,1981 Skyview Steamboat Live Seafood Taiwan Porridge Chinese New Year Singapore restaurant advertisement,medium,Direct restaurant advertisement; useful because it names Skyview Taiwan Porridge as one of three restaurant specialties.,NEWSG_ST_19810124_SKYVIEW_TAIWAN_PORRIDGE,probable,Singapore,The Straits Times advertisement says Skyview offers Skyview Steamboat Skyview Live Seafood and Skyview Taiwan Porridge.,Taiwan Porridge,Taiwan,,,https://eresources.nlb.gov.sg/newspapers/digitised/issue/straitstimes19810124-1
SG_1985_006,1985,1985-08-26,1946-1987_taiwan_side_formation,Stevens Corner Taiwanese Breakfast,Singapore,Singapore,Singapore,newspaper_archive,NewspaperSG / The Straits Times,https://eresources.nlb.gov.sg/newspapers/digitised/issue/straitstimes19850826-1,overseas_taiwanese_breakfast_ad,1985 Stevens Corner all-time favourite Taiwanese Breakfast comes to Singapore Shaobing You Tiao soya bean drink,medium,Direct advertisement and earlier than the September 1985 Stevens Corner record; useful for tracing launch/circulation of the Taiwanese breakfast format.,NEWSG_ST_19850826_STEVENS_BREAKFAST,probable,Singapore,The Straits Times advertisement says the all-time favourite Taiwanese Breakfast came to Singapore and Stevens Corner with Taiwan's famous Shaobing and You Tiao.,Shaobing;You Tiao;soya bean drink,Taiwanese Breakfast,,,https://eresources.nlb.gov.sg/newspapers/digitised/issue/straitstimes19850826-1
SG_1985_007,1985,1985-10-18,1946-1987_taiwan_side_formation,Stevens Corner Taiwanese Breakfast,Singapore,Singapore,Singapore,newspaper_archive,NewspaperSG / The Straits Times,https://eresources.nlb.gov.sg/newspapers/digitised/issue/straitstimes19851018-1,overseas_taiwanese_breakfast_ad,1985 Stevens Corner Taiwanese Breakfast Shaobing You Tiao soya bean drink chicken porridge Singapore,medium,Direct advertisement in a separate Straits Times issue from the Business Times porridge ad on the same date; source URL and brand/type key are not duplicated.,NEWSG_ST_19851018_STEVENS_BREAKFAST,probable,Singapore,The Straits Times advertisement repeats that Taiwanese Breakfast came to Singapore and Stevens Corner with Shaobing You Tiao soya bean drink and chicken porridge.,Shaobing;You Tiao;soya bean drink,Taiwanese Breakfast,,,https://eresources.nlb.gov.sg/newspapers/digitised/issue/straitstimes19851018-1
