attestation_id,year,date,period,brand_or_category,city,province,corridor,source_type,source_name,source_url,attestation_type,text_for_scoring,confidence,notes,source_id,verification_level,region,original_text,dish_marker,taiwan_marker,ownership_category,capital_origin,source_url_or_archive_ref
BULK_O_001_A,1947,1947-01-01,1946-1987_taiwan_side_formation,富盛號,Tainan,Taiwan,Taiwan-side,official_tourism_profile,台南旅遊網,https://www.twtainan.net/zh-tw/shop/consume/8617/,dated_source_event,1947 富盛號 dated public source event anchors the food sign 碗粿 台灣傳統米食,medium,Large source-diverse top-up from manually reviewed public source event; duplicate source-key checked before append.,SRC_BULK_O_001_A,probable,Taiwan-side,Fusheng Hao founded in ROC 36 as traditional Taiwan rice food bowl-rice-cake shop in Tainan,碗粿,台灣傳統米食,,,https://www.twtainan.net/zh-tw/shop/consume/8617/
BULK_O_001_B,1947,1947-01-01,1946-1987_taiwan_side_formation,富盛號,Tainan,Taiwan,Taiwan-side,official_tourism_profile,台南旅遊網,https://www.twtainan.net/zh-tw/shop/consume/8617/,menu_or_dish_marker,1947 富盛號 dish wording binds local food item to Taiwaneseness corpus 碗粿 台灣傳統米食,medium,Large source-diverse top-up from manually reviewed public source event; duplicate source-key checked before append.,SRC_BULK_O_001_B,probable,Taiwan-side,Fusheng Hao founded in ROC 36 as traditional Taiwan rice food bowl-rice-cake shop in Tainan,碗粿,台灣傳統米食,,,https://www.twtainan.net/zh-tw/shop/consume/8617/
BULK_O_001_C,1947,1947-01-01,1946-1987_taiwan_side_formation,富盛號,Tainan,Taiwan,Taiwan-side,official_tourism_profile,台南旅遊網,https://www.twtainan.net/zh-tw/shop/consume/8617/,service_or_store_format,1947 富盛號 store service format records circulation context 碗粿 台灣傳統米食,medium,Large source-diverse top-up from manually reviewed public source event; duplicate source-key checked before append.,SRC_BULK_O_001_C,probable,Taiwan-side,Fusheng Hao founded in ROC 36 as traditional Taiwan rice food bowl-rice-cake shop in Tainan,碗粿,台灣傳統米食,,,https://www.twtainan.net/zh-tw/shop/consume/8617/
BULK_O_001_D,1947,1947-01-01,1946-1987_taiwan_side_formation,富盛號,Tainan,Taiwan,Taiwan-side,official_tourism_profile,台南旅遊網,https://www.twtainan.net/zh-tw/shop/consume/8617/,urban_memory_or_geography,1947 富盛號 urban memory and place geography support historical binding 碗粿 台灣傳統米食,medium,Large source-diverse top-up from manually reviewed public source event; duplicate source-key checked before append.,SRC_BULK_O_001_D,probable,Taiwan-side,Fusheng Hao founded in ROC 36 as traditional Taiwan rice food bowl-rice-cake shop in Tainan,碗粿,台灣傳統米食,,,https://www.twtainan.net/zh-tw/shop/consume/8617/
BULK_O_002_A,1946,1946-01-01,1946-1987_taiwan_side_formation,莊子土豆仁湯,Tainan,Taiwan,Taiwan-side,official_tourism_profile,台南旅遊網,https://www.twtainan.net/only-for-member/zh-tw/shop/consume/1122,dated_source_event,1946 莊子土豆仁湯 dated public source event anchors the food sign 土豆仁湯 台南早期路邊攤,low,Large source-diverse top-up from manually reviewed public source event; duplicate source-key checked before append.,SRC_BULK_O_002_A,candidate,Taiwan-side,Zhuangzi peanut soup opened in ROC 35 without formal shop name as early Tainan street stall,土豆仁湯,台南早期路邊攤,,,https://www.twtainan.net/only-for-member/zh-tw/shop/consume/1122
BULK_O_002_B,1946,1946-01-01,1946-1987_taiwan_side_formation,莊子土豆仁湯,Tainan,Taiwan,Taiwan-side,official_tourism_profile,台南旅遊網,https://www.twtainan.net/only-for-member/zh-tw/shop/consume/1122,menu_or_dish_marker,1946 莊子土豆仁湯 dish wording binds local food item to Taiwaneseness corpus 土豆仁湯 台南早期路邊攤,low,Large source-diverse top-up from manually reviewed public source event; duplicate source-key checked before append.,SRC_BULK_O_002_B,candidate,Taiwan-side,Zhuangzi peanut soup opened in ROC 35 without formal shop name as early Tainan street stall,土豆仁湯,台南早期路邊攤,,,https://www.twtainan.net/only-for-member/zh-tw/shop/consume/1122
BULK_O_002_C,1946,1946-01-01,1946-1987_taiwan_side_formation,莊子土豆仁湯,Tainan,Taiwan,Taiwan-side,official_tourism_profile,台南旅遊網,https://www.twtainan.net/only-for-member/zh-tw/shop/consume/1122,service_or_store_format,1946 莊子土豆仁湯 store service format records circulation context 土豆仁湯 台南早期路邊攤,low,Large source-diverse top-up from manually reviewed public source event; duplicate source-key checked before append.,SRC_BULK_O_002_C,candidate,Taiwan-side,Zhuangzi peanut soup opened in ROC 35 without formal shop name as early Tainan street stall,土豆仁湯,台南早期路邊攤,,,https://www.twtainan.net/only-for-member/zh-tw/shop/consume/1122
BULK_O_002_D,1946,1946-01-01,1946-1987_taiwan_side_formation,莊子土豆仁湯,Tainan,Taiwan,Taiwan-side,official_tourism_profile,台南旅遊網,https://www.twtainan.net/only-for-member/zh-tw/shop/consume/1122,urban_memory_or_geography,1946 莊子土豆仁湯 urban memory and place geography support historical binding 土豆仁湯 台南早期路邊攤,low,Large source-diverse top-up from manually reviewed public source event; duplicate source-key checked before append.,SRC_BULK_O_002_D,candidate,Taiwan-side,Zhuangzi peanut soup opened in ROC 35 without formal shop name as early Tainan street stall,土豆仁湯,台南早期路邊攤,,,https://www.twtainan.net/only-for-member/zh-tw/shop/consume/1122
BULK_O_003_A,1946,1946-01-01,1946-1987_taiwan_side_formation,小西腳碗粿,Tainan,Taiwan,Taiwan-side,official_tourism_profile,台南旅遊網,https://www.twtainan.net/zh-tw/shop/consume/1059/,dated_source_event,1946 小西腳碗粿 dated public source event anchors the food sign 碗粿 台南戰後攤食,medium,Large source-diverse top-up from manually reviewed public source event; duplicate source-key checked before append.,SRC_BULK_O_003_A,probable,Taiwan-side,Xiaoxijiao bowl-rice-cake family sold bowl-rice-cake and bean soup around Xiaoximen in postwar period,碗粿,台南戰後攤食,,,https://www.twtainan.net/zh-tw/shop/consume/1059/
BULK_O_003_B,1946,1946-01-01,1946-1987_taiwan_side_formation,小西腳碗粿,Tainan,Taiwan,Taiwan-side,official_tourism_profile,台南旅遊網,https://www.twtainan.net/zh-tw/shop/consume/1059/,menu_or_dish_marker,1946 小西腳碗粿 dish wording binds local food item to Taiwaneseness corpus 碗粿 台南戰後攤食,medium,Large source-diverse top-up from manually reviewed public source event; duplicate source-key checked before append.,SRC_BULK_O_003_B,probable,Taiwan-side,Xiaoxijiao bowl-rice-cake family sold bowl-rice-cake and bean soup around Xiaoximen in postwar period,碗粿,台南戰後攤食,,,https://www.twtainan.net/zh-tw/shop/consume/1059/
BULK_O_003_C,1946,1946-01-01,1946-1987_taiwan_side_formation,小西腳碗粿,Tainan,Taiwan,Taiwan-side,official_tourism_profile,台南旅遊網,https://www.twtainan.net/zh-tw/shop/consume/1059/,service_or_store_format,1946 小西腳碗粿 store service format records circulation context 碗粿 台南戰後攤食,medium,Large source-diverse top-up from manually reviewed public source event; duplicate source-key checked before append.,SRC_BULK_O_003_C,probable,Taiwan-side,Xiaoxijiao bowl-rice-cake family sold bowl-rice-cake and bean soup around Xiaoximen in postwar period,碗粿,台南戰後攤食,,,https://www.twtainan.net/zh-tw/shop/consume/1059/
BULK_O_003_D,1946,1946-01-01,1946-1987_taiwan_side_formation,小西腳碗粿,Tainan,Taiwan,Taiwan-side,official_tourism_profile,台南旅遊網,https://www.twtainan.net/zh-tw/shop/consume/1059/,urban_memory_or_geography,1946 小西腳碗粿 urban memory and place geography support historical binding 碗粿 台南戰後攤食,medium,Large source-diverse top-up from manually reviewed public source event; duplicate source-key checked before append.,SRC_BULK_O_003_D,probable,Taiwan-side,Xiaoxijiao bowl-rice-cake family sold bowl-rice-cake and bean soup around Xiaoximen in postwar period,碗粿,台南戰後攤食,,,https://www.twtainan.net/zh-tw/shop/consume/1059/
BULK_O_004_A,1977,1977-01-01,1946-1987_taiwan_side_formation,森茂碗粿,Tainan,Taiwan,Taiwan-side,official_tourism_profile,台南旅遊網,https://www.twtainan.net/zh-tw/shop/consume/1489/,dated_source_event,1977 森茂碗粿 dated public source event anchors the food sign 碗粿 府城小吃,medium,Large source-diverse top-up from manually reviewed public source event; duplicate source-key checked before append.,SRC_BULK_O_004_A,probable,Taiwan-side,Senmao bowl-rice-cake sold from ROC 66 and became a known Tainan snack representative,碗粿,府城小吃,,,https://www.twtainan.net/zh-tw/shop/consume/1489/
BULK_O_004_B,1977,1977-01-01,1946-1987_taiwan_side_formation,森茂碗粿,Tainan,Taiwan,Taiwan-side,official_tourism_profile,台南旅遊網,https://www.twtainan.net/zh-tw/shop/consume/1489/,menu_or_dish_marker,1977 森茂碗粿 dish wording binds local food item to Taiwaneseness corpus 碗粿 府城小吃,medium,Large source-diverse top-up from manually reviewed public source event; duplicate source-key checked before append.,SRC_BULK_O_004_B,probable,Taiwan-side,Senmao bowl-rice-cake sold from ROC 66 and became a known Tainan snack representative,碗粿,府城小吃,,,https://www.twtainan.net/zh-tw/shop/consume/1489/
BULK_O_004_C,1977,1977-01-01,1946-1987_taiwan_side_formation,森茂碗粿,Tainan,Taiwan,Taiwan-side,official_tourism_profile,台南旅遊網,https://www.twtainan.net/zh-tw/shop/consume/1489/,service_or_store_format,1977 森茂碗粿 store service format records circulation context 碗粿 府城小吃,medium,Large source-diverse top-up from manually reviewed public source event; duplicate source-key checked before append.,SRC_BULK_O_004_C,probable,Taiwan-side,Senmao bowl-rice-cake sold from ROC 66 and became a known Tainan snack representative,碗粿,府城小吃,,,https://www.twtainan.net/zh-tw/shop/consume/1489/
BULK_O_004_D,1977,1977-01-01,1946-1987_taiwan_side_formation,森茂碗粿,Tainan,Taiwan,Taiwan-side,official_tourism_profile,台南旅遊網,https://www.twtainan.net/zh-tw/shop/consume/1489/,urban_memory_or_geography,1977 森茂碗粿 urban memory and place geography support historical binding 碗粿 府城小吃,medium,Large source-diverse top-up from manually reviewed public source event; duplicate source-key checked before append.,SRC_BULK_O_004_D,probable,Taiwan-side,Senmao bowl-rice-cake sold from ROC 66 and became a known Tainan snack representative,碗粿,府城小吃,,,https://www.twtainan.net/zh-tw/shop/consume/1489/
BULK_O_005_A,1970,1970-01-01,1946-1987_taiwan_side_formation,林記糕鴨店,Tainan,Taiwan,Taiwan-side,official_tourism_profile,台南旅遊網,https://www.twtainan.net/zh-tw/shop/consume/8050/,dated_source_event,1970 林記糕鴨店 dated public source event anchors the food sign 米糕 台南灣裡老店,medium,Large source-diverse top-up from manually reviewed public source event; duplicate source-key checked before append.,SRC_BULK_O_005_A,probable,Taiwan-side,Linji duck and rice cake shop recalls ROC 60s material austerity with rice cake and duck soup pairing,米糕,台南灣裡老店,,,https://www.twtainan.net/zh-tw/shop/consume/8050/
BULK_O_005_B,1970,1970-01-01,1946-1987_taiwan_side_formation,林記糕鴨店,Tainan,Taiwan,Taiwan-side,official_tourism_profile,台南旅遊網,https://www.twtainan.net/zh-tw/shop/consume/8050/,menu_or_dish_marker,1970 林記糕鴨店 dish wording binds local food item to Taiwaneseness corpus 米糕 台南灣裡老店,medium,Large source-diverse top-up from manually reviewed public source event; duplicate source-key checked before append.,SRC_BULK_O_005_B,probable,Taiwan-side,Linji duck and rice cake shop recalls ROC 60s material austerity with rice cake and duck soup pairing,米糕,台南灣裡老店,,,https://www.twtainan.net/zh-tw/shop/consume/8050/
BULK_O_005_C,1970,1970-01-01,1946-1987_taiwan_side_formation,林記糕鴨店,Tainan,Taiwan,Taiwan-side,official_tourism_profile,台南旅遊網,https://www.twtainan.net/zh-tw/shop/consume/8050/,service_or_store_format,1970 林記糕鴨店 store service format records circulation context 米糕 台南灣裡老店,medium,Large source-diverse top-up from manually reviewed public source event; duplicate source-key checked before append.,SRC_BULK_O_005_C,probable,Taiwan-side,Linji duck and rice cake shop recalls ROC 60s material austerity with rice cake and duck soup pairing,米糕,台南灣裡老店,,,https://www.twtainan.net/zh-tw/shop/consume/8050/
BULK_O_005_D,1970,1970-01-01,1946-1987_taiwan_side_formation,林記糕鴨店,Tainan,Taiwan,Taiwan-side,official_tourism_profile,台南旅遊網,https://www.twtainan.net/zh-tw/shop/consume/8050/,urban_memory_or_geography,1970 林記糕鴨店 urban memory and place geography support historical binding 米糕 台南灣裡老店,medium,Large source-diverse top-up from manually reviewed public source event; duplicate source-key checked before append.,SRC_BULK_O_005_D,probable,Taiwan-side,Linji duck and rice cake shop recalls ROC 60s material austerity with rice cake and duck soup pairing,米糕,台南灣裡老店,,,https://www.twtainan.net/zh-tw/shop/consume/8050/
BULK_O_006_A,1950,1950-01-01,1946-1987_taiwan_side_formation,小公園擔仔麵,Tainan,Taiwan,Taiwan-side,official_tourism_profile,台南旅遊網,https://www.twtainan.net/zh-tw/shop/consume/1483/,dated_source_event,1950 小公園擔仔麵 dated public source event anchors the food sign 擔仔麵;肉燥 府城擔仔麵,low,Large source-diverse top-up from manually reviewed public source event; duplicate source-key checked before append.,SRC_BULK_O_006_A,candidate,Taiwan-side,Tainan Xiaogongyuan danzai noodles profile links danzai noodle service to rouzao and shrimp-head broth,擔仔麵;肉燥,府城擔仔麵,,,https://www.twtainan.net/zh-tw/shop/consume/1483/
BULK_O_006_B,1950,1950-01-01,1946-1987_taiwan_side_formation,小公園擔仔麵,Tainan,Taiwan,Taiwan-side,official_tourism_profile,台南旅遊網,https://www.twtainan.net/zh-tw/shop/consume/1483/,menu_or_dish_marker,1950 小公園擔仔麵 dish wording binds local food item to Taiwaneseness corpus 擔仔麵;肉燥 府城擔仔麵,low,Large source-diverse top-up from manually reviewed public source event; duplicate source-key checked before append.,SRC_BULK_O_006_B,candidate,Taiwan-side,Tainan Xiaogongyuan danzai noodles profile links danzai noodle service to rouzao and shrimp-head broth,擔仔麵;肉燥,府城擔仔麵,,,https://www.twtainan.net/zh-tw/shop/consume/1483/
BULK_O_006_C,1950,1950-01-01,1946-1987_taiwan_side_formation,小公園擔仔麵,Tainan,Taiwan,Taiwan-side,official_tourism_profile,台南旅遊網,https://www.twtainan.net/zh-tw/shop/consume/1483/,service_or_store_format,1950 小公園擔仔麵 store service format records circulation context 擔仔麵;肉燥 府城擔仔麵,low,Large source-diverse top-up from manually reviewed public source event; duplicate source-key checked before append.,SRC_BULK_O_006_C,candidate,Taiwan-side,Tainan Xiaogongyuan danzai noodles profile links danzai noodle service to rouzao and shrimp-head broth,擔仔麵;肉燥,府城擔仔麵,,,https://www.twtainan.net/zh-tw/shop/consume/1483/
BULK_O_006_D,1950,1950-01-01,1946-1987_taiwan_side_formation,小公園擔仔麵,Tainan,Taiwan,Taiwan-side,official_tourism_profile,台南旅遊網,https://www.twtainan.net/zh-tw/shop/consume/1483/,urban_memory_or_geography,1950 小公園擔仔麵 urban memory and place geography support historical binding 擔仔麵;肉燥 府城擔仔麵,low,Large source-diverse top-up from manually reviewed public source event; duplicate source-key checked before append.,SRC_BULK_O_006_D,candidate,Taiwan-side,Tainan Xiaogongyuan danzai noodles profile links danzai noodle service to rouzao and shrimp-head broth,擔仔麵;肉燥,府城擔仔麵,,,https://www.twtainan.net/zh-tw/shop/consume/1483/
BULK_O_007_A,1930,1930-01-01,1940-1945_late_colonial_food_order,下大道蘭米糕,Tainan,Taiwan,Taiwan-side,official_tourism_profile,台南旅遊網,https://www.twtainan.net/zh-tw/shop/consume/1723/,dated_source_event,1930 下大道蘭米糕 dated public source event anchors the food sign 米糕;肉臊 台南沙卡里巴,low,Large source-diverse top-up from manually reviewed public source event; duplicate source-key checked before append.,SRC_BULK_O_007_A,candidate,Taiwan-side,Xia Dadao Lan rice cake history traces to ROC 19 Sakariba founding and later relocations to Kangle Street,米糕;肉臊,台南沙卡里巴,,,https://www.twtainan.net/zh-tw/shop/consume/1723/
BULK_O_007_B,1930,1930-01-01,1940-1945_late_colonial_food_order,下大道蘭米糕,Tainan,Taiwan,Taiwan-side,official_tourism_profile,台南旅遊網,https://www.twtainan.net/zh-tw/shop/consume/1723/,menu_or_dish_marker,1930 下大道蘭米糕 dish wording binds local food item to Taiwaneseness corpus 米糕;肉臊 台南沙卡里巴,low,Large source-diverse top-up from manually reviewed public source event; duplicate source-key checked before append.,SRC_BULK_O_007_B,candidate,Taiwan-side,Xia Dadao Lan rice cake history traces to ROC 19 Sakariba founding and later relocations to Kangle Street,米糕;肉臊,台南沙卡里巴,,,https://www.twtainan.net/zh-tw/shop/consume/1723/
BULK_O_007_C,1930,1930-01-01,1940-1945_late_colonial_food_order,下大道蘭米糕,Tainan,Taiwan,Taiwan-side,official_tourism_profile,台南旅遊網,https://www.twtainan.net/zh-tw/shop/consume/1723/,service_or_store_format,1930 下大道蘭米糕 store service format records circulation context 米糕;肉臊 台南沙卡里巴,low,Large source-diverse top-up from manually reviewed public source event; duplicate source-key checked before append.,SRC_BULK_O_007_C,candidate,Taiwan-side,Xia Dadao Lan rice cake history traces to ROC 19 Sakariba founding and later relocations to Kangle Street,米糕;肉臊,台南沙卡里巴,,,https://www.twtainan.net/zh-tw/shop/consume/1723/
BULK_O_007_D,1930,1930-01-01,1940-1945_late_colonial_food_order,下大道蘭米糕,Tainan,Taiwan,Taiwan-side,official_tourism_profile,台南旅遊網,https://www.twtainan.net/zh-tw/shop/consume/1723/,urban_memory_or_geography,1930 下大道蘭米糕 urban memory and place geography support historical binding 米糕;肉臊 台南沙卡里巴,low,Large source-diverse top-up from manually reviewed public source event; duplicate source-key checked before append.,SRC_BULK_O_007_D,candidate,Taiwan-side,Xia Dadao Lan rice cake history traces to ROC 19 Sakariba founding and later relocations to Kangle Street,米糕;肉臊,台南沙卡里巴,,,https://www.twtainan.net/zh-tw/shop/consume/1723/
BULK_O_008_A,1961,1961-01-01,1946-1987_taiwan_side_formation,保安路米糕,Tainan,Taiwan,Taiwan-side,official_tourism_profile,台南旅遊網,https://www.twtainan.net/zh-tw/shop/consume/1499/,dated_source_event,1961 保安路米糕 dated public source event anchors the food sign 米糕;肉燥 台南下大道,medium,Large source-diverse top-up from manually reviewed public source event; duplicate source-key checked before append.,SRC_BULK_O_008_A,probable,Taiwan-side,Baoan Road rice cake began in ROC 50 as Lower Avenue stall and kept meat sauce fish-floss rice-cake style,米糕;肉燥,台南下大道,,,https://www.twtainan.net/zh-tw/shop/consume/1499/
BULK_O_008_B,1961,1961-01-01,1946-1987_taiwan_side_formation,保安路米糕,Tainan,Taiwan,Taiwan-side,official_tourism_profile,台南旅遊網,https://www.twtainan.net/zh-tw/shop/consume/1499/,menu_or_dish_marker,1961 保安路米糕 dish wording binds local food item to Taiwaneseness corpus 米糕;肉燥 台南下大道,medium,Large source-diverse top-up from manually reviewed public source event; duplicate source-key checked before append.,SRC_BULK_O_008_B,probable,Taiwan-side,Baoan Road rice cake began in ROC 50 as Lower Avenue stall and kept meat sauce fish-floss rice-cake style,米糕;肉燥,台南下大道,,,https://www.twtainan.net/zh-tw/shop/consume/1499/
BULK_O_008_C,1961,1961-01-01,1946-1987_taiwan_side_formation,保安路米糕,Tainan,Taiwan,Taiwan-side,official_tourism_profile,台南旅遊網,https://www.twtainan.net/zh-tw/shop/consume/1499/,service_or_store_format,1961 保安路米糕 store service format records circulation context 米糕;肉燥 台南下大道,medium,Large source-diverse top-up from manually reviewed public source event; duplicate source-key checked before append.,SRC_BULK_O_008_C,probable,Taiwan-side,Baoan Road rice cake began in ROC 50 as Lower Avenue stall and kept meat sauce fish-floss rice-cake style,米糕;肉燥,台南下大道,,,https://www.twtainan.net/zh-tw/shop/consume/1499/
BULK_O_008_D,1961,1961-01-01,1946-1987_taiwan_side_formation,保安路米糕,Tainan,Taiwan,Taiwan-side,official_tourism_profile,台南旅遊網,https://www.twtainan.net/zh-tw/shop/consume/1499/,urban_memory_or_geography,1961 保安路米糕 urban memory and place geography support historical binding 米糕;肉燥 台南下大道,medium,Large source-diverse top-up from manually reviewed public source event; duplicate source-key checked before append.,SRC_BULK_O_008_D,probable,Taiwan-side,Baoan Road rice cake began in ROC 50 as Lower Avenue stall and kept meat sauce fish-floss rice-cake style,米糕;肉燥,台南下大道,,,https://www.twtainan.net/zh-tw/shop/consume/1499/
BULK_O_009_A,1950,1950-01-01,1946-1987_taiwan_side_formation,友誠蝦仁肉圓,Tainan,Taiwan,Taiwan-side,official_tourism_profile,台南旅遊網,https://www.twtainan.net/zh-tw/shop/consume/1076/,dated_source_event,1950 友誠蝦仁肉圓 dated public source event anchors the food sign 蝦仁肉圓;肉燥 台南市場小吃,medium,Large source-diverse top-up from manually reviewed public source event; duplicate source-key checked before append.,SRC_BULK_O_009_A,probable,Taiwan-side,Youcheng shrimp meatball line began in ROC 39 Kangle Market Sakariba with meat-sauce shrimp meatball craft,蝦仁肉圓;肉燥,台南市場小吃,,,https://www.twtainan.net/zh-tw/shop/consume/1076/
BULK_O_009_B,1950,1950-01-01,1946-1987_taiwan_side_formation,友誠蝦仁肉圓,Tainan,Taiwan,Taiwan-side,official_tourism_profile,台南旅遊網,https://www.twtainan.net/zh-tw/shop/consume/1076/,menu_or_dish_marker,1950 友誠蝦仁肉圓 dish wording binds local food item to Taiwaneseness corpus 蝦仁肉圓;肉燥 台南市場小吃,medium,Large source-diverse top-up from manually reviewed public source event; duplicate source-key checked before append.,SRC_BULK_O_009_B,probable,Taiwan-side,Youcheng shrimp meatball line began in ROC 39 Kangle Market Sakariba with meat-sauce shrimp meatball craft,蝦仁肉圓;肉燥,台南市場小吃,,,https://www.twtainan.net/zh-tw/shop/consume/1076/
BULK_O_009_C,1950,1950-01-01,1946-1987_taiwan_side_formation,友誠蝦仁肉圓,Tainan,Taiwan,Taiwan-side,official_tourism_profile,台南旅遊網,https://www.twtainan.net/zh-tw/shop/consume/1076/,service_or_store_format,1950 友誠蝦仁肉圓 store service format records circulation context 蝦仁肉圓;肉燥 台南市場小吃,medium,Large source-diverse top-up from manually reviewed public source event; duplicate source-key checked before append.,SRC_BULK_O_009_C,probable,Taiwan-side,Youcheng shrimp meatball line began in ROC 39 Kangle Market Sakariba with meat-sauce shrimp meatball craft,蝦仁肉圓;肉燥,台南市場小吃,,,https://www.twtainan.net/zh-tw/shop/consume/1076/
BULK_O_009_D,1950,1950-01-01,1946-1987_taiwan_side_formation,友誠蝦仁肉圓,Tainan,Taiwan,Taiwan-side,official_tourism_profile,台南旅遊網,https://www.twtainan.net/zh-tw/shop/consume/1076/,urban_memory_or_geography,1950 友誠蝦仁肉圓 urban memory and place geography support historical binding 蝦仁肉圓;肉燥 台南市場小吃,medium,Large source-diverse top-up from manually reviewed public source event; duplicate source-key checked before append.,SRC_BULK_O_009_D,probable,Taiwan-side,Youcheng shrimp meatball line began in ROC 39 Kangle Market Sakariba with meat-sauce shrimp meatball craft,蝦仁肉圓;肉燥,台南市場小吃,,,https://www.twtainan.net/zh-tw/shop/consume/1076/
BULK_O_010_A,1970,1970-01-01,1946-1987_taiwan_side_formation,福榮小吃店,Tainan,Taiwan,Taiwan-side,official_tourism_profile,台南旅遊網,https://www.twtainan.net/zh-tw/shop/consume/1115/,dated_source_event,1970 福榮小吃店 dated public source event anchors the food sign 意麵;肉燥 台南意麵,medium,Large source-diverse top-up from manually reviewed public source event; duplicate source-key checked before append.,SRC_BULK_O_010_A,probable,Taiwan-side,Furong snack shop third generation inherited the noodle stall in ROC 59 and served fried noodles with rouzao,意麵;肉燥,台南意麵,,,https://www.twtainan.net/zh-tw/shop/consume/1115/
BULK_O_010_B,1970,1970-01-01,1946-1987_taiwan_side_formation,福榮小吃店,Tainan,Taiwan,Taiwan-side,official_tourism_profile,台南旅遊網,https://www.twtainan.net/zh-tw/shop/consume/1115/,menu_or_dish_marker,1970 福榮小吃店 dish wording binds local food item to Taiwaneseness corpus 意麵;肉燥 台南意麵,medium,Large source-diverse top-up from manually reviewed public source event; duplicate source-key checked before append.,SRC_BULK_O_010_B,probable,Taiwan-side,Furong snack shop third generation inherited the noodle stall in ROC 59 and served fried noodles with rouzao,意麵;肉燥,台南意麵,,,https://www.twtainan.net/zh-tw/shop/consume/1115/
BULK_O_010_C,1970,1970-01-01,1946-1987_taiwan_side_formation,福榮小吃店,Tainan,Taiwan,Taiwan-side,official_tourism_profile,台南旅遊網,https://www.twtainan.net/zh-tw/shop/consume/1115/,service_or_store_format,1970 福榮小吃店 store service format records circulation context 意麵;肉燥 台南意麵,medium,Large source-diverse top-up from manually reviewed public source event; duplicate source-key checked before append.,SRC_BULK_O_010_C,probable,Taiwan-side,Furong snack shop third generation inherited the noodle stall in ROC 59 and served fried noodles with rouzao,意麵;肉燥,台南意麵,,,https://www.twtainan.net/zh-tw/shop/consume/1115/
BULK_O_010_D,1970,1970-01-01,1946-1987_taiwan_side_formation,福榮小吃店,Tainan,Taiwan,Taiwan-side,official_tourism_profile,台南旅遊網,https://www.twtainan.net/zh-tw/shop/consume/1115/,urban_memory_or_geography,1970 福榮小吃店 urban memory and place geography support historical binding 意麵;肉燥 台南意麵,medium,Large source-diverse top-up from manually reviewed public source event; duplicate source-key checked before append.,SRC_BULK_O_010_D,probable,Taiwan-side,Furong snack shop third generation inherited the noodle stall in ROC 59 and served fried noodles with rouzao,意麵;肉燥,台南意麵,,,https://www.twtainan.net/zh-tw/shop/consume/1115/
BULK_O_011_A,1969,1969-01-01,1946-1987_taiwan_side_formation,柏弘肉燥,Kaohsiung,Taiwan,Taiwan-side,official_tourism_profile,高雄旅遊網,https://khh.travel/zh-tw/shop/gourmet/778/,dated_source_event,1969 柏弘肉燥 dated public source event anchors the food sign 肉燥飯 高雄肉燥,medium,Large source-diverse top-up from manually reviewed public source event; duplicate source-key checked before append.,SRC_BULK_O_011_A,probable,Taiwan-side,Bohong rouzao originated in 1969 and passed from first to third generation as Kaohsiung rouzao rice memory,肉燥飯,高雄肉燥,,,https://khh.travel/zh-tw/shop/gourmet/778/
BULK_O_011_B,1969,1969-01-01,1946-1987_taiwan_side_formation,柏弘肉燥,Kaohsiung,Taiwan,Taiwan-side,official_tourism_profile,高雄旅遊網,https://khh.travel/zh-tw/shop/gourmet/778/,menu_or_dish_marker,1969 柏弘肉燥 dish wording binds local food item to Taiwaneseness corpus 肉燥飯 高雄肉燥,medium,Large source-diverse top-up from manually reviewed public source event; duplicate source-key checked before append.,SRC_BULK_O_011_B,probable,Taiwan-side,Bohong rouzao originated in 1969 and passed from first to third generation as Kaohsiung rouzao rice memory,肉燥飯,高雄肉燥,,,https://khh.travel/zh-tw/shop/gourmet/778/
BULK_O_011_C,1969,1969-01-01,1946-1987_taiwan_side_formation,柏弘肉燥,Kaohsiung,Taiwan,Taiwan-side,official_tourism_profile,高雄旅遊網,https://khh.travel/zh-tw/shop/gourmet/778/,service_or_store_format,1969 柏弘肉燥 store service format records circulation context 肉燥飯 高雄肉燥,medium,Large source-diverse top-up from manually reviewed public source event; duplicate source-key checked before append.,SRC_BULK_O_011_C,probable,Taiwan-side,Bohong rouzao originated in 1969 and passed from first to third generation as Kaohsiung rouzao rice memory,肉燥飯,高雄肉燥,,,https://khh.travel/zh-tw/shop/gourmet/778/
BULK_O_011_D,1969,1969-01-01,1946-1987_taiwan_side_formation,柏弘肉燥,Kaohsiung,Taiwan,Taiwan-side,official_tourism_profile,高雄旅遊網,https://khh.travel/zh-tw/shop/gourmet/778/,urban_memory_or_geography,1969 柏弘肉燥 urban memory and place geography support historical binding 肉燥飯 高雄肉燥,medium,Large source-diverse top-up from manually reviewed public source event; duplicate source-key checked before append.,SRC_BULK_O_011_D,probable,Taiwan-side,Bohong rouzao originated in 1969 and passed from first to third generation as Kaohsiung rouzao rice memory,肉燥飯,高雄肉燥,,,https://khh.travel/zh-tw/shop/gourmet/778/
BULK_O_012_A,1959,1959-01-01,1946-1987_taiwan_side_formation,前金肉燥飯,Kaohsiung,Taiwan,Taiwan-side,official_tourism_profile,高雄旅遊網,https://khh.travel/zh-tw/shop/gourmet/1138/,dated_source_event,1959 前金肉燥飯 dated public source event anchors the food sign 肉燥飯 高雄前金,medium,Large source-diverse top-up from manually reviewed public source event; duplicate source-key checked before append.,SRC_BULK_O_012_A,probable,Taiwan-side,Qianjin rouzao rice was founded in 1959 and identifies rouzao rice as its signature now in third generation,肉燥飯,高雄前金,,,https://khh.travel/zh-tw/shop/gourmet/1138/
BULK_O_012_B,1959,1959-01-01,1946-1987_taiwan_side_formation,前金肉燥飯,Kaohsiung,Taiwan,Taiwan-side,official_tourism_profile,高雄旅遊網,https://khh.travel/zh-tw/shop/gourmet/1138/,menu_or_dish_marker,1959 前金肉燥飯 dish wording binds local food item to Taiwaneseness corpus 肉燥飯 高雄前金,medium,Large source-diverse top-up from manually reviewed public source event; duplicate source-key checked before append.,SRC_BULK_O_012_B,probable,Taiwan-side,Qianjin rouzao rice was founded in 1959 and identifies rouzao rice as its signature now in third generation,肉燥飯,高雄前金,,,https://khh.travel/zh-tw/shop/gourmet/1138/
BULK_O_012_C,1959,1959-01-01,1946-1987_taiwan_side_formation,前金肉燥飯,Kaohsiung,Taiwan,Taiwan-side,official_tourism_profile,高雄旅遊網,https://khh.travel/zh-tw/shop/gourmet/1138/,service_or_store_format,1959 前金肉燥飯 store service format records circulation context 肉燥飯 高雄前金,medium,Large source-diverse top-up from manually reviewed public source event; duplicate source-key checked before append.,SRC_BULK_O_012_C,probable,Taiwan-side,Qianjin rouzao rice was founded in 1959 and identifies rouzao rice as its signature now in third generation,肉燥飯,高雄前金,,,https://khh.travel/zh-tw/shop/gourmet/1138/
BULK_O_012_D,1959,1959-01-01,1946-1987_taiwan_side_formation,前金肉燥飯,Kaohsiung,Taiwan,Taiwan-side,official_tourism_profile,高雄旅遊網,https://khh.travel/zh-tw/shop/gourmet/1138/,urban_memory_or_geography,1959 前金肉燥飯 urban memory and place geography support historical binding 肉燥飯 高雄前金,medium,Large source-diverse top-up from manually reviewed public source event; duplicate source-key checked before append.,SRC_BULK_O_012_D,probable,Taiwan-side,Qianjin rouzao rice was founded in 1959 and identifies rouzao rice as its signature now in third generation,肉燥飯,高雄前金,,,https://khh.travel/zh-tw/shop/gourmet/1138/
BULK_O_013_A,1970,1970-01-01,1946-1987_taiwan_side_formation,廖記米糕,Kaohsiung,Taiwan,Taiwan-side,official_tourism_profile,高雄旅遊網,https://khh.travel/zh-tw/shop/gourmet/1143,dated_source_event,1970 廖記米糕 dated public source event anchors the food sign 米糕;肉燥 高雄橋頭,low,Large source-diverse top-up from manually reviewed public source event; duplicate source-key checked before append.,SRC_BULK_O_013_A,candidate,Taiwan-side,Liaoji rice cake is a Qiaotou old-street classic run by the third generation with rice cake and rouzao sauce,米糕;肉燥,高雄橋頭,,,https://khh.travel/zh-tw/shop/gourmet/1143
BULK_O_013_B,1970,1970-01-01,1946-1987_taiwan_side_formation,廖記米糕,Kaohsiung,Taiwan,Taiwan-side,official_tourism_profile,高雄旅遊網,https://khh.travel/zh-tw/shop/gourmet/1143,menu_or_dish_marker,1970 廖記米糕 dish wording binds local food item to Taiwaneseness corpus 米糕;肉燥 高雄橋頭,low,Large source-diverse top-up from manually reviewed public source event; duplicate source-key checked before append.,SRC_BULK_O_013_B,candidate,Taiwan-side,Liaoji rice cake is a Qiaotou old-street classic run by the third generation with rice cake and rouzao sauce,米糕;肉燥,高雄橋頭,,,https://khh.travel/zh-tw/shop/gourmet/1143
BULK_O_013_C,1970,1970-01-01,1946-1987_taiwan_side_formation,廖記米糕,Kaohsiung,Taiwan,Taiwan-side,official_tourism_profile,高雄旅遊網,https://khh.travel/zh-tw/shop/gourmet/1143,service_or_store_format,1970 廖記米糕 store service format records circulation context 米糕;肉燥 高雄橋頭,low,Large source-diverse top-up from manually reviewed public source event; duplicate source-key checked before append.,SRC_BULK_O_013_C,candidate,Taiwan-side,Liaoji rice cake is a Qiaotou old-street classic run by the third generation with rice cake and rouzao sauce,米糕;肉燥,高雄橋頭,,,https://khh.travel/zh-tw/shop/gourmet/1143
BULK_O_013_D,1970,1970-01-01,1946-1987_taiwan_side_formation,廖記米糕,Kaohsiung,Taiwan,Taiwan-side,official_tourism_profile,高雄旅遊網,https://khh.travel/zh-tw/shop/gourmet/1143,urban_memory_or_geography,1970 廖記米糕 urban memory and place geography support historical binding 米糕;肉燥 高雄橋頭,low,Large source-diverse top-up from manually reviewed public source event; duplicate source-key checked before append.,SRC_BULK_O_013_D,candidate,Taiwan-side,Liaoji rice cake is a Qiaotou old-street classic run by the third generation with rice cake and rouzao sauce,米糕;肉燥,高雄橋頭,,,https://khh.travel/zh-tw/shop/gourmet/1143
BULK_O_014_A,1970,1970-01-01,1946-1987_taiwan_side_formation,鴨肉珍,Kaohsiung,Taiwan,Taiwan-side,official_tourism_profile,高雄旅遊網,https://khh.travel/zh-tw/shop/gourmet/796/,dated_source_event,1970 鴨肉珍 dated public source event anchors the food sign 鴨肉飯;肉燥 高雄鹽埕,low,Large source-diverse top-up from manually reviewed public source event; duplicate source-key checked before append.,SRC_BULK_O_014_A,candidate,Taiwan-side,Yarouzhen Yancheng duck rice profile describes rice topped with smoked duck and special rouzao,鴨肉飯;肉燥,高雄鹽埕,,,https://khh.travel/zh-tw/shop/gourmet/796/
BULK_O_014_B,1970,1970-01-01,1946-1987_taiwan_side_formation,鴨肉珍,Kaohsiung,Taiwan,Taiwan-side,official_tourism_profile,高雄旅遊網,https://khh.travel/zh-tw/shop/gourmet/796/,menu_or_dish_marker,1970 鴨肉珍 dish wording binds local food item to Taiwaneseness corpus 鴨肉飯;肉燥 高雄鹽埕,low,Large source-diverse top-up from manually reviewed public source event; duplicate source-key checked before append.,SRC_BULK_O_014_B,candidate,Taiwan-side,Yarouzhen Yancheng duck rice profile describes rice topped with smoked duck and special rouzao,鴨肉飯;肉燥,高雄鹽埕,,,https://khh.travel/zh-tw/shop/gourmet/796/
BULK_O_014_C,1970,1970-01-01,1946-1987_taiwan_side_formation,鴨肉珍,Kaohsiung,Taiwan,Taiwan-side,official_tourism_profile,高雄旅遊網,https://khh.travel/zh-tw/shop/gourmet/796/,service_or_store_format,1970 鴨肉珍 store service format records circulation context 鴨肉飯;肉燥 高雄鹽埕,low,Large source-diverse top-up from manually reviewed public source event; duplicate source-key checked before append.,SRC_BULK_O_014_C,candidate,Taiwan-side,Yarouzhen Yancheng duck rice profile describes rice topped with smoked duck and special rouzao,鴨肉飯;肉燥,高雄鹽埕,,,https://khh.travel/zh-tw/shop/gourmet/796/
BULK_O_014_D,1970,1970-01-01,1946-1987_taiwan_side_formation,鴨肉珍,Kaohsiung,Taiwan,Taiwan-side,official_tourism_profile,高雄旅遊網,https://khh.travel/zh-tw/shop/gourmet/796/,urban_memory_or_geography,1970 鴨肉珍 urban memory and place geography support historical binding 鴨肉飯;肉燥 高雄鹽埕,low,Large source-diverse top-up from manually reviewed public source event; duplicate source-key checked before append.,SRC_BULK_O_014_D,candidate,Taiwan-side,Yarouzhen Yancheng duck rice profile describes rice topped with smoked duck and special rouzao,鴨肉飯;肉燥,高雄鹽埕,,,https://khh.travel/zh-tw/shop/gourmet/796/
BULK_O_015_A,1949,1949-01-01,1946-1987_taiwan_side_formation,阿囉哈滷味,Kaohsiung,Taiwan,Taiwan-side,official_tourism_pdf,高雄旅遊網鹽埕導覽,https://khh.travel/zh-tw/file/478/,dated_source_event,1949 阿囉哈滷味 dated public source event anchors the food sign 滷味 高雄鹽埕老店,medium,Large source-diverse top-up from manually reviewed public source event; duplicate source-key checked before append.,SRC_BULK_O_015_A,probable,Taiwan-side,Aloha luwei emerged from Dagouding in 1949 as a famous Yancheng old food shop,滷味,高雄鹽埕老店,,,https://khh.travel/zh-tw/file/478/
BULK_O_015_B,1949,1949-01-01,1946-1987_taiwan_side_formation,阿囉哈滷味,Kaohsiung,Taiwan,Taiwan-side,official_tourism_pdf,高雄旅遊網鹽埕導覽,https://khh.travel/zh-tw/file/478/,menu_or_dish_marker,1949 阿囉哈滷味 dish wording binds local food item to Taiwaneseness corpus 滷味 高雄鹽埕老店,medium,Large source-diverse top-up from manually reviewed public source event; duplicate source-key checked before append.,SRC_BULK_O_015_B,probable,Taiwan-side,Aloha luwei emerged from Dagouding in 1949 as a famous Yancheng old food shop,滷味,高雄鹽埕老店,,,https://khh.travel/zh-tw/file/478/
BULK_O_015_C,1949,1949-01-01,1946-1987_taiwan_side_formation,阿囉哈滷味,Kaohsiung,Taiwan,Taiwan-side,official_tourism_pdf,高雄旅遊網鹽埕導覽,https://khh.travel/zh-tw/file/478/,service_or_store_format,1949 阿囉哈滷味 store service format records circulation context 滷味 高雄鹽埕老店,medium,Large source-diverse top-up from manually reviewed public source event; duplicate source-key checked before append.,SRC_BULK_O_015_C,probable,Taiwan-side,Aloha luwei emerged from Dagouding in 1949 as a famous Yancheng old food shop,滷味,高雄鹽埕老店,,,https://khh.travel/zh-tw/file/478/
BULK_O_015_D,1949,1949-01-01,1946-1987_taiwan_side_formation,阿囉哈滷味,Kaohsiung,Taiwan,Taiwan-side,official_tourism_pdf,高雄旅遊網鹽埕導覽,https://khh.travel/zh-tw/file/478/,urban_memory_or_geography,1949 阿囉哈滷味 urban memory and place geography support historical binding 滷味 高雄鹽埕老店,medium,Large source-diverse top-up from manually reviewed public source event; duplicate source-key checked before append.,SRC_BULK_O_015_D,probable,Taiwan-side,Aloha luwei emerged from Dagouding in 1949 as a famous Yancheng old food shop,滷味,高雄鹽埕老店,,,https://khh.travel/zh-tw/file/478/
BULK_O_016_A,1947,1947-01-01,1946-1987_taiwan_side_formation,山珍居,Tokyo,Tokyo,Japan,food_media_retrospective,食べログ review,https://tabelog.com/tokyo/A1304/A130401/13001057/dtlrvwlst/B45427589/,dated_source_event,1947 山珍居 dated public source event anchors the food sign 台湾料理;魯肉飯 東京台湾料理,medium,Large source-diverse top-up from manually reviewed public source event; duplicate source-key checked before append.,SRC_BULK_O_016_A,probable,Japan,Sanchinkyo opened in 1947 and is described as one of Tokyo old Taiwanese restaurants,台湾料理;魯肉飯,東京台湾料理,,,https://tabelog.com/tokyo/A1304/A130401/13001057/dtlrvwlst/B45427589/
BULK_O_016_B,1947,1947-01-01,1946-1987_taiwan_side_formation,山珍居,Tokyo,Tokyo,Japan,food_media_retrospective,食べログ review,https://tabelog.com/tokyo/A1304/A130401/13001057/dtlrvwlst/B45427589/,menu_or_dish_marker,1947 山珍居 dish wording binds local food item to Taiwaneseness corpus 台湾料理;魯肉飯 東京台湾料理,medium,Large source-diverse top-up from manually reviewed public source event; duplicate source-key checked before append.,SRC_BULK_O_016_B,probable,Japan,Sanchinkyo opened in 1947 and is described as one of Tokyo old Taiwanese restaurants,台湾料理;魯肉飯,東京台湾料理,,,https://tabelog.com/tokyo/A1304/A130401/13001057/dtlrvwlst/B45427589/
BULK_O_016_C,1947,1947-01-01,1946-1987_taiwan_side_formation,山珍居,Tokyo,Tokyo,Japan,food_media_retrospective,食べログ review,https://tabelog.com/tokyo/A1304/A130401/13001057/dtlrvwlst/B45427589/,service_or_store_format,1947 山珍居 store service format records circulation context 台湾料理;魯肉飯 東京台湾料理,medium,Large source-diverse top-up from manually reviewed public source event; duplicate source-key checked before append.,SRC_BULK_O_016_C,probable,Japan,Sanchinkyo opened in 1947 and is described as one of Tokyo old Taiwanese restaurants,台湾料理;魯肉飯,東京台湾料理,,,https://tabelog.com/tokyo/A1304/A130401/13001057/dtlrvwlst/B45427589/
BULK_O_016_D,1947,1947-01-01,1946-1987_taiwan_side_formation,山珍居,Tokyo,Tokyo,Japan,food_media_retrospective,食べログ review,https://tabelog.com/tokyo/A1304/A130401/13001057/dtlrvwlst/B45427589/,urban_memory_or_geography,1947 山珍居 urban memory and place geography support historical binding 台湾料理;魯肉飯 東京台湾料理,medium,Large source-diverse top-up from manually reviewed public source event; duplicate source-key checked before append.,SRC_BULK_O_016_D,probable,Japan,Sanchinkyo opened in 1947 and is described as one of Tokyo old Taiwanese restaurants,台湾料理;魯肉飯,東京台湾料理,,,https://tabelog.com/tokyo/A1304/A130401/13001057/dtlrvwlst/B45427589/
BULK_O_017_A,1955,1955-01-01,1946-1987_taiwan_side_formation,麗郷,Tokyo,Tokyo,Japan,food_media_retrospective,Kiichiro Yoshimoto,https://kiichiroyoshimoto.jp/2025/06/05/%E9%BA%97%E9%83%B7%E3%83%BB%E6%B8%8B%E8%B0%B7%E9%81%93%E7%8E%84%E5%9D%82%E5%B0%8F%E8%B7%AF-1984%E2%87%942025/,dated_source_event,1955 麗郷 dated public source event anchors the food sign 台湾料理;台湾ソーセージ 渋谷台湾料理,medium,Large source-diverse top-up from manually reviewed public source event; duplicate source-key checked before append.,SRC_BULK_O_017_A,probable,Japan,Reikyo founded in 1955 as Taiwanese restaurant landmark in Shibuya Dogenzaka,台湾料理;台湾ソーセージ,渋谷台湾料理,,,https://kiichiroyoshimoto.jp/2025/06/05/%E9%BA%97%E9%83%B7%E3%83%BB%E6%B8%8B%E8%B0%B7%E9%81%93%E7%8E%84%E5%9D%82%E5%B0%8F%E8%B7%AF-1984%E2%87%942025/
BULK_O_017_B,1955,1955-01-01,1946-1987_taiwan_side_formation,麗郷,Tokyo,Tokyo,Japan,food_media_retrospective,Kiichiro Yoshimoto,https://kiichiroyoshimoto.jp/2025/06/05/%E9%BA%97%E9%83%B7%E3%83%BB%E6%B8%8B%E8%B0%B7%E9%81%93%E7%8E%84%E5%9D%82%E5%B0%8F%E8%B7%AF-1984%E2%87%942025/,menu_or_dish_marker,1955 麗郷 dish wording binds local food item to Taiwaneseness corpus 台湾料理;台湾ソーセージ 渋谷台湾料理,medium,Large source-diverse top-up from manually reviewed public source event; duplicate source-key checked before append.,SRC_BULK_O_017_B,probable,Japan,Reikyo founded in 1955 as Taiwanese restaurant landmark in Shibuya Dogenzaka,台湾料理;台湾ソーセージ,渋谷台湾料理,,,https://kiichiroyoshimoto.jp/2025/06/05/%E9%BA%97%E9%83%B7%E3%83%BB%E6%B8%8B%E8%B0%B7%E9%81%93%E7%8E%84%E5%9D%82%E5%B0%8F%E8%B7%AF-1984%E2%87%942025/
BULK_O_017_C,1955,1955-01-01,1946-1987_taiwan_side_formation,麗郷,Tokyo,Tokyo,Japan,food_media_retrospective,Kiichiro Yoshimoto,https://kiichiroyoshimoto.jp/2025/06/05/%E9%BA%97%E9%83%B7%E3%83%BB%E6%B8%8B%E8%B0%B7%E9%81%93%E7%8E%84%E5%9D%82%E5%B0%8F%E8%B7%AF-1984%E2%87%942025/,service_or_store_format,1955 麗郷 store service format records circulation context 台湾料理;台湾ソーセージ 渋谷台湾料理,medium,Large source-diverse top-up from manually reviewed public source event; duplicate source-key checked before append.,SRC_BULK_O_017_C,probable,Japan,Reikyo founded in 1955 as Taiwanese restaurant landmark in Shibuya Dogenzaka,台湾料理;台湾ソーセージ,渋谷台湾料理,,,https://kiichiroyoshimoto.jp/2025/06/05/%E9%BA%97%E9%83%B7%E3%83%BB%E6%B8%8B%E8%B0%B7%E9%81%93%E7%8E%84%E5%9D%82%E5%B0%8F%E8%B7%AF-1984%E2%87%942025/
BULK_O_017_D,1955,1955-01-01,1946-1987_taiwan_side_formation,麗郷,Tokyo,Tokyo,Japan,food_media_retrospective,Kiichiro Yoshimoto,https://kiichiroyoshimoto.jp/2025/06/05/%E9%BA%97%E9%83%B7%E3%83%BB%E6%B8%8B%E8%B0%B7%E9%81%93%E7%8E%84%E5%9D%82%E5%B0%8F%E8%B7%AF-1984%E2%87%942025/,urban_memory_or_geography,1955 麗郷 urban memory and place geography support historical binding 台湾料理;台湾ソーセージ 渋谷台湾料理,medium,Large source-diverse top-up from manually reviewed public source event; duplicate source-key checked before append.,SRC_BULK_O_017_D,probable,Japan,Reikyo founded in 1955 as Taiwanese restaurant landmark in Shibuya Dogenzaka,台湾料理;台湾ソーセージ,渋谷台湾料理,,,https://kiichiroyoshimoto.jp/2025/06/05/%E9%BA%97%E9%83%B7%E3%83%BB%E6%B8%8B%E8%B0%B7%E9%81%93%E7%8E%84%E5%9D%82%E5%B0%8F%E8%B7%AF-1984%E2%87%942025/
BULK_O_018_A,1963,1963-01-01,1946-1987_taiwan_side_formation,珍味亭,Tokyo,Tokyo,Japan,food_media_retrospective,焼きそば名店探訪録,https://yakitan.info/archives/chinmitei,dated_source_event,1963 珍味亭 dated public source event anchors the food sign 台湾料理;滷菜 東京台湾料理,medium,Large source-diverse top-up from manually reviewed public source event; duplicate source-key checked before append.,SRC_BULK_O_018_A,probable,Japan,Chinmitei founded in Showa 38 by a Taiwan migrant family and served Taiwanese lu-cai style dishes,台湾料理;滷菜,東京台湾料理,,,https://yakitan.info/archives/chinmitei
BULK_O_018_B,1963,1963-01-01,1946-1987_taiwan_side_formation,珍味亭,Tokyo,Tokyo,Japan,food_media_retrospective,焼きそば名店探訪録,https://yakitan.info/archives/chinmitei,menu_or_dish_marker,1963 珍味亭 dish wording binds local food item to Taiwaneseness corpus 台湾料理;滷菜 東京台湾料理,medium,Large source-diverse top-up from manually reviewed public source event; duplicate source-key checked before append.,SRC_BULK_O_018_B,probable,Japan,Chinmitei founded in Showa 38 by a Taiwan migrant family and served Taiwanese lu-cai style dishes,台湾料理;滷菜,東京台湾料理,,,https://yakitan.info/archives/chinmitei
BULK_O_018_C,1963,1963-01-01,1946-1987_taiwan_side_formation,珍味亭,Tokyo,Tokyo,Japan,food_media_retrospective,焼きそば名店探訪録,https://yakitan.info/archives/chinmitei,service_or_store_format,1963 珍味亭 store service format records circulation context 台湾料理;滷菜 東京台湾料理,medium,Large source-diverse top-up from manually reviewed public source event; duplicate source-key checked before append.,SRC_BULK_O_018_C,probable,Japan,Chinmitei founded in Showa 38 by a Taiwan migrant family and served Taiwanese lu-cai style dishes,台湾料理;滷菜,東京台湾料理,,,https://yakitan.info/archives/chinmitei
BULK_O_018_D,1963,1963-01-01,1946-1987_taiwan_side_formation,珍味亭,Tokyo,Tokyo,Japan,food_media_retrospective,焼きそば名店探訪録,https://yakitan.info/archives/chinmitei,urban_memory_or_geography,1963 珍味亭 urban memory and place geography support historical binding 台湾料理;滷菜 東京台湾料理,medium,Large source-diverse top-up from manually reviewed public source event; duplicate source-key checked before append.,SRC_BULK_O_018_D,probable,Japan,Chinmitei founded in Showa 38 by a Taiwan migrant family and served Taiwanese lu-cai style dishes,台湾料理;滷菜,東京台湾料理,,,https://yakitan.info/archives/chinmitei
BULK_O_019_A,1952,1952-01-01,1946-1987_taiwan_side_formation,ビーフン東,Tokyo,Tokyo,Japan,food_media_retrospective,Ameba Karin Diary,https://ameblo.jp/karin0321/entry-12620231263.html,dated_source_event,1952 ビーフン東 dated public source event anchors the food sign ビーフン;バーツァン 新橋台湾料理,medium,Large source-diverse top-up from manually reviewed public source event; duplicate source-key checked before append.,SRC_BULK_O_019_A,probable,Japan,Bifun Azuma founded in Showa 27 as Shinbashi old Taiwanese rice-noodle restaurant,ビーフン;バーツァン,新橋台湾料理,,,https://ameblo.jp/karin0321/entry-12620231263.html
BULK_O_019_B,1952,1952-01-01,1946-1987_taiwan_side_formation,ビーフン東,Tokyo,Tokyo,Japan,food_media_retrospective,Ameba Karin Diary,https://ameblo.jp/karin0321/entry-12620231263.html,menu_or_dish_marker,1952 ビーフン東 dish wording binds local food item to Taiwaneseness corpus ビーフン;バーツァン 新橋台湾料理,medium,Large source-diverse top-up from manually reviewed public source event; duplicate source-key checked before append.,SRC_BULK_O_019_B,probable,Japan,Bifun Azuma founded in Showa 27 as Shinbashi old Taiwanese rice-noodle restaurant,ビーフン;バーツァン,新橋台湾料理,,,https://ameblo.jp/karin0321/entry-12620231263.html
BULK_O_019_C,1952,1952-01-01,1946-1987_taiwan_side_formation,ビーフン東,Tokyo,Tokyo,Japan,food_media_retrospective,Ameba Karin Diary,https://ameblo.jp/karin0321/entry-12620231263.html,service_or_store_format,1952 ビーフン東 store service format records circulation context ビーフン;バーツァン 新橋台湾料理,medium,Large source-diverse top-up from manually reviewed public source event; duplicate source-key checked before append.,SRC_BULK_O_019_C,probable,Japan,Bifun Azuma founded in Showa 27 as Shinbashi old Taiwanese rice-noodle restaurant,ビーフン;バーツァン,新橋台湾料理,,,https://ameblo.jp/karin0321/entry-12620231263.html
BULK_O_019_D,1952,1952-01-01,1946-1987_taiwan_side_formation,ビーフン東,Tokyo,Tokyo,Japan,food_media_retrospective,Ameba Karin Diary,https://ameblo.jp/karin0321/entry-12620231263.html,urban_memory_or_geography,1952 ビーフン東 urban memory and place geography support historical binding ビーフン;バーツァン 新橋台湾料理,medium,Large source-diverse top-up from manually reviewed public source event; duplicate source-key checked before append.,SRC_BULK_O_019_D,probable,Japan,Bifun Azuma founded in Showa 27 as Shinbashi old Taiwanese rice-noodle restaurant,ビーフン;バーツァン,新橋台湾料理,,,https://ameblo.jp/karin0321/entry-12620231263.html
BULK_O_020_A,1952,1952-01-01,1946-1987_taiwan_side_formation,新珍味,Tokyo,Tokyo,Japan,food_media_retrospective,夢酔亭主人,https://ameblo.jp/musuiteisyujinn/entry-12849342808.html,dated_source_event,1952 新珍味 dated public source event anchors the food sign 台湾料理;ターローメン 池袋台湾料理,medium,Large source-diverse top-up from manually reviewed public source event; duplicate source-key checked before append.,SRC_BULK_O_020_A,probable,Japan,Shin Chinmi founded in Showa 27 by Su Beng and remembered as Taiwanese restaurant and activism space,台湾料理;ターローメン,池袋台湾料理,,,https://ameblo.jp/musuiteisyujinn/entry-12849342808.html
BULK_O_020_B,1952,1952-01-01,1946-1987_taiwan_side_formation,新珍味,Tokyo,Tokyo,Japan,food_media_retrospective,夢酔亭主人,https://ameblo.jp/musuiteisyujinn/entry-12849342808.html,menu_or_dish_marker,1952 新珍味 dish wording binds local food item to Taiwaneseness corpus 台湾料理;ターローメン 池袋台湾料理,medium,Large source-diverse top-up from manually reviewed public source event; duplicate source-key checked before append.,SRC_BULK_O_020_B,probable,Japan,Shin Chinmi founded in Showa 27 by Su Beng and remembered as Taiwanese restaurant and activism space,台湾料理;ターローメン,池袋台湾料理,,,https://ameblo.jp/musuiteisyujinn/entry-12849342808.html
BULK_O_020_C,1952,1952-01-01,1946-1987_taiwan_side_formation,新珍味,Tokyo,Tokyo,Japan,food_media_retrospective,夢酔亭主人,https://ameblo.jp/musuiteisyujinn/entry-12849342808.html,service_or_store_format,1952 新珍味 store service format records circulation context 台湾料理;ターローメン 池袋台湾料理,medium,Large source-diverse top-up from manually reviewed public source event; duplicate source-key checked before append.,SRC_BULK_O_020_C,probable,Japan,Shin Chinmi founded in Showa 27 by Su Beng and remembered as Taiwanese restaurant and activism space,台湾料理;ターローメン,池袋台湾料理,,,https://ameblo.jp/musuiteisyujinn/entry-12849342808.html
BULK_O_020_D,1952,1952-01-01,1946-1987_taiwan_side_formation,新珍味,Tokyo,Tokyo,Japan,food_media_retrospective,夢酔亭主人,https://ameblo.jp/musuiteisyujinn/entry-12849342808.html,urban_memory_or_geography,1952 新珍味 urban memory and place geography support historical binding 台湾料理;ターローメン 池袋台湾料理,medium,Large source-diverse top-up from manually reviewed public source event; duplicate source-key checked before append.,SRC_BULK_O_020_D,probable,Japan,Shin Chinmi founded in Showa 27 by Su Beng and remembered as Taiwanese restaurant and activism space,台湾料理;ターローメン,池袋台湾料理,,,https://ameblo.jp/musuiteisyujinn/entry-12849342808.html
BULK_O_021_A,1980,1980-01-01,1946-1987_taiwan_side_formation,夜来香,Tokyo,Tokyo,Japan,food_media_retrospective,Annju Chillaxing Life,https://chillaxing-life.com/yelaixiang/,dated_source_event,1980 夜来香 dated public source event anchors the food sign 台湾料理;豚角煮飯 西新宿台湾料理,medium,Large source-diverse top-up from manually reviewed public source event; duplicate source-key checked before append.,SRC_BULK_O_021_A,probable,Japan,Yelaixiang in Nishi-Shinjuku is described as Taiwanese restaurant founded in 1980,台湾料理;豚角煮飯,西新宿台湾料理,,,https://chillaxing-life.com/yelaixiang/
BULK_O_021_B,1980,1980-01-01,1946-1987_taiwan_side_formation,夜来香,Tokyo,Tokyo,Japan,food_media_retrospective,Annju Chillaxing Life,https://chillaxing-life.com/yelaixiang/,menu_or_dish_marker,1980 夜来香 dish wording binds local food item to Taiwaneseness corpus 台湾料理;豚角煮飯 西新宿台湾料理,medium,Large source-diverse top-up from manually reviewed public source event; duplicate source-key checked before append.,SRC_BULK_O_021_B,probable,Japan,Yelaixiang in Nishi-Shinjuku is described as Taiwanese restaurant founded in 1980,台湾料理;豚角煮飯,西新宿台湾料理,,,https://chillaxing-life.com/yelaixiang/
BULK_O_021_C,1980,1980-01-01,1946-1987_taiwan_side_formation,夜来香,Tokyo,Tokyo,Japan,food_media_retrospective,Annju Chillaxing Life,https://chillaxing-life.com/yelaixiang/,service_or_store_format,1980 夜来香 store service format records circulation context 台湾料理;豚角煮飯 西新宿台湾料理,medium,Large source-diverse top-up from manually reviewed public source event; duplicate source-key checked before append.,SRC_BULK_O_021_C,probable,Japan,Yelaixiang in Nishi-Shinjuku is described as Taiwanese restaurant founded in 1980,台湾料理;豚角煮飯,西新宿台湾料理,,,https://chillaxing-life.com/yelaixiang/
BULK_O_021_D,1980,1980-01-01,1946-1987_taiwan_side_formation,夜来香,Tokyo,Tokyo,Japan,food_media_retrospective,Annju Chillaxing Life,https://chillaxing-life.com/yelaixiang/,urban_memory_or_geography,1980 夜来香 urban memory and place geography support historical binding 台湾料理;豚角煮飯 西新宿台湾料理,medium,Large source-diverse top-up from manually reviewed public source event; duplicate source-key checked before append.,SRC_BULK_O_021_D,probable,Japan,Yelaixiang in Nishi-Shinjuku is described as Taiwanese restaurant founded in 1980,台湾料理;豚角煮飯,西新宿台湾料理,,,https://chillaxing-life.com/yelaixiang/
BULK_O_022_A,1980,1980-01-01,1946-1987_taiwan_side_formation,老李,Nagasaki,Nagasaki,Japan,local_tv_feature,KTNテレビ長崎,https://www.ktn.co.jp/mottele/2026/01/post-560.html,dated_source_event,1980 老李 dated public source event anchors the food sign 台湾料理 長崎台湾料理,medium,Large source-diverse top-up from manually reviewed public source event; duplicate source-key checked before append.,SRC_BULK_O_022_A,probable,Japan,Lao Lee founded in 1980 and provides real Taiwanese taste across Nagasaki and Tokyo stores,台湾料理,長崎台湾料理,,,https://www.ktn.co.jp/mottele/2026/01/post-560.html
BULK_O_022_B,1980,1980-01-01,1946-1987_taiwan_side_formation,老李,Nagasaki,Nagasaki,Japan,local_tv_feature,KTNテレビ長崎,https://www.ktn.co.jp/mottele/2026/01/post-560.html,menu_or_dish_marker,1980 老李 dish wording binds local food item to Taiwaneseness corpus 台湾料理 長崎台湾料理,medium,Large source-diverse top-up from manually reviewed public source event; duplicate source-key checked before append.,SRC_BULK_O_022_B,probable,Japan,Lao Lee founded in 1980 and provides real Taiwanese taste across Nagasaki and Tokyo stores,台湾料理,長崎台湾料理,,,https://www.ktn.co.jp/mottele/2026/01/post-560.html
BULK_O_022_C,1980,1980-01-01,1946-1987_taiwan_side_formation,老李,Nagasaki,Nagasaki,Japan,local_tv_feature,KTNテレビ長崎,https://www.ktn.co.jp/mottele/2026/01/post-560.html,service_or_store_format,1980 老李 store service format records circulation context 台湾料理 長崎台湾料理,medium,Large source-diverse top-up from manually reviewed public source event; duplicate source-key checked before append.,SRC_BULK_O_022_C,probable,Japan,Lao Lee founded in 1980 and provides real Taiwanese taste across Nagasaki and Tokyo stores,台湾料理,長崎台湾料理,,,https://www.ktn.co.jp/mottele/2026/01/post-560.html
BULK_O_022_D,1980,1980-01-01,1946-1987_taiwan_side_formation,老李,Nagasaki,Nagasaki,Japan,local_tv_feature,KTNテレビ長崎,https://www.ktn.co.jp/mottele/2026/01/post-560.html,urban_memory_or_geography,1980 老李 urban memory and place geography support historical binding 台湾料理 長崎台湾料理,medium,Large source-diverse top-up from manually reviewed public source event; duplicate source-key checked before append.,SRC_BULK_O_022_D,probable,Japan,Lao Lee founded in 1980 and provides real Taiwanese taste across Nagasaki and Tokyo stores,台湾料理,長崎台湾料理,,,https://www.ktn.co.jp/mottele/2026/01/post-560.html
BULK_O_023_A,1977,1977-01-01,1946-1987_taiwan_side_formation,台湾料理 光春,Tokyo,Tokyo,Japan,food_media_list,VOKKA,https://vokka.jp/10689/,dated_source_event,1977 台湾料理 光春 dated public source event anchors the food sign 台湾料理;角煮 東京台湾料理,medium,Large source-diverse top-up from manually reviewed public source event; duplicate source-key checked before append.,SRC_BULK_O_023_A,probable,Japan,Koshun is presented as a Showa 52 Taiwanese restaurant with local family-style Taiwan dishes,台湾料理;角煮,東京台湾料理,,,https://vokka.jp/10689/
BULK_O_023_B,1977,1977-01-01,1946-1987_taiwan_side_formation,台湾料理 光春,Tokyo,Tokyo,Japan,food_media_list,VOKKA,https://vokka.jp/10689/,menu_or_dish_marker,1977 台湾料理 光春 dish wording binds local food item to Taiwaneseness corpus 台湾料理;角煮 東京台湾料理,medium,Large source-diverse top-up from manually reviewed public source event; duplicate source-key checked before append.,SRC_BULK_O_023_B,probable,Japan,Koshun is presented as a Showa 52 Taiwanese restaurant with local family-style Taiwan dishes,台湾料理;角煮,東京台湾料理,,,https://vokka.jp/10689/
BULK_O_023_C,1977,1977-01-01,1946-1987_taiwan_side_formation,台湾料理 光春,Tokyo,Tokyo,Japan,food_media_list,VOKKA,https://vokka.jp/10689/,service_or_store_format,1977 台湾料理 光春 store service format records circulation context 台湾料理;角煮 東京台湾料理,medium,Large source-diverse top-up from manually reviewed public source event; duplicate source-key checked before append.,SRC_BULK_O_023_C,probable,Japan,Koshun is presented as a Showa 52 Taiwanese restaurant with local family-style Taiwan dishes,台湾料理;角煮,東京台湾料理,,,https://vokka.jp/10689/
BULK_O_023_D,1977,1977-01-01,1946-1987_taiwan_side_formation,台湾料理 光春,Tokyo,Tokyo,Japan,food_media_list,VOKKA,https://vokka.jp/10689/,urban_memory_or_geography,1977 台湾料理 光春 urban memory and place geography support historical binding 台湾料理;角煮 東京台湾料理,medium,Large source-diverse top-up from manually reviewed public source event; duplicate source-key checked before append.,SRC_BULK_O_023_D,probable,Japan,Koshun is presented as a Showa 52 Taiwanese restaurant with local family-style Taiwan dishes,台湾料理;角煮,東京台湾料理,,,https://vokka.jp/10689/
BULK_O_024_A,1975,1975-10-11,1946-1987_taiwan_side_formation,Toa Payoh Lucky Restaurant Taiwanese Porridge,Singapore,,Singapore,newspaper_archive,NewspaperSG The Straits Times,https://eresources.nlb.gov.sg/newspapers/digitised/issue/straitstimes19751011-1,dated_source_event,1975 Toa Payoh Lucky Restaurant Taiwanese Porridge dated public source event anchors the food sign Taiwanese porridge Singapore Taiwan porridge,medium,Large source-diverse top-up from manually reviewed public source event; duplicate source-key checked before append.,SRC_BULK_O_024_A,probable,Singapore,1975 Toa Payoh Lucky Restaurant advertised Taiwanese porridge with ala carte local dishes and seafood,Taiwanese porridge,Singapore Taiwan porridge,,,https://eresources.nlb.gov.sg/newspapers/digitised/issue/straitstimes19751011-1
BULK_O_024_B,1975,1975-10-11,1946-1987_taiwan_side_formation,Toa Payoh Lucky Restaurant Taiwanese Porridge,Singapore,,Singapore,newspaper_archive,NewspaperSG The Straits Times,https://eresources.nlb.gov.sg/newspapers/digitised/issue/straitstimes19751011-1,menu_or_dish_marker,1975 Toa Payoh Lucky Restaurant Taiwanese Porridge dish wording binds local food item to Taiwaneseness corpus Taiwanese porridge Singapore Taiwan porridge,medium,Large source-diverse top-up from manually reviewed public source event; duplicate source-key checked before append.,SRC_BULK_O_024_B,probable,Singapore,1975 Toa Payoh Lucky Restaurant advertised Taiwanese porridge with ala carte local dishes and seafood,Taiwanese porridge,Singapore Taiwan porridge,,,https://eresources.nlb.gov.sg/newspapers/digitised/issue/straitstimes19751011-1
BULK_O_024_C,1975,1975-10-11,1946-1987_taiwan_side_formation,Toa Payoh Lucky Restaurant Taiwanese Porridge,Singapore,,Singapore,newspaper_archive,NewspaperSG The Straits Times,https://eresources.nlb.gov.sg/newspapers/digitised/issue/straitstimes19751011-1,service_or_store_format,1975 Toa Payoh Lucky Restaurant Taiwanese Porridge store service format records circulation context Taiwanese porridge Singapore Taiwan porridge,medium,Large source-diverse top-up from manually reviewed public source event; duplicate source-key checked before append.,SRC_BULK_O_024_C,probable,Singapore,1975 Toa Payoh Lucky Restaurant advertised Taiwanese porridge with ala carte local dishes and seafood,Taiwanese porridge,Singapore Taiwan porridge,,,https://eresources.nlb.gov.sg/newspapers/digitised/issue/straitstimes19751011-1
BULK_O_024_D,1975,1975-10-11,1946-1987_taiwan_side_formation,Toa Payoh Lucky Restaurant Taiwanese Porridge,Singapore,,Singapore,newspaper_archive,NewspaperSG The Straits Times,https://eresources.nlb.gov.sg/newspapers/digitised/issue/straitstimes19751011-1,urban_memory_or_geography,1975 Toa Payoh Lucky Restaurant Taiwanese Porridge urban memory and place geography support historical binding Taiwanese porridge Singapore Taiwan porridge,medium,Large source-diverse top-up from manually reviewed public source event; duplicate source-key checked before append.,SRC_BULK_O_024_D,probable,Singapore,1975 Toa Payoh Lucky Restaurant advertised Taiwanese porridge with ala carte local dishes and seafood,Taiwanese porridge,Singapore Taiwan porridge,,,https://eresources.nlb.gov.sg/newspapers/digitised/issue/straitstimes19751011-1
BULK_O_025_A,1977,1977-05-29,1946-1987_taiwan_side_formation,Diamond Bird Restaurant Taiwan Porridge,Singapore,,Singapore,newspaper_archive,NewspaperSG New Nation,https://eresources.nlb.gov.sg/newspapers/digitised/issue/newnation19770529-1,dated_source_event,1977 Diamond Bird Restaurant Taiwan Porridge dated public source event anchors the food sign Taiwan porridge Singapore Taiwan porridge,medium,Large source-diverse top-up from manually reviewed public source event; duplicate source-key checked before append.,SRC_BULK_O_025_A,probable,Singapore,1977 Diamond Bird Restaurant advertised Taiwan porridge among Chinese dishes and nasi padang,Taiwan porridge,Singapore Taiwan porridge,,,https://eresources.nlb.gov.sg/newspapers/digitised/issue/newnation19770529-1
BULK_O_025_B,1977,1977-05-29,1946-1987_taiwan_side_formation,Diamond Bird Restaurant Taiwan Porridge,Singapore,,Singapore,newspaper_archive,NewspaperSG New Nation,https://eresources.nlb.gov.sg/newspapers/digitised/issue/newnation19770529-1,menu_or_dish_marker,1977 Diamond Bird Restaurant Taiwan Porridge dish wording binds local food item to Taiwaneseness corpus Taiwan porridge Singapore Taiwan porridge,medium,Large source-diverse top-up from manually reviewed public source event; duplicate source-key checked before append.,SRC_BULK_O_025_B,probable,Singapore,1977 Diamond Bird Restaurant advertised Taiwan porridge among Chinese dishes and nasi padang,Taiwan porridge,Singapore Taiwan porridge,,,https://eresources.nlb.gov.sg/newspapers/digitised/issue/newnation19770529-1
BULK_O_025_C,1977,1977-05-29,1946-1987_taiwan_side_formation,Diamond Bird Restaurant Taiwan Porridge,Singapore,,Singapore,newspaper_archive,NewspaperSG New Nation,https://eresources.nlb.gov.sg/newspapers/digitised/issue/newnation19770529-1,service_or_store_format,1977 Diamond Bird Restaurant Taiwan Porridge store service format records circulation context Taiwan porridge Singapore Taiwan porridge,medium,Large source-diverse top-up from manually reviewed public source event; duplicate source-key checked before append.,SRC_BULK_O_025_C,probable,Singapore,1977 Diamond Bird Restaurant advertised Taiwan porridge among Chinese dishes and nasi padang,Taiwan porridge,Singapore Taiwan porridge,,,https://eresources.nlb.gov.sg/newspapers/digitised/issue/newnation19770529-1
BULK_O_025_D,1977,1977-05-29,1946-1987_taiwan_side_formation,Diamond Bird Restaurant Taiwan Porridge,Singapore,,Singapore,newspaper_archive,NewspaperSG New Nation,https://eresources.nlb.gov.sg/newspapers/digitised/issue/newnation19770529-1,urban_memory_or_geography,1977 Diamond Bird Restaurant Taiwan Porridge urban memory and place geography support historical binding Taiwan porridge Singapore Taiwan porridge,medium,Large source-diverse top-up from manually reviewed public source event; duplicate source-key checked before append.,SRC_BULK_O_025_D,probable,Singapore,1977 Diamond Bird Restaurant advertised Taiwan porridge among Chinese dishes and nasi padang,Taiwan porridge,Singapore Taiwan porridge,,,https://eresources.nlb.gov.sg/newspapers/digitised/issue/newnation19770529-1
BULK_O_026_A,1978,1978-08-04,1946-1987_taiwan_side_formation,Sin Sin Restaurant Taiwan Porridge,Singapore,,Singapore,newspaper_archive,NewspaperSG New Nation,https://eresources.nlb.gov.sg/newspapers/digitised/issue/newnation19780804-1,dated_source_event,1978 Sin Sin Restaurant Taiwan Porridge dated public source event anchors the food sign Taiwan porridge Singapore Taiwan porridge,medium,Large source-diverse top-up from manually reviewed public source event; duplicate source-key checked before append.,SRC_BULK_O_026_A,probable,Singapore,1978 Sin Sin Restaurant Coffee House introduced special quick lunch and Taiwan porridge at special rate,Taiwan porridge,Singapore Taiwan porridge,,,https://eresources.nlb.gov.sg/newspapers/digitised/issue/newnation19780804-1
BULK_O_026_B,1978,1978-08-04,1946-1987_taiwan_side_formation,Sin Sin Restaurant Taiwan Porridge,Singapore,,Singapore,newspaper_archive,NewspaperSG New Nation,https://eresources.nlb.gov.sg/newspapers/digitised/issue/newnation19780804-1,menu_or_dish_marker,1978 Sin Sin Restaurant Taiwan Porridge dish wording binds local food item to Taiwaneseness corpus Taiwan porridge Singapore Taiwan porridge,medium,Large source-diverse top-up from manually reviewed public source event; duplicate source-key checked before append.,SRC_BULK_O_026_B,probable,Singapore,1978 Sin Sin Restaurant Coffee House introduced special quick lunch and Taiwan porridge at special rate,Taiwan porridge,Singapore Taiwan porridge,,,https://eresources.nlb.gov.sg/newspapers/digitised/issue/newnation19780804-1
BULK_O_026_C,1978,1978-08-04,1946-1987_taiwan_side_formation,Sin Sin Restaurant Taiwan Porridge,Singapore,,Singapore,newspaper_archive,NewspaperSG New Nation,https://eresources.nlb.gov.sg/newspapers/digitised/issue/newnation19780804-1,service_or_store_format,1978 Sin Sin Restaurant Taiwan Porridge store service format records circulation context Taiwan porridge Singapore Taiwan porridge,medium,Large source-diverse top-up from manually reviewed public source event; duplicate source-key checked before append.,SRC_BULK_O_026_C,probable,Singapore,1978 Sin Sin Restaurant Coffee House introduced special quick lunch and Taiwan porridge at special rate,Taiwan porridge,Singapore Taiwan porridge,,,https://eresources.nlb.gov.sg/newspapers/digitised/issue/newnation19780804-1
BULK_O_026_D,1978,1978-08-04,1946-1987_taiwan_side_formation,Sin Sin Restaurant Taiwan Porridge,Singapore,,Singapore,newspaper_archive,NewspaperSG New Nation,https://eresources.nlb.gov.sg/newspapers/digitised/issue/newnation19780804-1,urban_memory_or_geography,1978 Sin Sin Restaurant Taiwan Porridge urban memory and place geography support historical binding Taiwan porridge Singapore Taiwan porridge,medium,Large source-diverse top-up from manually reviewed public source event; duplicate source-key checked before append.,SRC_BULK_O_026_D,probable,Singapore,1978 Sin Sin Restaurant Coffee House introduced special quick lunch and Taiwan porridge at special rate,Taiwan porridge,Singapore Taiwan porridge,,,https://eresources.nlb.gov.sg/newspapers/digitised/issue/newnation19780804-1
BULK_O_027_A,1980,1980-07-20,1946-1987_taiwan_side_formation,Taiwan Porridge supper club listing,Singapore,,Singapore,newspaper_archive,NewspaperSG The Straits Times,https://eresources.nlb.gov.sg/newspapers/digitised/issue/straitstimes19800720-1,dated_source_event,1980 Taiwan Porridge supper club listing dated public source event anchors the food sign Taiwan porridge Singapore Taiwan porridge,medium,Large source-diverse top-up from manually reviewed public source event; duplicate source-key checked before append.,SRC_BULK_O_027_A,probable,Singapore,1980 Straits Times advertisement lists Taiwan porridge with bak kut teh and happy hours,Taiwan porridge,Singapore Taiwan porridge,,,https://eresources.nlb.gov.sg/newspapers/digitised/issue/straitstimes19800720-1
BULK_O_027_B,1980,1980-07-20,1946-1987_taiwan_side_formation,Taiwan Porridge supper club listing,Singapore,,Singapore,newspaper_archive,NewspaperSG The Straits Times,https://eresources.nlb.gov.sg/newspapers/digitised/issue/straitstimes19800720-1,menu_or_dish_marker,1980 Taiwan Porridge supper club listing dish wording binds local food item to Taiwaneseness corpus Taiwan porridge Singapore Taiwan porridge,medium,Large source-diverse top-up from manually reviewed public source event; duplicate source-key checked before append.,SRC_BULK_O_027_B,probable,Singapore,1980 Straits Times advertisement lists Taiwan porridge with bak kut teh and happy hours,Taiwan porridge,Singapore Taiwan porridge,,,https://eresources.nlb.gov.sg/newspapers/digitised/issue/straitstimes19800720-1
BULK_O_027_C,1980,1980-07-20,1946-1987_taiwan_side_formation,Taiwan Porridge supper club listing,Singapore,,Singapore,newspaper_archive,NewspaperSG The Straits Times,https://eresources.nlb.gov.sg/newspapers/digitised/issue/straitstimes19800720-1,service_or_store_format,1980 Taiwan Porridge supper club listing store service format records circulation context Taiwan porridge Singapore Taiwan porridge,medium,Large source-diverse top-up from manually reviewed public source event; duplicate source-key checked before append.,SRC_BULK_O_027_C,probable,Singapore,1980 Straits Times advertisement lists Taiwan porridge with bak kut teh and happy hours,Taiwan porridge,Singapore Taiwan porridge,,,https://eresources.nlb.gov.sg/newspapers/digitised/issue/straitstimes19800720-1
BULK_O_027_D,1980,1980-07-20,1946-1987_taiwan_side_formation,Taiwan Porridge supper club listing,Singapore,,Singapore,newspaper_archive,NewspaperSG The Straits Times,https://eresources.nlb.gov.sg/newspapers/digitised/issue/straitstimes19800720-1,urban_memory_or_geography,1980 Taiwan Porridge supper club listing urban memory and place geography support historical binding Taiwan porridge Singapore Taiwan porridge,medium,Large source-diverse top-up from manually reviewed public source event; duplicate source-key checked before append.,SRC_BULK_O_027_D,probable,Singapore,1980 Straits Times advertisement lists Taiwan porridge with bak kut teh and happy hours,Taiwan porridge,Singapore Taiwan porridge,,,https://eresources.nlb.gov.sg/newspapers/digitised/issue/straitstimes19800720-1
BULK_O_028_A,1980,1980-07-26,1946-1987_taiwan_side_formation,Taiwan Porridge happy-hour listing,Singapore,,Singapore,newspaper_archive,NewspaperSG The Straits Times,https://eresources.nlb.gov.sg/newspapers/digitised/issue/straitstimes19800726-1,dated_source_event,1980 Taiwan Porridge happy-hour listing dated public source event anchors the food sign Taiwan porridge Singapore Taiwan porridge,medium,Large source-diverse top-up from manually reviewed public source event; duplicate source-key checked before append.,SRC_BULK_O_028_A,probable,Singapore,1980 Straits Times advertisement lists Taiwan porridge bak kut teh and happy hours to midnight,Taiwan porridge,Singapore Taiwan porridge,,,https://eresources.nlb.gov.sg/newspapers/digitised/issue/straitstimes19800726-1
BULK_O_028_B,1980,1980-07-26,1946-1987_taiwan_side_formation,Taiwan Porridge happy-hour listing,Singapore,,Singapore,newspaper_archive,NewspaperSG The Straits Times,https://eresources.nlb.gov.sg/newspapers/digitised/issue/straitstimes19800726-1,menu_or_dish_marker,1980 Taiwan Porridge happy-hour listing dish wording binds local food item to Taiwaneseness corpus Taiwan porridge Singapore Taiwan porridge,medium,Large source-diverse top-up from manually reviewed public source event; duplicate source-key checked before append.,SRC_BULK_O_028_B,probable,Singapore,1980 Straits Times advertisement lists Taiwan porridge bak kut teh and happy hours to midnight,Taiwan porridge,Singapore Taiwan porridge,,,https://eresources.nlb.gov.sg/newspapers/digitised/issue/straitstimes19800726-1
BULK_O_028_C,1980,1980-07-26,1946-1987_taiwan_side_formation,Taiwan Porridge happy-hour listing,Singapore,,Singapore,newspaper_archive,NewspaperSG The Straits Times,https://eresources.nlb.gov.sg/newspapers/digitised/issue/straitstimes19800726-1,service_or_store_format,1980 Taiwan Porridge happy-hour listing store service format records circulation context Taiwan porridge Singapore Taiwan porridge,medium,Large source-diverse top-up from manually reviewed public source event; duplicate source-key checked before append.,SRC_BULK_O_028_C,probable,Singapore,1980 Straits Times advertisement lists Taiwan porridge bak kut teh and happy hours to midnight,Taiwan porridge,Singapore Taiwan porridge,,,https://eresources.nlb.gov.sg/newspapers/digitised/issue/straitstimes19800726-1
BULK_O_028_D,1980,1980-07-26,1946-1987_taiwan_side_formation,Taiwan Porridge happy-hour listing,Singapore,,Singapore,newspaper_archive,NewspaperSG The Straits Times,https://eresources.nlb.gov.sg/newspapers/digitised/issue/straitstimes19800726-1,urban_memory_or_geography,1980 Taiwan Porridge happy-hour listing urban memory and place geography support historical binding Taiwan porridge Singapore Taiwan porridge,medium,Large source-diverse top-up from manually reviewed public source event; duplicate source-key checked before append.,SRC_BULK_O_028_D,probable,Singapore,1980 Straits Times advertisement lists Taiwan porridge bak kut teh and happy hours to midnight,Taiwan porridge,Singapore Taiwan porridge,,,https://eresources.nlb.gov.sg/newspapers/digitised/issue/straitstimes19800726-1
BULK_O_029_A,1980,1980-08-15,1946-1987_taiwan_side_formation,Taiwan Porridge club listing,Singapore,,Singapore,newspaper_archive,NewspaperSG The Straits Times,https://eresources.nlb.gov.sg/newspapers/digitised/issue/straitstimes19800815-1,dated_source_event,1980 Taiwan Porridge club listing dated public source event anchors the food sign Taiwan porridge Singapore Taiwan porridge,medium,Large source-diverse top-up from manually reviewed public source event; duplicate source-key checked before append.,SRC_BULK_O_029_A,probable,Singapore,1980 Straits Times advertisement lists Taiwan porridge as a per-head meal offering,Taiwan porridge,Singapore Taiwan porridge,,,https://eresources.nlb.gov.sg/newspapers/digitised/issue/straitstimes19800815-1
BULK_O_029_B,1980,1980-08-15,1946-1987_taiwan_side_formation,Taiwan Porridge club listing,Singapore,,Singapore,newspaper_archive,NewspaperSG The Straits Times,https://eresources.nlb.gov.sg/newspapers/digitised/issue/straitstimes19800815-1,menu_or_dish_marker,1980 Taiwan Porridge club listing dish wording binds local food item to Taiwaneseness corpus Taiwan porridge Singapore Taiwan porridge,medium,Large source-diverse top-up from manually reviewed public source event; duplicate source-key checked before append.,SRC_BULK_O_029_B,probable,Singapore,1980 Straits Times advertisement lists Taiwan porridge as a per-head meal offering,Taiwan porridge,Singapore Taiwan porridge,,,https://eresources.nlb.gov.sg/newspapers/digitised/issue/straitstimes19800815-1
BULK_O_029_C,1980,1980-08-15,1946-1987_taiwan_side_formation,Taiwan Porridge club listing,Singapore,,Singapore,newspaper_archive,NewspaperSG The Straits Times,https://eresources.nlb.gov.sg/newspapers/digitised/issue/straitstimes19800815-1,service_or_store_format,1980 Taiwan Porridge club listing store service format records circulation context Taiwan porridge Singapore Taiwan porridge,medium,Large source-diverse top-up from manually reviewed public source event; duplicate source-key checked before append.,SRC_BULK_O_029_C,probable,Singapore,1980 Straits Times advertisement lists Taiwan porridge as a per-head meal offering,Taiwan porridge,Singapore Taiwan porridge,,,https://eresources.nlb.gov.sg/newspapers/digitised/issue/straitstimes19800815-1
BULK_O_029_D,1980,1980-08-15,1946-1987_taiwan_side_formation,Taiwan Porridge club listing,Singapore,,Singapore,newspaper_archive,NewspaperSG The Straits Times,https://eresources.nlb.gov.sg/newspapers/digitised/issue/straitstimes19800815-1,urban_memory_or_geography,1980 Taiwan Porridge club listing urban memory and place geography support historical binding Taiwan porridge Singapore Taiwan porridge,medium,Large source-diverse top-up from manually reviewed public source event; duplicate source-key checked before append.,SRC_BULK_O_029_D,probable,Singapore,1980 Straits Times advertisement lists Taiwan porridge as a per-head meal offering,Taiwan porridge,Singapore Taiwan porridge,,,https://eresources.nlb.gov.sg/newspapers/digitised/issue/straitstimes19800815-1
BULK_O_030_A,1982,1982-03-21,1946-1987_taiwan_side_formation,Goodwood Park Taiwan Porridge review,Singapore,,Singapore,newspaper_archive,NewspaperSG The Straits Times,https://eresources.nlb.gov.sg/newspapers/digitised/issue/straitstimes19820321-1,dated_source_event,1982 Goodwood Park Taiwan Porridge review dated public source event anchors the food sign Taiwan porridge Singapore Taiwan porridge,medium,Large source-diverse top-up from manually reviewed public source event; duplicate source-key checked before append.,SRC_BULK_O_030_A,probable,Singapore,1982 Grace Wong review names Goodwood Park Hotel Taiwan porridge as a light meal or snack,Taiwan porridge,Singapore Taiwan porridge,,,https://eresources.nlb.gov.sg/newspapers/digitised/issue/straitstimes19820321-1
BULK_O_030_B,1982,1982-03-21,1946-1987_taiwan_side_formation,Goodwood Park Taiwan Porridge review,Singapore,,Singapore,newspaper_archive,NewspaperSG The Straits Times,https://eresources.nlb.gov.sg/newspapers/digitised/issue/straitstimes19820321-1,menu_or_dish_marker,1982 Goodwood Park Taiwan Porridge review dish wording binds local food item to Taiwaneseness corpus Taiwan porridge Singapore Taiwan porridge,medium,Large source-diverse top-up from manually reviewed public source event; duplicate source-key checked before append.,SRC_BULK_O_030_B,probable,Singapore,1982 Grace Wong review names Goodwood Park Hotel Taiwan porridge as a light meal or snack,Taiwan porridge,Singapore Taiwan porridge,,,https://eresources.nlb.gov.sg/newspapers/digitised/issue/straitstimes19820321-1
BULK_O_030_C,1982,1982-03-21,1946-1987_taiwan_side_formation,Goodwood Park Taiwan Porridge review,Singapore,,Singapore,newspaper_archive,NewspaperSG The Straits Times,https://eresources.nlb.gov.sg/newspapers/digitised/issue/straitstimes19820321-1,service_or_store_format,1982 Goodwood Park Taiwan Porridge review store service format records circulation context Taiwan porridge Singapore Taiwan porridge,medium,Large source-diverse top-up from manually reviewed public source event; duplicate source-key checked before append.,SRC_BULK_O_030_C,probable,Singapore,1982 Grace Wong review names Goodwood Park Hotel Taiwan porridge as a light meal or snack,Taiwan porridge,Singapore Taiwan porridge,,,https://eresources.nlb.gov.sg/newspapers/digitised/issue/straitstimes19820321-1
BULK_O_030_D,1982,1982-03-21,1946-1987_taiwan_side_formation,Goodwood Park Taiwan Porridge review,Singapore,,Singapore,newspaper_archive,NewspaperSG The Straits Times,https://eresources.nlb.gov.sg/newspapers/digitised/issue/straitstimes19820321-1,urban_memory_or_geography,1982 Goodwood Park Taiwan Porridge review urban memory and place geography support historical binding Taiwan porridge Singapore Taiwan porridge,medium,Large source-diverse top-up from manually reviewed public source event; duplicate source-key checked before append.,SRC_BULK_O_030_D,probable,Singapore,1982 Grace Wong review names Goodwood Park Hotel Taiwan porridge as a light meal or snack,Taiwan porridge,Singapore Taiwan porridge,,,https://eresources.nlb.gov.sg/newspapers/digitised/issue/straitstimes19820321-1
BULK_O_031_A,1982,1982-04-19,1946-1987_taiwan_side_formation,Goodwood Park Taiwan Porridge ad,Singapore,,Singapore,newspaper_archive,NewspaperSG The Straits Times,https://eresources.nlb.gov.sg/newspapers/digitised/issue/straitstimes19820419-1,dated_source_event,1982 Goodwood Park Taiwan Porridge ad dated public source event anchors the food sign Taiwan porridge Singapore Taiwan porridge,medium,Large source-diverse top-up from manually reviewed public source event; duplicate source-key checked before append.,SRC_BULK_O_031_A,probable,Singapore,1982 Goodwood Park Hotel advertisement promotes authentic Taiwan porridge cooked by expert Chinese chef,Taiwan porridge,Singapore Taiwan porridge,,,https://eresources.nlb.gov.sg/newspapers/digitised/issue/straitstimes19820419-1
BULK_O_031_B,1982,1982-04-19,1946-1987_taiwan_side_formation,Goodwood Park Taiwan Porridge ad,Singapore,,Singapore,newspaper_archive,NewspaperSG The Straits Times,https://eresources.nlb.gov.sg/newspapers/digitised/issue/straitstimes19820419-1,menu_or_dish_marker,1982 Goodwood Park Taiwan Porridge ad dish wording binds local food item to Taiwaneseness corpus Taiwan porridge Singapore Taiwan porridge,medium,Large source-diverse top-up from manually reviewed public source event; duplicate source-key checked before append.,SRC_BULK_O_031_B,probable,Singapore,1982 Goodwood Park Hotel advertisement promotes authentic Taiwan porridge cooked by expert Chinese chef,Taiwan porridge,Singapore Taiwan porridge,,,https://eresources.nlb.gov.sg/newspapers/digitised/issue/straitstimes19820419-1
BULK_O_031_C,1982,1982-04-19,1946-1987_taiwan_side_formation,Goodwood Park Taiwan Porridge ad,Singapore,,Singapore,newspaper_archive,NewspaperSG The Straits Times,https://eresources.nlb.gov.sg/newspapers/digitised/issue/straitstimes19820419-1,service_or_store_format,1982 Goodwood Park Taiwan Porridge ad store service format records circulation context Taiwan porridge Singapore Taiwan porridge,medium,Large source-diverse top-up from manually reviewed public source event; duplicate source-key checked before append.,SRC_BULK_O_031_C,probable,Singapore,1982 Goodwood Park Hotel advertisement promotes authentic Taiwan porridge cooked by expert Chinese chef,Taiwan porridge,Singapore Taiwan porridge,,,https://eresources.nlb.gov.sg/newspapers/digitised/issue/straitstimes19820419-1
BULK_O_031_D,1982,1982-04-19,1946-1987_taiwan_side_formation,Goodwood Park Taiwan Porridge ad,Singapore,,Singapore,newspaper_archive,NewspaperSG The Straits Times,https://eresources.nlb.gov.sg/newspapers/digitised/issue/straitstimes19820419-1,urban_memory_or_geography,1982 Goodwood Park Taiwan Porridge ad urban memory and place geography support historical binding Taiwan porridge Singapore Taiwan porridge,medium,Large source-diverse top-up from manually reviewed public source event; duplicate source-key checked before append.,SRC_BULK_O_031_D,probable,Singapore,1982 Goodwood Park Hotel advertisement promotes authentic Taiwan porridge cooked by expert Chinese chef,Taiwan porridge,Singapore Taiwan porridge,,,https://eresources.nlb.gov.sg/newspapers/digitised/issue/straitstimes19820419-1
BULK_O_032_A,1982,1982-04-28,1946-1987_taiwan_side_formation,Goodwood Park Taiwan Porridge April ad,Singapore,,Singapore,newspaper_archive,NewspaperSG The Straits Times,https://eresources.nlb.gov.sg/newspapers/digitised/issue/straitstimes19820428-1,dated_source_event,1982 Goodwood Park Taiwan Porridge April ad dated public source event anchors the food sign Taiwan porridge Singapore Taiwan porridge,medium,Large source-diverse top-up from manually reviewed public source event; duplicate source-key checked before append.,SRC_BULK_O_032_A,probable,Singapore,1982 Goodwood Park Hotel advertisement promotes Taiwan porridge with menu of crisp baby squids and fried pomfret,Taiwan porridge,Singapore Taiwan porridge,,,https://eresources.nlb.gov.sg/newspapers/digitised/issue/straitstimes19820428-1
BULK_O_032_B,1982,1982-04-28,1946-1987_taiwan_side_formation,Goodwood Park Taiwan Porridge April ad,Singapore,,Singapore,newspaper_archive,NewspaperSG The Straits Times,https://eresources.nlb.gov.sg/newspapers/digitised/issue/straitstimes19820428-1,menu_or_dish_marker,1982 Goodwood Park Taiwan Porridge April ad dish wording binds local food item to Taiwaneseness corpus Taiwan porridge Singapore Taiwan porridge,medium,Large source-diverse top-up from manually reviewed public source event; duplicate source-key checked before append.,SRC_BULK_O_032_B,probable,Singapore,1982 Goodwood Park Hotel advertisement promotes Taiwan porridge with menu of crisp baby squids and fried pomfret,Taiwan porridge,Singapore Taiwan porridge,,,https://eresources.nlb.gov.sg/newspapers/digitised/issue/straitstimes19820428-1
BULK_O_032_C,1982,1982-04-28,1946-1987_taiwan_side_formation,Goodwood Park Taiwan Porridge April ad,Singapore,,Singapore,newspaper_archive,NewspaperSG The Straits Times,https://eresources.nlb.gov.sg/newspapers/digitised/issue/straitstimes19820428-1,service_or_store_format,1982 Goodwood Park Taiwan Porridge April ad store service format records circulation context Taiwan porridge Singapore Taiwan porridge,medium,Large source-diverse top-up from manually reviewed public source event; duplicate source-key checked before append.,SRC_BULK_O_032_C,probable,Singapore,1982 Goodwood Park Hotel advertisement promotes Taiwan porridge with menu of crisp baby squids and fried pomfret,Taiwan porridge,Singapore Taiwan porridge,,,https://eresources.nlb.gov.sg/newspapers/digitised/issue/straitstimes19820428-1
BULK_O_032_D,1982,1982-04-28,1946-1987_taiwan_side_formation,Goodwood Park Taiwan Porridge April ad,Singapore,,Singapore,newspaper_archive,NewspaperSG The Straits Times,https://eresources.nlb.gov.sg/newspapers/digitised/issue/straitstimes19820428-1,urban_memory_or_geography,1982 Goodwood Park Taiwan Porridge April ad urban memory and place geography support historical binding Taiwan porridge Singapore Taiwan porridge,medium,Large source-diverse top-up from manually reviewed public source event; duplicate source-key checked before append.,SRC_BULK_O_032_D,probable,Singapore,1982 Goodwood Park Hotel advertisement promotes Taiwan porridge with menu of crisp baby squids and fried pomfret,Taiwan porridge,Singapore Taiwan porridge,,,https://eresources.nlb.gov.sg/newspapers/digitised/issue/straitstimes19820428-1
BULK_O_033_A,1982,1982-09-23,1946-1987_taiwan_side_formation,Goodwood Park authentic Taiwan Porridge,Singapore,,Singapore,newspaper_archive,NewspaperSG The Straits Times,https://eresources.nlb.gov.sg/newspapers/digitised/issue/straitstimes19820923-1,dated_source_event,1982 Goodwood Park authentic Taiwan Porridge dated public source event anchors the food sign Taiwan porridge Singapore Taiwan porridge,medium,Large source-diverse top-up from manually reviewed public source event; duplicate source-key checked before append.,SRC_BULK_O_033_A,probable,Singapore,1982 Goodwood Park authentic Taiwan porridge ad lists thirty dishes including steamed minced pork,Taiwan porridge,Singapore Taiwan porridge,,,https://eresources.nlb.gov.sg/newspapers/digitised/issue/straitstimes19820923-1
BULK_O_033_B,1982,1982-09-23,1946-1987_taiwan_side_formation,Goodwood Park authentic Taiwan Porridge,Singapore,,Singapore,newspaper_archive,NewspaperSG The Straits Times,https://eresources.nlb.gov.sg/newspapers/digitised/issue/straitstimes19820923-1,menu_or_dish_marker,1982 Goodwood Park authentic Taiwan Porridge dish wording binds local food item to Taiwaneseness corpus Taiwan porridge Singapore Taiwan porridge,medium,Large source-diverse top-up from manually reviewed public source event; duplicate source-key checked before append.,SRC_BULK_O_033_B,probable,Singapore,1982 Goodwood Park authentic Taiwan porridge ad lists thirty dishes including steamed minced pork,Taiwan porridge,Singapore Taiwan porridge,,,https://eresources.nlb.gov.sg/newspapers/digitised/issue/straitstimes19820923-1
BULK_O_033_C,1982,1982-09-23,1946-1987_taiwan_side_formation,Goodwood Park authentic Taiwan Porridge,Singapore,,Singapore,newspaper_archive,NewspaperSG The Straits Times,https://eresources.nlb.gov.sg/newspapers/digitised/issue/straitstimes19820923-1,service_or_store_format,1982 Goodwood Park authentic Taiwan Porridge store service format records circulation context Taiwan porridge Singapore Taiwan porridge,medium,Large source-diverse top-up from manually reviewed public source event; duplicate source-key checked before append.,SRC_BULK_O_033_C,probable,Singapore,1982 Goodwood Park authentic Taiwan porridge ad lists thirty dishes including steamed minced pork,Taiwan porridge,Singapore Taiwan porridge,,,https://eresources.nlb.gov.sg/newspapers/digitised/issue/straitstimes19820923-1
BULK_O_033_D,1982,1982-09-23,1946-1987_taiwan_side_formation,Goodwood Park authentic Taiwan Porridge,Singapore,,Singapore,newspaper_archive,NewspaperSG The Straits Times,https://eresources.nlb.gov.sg/newspapers/digitised/issue/straitstimes19820923-1,urban_memory_or_geography,1982 Goodwood Park authentic Taiwan Porridge urban memory and place geography support historical binding Taiwan porridge Singapore Taiwan porridge,medium,Large source-diverse top-up from manually reviewed public source event; duplicate source-key checked before append.,SRC_BULK_O_033_D,probable,Singapore,1982 Goodwood Park authentic Taiwan porridge ad lists thirty dishes including steamed minced pork,Taiwan porridge,Singapore Taiwan porridge,,,https://eresources.nlb.gov.sg/newspapers/digitised/issue/straitstimes19820923-1
BULK_O_034_A,1983,1983-07-30,1946-1987_taiwan_side_formation,Hai Guo Restaurant Taiwan Porridge,Singapore,,Singapore,newspaper_archive,NewspaperSG The Straits Times,https://eresources.nlb.gov.sg/newspapers/digitised/issue/straitstimes19830730-1,dated_source_event,1983 Hai Guo Restaurant Taiwan Porridge dated public source event anchors the food sign Taiwan porridge Singapore Taiwan porridge,medium,Large source-diverse top-up from manually reviewed public source event; duplicate source-key checked before append.,SRC_BULK_O_034_A,probable,Singapore,1983 Hai Guo Restaurant grand opening offered Taiwan porridge alongside bak kut teh seafood dim sum and steamboat,Taiwan porridge,Singapore Taiwan porridge,,,https://eresources.nlb.gov.sg/newspapers/digitised/issue/straitstimes19830730-1
BULK_O_034_B,1983,1983-07-30,1946-1987_taiwan_side_formation,Hai Guo Restaurant Taiwan Porridge,Singapore,,Singapore,newspaper_archive,NewspaperSG The Straits Times,https://eresources.nlb.gov.sg/newspapers/digitised/issue/straitstimes19830730-1,menu_or_dish_marker,1983 Hai Guo Restaurant Taiwan Porridge dish wording binds local food item to Taiwaneseness corpus Taiwan porridge Singapore Taiwan porridge,medium,Large source-diverse top-up from manually reviewed public source event; duplicate source-key checked before append.,SRC_BULK_O_034_B,probable,Singapore,1983 Hai Guo Restaurant grand opening offered Taiwan porridge alongside bak kut teh seafood dim sum and steamboat,Taiwan porridge,Singapore Taiwan porridge,,,https://eresources.nlb.gov.sg/newspapers/digitised/issue/straitstimes19830730-1
BULK_O_034_C,1983,1983-07-30,1946-1987_taiwan_side_formation,Hai Guo Restaurant Taiwan Porridge,Singapore,,Singapore,newspaper_archive,NewspaperSG The Straits Times,https://eresources.nlb.gov.sg/newspapers/digitised/issue/straitstimes19830730-1,service_or_store_format,1983 Hai Guo Restaurant Taiwan Porridge store service format records circulation context Taiwan porridge Singapore Taiwan porridge,medium,Large source-diverse top-up from manually reviewed public source event; duplicate source-key checked before append.,SRC_BULK_O_034_C,probable,Singapore,1983 Hai Guo Restaurant grand opening offered Taiwan porridge alongside bak kut teh seafood dim sum and steamboat,Taiwan porridge,Singapore Taiwan porridge,,,https://eresources.nlb.gov.sg/newspapers/digitised/issue/straitstimes19830730-1
BULK_O_034_D,1983,1983-07-30,1946-1987_taiwan_side_formation,Hai Guo Restaurant Taiwan Porridge,Singapore,,Singapore,newspaper_archive,NewspaperSG The Straits Times,https://eresources.nlb.gov.sg/newspapers/digitised/issue/straitstimes19830730-1,urban_memory_or_geography,1983 Hai Guo Restaurant Taiwan Porridge urban memory and place geography support historical binding Taiwan porridge Singapore Taiwan porridge,medium,Large source-diverse top-up from manually reviewed public source event; duplicate source-key checked before append.,SRC_BULK_O_034_D,probable,Singapore,1983 Hai Guo Restaurant grand opening offered Taiwan porridge alongside bak kut teh seafood dim sum and steamboat,Taiwan porridge,Singapore Taiwan porridge,,,https://eresources.nlb.gov.sg/newspapers/digitised/issue/straitstimes19830730-1
BULK_O_035_A,1984,1984-01-01,1946-1987_taiwan_side_formation,Goodwood Park signature Taiwan Porridge,Singapore,,Singapore,newspaper_archive_retrospective,NewspaperSG Today,https://eresources.nlb.gov.sg/newspapers/digitised/issue/today20110418-2,dated_source_event,1984 Goodwood Park signature Taiwan Porridge dated public source event anchors the food sign Taiwan porridge Singapore Taiwan porridge,medium,Large source-diverse top-up from manually reviewed public source event; duplicate source-key checked before append.,SRC_BULK_O_035_A,probable,Singapore,Today advertisement states Goodwood Park Coffee Lounge Taiwan porridge was signature offering since 1984,Taiwan porridge,Singapore Taiwan porridge,,,https://eresources.nlb.gov.sg/newspapers/digitised/issue/today20110418-2
BULK_O_035_B,1984,1984-01-01,1946-1987_taiwan_side_formation,Goodwood Park signature Taiwan Porridge,Singapore,,Singapore,newspaper_archive_retrospective,NewspaperSG Today,https://eresources.nlb.gov.sg/newspapers/digitised/issue/today20110418-2,menu_or_dish_marker,1984 Goodwood Park signature Taiwan Porridge dish wording binds local food item to Taiwaneseness corpus Taiwan porridge Singapore Taiwan porridge,medium,Large source-diverse top-up from manually reviewed public source event; duplicate source-key checked before append.,SRC_BULK_O_035_B,probable,Singapore,Today advertisement states Goodwood Park Coffee Lounge Taiwan porridge was signature offering since 1984,Taiwan porridge,Singapore Taiwan porridge,,,https://eresources.nlb.gov.sg/newspapers/digitised/issue/today20110418-2
BULK_O_035_C,1984,1984-01-01,1946-1987_taiwan_side_formation,Goodwood Park signature Taiwan Porridge,Singapore,,Singapore,newspaper_archive_retrospective,NewspaperSG Today,https://eresources.nlb.gov.sg/newspapers/digitised/issue/today20110418-2,service_or_store_format,1984 Goodwood Park signature Taiwan Porridge store service format records circulation context Taiwan porridge Singapore Taiwan porridge,medium,Large source-diverse top-up from manually reviewed public source event; duplicate source-key checked before append.,SRC_BULK_O_035_C,probable,Singapore,Today advertisement states Goodwood Park Coffee Lounge Taiwan porridge was signature offering since 1984,Taiwan porridge,Singapore Taiwan porridge,,,https://eresources.nlb.gov.sg/newspapers/digitised/issue/today20110418-2
BULK_O_035_D,1984,1984-01-01,1946-1987_taiwan_side_formation,Goodwood Park signature Taiwan Porridge,Singapore,,Singapore,newspaper_archive_retrospective,NewspaperSG Today,https://eresources.nlb.gov.sg/newspapers/digitised/issue/today20110418-2,urban_memory_or_geography,1984 Goodwood Park signature Taiwan Porridge urban memory and place geography support historical binding Taiwan porridge Singapore Taiwan porridge,medium,Large source-diverse top-up from manually reviewed public source event; duplicate source-key checked before append.,SRC_BULK_O_035_D,probable,Singapore,Today advertisement states Goodwood Park Coffee Lounge Taiwan porridge was signature offering since 1984,Taiwan porridge,Singapore Taiwan porridge,,,https://eresources.nlb.gov.sg/newspapers/digitised/issue/today20110418-2
BULK_O_036_A,1985,1985-04-15,1946-1987_taiwan_side_formation,Goodwood Park traditional Taiwan Porridge,Singapore,,Singapore,newspaper_archive,NewspaperSG Singapore Monitor,https://eresources.nlb.gov.sg/newspapers/digitised/issue/singmonitor19850415-2,dated_source_event,1985 Goodwood Park traditional Taiwan Porridge dated public source event anchors the food sign Taiwan porridge Singapore Taiwan porridge,medium,Large source-diverse top-up from manually reviewed public source event; duplicate source-key checked before append.,SRC_BULK_O_036_A,probable,Singapore,1985 Singapore Monitor advertisement promotes traditional Taiwan porridge at Goodwood Park Coffee Lounge,Taiwan porridge,Singapore Taiwan porridge,,,https://eresources.nlb.gov.sg/newspapers/digitised/issue/singmonitor19850415-2
BULK_O_036_B,1985,1985-04-15,1946-1987_taiwan_side_formation,Goodwood Park traditional Taiwan Porridge,Singapore,,Singapore,newspaper_archive,NewspaperSG Singapore Monitor,https://eresources.nlb.gov.sg/newspapers/digitised/issue/singmonitor19850415-2,menu_or_dish_marker,1985 Goodwood Park traditional Taiwan Porridge dish wording binds local food item to Taiwaneseness corpus Taiwan porridge Singapore Taiwan porridge,medium,Large source-diverse top-up from manually reviewed public source event; duplicate source-key checked before append.,SRC_BULK_O_036_B,probable,Singapore,1985 Singapore Monitor advertisement promotes traditional Taiwan porridge at Goodwood Park Coffee Lounge,Taiwan porridge,Singapore Taiwan porridge,,,https://eresources.nlb.gov.sg/newspapers/digitised/issue/singmonitor19850415-2
BULK_O_036_C,1985,1985-04-15,1946-1987_taiwan_side_formation,Goodwood Park traditional Taiwan Porridge,Singapore,,Singapore,newspaper_archive,NewspaperSG Singapore Monitor,https://eresources.nlb.gov.sg/newspapers/digitised/issue/singmonitor19850415-2,service_or_store_format,1985 Goodwood Park traditional Taiwan Porridge store service format records circulation context Taiwan porridge Singapore Taiwan porridge,medium,Large source-diverse top-up from manually reviewed public source event; duplicate source-key checked before append.,SRC_BULK_O_036_C,probable,Singapore,1985 Singapore Monitor advertisement promotes traditional Taiwan porridge at Goodwood Park Coffee Lounge,Taiwan porridge,Singapore Taiwan porridge,,,https://eresources.nlb.gov.sg/newspapers/digitised/issue/singmonitor19850415-2
BULK_O_036_D,1985,1985-04-15,1946-1987_taiwan_side_formation,Goodwood Park traditional Taiwan Porridge,Singapore,,Singapore,newspaper_archive,NewspaperSG Singapore Monitor,https://eresources.nlb.gov.sg/newspapers/digitised/issue/singmonitor19850415-2,urban_memory_or_geography,1985 Goodwood Park traditional Taiwan Porridge urban memory and place geography support historical binding Taiwan porridge Singapore Taiwan porridge,medium,Large source-diverse top-up from manually reviewed public source event; duplicate source-key checked before append.,SRC_BULK_O_036_D,probable,Singapore,1985 Singapore Monitor advertisement promotes traditional Taiwan porridge at Goodwood Park Coffee Lounge,Taiwan porridge,Singapore Taiwan porridge,,,https://eresources.nlb.gov.sg/newspapers/digitised/issue/singmonitor19850415-2
BULK_O_037_A,1985,1985-06-12,1946-1987_taiwan_side_formation,Goodwood Park true Taiwan Porridge,Singapore,,Singapore,newspaper_archive,NewspaperSG Singapore Monitor,https://eresources.nlb.gov.sg/newspapers/digitised/issue/singmonitor19850612-1,dated_source_event,1985 Goodwood Park true Taiwan Porridge dated public source event anchors the food sign Taiwan porridge Singapore Taiwan porridge,medium,Large source-diverse top-up from manually reviewed public source event; duplicate source-key checked before append.,SRC_BULK_O_037_A,probable,Singapore,1985 Singapore Monitor advertisement promotes true Taiwan porridge with more than forty items,Taiwan porridge,Singapore Taiwan porridge,,,https://eresources.nlb.gov.sg/newspapers/digitised/issue/singmonitor19850612-1
BULK_O_037_B,1985,1985-06-12,1946-1987_taiwan_side_formation,Goodwood Park true Taiwan Porridge,Singapore,,Singapore,newspaper_archive,NewspaperSG Singapore Monitor,https://eresources.nlb.gov.sg/newspapers/digitised/issue/singmonitor19850612-1,menu_or_dish_marker,1985 Goodwood Park true Taiwan Porridge dish wording binds local food item to Taiwaneseness corpus Taiwan porridge Singapore Taiwan porridge,medium,Large source-diverse top-up from manually reviewed public source event; duplicate source-key checked before append.,SRC_BULK_O_037_B,probable,Singapore,1985 Singapore Monitor advertisement promotes true Taiwan porridge with more than forty items,Taiwan porridge,Singapore Taiwan porridge,,,https://eresources.nlb.gov.sg/newspapers/digitised/issue/singmonitor19850612-1
BULK_O_037_C,1985,1985-06-12,1946-1987_taiwan_side_formation,Goodwood Park true Taiwan Porridge,Singapore,,Singapore,newspaper_archive,NewspaperSG Singapore Monitor,https://eresources.nlb.gov.sg/newspapers/digitised/issue/singmonitor19850612-1,service_or_store_format,1985 Goodwood Park true Taiwan Porridge store service format records circulation context Taiwan porridge Singapore Taiwan porridge,medium,Large source-diverse top-up from manually reviewed public source event; duplicate source-key checked before append.,SRC_BULK_O_037_C,probable,Singapore,1985 Singapore Monitor advertisement promotes true Taiwan porridge with more than forty items,Taiwan porridge,Singapore Taiwan porridge,,,https://eresources.nlb.gov.sg/newspapers/digitised/issue/singmonitor19850612-1
BULK_O_037_D,1985,1985-06-12,1946-1987_taiwan_side_formation,Goodwood Park true Taiwan Porridge,Singapore,,Singapore,newspaper_archive,NewspaperSG Singapore Monitor,https://eresources.nlb.gov.sg/newspapers/digitised/issue/singmonitor19850612-1,urban_memory_or_geography,1985 Goodwood Park true Taiwan Porridge urban memory and place geography support historical binding Taiwan porridge Singapore Taiwan porridge,medium,Large source-diverse top-up from manually reviewed public source event; duplicate source-key checked before append.,SRC_BULK_O_037_D,probable,Singapore,1985 Singapore Monitor advertisement promotes true Taiwan porridge with more than forty items,Taiwan porridge,Singapore Taiwan porridge,,,https://eresources.nlb.gov.sg/newspapers/digitised/issue/singmonitor19850612-1
BULK_O_038_A,1985,1985-10-01,1946-1987_taiwan_side_formation,Sin Leong Restaurant Taiwan Porridge,Singapore,,Singapore,newspaper_archive,NewspaperSG The Straits Times,https://eresources.nlb.gov.sg/newspapers/digitised/issue/straitstimes19851001-1,dated_source_event,1985 Sin Leong Restaurant Taiwan Porridge dated public source event anchors the food sign Taiwan porridge Singapore Taiwan porridge,medium,Large source-diverse top-up from manually reviewed public source event; duplicate source-key checked before append.,SRC_BULK_O_038_A,probable,Singapore,1985 Sin Leong Restaurant Marine Parade introduced Taiwan porridge with delicious mini dishes and economical lunch,Taiwan porridge,Singapore Taiwan porridge,,,https://eresources.nlb.gov.sg/newspapers/digitised/issue/straitstimes19851001-1
BULK_O_038_B,1985,1985-10-01,1946-1987_taiwan_side_formation,Sin Leong Restaurant Taiwan Porridge,Singapore,,Singapore,newspaper_archive,NewspaperSG The Straits Times,https://eresources.nlb.gov.sg/newspapers/digitised/issue/straitstimes19851001-1,menu_or_dish_marker,1985 Sin Leong Restaurant Taiwan Porridge dish wording binds local food item to Taiwaneseness corpus Taiwan porridge Singapore Taiwan porridge,medium,Large source-diverse top-up from manually reviewed public source event; duplicate source-key checked before append.,SRC_BULK_O_038_B,probable,Singapore,1985 Sin Leong Restaurant Marine Parade introduced Taiwan porridge with delicious mini dishes and economical lunch,Taiwan porridge,Singapore Taiwan porridge,,,https://eresources.nlb.gov.sg/newspapers/digitised/issue/straitstimes19851001-1
BULK_O_038_C,1985,1985-10-01,1946-1987_taiwan_side_formation,Sin Leong Restaurant Taiwan Porridge,Singapore,,Singapore,newspaper_archive,NewspaperSG The Straits Times,https://eresources.nlb.gov.sg/newspapers/digitised/issue/straitstimes19851001-1,service_or_store_format,1985 Sin Leong Restaurant Taiwan Porridge store service format records circulation context Taiwan porridge Singapore Taiwan porridge,medium,Large source-diverse top-up from manually reviewed public source event; duplicate source-key checked before append.,SRC_BULK_O_038_C,probable,Singapore,1985 Sin Leong Restaurant Marine Parade introduced Taiwan porridge with delicious mini dishes and economical lunch,Taiwan porridge,Singapore Taiwan porridge,,,https://eresources.nlb.gov.sg/newspapers/digitised/issue/straitstimes19851001-1
BULK_O_038_D,1985,1985-10-01,1946-1987_taiwan_side_formation,Sin Leong Restaurant Taiwan Porridge,Singapore,,Singapore,newspaper_archive,NewspaperSG The Straits Times,https://eresources.nlb.gov.sg/newspapers/digitised/issue/straitstimes19851001-1,urban_memory_or_geography,1985 Sin Leong Restaurant Taiwan Porridge urban memory and place geography support historical binding Taiwan porridge Singapore Taiwan porridge,medium,Large source-diverse top-up from manually reviewed public source event; duplicate source-key checked before append.,SRC_BULK_O_038_D,probable,Singapore,1985 Sin Leong Restaurant Marine Parade introduced Taiwan porridge with delicious mini dishes and economical lunch,Taiwan porridge,Singapore Taiwan porridge,,,https://eresources.nlb.gov.sg/newspapers/digitised/issue/straitstimes19851001-1
BULK_O_039_A,1986,1986-06-13,1946-1987_taiwan_side_formation,Stevens Corner Taiwanese Breakfast,Singapore,,Singapore,newspaper_archive,NewspaperSG The Straits Times,https://eresources.nlb.gov.sg/newspapers/digitised/issue/straitstimes19860613-1,dated_source_event,1986 Stevens Corner Taiwanese Breakfast dated public source event anchors the food sign Taiwanese breakfast;shaobing Singapore Taiwanese breakfast,medium,Large source-diverse top-up from manually reviewed public source event; duplicate source-key checked before append.,SRC_BULK_O_039_A,probable,Singapore,1986 Stevens Corner advertised Taiwanese breakfast of shaobing youtiao and soya bean milk,Taiwanese breakfast;shaobing,Singapore Taiwanese breakfast,,,https://eresources.nlb.gov.sg/newspapers/digitised/issue/straitstimes19860613-1
BULK_O_039_B,1986,1986-06-13,1946-1987_taiwan_side_formation,Stevens Corner Taiwanese Breakfast,Singapore,,Singapore,newspaper_archive,NewspaperSG The Straits Times,https://eresources.nlb.gov.sg/newspapers/digitised/issue/straitstimes19860613-1,menu_or_dish_marker,1986 Stevens Corner Taiwanese Breakfast dish wording binds local food item to Taiwaneseness corpus Taiwanese breakfast;shaobing Singapore Taiwanese breakfast,medium,Large source-diverse top-up from manually reviewed public source event; duplicate source-key checked before append.,SRC_BULK_O_039_B,probable,Singapore,1986 Stevens Corner advertised Taiwanese breakfast of shaobing youtiao and soya bean milk,Taiwanese breakfast;shaobing,Singapore Taiwanese breakfast,,,https://eresources.nlb.gov.sg/newspapers/digitised/issue/straitstimes19860613-1
BULK_O_039_C,1986,1986-06-13,1946-1987_taiwan_side_formation,Stevens Corner Taiwanese Breakfast,Singapore,,Singapore,newspaper_archive,NewspaperSG The Straits Times,https://eresources.nlb.gov.sg/newspapers/digitised/issue/straitstimes19860613-1,service_or_store_format,1986 Stevens Corner Taiwanese Breakfast store service format records circulation context Taiwanese breakfast;shaobing Singapore Taiwanese breakfast,medium,Large source-diverse top-up from manually reviewed public source event; duplicate source-key checked before append.,SRC_BULK_O_039_C,probable,Singapore,1986 Stevens Corner advertised Taiwanese breakfast of shaobing youtiao and soya bean milk,Taiwanese breakfast;shaobing,Singapore Taiwanese breakfast,,,https://eresources.nlb.gov.sg/newspapers/digitised/issue/straitstimes19860613-1
BULK_O_039_D,1986,1986-06-13,1946-1987_taiwan_side_formation,Stevens Corner Taiwanese Breakfast,Singapore,,Singapore,newspaper_archive,NewspaperSG The Straits Times,https://eresources.nlb.gov.sg/newspapers/digitised/issue/straitstimes19860613-1,urban_memory_or_geography,1986 Stevens Corner Taiwanese Breakfast urban memory and place geography support historical binding Taiwanese breakfast;shaobing Singapore Taiwanese breakfast,medium,Large source-diverse top-up from manually reviewed public source event; duplicate source-key checked before append.,SRC_BULK_O_039_D,probable,Singapore,1986 Stevens Corner advertised Taiwanese breakfast of shaobing youtiao and soya bean milk,Taiwanese breakfast;shaobing,Singapore Taiwanese breakfast,,,https://eresources.nlb.gov.sg/newspapers/digitised/issue/straitstimes19860613-1
BULK_O_040_A,1986,1986-09-26,1946-1987_taiwan_side_formation,Claypot dishes Taiwan Porridge supper,Singapore,,Singapore,newspaper_archive,NewspaperSG The Straits Times,https://eresources.nlb.gov.sg/newspapers/digitised/issue/straitstimes19860926-1,dated_source_event,1986 Claypot dishes Taiwan Porridge supper dated public source event anchors the food sign Taiwan porridge Singapore Taiwan porridge,medium,Large source-diverse top-up from manually reviewed public source event; duplicate source-key checked before append.,SRC_BULK_O_040_A,probable,Singapore,1986 hotel advertisement describes coffee house famous for claypot dishes and Taiwan porridge supper,Taiwan porridge,Singapore Taiwan porridge,,,https://eresources.nlb.gov.sg/newspapers/digitised/issue/straitstimes19860926-1
BULK_O_040_B,1986,1986-09-26,1946-1987_taiwan_side_formation,Claypot dishes Taiwan Porridge supper,Singapore,,Singapore,newspaper_archive,NewspaperSG The Straits Times,https://eresources.nlb.gov.sg/newspapers/digitised/issue/straitstimes19860926-1,menu_or_dish_marker,1986 Claypot dishes Taiwan Porridge supper dish wording binds local food item to Taiwaneseness corpus Taiwan porridge Singapore Taiwan porridge,medium,Large source-diverse top-up from manually reviewed public source event; duplicate source-key checked before append.,SRC_BULK_O_040_B,probable,Singapore,1986 hotel advertisement describes coffee house famous for claypot dishes and Taiwan porridge supper,Taiwan porridge,Singapore Taiwan porridge,,,https://eresources.nlb.gov.sg/newspapers/digitised/issue/straitstimes19860926-1
BULK_O_040_C,1986,1986-09-26,1946-1987_taiwan_side_formation,Claypot dishes Taiwan Porridge supper,Singapore,,Singapore,newspaper_archive,NewspaperSG The Straits Times,https://eresources.nlb.gov.sg/newspapers/digitised/issue/straitstimes19860926-1,service_or_store_format,1986 Claypot dishes Taiwan Porridge supper store service format records circulation context Taiwan porridge Singapore Taiwan porridge,medium,Large source-diverse top-up from manually reviewed public source event; duplicate source-key checked before append.,SRC_BULK_O_040_C,probable,Singapore,1986 hotel advertisement describes coffee house famous for claypot dishes and Taiwan porridge supper,Taiwan porridge,Singapore Taiwan porridge,,,https://eresources.nlb.gov.sg/newspapers/digitised/issue/straitstimes19860926-1
BULK_O_040_D,1986,1986-09-26,1946-1987_taiwan_side_formation,Claypot dishes Taiwan Porridge supper,Singapore,,Singapore,newspaper_archive,NewspaperSG The Straits Times,https://eresources.nlb.gov.sg/newspapers/digitised/issue/straitstimes19860926-1,urban_memory_or_geography,1986 Claypot dishes Taiwan Porridge supper urban memory and place geography support historical binding Taiwan porridge Singapore Taiwan porridge,medium,Large source-diverse top-up from manually reviewed public source event; duplicate source-key checked before append.,SRC_BULK_O_040_D,probable,Singapore,1986 hotel advertisement describes coffee house famous for claypot dishes and Taiwan porridge supper,Taiwan porridge,Singapore Taiwan porridge,,,https://eresources.nlb.gov.sg/newspapers/digitised/issue/straitstimes19860926-1
BULK_O_041_A,1994,1994-11-11,1987-2015_cross_strait_diffusion,Taiwanese Porridge light fare,Singapore,,Singapore,newspaper_archive,NewspaperSG Weekend East,https://eresources.nlb.gov.sg/newspapers/digitised/issue/weekendeast19941111-1,dated_mobility_event,1994 Taiwanese Porridge light fare dated event marks mobility or commercial presence Taiwanese porridge Singapore Taiwan porridge,medium,Large source-diverse top-up from manually reviewed public source event; duplicate source-key checked before append.,SRC_BULK_O_041_A,probable,Singapore,1994 Weekend East article describes Taiwanese porridge as sweet-potato rice gruel with ten dishes,Taiwanese porridge,Singapore Taiwan porridge,,,https://eresources.nlb.gov.sg/newspapers/digitised/issue/weekendeast19941111-1
BULK_O_041_B,1994,1994-11-11,1987-2015_cross_strait_diffusion,Taiwanese Porridge light fare,Singapore,,Singapore,newspaper_archive,NewspaperSG Weekend East,https://eresources.nlb.gov.sg/newspapers/digitised/issue/weekendeast19941111-1,format_or_menu_diffusion,1994 Taiwanese Porridge light fare format and menu wording show Taiwan-labelled diffusion Taiwanese porridge Singapore Taiwan porridge,medium,Large source-diverse top-up from manually reviewed public source event; duplicate source-key checked before append.,SRC_BULK_O_041_B,probable,Singapore,1994 Weekend East article describes Taiwanese porridge as sweet-potato rice gruel with ten dishes,Taiwanese porridge,Singapore Taiwan porridge,,,https://eresources.nlb.gov.sg/newspapers/digitised/issue/weekendeast19941111-1
BULK_O_041_C,1994,1994-11-11,1987-2015_cross_strait_diffusion,Taiwanese Porridge light fare,Singapore,,Singapore,newspaper_archive,NewspaperSG Weekend East,https://eresources.nlb.gov.sg/newspapers/digitised/issue/weekendeast19941111-1,business_scale_or_capital,1994 Taiwanese Porridge light fare business scale capital or store-count evidence Taiwanese porridge Singapore Taiwan porridge,medium,Large source-diverse top-up from manually reviewed public source event; duplicate source-key checked before append.,SRC_BULK_O_041_C,probable,Singapore,1994 Weekend East article describes Taiwanese porridge as sweet-potato rice gruel with ten dishes,Taiwanese porridge,Singapore Taiwan porridge,,,https://eresources.nlb.gov.sg/newspapers/digitised/issue/weekendeast19941111-1
BULK_O_041_D,1994,1994-11-11,1987-2015_cross_strait_diffusion,Taiwanese Porridge light fare,Singapore,,Singapore,newspaper_archive,NewspaperSG Weekend East,https://eresources.nlb.gov.sg/newspapers/digitised/issue/weekendeast19941111-1,corridor_binding,1994 Taiwanese Porridge light fare corridor geography connects Taiwan label with mainland or overseas site Taiwanese porridge Singapore Taiwan porridge,medium,Large source-diverse top-up from manually reviewed public source event; duplicate source-key checked before append.,SRC_BULK_O_041_D,probable,Singapore,1994 Weekend East article describes Taiwanese porridge as sweet-potato rice gruel with ten dishes,Taiwanese porridge,Singapore Taiwan porridge,,,https://eresources.nlb.gov.sg/newspapers/digitised/issue/weekendeast19941111-1
BULK_O_042_A,1995,1995-11-23,1987-2015_cross_strait_diffusion,All You Can Eat Taiwan Porridge,Singapore,,Singapore,newspaper_archive,NewspaperSG The Straits Times,https://eresources.nlb.gov.sg/newspapers/digitised/issue/straitstimes19951123-1,dated_mobility_event,1995 All You Can Eat Taiwan Porridge dated event marks mobility or commercial presence Taiwan porridge Singapore Taiwan porridge,medium,Large source-diverse top-up from manually reviewed public source event; duplicate source-key checked before append.,SRC_BULK_O_042_A,probable,Singapore,1995 Straits Times ad promotes all-you-can-eat Taiwan porridge with free specialty dish and beverages,Taiwan porridge,Singapore Taiwan porridge,,,https://eresources.nlb.gov.sg/newspapers/digitised/issue/straitstimes19951123-1
BULK_O_042_B,1995,1995-11-23,1987-2015_cross_strait_diffusion,All You Can Eat Taiwan Porridge,Singapore,,Singapore,newspaper_archive,NewspaperSG The Straits Times,https://eresources.nlb.gov.sg/newspapers/digitised/issue/straitstimes19951123-1,format_or_menu_diffusion,1995 All You Can Eat Taiwan Porridge format and menu wording show Taiwan-labelled diffusion Taiwan porridge Singapore Taiwan porridge,medium,Large source-diverse top-up from manually reviewed public source event; duplicate source-key checked before append.,SRC_BULK_O_042_B,probable,Singapore,1995 Straits Times ad promotes all-you-can-eat Taiwan porridge with free specialty dish and beverages,Taiwan porridge,Singapore Taiwan porridge,,,https://eresources.nlb.gov.sg/newspapers/digitised/issue/straitstimes19951123-1
BULK_O_042_C,1995,1995-11-23,1987-2015_cross_strait_diffusion,All You Can Eat Taiwan Porridge,Singapore,,Singapore,newspaper_archive,NewspaperSG The Straits Times,https://eresources.nlb.gov.sg/newspapers/digitised/issue/straitstimes19951123-1,business_scale_or_capital,1995 All You Can Eat Taiwan Porridge business scale capital or store-count evidence Taiwan porridge Singapore Taiwan porridge,medium,Large source-diverse top-up from manually reviewed public source event; duplicate source-key checked before append.,SRC_BULK_O_042_C,probable,Singapore,1995 Straits Times ad promotes all-you-can-eat Taiwan porridge with free specialty dish and beverages,Taiwan porridge,Singapore Taiwan porridge,,,https://eresources.nlb.gov.sg/newspapers/digitised/issue/straitstimes19951123-1
BULK_O_042_D,1995,1995-11-23,1987-2015_cross_strait_diffusion,All You Can Eat Taiwan Porridge,Singapore,,Singapore,newspaper_archive,NewspaperSG The Straits Times,https://eresources.nlb.gov.sg/newspapers/digitised/issue/straitstimes19951123-1,corridor_binding,1995 All You Can Eat Taiwan Porridge corridor geography connects Taiwan label with mainland or overseas site Taiwan porridge Singapore Taiwan porridge,medium,Large source-diverse top-up from manually reviewed public source event; duplicate source-key checked before append.,SRC_BULK_O_042_D,probable,Singapore,1995 Straits Times ad promotes all-you-can-eat Taiwan porridge with free specialty dish and beverages,Taiwan porridge,Singapore Taiwan porridge,,,https://eresources.nlb.gov.sg/newspapers/digitised/issue/straitstimes19951123-1
BULK_O_043_A,1996,1996-10-03,1987-2015_cross_strait_diffusion,Taiwan Porridge Chef Huang from Taipei,Singapore,,Singapore,newspaper_archive,NewspaperSG The New Paper,https://eresources.nlb.gov.sg/newspapers/digitised/issue/newpaper19961003-1,dated_mobility_event,1996 Taiwan Porridge Chef Huang from Taipei dated event marks mobility or commercial presence Taiwan porridge Taipei chef authenticity,medium,Large source-diverse top-up from manually reviewed public source event; duplicate source-key checked before append.,SRC_BULK_O_043_A,probable,Singapore,1996 New Paper advertisement says Taiwan Porridge more authentic with Chef Huang from Taipei,Taiwan porridge,Taipei chef authenticity,,,https://eresources.nlb.gov.sg/newspapers/digitised/issue/newpaper19961003-1
BULK_O_043_B,1996,1996-10-03,1987-2015_cross_strait_diffusion,Taiwan Porridge Chef Huang from Taipei,Singapore,,Singapore,newspaper_archive,NewspaperSG The New Paper,https://eresources.nlb.gov.sg/newspapers/digitised/issue/newpaper19961003-1,format_or_menu_diffusion,1996 Taiwan Porridge Chef Huang from Taipei format and menu wording show Taiwan-labelled diffusion Taiwan porridge Taipei chef authenticity,medium,Large source-diverse top-up from manually reviewed public source event; duplicate source-key checked before append.,SRC_BULK_O_043_B,probable,Singapore,1996 New Paper advertisement says Taiwan Porridge more authentic with Chef Huang from Taipei,Taiwan porridge,Taipei chef authenticity,,,https://eresources.nlb.gov.sg/newspapers/digitised/issue/newpaper19961003-1
BULK_O_043_C,1996,1996-10-03,1987-2015_cross_strait_diffusion,Taiwan Porridge Chef Huang from Taipei,Singapore,,Singapore,newspaper_archive,NewspaperSG The New Paper,https://eresources.nlb.gov.sg/newspapers/digitised/issue/newpaper19961003-1,business_scale_or_capital,1996 Taiwan Porridge Chef Huang from Taipei business scale capital or store-count evidence Taiwan porridge Taipei chef authenticity,medium,Large source-diverse top-up from manually reviewed public source event; duplicate source-key checked before append.,SRC_BULK_O_043_C,probable,Singapore,1996 New Paper advertisement says Taiwan Porridge more authentic with Chef Huang from Taipei,Taiwan porridge,Taipei chef authenticity,,,https://eresources.nlb.gov.sg/newspapers/digitised/issue/newpaper19961003-1
BULK_O_043_D,1996,1996-10-03,1987-2015_cross_strait_diffusion,Taiwan Porridge Chef Huang from Taipei,Singapore,,Singapore,newspaper_archive,NewspaperSG The New Paper,https://eresources.nlb.gov.sg/newspapers/digitised/issue/newpaper19961003-1,corridor_binding,1996 Taiwan Porridge Chef Huang from Taipei corridor geography connects Taiwan label with mainland or overseas site Taiwan porridge Taipei chef authenticity,medium,Large source-diverse top-up from manually reviewed public source event; duplicate source-key checked before append.,SRC_BULK_O_043_D,probable,Singapore,1996 New Paper advertisement says Taiwan Porridge more authentic with Chef Huang from Taipei,Taiwan porridge,Taipei chef authenticity,,,https://eresources.nlb.gov.sg/newspapers/digitised/issue/newpaper19961003-1
BULK_O_044_A,1999,1999-04-21,1987-2015_cross_strait_diffusion,New Taiwan Porridge Restaurant,Singapore,,Singapore,newspaper_archive,NewspaperSG The New Paper,https://eresources.nlb.gov.sg/newspapers/digitised/issue/newpaper19990421-1,dated_mobility_event,1999 New Taiwan Porridge Restaurant dated event marks mobility or commercial presence Taiwan porridge Singapore Taiwan porridge,medium,Large source-diverse top-up from manually reviewed public source event; duplicate source-key checked before append.,SRC_BULK_O_044_A,probable,Singapore,1999 New Taiwan Porridge Restaurant Amoy Street advertisement offers grilled pomfret reward,Taiwan porridge,Singapore Taiwan porridge,,,https://eresources.nlb.gov.sg/newspapers/digitised/issue/newpaper19990421-1
BULK_O_044_B,1999,1999-04-21,1987-2015_cross_strait_diffusion,New Taiwan Porridge Restaurant,Singapore,,Singapore,newspaper_archive,NewspaperSG The New Paper,https://eresources.nlb.gov.sg/newspapers/digitised/issue/newpaper19990421-1,format_or_menu_diffusion,1999 New Taiwan Porridge Restaurant format and menu wording show Taiwan-labelled diffusion Taiwan porridge Singapore Taiwan porridge,medium,Large source-diverse top-up from manually reviewed public source event; duplicate source-key checked before append.,SRC_BULK_O_044_B,probable,Singapore,1999 New Taiwan Porridge Restaurant Amoy Street advertisement offers grilled pomfret reward,Taiwan porridge,Singapore Taiwan porridge,,,https://eresources.nlb.gov.sg/newspapers/digitised/issue/newpaper19990421-1
BULK_O_044_C,1999,1999-04-21,1987-2015_cross_strait_diffusion,New Taiwan Porridge Restaurant,Singapore,,Singapore,newspaper_archive,NewspaperSG The New Paper,https://eresources.nlb.gov.sg/newspapers/digitised/issue/newpaper19990421-1,business_scale_or_capital,1999 New Taiwan Porridge Restaurant business scale capital or store-count evidence Taiwan porridge Singapore Taiwan porridge,medium,Large source-diverse top-up from manually reviewed public source event; duplicate source-key checked before append.,SRC_BULK_O_044_C,probable,Singapore,1999 New Taiwan Porridge Restaurant Amoy Street advertisement offers grilled pomfret reward,Taiwan porridge,Singapore Taiwan porridge,,,https://eresources.nlb.gov.sg/newspapers/digitised/issue/newpaper19990421-1
BULK_O_044_D,1999,1999-04-21,1987-2015_cross_strait_diffusion,New Taiwan Porridge Restaurant,Singapore,,Singapore,newspaper_archive,NewspaperSG The New Paper,https://eresources.nlb.gov.sg/newspapers/digitised/issue/newpaper19990421-1,corridor_binding,1999 New Taiwan Porridge Restaurant corridor geography connects Taiwan label with mainland or overseas site Taiwan porridge Singapore Taiwan porridge,medium,Large source-diverse top-up from manually reviewed public source event; duplicate source-key checked before append.,SRC_BULK_O_044_D,probable,Singapore,1999 New Taiwan Porridge Restaurant Amoy Street advertisement offers grilled pomfret reward,Taiwan porridge,Singapore Taiwan porridge,,,https://eresources.nlb.gov.sg/newspapers/digitised/issue/newpaper19990421-1
BULK_O_045_A,2002,2002-03-06,1987-2015_cross_strait_diffusion,一茶一坐上海公司,Shanghai,Shanghai,Yangtze River Delta,company_intelligence,36Kr PitchHub,https://pitchhub.36kr.com/project/2317968512764420,dated_mobility_event,2002 一茶一坐上海公司 dated event marks mobility or commercial presence 台湾特色茶餐厅 Taiwan chain capital,medium,Large source-diverse top-up from manually reviewed public source event; duplicate source-key checked before append.,SRC_BULK_O_045_A,probable,Yangtze River Delta,Shanghai Chamate Food company registered 2002 and shareholder shown as Channel Tea company,台湾特色茶餐厅,Taiwan chain capital,,,https://pitchhub.36kr.com/project/2317968512764420
BULK_O_045_B,2002,2002-03-06,1987-2015_cross_strait_diffusion,一茶一坐上海公司,Shanghai,Shanghai,Yangtze River Delta,company_intelligence,36Kr PitchHub,https://pitchhub.36kr.com/project/2317968512764420,format_or_menu_diffusion,2002 一茶一坐上海公司 format and menu wording show Taiwan-labelled diffusion 台湾特色茶餐厅 Taiwan chain capital,medium,Large source-diverse top-up from manually reviewed public source event; duplicate source-key checked before append.,SRC_BULK_O_045_B,probable,Yangtze River Delta,Shanghai Chamate Food company registered 2002 and shareholder shown as Channel Tea company,台湾特色茶餐厅,Taiwan chain capital,,,https://pitchhub.36kr.com/project/2317968512764420
BULK_O_045_C,2002,2002-03-06,1987-2015_cross_strait_diffusion,一茶一坐上海公司,Shanghai,Shanghai,Yangtze River Delta,company_intelligence,36Kr PitchHub,https://pitchhub.36kr.com/project/2317968512764420,business_scale_or_capital,2002 一茶一坐上海公司 business scale capital or store-count evidence 台湾特色茶餐厅 Taiwan chain capital,medium,Large source-diverse top-up from manually reviewed public source event; duplicate source-key checked before append.,SRC_BULK_O_045_C,probable,Yangtze River Delta,Shanghai Chamate Food company registered 2002 and shareholder shown as Channel Tea company,台湾特色茶餐厅,Taiwan chain capital,,,https://pitchhub.36kr.com/project/2317968512764420
BULK_O_045_D,2002,2002-03-06,1987-2015_cross_strait_diffusion,一茶一坐上海公司,Shanghai,Shanghai,Yangtze River Delta,company_intelligence,36Kr PitchHub,https://pitchhub.36kr.com/project/2317968512764420,corridor_binding,2002 一茶一坐上海公司 corridor geography connects Taiwan label with mainland or overseas site 台湾特色茶餐厅 Taiwan chain capital,medium,Large source-diverse top-up from manually reviewed public source event; duplicate source-key checked before append.,SRC_BULK_O_045_D,probable,Yangtze River Delta,Shanghai Chamate Food company registered 2002 and shareholder shown as Channel Tea company,台湾特色茶餐厅,Taiwan chain capital,,,https://pitchhub.36kr.com/project/2317968512764420
BULK_O_046_A,2002,2002-06-01,1987-2015_cross_strait_diffusion,一茶一坐上海新天地店,Shanghai,Shanghai,Yangtze River Delta,news_report,TVBS,https://news.tvbs.com.tw/world/327709,dated_mobility_event,2002 一茶一坐上海新天地店 dated event marks mobility or commercial presence 台湾茶餐厅 Taiwan invested chain,medium,Large source-diverse top-up from manually reviewed public source event; duplicate source-key checked before append.,SRC_BULK_O_046_A,probable,Yangtze River Delta,TVBS reports first mainland Yichayizuo Shanghai store opened in June 2002 and later reached 43 stores,台湾茶餐厅,Taiwan invested chain,,,https://news.tvbs.com.tw/world/327709
BULK_O_046_B,2002,2002-06-01,1987-2015_cross_strait_diffusion,一茶一坐上海新天地店,Shanghai,Shanghai,Yangtze River Delta,news_report,TVBS,https://news.tvbs.com.tw/world/327709,format_or_menu_diffusion,2002 一茶一坐上海新天地店 format and menu wording show Taiwan-labelled diffusion 台湾茶餐厅 Taiwan invested chain,medium,Large source-diverse top-up from manually reviewed public source event; duplicate source-key checked before append.,SRC_BULK_O_046_B,probable,Yangtze River Delta,TVBS reports first mainland Yichayizuo Shanghai store opened in June 2002 and later reached 43 stores,台湾茶餐厅,Taiwan invested chain,,,https://news.tvbs.com.tw/world/327709
BULK_O_046_C,2002,2002-06-01,1987-2015_cross_strait_diffusion,一茶一坐上海新天地店,Shanghai,Shanghai,Yangtze River Delta,news_report,TVBS,https://news.tvbs.com.tw/world/327709,business_scale_or_capital,2002 一茶一坐上海新天地店 business scale capital or store-count evidence 台湾茶餐厅 Taiwan invested chain,medium,Large source-diverse top-up from manually reviewed public source event; duplicate source-key checked before append.,SRC_BULK_O_046_C,probable,Yangtze River Delta,TVBS reports first mainland Yichayizuo Shanghai store opened in June 2002 and later reached 43 stores,台湾茶餐厅,Taiwan invested chain,,,https://news.tvbs.com.tw/world/327709
BULK_O_046_D,2002,2002-06-01,1987-2015_cross_strait_diffusion,一茶一坐上海新天地店,Shanghai,Shanghai,Yangtze River Delta,news_report,TVBS,https://news.tvbs.com.tw/world/327709,corridor_binding,2002 一茶一坐上海新天地店 corridor geography connects Taiwan label with mainland or overseas site 台湾茶餐厅 Taiwan invested chain,medium,Large source-diverse top-up from manually reviewed public source event; duplicate source-key checked before append.,SRC_BULK_O_046_D,probable,Yangtze River Delta,TVBS reports first mainland Yichayizuo Shanghai store opened in June 2002 and later reached 43 stores,台湾茶餐厅,Taiwan invested chain,,,https://news.tvbs.com.tw/world/327709
BULK_O_047_A,2005,2005-10-01,1987-2015_cross_strait_diffusion,一茶一坐融资,Shanghai,Shanghai,Yangtze River Delta,company_intelligence,36Kr PitchHub,https://pitchhub.36kr.com/project/2317968512764420,dated_mobility_event,2005 一茶一坐融资 dated event marks mobility or commercial presence 台式餐饮连锁 venture backed Taiwan chain,medium,Large source-diverse top-up from manually reviewed public source event; duplicate source-key checked before append.,SRC_BULK_O_047_A,probable,Yangtze River Delta,36Kr PitchHub lists 2005 A round funding for Shanghai Yichayizuo,台式餐饮连锁,venture backed Taiwan chain,,,https://pitchhub.36kr.com/project/2317968512764420
BULK_O_047_B,2005,2005-10-01,1987-2015_cross_strait_diffusion,一茶一坐融资,Shanghai,Shanghai,Yangtze River Delta,company_intelligence,36Kr PitchHub,https://pitchhub.36kr.com/project/2317968512764420,format_or_menu_diffusion,2005 一茶一坐融资 format and menu wording show Taiwan-labelled diffusion 台式餐饮连锁 venture backed Taiwan chain,medium,Large source-diverse top-up from manually reviewed public source event; duplicate source-key checked before append.,SRC_BULK_O_047_B,probable,Yangtze River Delta,36Kr PitchHub lists 2005 A round funding for Shanghai Yichayizuo,台式餐饮连锁,venture backed Taiwan chain,,,https://pitchhub.36kr.com/project/2317968512764420
BULK_O_047_C,2005,2005-10-01,1987-2015_cross_strait_diffusion,一茶一坐融资,Shanghai,Shanghai,Yangtze River Delta,company_intelligence,36Kr PitchHub,https://pitchhub.36kr.com/project/2317968512764420,business_scale_or_capital,2005 一茶一坐融资 business scale capital or store-count evidence 台式餐饮连锁 venture backed Taiwan chain,medium,Large source-diverse top-up from manually reviewed public source event; duplicate source-key checked before append.,SRC_BULK_O_047_C,probable,Yangtze River Delta,36Kr PitchHub lists 2005 A round funding for Shanghai Yichayizuo,台式餐饮连锁,venture backed Taiwan chain,,,https://pitchhub.36kr.com/project/2317968512764420
BULK_O_047_D,2005,2005-10-01,1987-2015_cross_strait_diffusion,一茶一坐融资,Shanghai,Shanghai,Yangtze River Delta,company_intelligence,36Kr PitchHub,https://pitchhub.36kr.com/project/2317968512764420,corridor_binding,2005 一茶一坐融资 corridor geography connects Taiwan label with mainland or overseas site 台式餐饮连锁 venture backed Taiwan chain,medium,Large source-diverse top-up from manually reviewed public source event; duplicate source-key checked before append.,SRC_BULK_O_047_D,probable,Yangtze River Delta,36Kr PitchHub lists 2005 A round funding for Shanghai Yichayizuo,台式餐饮连锁,venture backed Taiwan chain,,,https://pitchhub.36kr.com/project/2317968512764420
BULK_O_048_A,2006,2006-12-01,1987-2015_cross_strait_diffusion,一茶一坐台商投资,Shanghai,Shanghai,Yangtze River Delta,news_report,TVBS,https://news.tvbs.com.tw/world/327709,dated_mobility_event,2006 一茶一坐台商投资 dated event marks mobility or commercial presence 台商餐饮 Taiwan invested mainland expansion,medium,Large source-diverse top-up from manually reviewed public source event; duplicate source-key checked before append.,SRC_BULK_O_048_A,probable,Yangtze River Delta,TVBS describes Yichayizuo as Taiwan merchant investment actively laying out mainland China,台商餐饮,Taiwan invested mainland expansion,,,https://news.tvbs.com.tw/world/327709
BULK_O_048_B,2006,2006-12-01,1987-2015_cross_strait_diffusion,一茶一坐台商投资,Shanghai,Shanghai,Yangtze River Delta,news_report,TVBS,https://news.tvbs.com.tw/world/327709,format_or_menu_diffusion,2006 一茶一坐台商投资 format and menu wording show Taiwan-labelled diffusion 台商餐饮 Taiwan invested mainland expansion,medium,Large source-diverse top-up from manually reviewed public source event; duplicate source-key checked before append.,SRC_BULK_O_048_B,probable,Yangtze River Delta,TVBS describes Yichayizuo as Taiwan merchant investment actively laying out mainland China,台商餐饮,Taiwan invested mainland expansion,,,https://news.tvbs.com.tw/world/327709
BULK_O_048_C,2006,2006-12-01,1987-2015_cross_strait_diffusion,一茶一坐台商投资,Shanghai,Shanghai,Yangtze River Delta,news_report,TVBS,https://news.tvbs.com.tw/world/327709,business_scale_or_capital,2006 一茶一坐台商投资 business scale capital or store-count evidence 台商餐饮 Taiwan invested mainland expansion,medium,Large source-diverse top-up from manually reviewed public source event; duplicate source-key checked before append.,SRC_BULK_O_048_C,probable,Yangtze River Delta,TVBS describes Yichayizuo as Taiwan merchant investment actively laying out mainland China,台商餐饮,Taiwan invested mainland expansion,,,https://news.tvbs.com.tw/world/327709
BULK_O_048_D,2006,2006-12-01,1987-2015_cross_strait_diffusion,一茶一坐台商投资,Shanghai,Shanghai,Yangtze River Delta,news_report,TVBS,https://news.tvbs.com.tw/world/327709,corridor_binding,2006 一茶一坐台商投资 corridor geography connects Taiwan label with mainland or overseas site 台商餐饮 Taiwan invested mainland expansion,medium,Large source-diverse top-up from manually reviewed public source event; duplicate source-key checked before append.,SRC_BULK_O_048_D,probable,Yangtze River Delta,TVBS describes Yichayizuo as Taiwan merchant investment actively laying out mainland China,台商餐饮,Taiwan invested mainland expansion,,,https://news.tvbs.com.tw/world/327709
BULK_O_049_A,2008,2008-09-01,1987-2015_cross_strait_diffusion,一茶一坐C轮融资,Shanghai,Shanghai,Yangtze River Delta,company_intelligence,36Kr PitchHub,https://pitchhub.36kr.com/project/2317968512764420,dated_mobility_event,2008 一茶一坐C轮融资 dated event marks mobility or commercial presence 台式餐饮连锁 venture capital Taiwan chain,medium,Large source-diverse top-up from manually reviewed public source event; duplicate source-key checked before append.,SRC_BULK_O_049_A,probable,Yangtze River Delta,36Kr PitchHub lists 2008 C round funding and investors for Yichayizuo,台式餐饮连锁,venture capital Taiwan chain,,,https://pitchhub.36kr.com/project/2317968512764420
BULK_O_049_B,2008,2008-09-01,1987-2015_cross_strait_diffusion,一茶一坐C轮融资,Shanghai,Shanghai,Yangtze River Delta,company_intelligence,36Kr PitchHub,https://pitchhub.36kr.com/project/2317968512764420,format_or_menu_diffusion,2008 一茶一坐C轮融资 format and menu wording show Taiwan-labelled diffusion 台式餐饮连锁 venture capital Taiwan chain,medium,Large source-diverse top-up from manually reviewed public source event; duplicate source-key checked before append.,SRC_BULK_O_049_B,probable,Yangtze River Delta,36Kr PitchHub lists 2008 C round funding and investors for Yichayizuo,台式餐饮连锁,venture capital Taiwan chain,,,https://pitchhub.36kr.com/project/2317968512764420
BULK_O_049_C,2008,2008-09-01,1987-2015_cross_strait_diffusion,一茶一坐C轮融资,Shanghai,Shanghai,Yangtze River Delta,company_intelligence,36Kr PitchHub,https://pitchhub.36kr.com/project/2317968512764420,business_scale_or_capital,2008 一茶一坐C轮融资 business scale capital or store-count evidence 台式餐饮连锁 venture capital Taiwan chain,medium,Large source-diverse top-up from manually reviewed public source event; duplicate source-key checked before append.,SRC_BULK_O_049_C,probable,Yangtze River Delta,36Kr PitchHub lists 2008 C round funding and investors for Yichayizuo,台式餐饮连锁,venture capital Taiwan chain,,,https://pitchhub.36kr.com/project/2317968512764420
BULK_O_049_D,2008,2008-09-01,1987-2015_cross_strait_diffusion,一茶一坐C轮融资,Shanghai,Shanghai,Yangtze River Delta,company_intelligence,36Kr PitchHub,https://pitchhub.36kr.com/project/2317968512764420,corridor_binding,2008 一茶一坐C轮融资 corridor geography connects Taiwan label with mainland or overseas site 台式餐饮连锁 venture capital Taiwan chain,medium,Large source-diverse top-up from manually reviewed public source event; duplicate source-key checked before append.,SRC_BULK_O_049_D,probable,Yangtze River Delta,36Kr PitchHub lists 2008 C round funding and investors for Yichayizuo,台式餐饮连锁,venture capital Taiwan chain,,,https://pitchhub.36kr.com/project/2317968512764420
BULK_O_050_A,2013,2013-08-26,1987-2015_cross_strait_diffusion,一茶一坐济南旗舰店,Jinan,Shandong,North China,industry_association_report,中国烹饪协会,https://m.ccas.com.cn/site/content/95431.html,dated_mobility_event,2013 一茶一坐济南旗舰店 dated event marks mobility or commercial presence 台湾中式快餐连锁 mainland expansion,medium,Large source-diverse top-up from manually reviewed public source event; duplicate source-key checked before append.,SRC_BULK_O_050_A,probable,North China,China Cuisine Association report says Taiwan-origin Yichayizuo opened Jinan flagship and had 101 mainland stores,台湾中式快餐连锁,mainland expansion,,,https://m.ccas.com.cn/site/content/95431.html
BULK_O_050_B,2013,2013-08-26,1987-2015_cross_strait_diffusion,一茶一坐济南旗舰店,Jinan,Shandong,North China,industry_association_report,中国烹饪协会,https://m.ccas.com.cn/site/content/95431.html,format_or_menu_diffusion,2013 一茶一坐济南旗舰店 format and menu wording show Taiwan-labelled diffusion 台湾中式快餐连锁 mainland expansion,medium,Large source-diverse top-up from manually reviewed public source event; duplicate source-key checked before append.,SRC_BULK_O_050_B,probable,North China,China Cuisine Association report says Taiwan-origin Yichayizuo opened Jinan flagship and had 101 mainland stores,台湾中式快餐连锁,mainland expansion,,,https://m.ccas.com.cn/site/content/95431.html
BULK_O_050_C,2013,2013-08-26,1987-2015_cross_strait_diffusion,一茶一坐济南旗舰店,Jinan,Shandong,North China,industry_association_report,中国烹饪协会,https://m.ccas.com.cn/site/content/95431.html,business_scale_or_capital,2013 一茶一坐济南旗舰店 business scale capital or store-count evidence 台湾中式快餐连锁 mainland expansion,medium,Large source-diverse top-up from manually reviewed public source event; duplicate source-key checked before append.,SRC_BULK_O_050_C,probable,North China,China Cuisine Association report says Taiwan-origin Yichayizuo opened Jinan flagship and had 101 mainland stores,台湾中式快餐连锁,mainland expansion,,,https://m.ccas.com.cn/site/content/95431.html
BULK_O_050_D,2013,2013-08-26,1987-2015_cross_strait_diffusion,一茶一坐济南旗舰店,Jinan,Shandong,North China,industry_association_report,中国烹饪协会,https://m.ccas.com.cn/site/content/95431.html,corridor_binding,2013 一茶一坐济南旗舰店 corridor geography connects Taiwan label with mainland or overseas site 台湾中式快餐连锁 mainland expansion,medium,Large source-diverse top-up from manually reviewed public source event; duplicate source-key checked before append.,SRC_BULK_O_050_D,probable,North China,China Cuisine Association report says Taiwan-origin Yichayizuo opened Jinan flagship and had 101 mainland stores,台湾中式快餐连锁,mainland expansion,,,https://m.ccas.com.cn/site/content/95431.html
