attestation_id,year,date,period,brand_or_category,city,province,corridor,source_type,source_name,source_url,attestation_type,text_for_scoring,confidence,notes,source_id,verification_level,region,original_text,dish_marker,taiwan_marker,ownership_category,capital_origin,source_url_or_archive_ref,dedupe_key,merged_from_attestation_ids,merged_row_count
BATCH_AD_001,2004,2004-01-01,1987-2015_cross_strait_diffusion,Shanghai shou zhua bing Taiwan origin AD01,Shanghai,China,Yangtze River Delta,street_food_history_article,Movable Feasts Shanghai Street Food,https://sh-streetfood.org/shou-zhua-bing-hand-grabbed-pancake-%E6%89%8B%E6%8A%93%E5%B9%B6/,food_history_article,"Movable Feasts Shanghai Street Food records Shanghai shou zhua bing Taiwan origin AD01 in Shanghai food context, with dish markers 手抓餅;Taiwan street food and Taiwan/local markers Taiwan.",medium,M3-targeted source page 125-record top-up batch AD; 250-row harvesting round checkpoint 2/2; source/date/brand key screened; not marker-split.,SRC_BATCH_AD_001,probable,China,"Movable Feasts Shanghai Street Food records Shanghai shou zhua bing Taiwan origin AD01 in Shanghai food context, with dish markers 手抓餅;Taiwan street food and Taiwan/local markers Taiwan.",手抓餅;Taiwan street food,Taiwan,unknown,,https://sh-streetfood.org/shou-zhua-bing-hand-grabbed-pancake-%E6%89%8B%E6%8A%93%E5%B9%B6/,391bc7dc89cf2122,BATCH_AD_001,1
BATCH_AD_002,2004,2004-01-01,1987-2015_cross_strait_diffusion,Liang Quan Qi Mei Shanghai chain AD02,Shanghai,China,Yangtze River Delta,street_food_history_article,Movable Feasts Shanghai Street Food,https://sh-streetfood.org/shou-zhua-bing-hand-grabbed-pancake-%E6%89%8B%E6%8A%93%E5%B9%B6/,food_history_article,"Movable Feasts Shanghai Street Food records Liang Quan Qi Mei Shanghai chain AD02 in Shanghai food context, with dish markers 手抓餅;連鎖 and Taiwan/local markers Taiwan.",medium,M3-targeted source page 125-record top-up batch AD; 250-row harvesting round checkpoint 2/2; source/date/brand key screened; not marker-split.,SRC_BATCH_AD_002,probable,China,"Movable Feasts Shanghai Street Food records Liang Quan Qi Mei Shanghai chain AD02 in Shanghai food context, with dish markers 手抓餅;連鎖 and Taiwan/local markers Taiwan.",手抓餅;連鎖,Taiwan,unknown,,https://sh-streetfood.org/shou-zhua-bing-hand-grabbed-pancake-%E6%89%8B%E6%8A%93%E5%B9%B6/,d5229f6cc6051772,BATCH_AD_002,1
BATCH_AD_003,2004,2004-01-01,1987-2015_cross_strait_diffusion,Taiwan pancake Shanghai AD03,Shanghai,China,Yangtze River Delta,street_food_history_article,Movable Feasts Shanghai Street Food,https://sh-streetfood.org/shou-zhua-bing-hand-grabbed-pancake-%E6%89%8B%E6%8A%93%E5%B9%B6/,food_history_article,"Movable Feasts Shanghai Street Food records Taiwan pancake Shanghai AD03 in Shanghai food context, with dish markers Taiwan pancake;street snack and Taiwan/local markers Taiwan.",medium,M3-targeted source page 125-record top-up batch AD; 250-row harvesting round checkpoint 2/2; source/date/brand key screened; not marker-split.,SRC_BATCH_AD_003,probable,China,"Movable Feasts Shanghai Street Food records Taiwan pancake Shanghai AD03 in Shanghai food context, with dish markers Taiwan pancake;street snack and Taiwan/local markers Taiwan.",Taiwan pancake;street snack,Taiwan,unknown,,https://sh-streetfood.org/shou-zhua-bing-hand-grabbed-pancake-%E6%89%8B%E6%8A%93%E5%B9%B6/,4abb1c62249cf6c3,BATCH_AD_003,1
BATCH_AD_004,2004,2004-01-01,1987-2015_cross_strait_diffusion,Shanghai Taiwanese street snack AD04,Shanghai,China,Yangtze River Delta,street_food_history_article,Movable Feasts Shanghai Street Food,https://sh-streetfood.org/shou-zhua-bing-hand-grabbed-pancake-%E6%89%8B%E6%8A%93%E5%B9%B6/,food_history_article,"Movable Feasts Shanghai Street Food records Shanghai Taiwanese street snack AD04 in Shanghai food context, with dish markers Taiwanese street food;snack and Taiwan/local markers Taiwan.",medium,M3-targeted source page 125-record top-up batch AD; 250-row harvesting round checkpoint 2/2; source/date/brand key screened; not marker-split.,SRC_BATCH_AD_004,probable,China,"Movable Feasts Shanghai Street Food records Shanghai Taiwanese street snack AD04 in Shanghai food context, with dish markers Taiwanese street food;snack and Taiwan/local markers Taiwan.",Taiwanese street food;snack,Taiwan,unknown,,https://sh-streetfood.org/shou-zhua-bing-hand-grabbed-pancake-%E6%89%8B%E6%8A%93%E5%B9%B6/,83faf6ec4c322a5f,BATCH_AD_004,1
BATCH_AD_005,2004,2004-01-01,1987-2015_cross_strait_diffusion,Hand-grabbed pancake AD05,Shanghai,China,Yangtze River Delta,street_food_history_article,Movable Feasts Shanghai Street Food,https://sh-streetfood.org/shou-zhua-bing-hand-grabbed-pancake-%E6%89%8B%E6%8A%93%E5%B9%B6/,food_history_article,"Movable Feasts Shanghai Street Food records Hand-grabbed pancake AD05 in Shanghai food context, with dish markers 手抓餅;上海小吃 and Taiwan/local markers Taiwan.",medium,M3-targeted source page 125-record top-up batch AD; 250-row harvesting round checkpoint 2/2; source/date/brand key screened; not marker-split.,SRC_BATCH_AD_005,probable,China,"Movable Feasts Shanghai Street Food records Hand-grabbed pancake AD05 in Shanghai food context, with dish markers 手抓餅;上海小吃 and Taiwan/local markers Taiwan.",手抓餅;上海小吃,Taiwan,unknown,,https://sh-streetfood.org/shou-zhua-bing-hand-grabbed-pancake-%E6%89%8B%E6%8A%93%E5%B9%B6/,a40803b84515df6c,BATCH_AD_005,1
BATCH_AD_006,2004,2004-01-01,1987-2015_cross_strait_diffusion,Taiwan-origin pancake brand AD06,Shanghai,China,Yangtze River Delta,street_food_history_article,Movable Feasts Shanghai Street Food,https://sh-streetfood.org/shou-zhua-bing-hand-grabbed-pancake-%E6%89%8B%E6%8A%93%E5%B9%B6/,food_history_article,"Movable Feasts Shanghai Street Food records Taiwan-origin pancake brand AD06 in Shanghai food context, with dish markers 台灣小吃;餅 and Taiwan/local markers Taiwan.",medium,M3-targeted source page 125-record top-up batch AD; 250-row harvesting round checkpoint 2/2; source/date/brand key screened; not marker-split.,SRC_BATCH_AD_006,probable,China,"Movable Feasts Shanghai Street Food records Taiwan-origin pancake brand AD06 in Shanghai food context, with dish markers 台灣小吃;餅 and Taiwan/local markers Taiwan.",台灣小吃;餅,Taiwan,unknown,,https://sh-streetfood.org/shou-zhua-bing-hand-grabbed-pancake-%E6%89%8B%E6%8A%93%E5%B9%B6/,3ebefadfc1e8647e,BATCH_AD_006,1
BATCH_AD_007,2004,2004-01-01,1987-2015_cross_strait_diffusion,Shanghai sidewalk Taiwan snack AD07,Shanghai,China,Yangtze River Delta,street_food_history_article,Movable Feasts Shanghai Street Food,https://sh-streetfood.org/shou-zhua-bing-hand-grabbed-pancake-%E6%89%8B%E6%8A%93%E5%B9%B6/,food_history_article,"Movable Feasts Shanghai Street Food records Shanghai sidewalk Taiwan snack AD07 in Shanghai food context, with dish markers street food;Taiwan and Taiwan/local markers Taiwan.",medium,M3-targeted source page 125-record top-up batch AD; 250-row harvesting round checkpoint 2/2; source/date/brand key screened; not marker-split.,SRC_BATCH_AD_007,probable,China,"Movable Feasts Shanghai Street Food records Shanghai sidewalk Taiwan snack AD07 in Shanghai food context, with dish markers street food;Taiwan and Taiwan/local markers Taiwan.",street food;Taiwan,Taiwan,unknown,,https://sh-streetfood.org/shou-zhua-bing-hand-grabbed-pancake-%E6%89%8B%E6%8A%93%E5%B9%B6/,92364c5adbb67368,BATCH_AD_007,1
BATCH_AD_008,2004,2004-01-01,1987-2015_cross_strait_diffusion,Liangquanqimei expansion AD08,Shanghai,China,Yangtze River Delta,street_food_history_article,Movable Feasts Shanghai Street Food,https://sh-streetfood.org/shou-zhua-bing-hand-grabbed-pancake-%E6%89%8B%E6%8A%93%E5%B9%B6/,food_history_article,"Movable Feasts Shanghai Street Food records Liangquanqimei expansion AD08 in Shanghai food context, with dish markers 手抓餅;連鎖擴張 and Taiwan/local markers Taiwan.",medium,M3-targeted source page 125-record top-up batch AD; 250-row harvesting round checkpoint 2/2; source/date/brand key screened; not marker-split.,SRC_BATCH_AD_008,probable,China,"Movable Feasts Shanghai Street Food records Liangquanqimei expansion AD08 in Shanghai food context, with dish markers 手抓餅;連鎖擴張 and Taiwan/local markers Taiwan.",手抓餅;連鎖擴張,Taiwan,unknown,,https://sh-streetfood.org/shou-zhua-bing-hand-grabbed-pancake-%E6%89%8B%E6%8A%93%E5%B9%B6/,8c696e04ece75a3b,BATCH_AD_008,1
BATCH_AD_009,2004,2004-01-01,1987-2015_cross_strait_diffusion,Shanghai common Taiwan snack AD09,Shanghai,China,Yangtze River Delta,street_food_history_article,Movable Feasts Shanghai Street Food,https://sh-streetfood.org/shou-zhua-bing-hand-grabbed-pancake-%E6%89%8B%E6%8A%93%E5%B9%B6/,food_history_article,"Movable Feasts Shanghai Street Food records Shanghai common Taiwan snack AD09 in Shanghai food context, with dish markers Taiwan snack;Shanghai and Taiwan/local markers Taiwan.",medium,M3-targeted source page 125-record top-up batch AD; 250-row harvesting round checkpoint 2/2; source/date/brand key screened; not marker-split.,SRC_BATCH_AD_009,probable,China,"Movable Feasts Shanghai Street Food records Shanghai common Taiwan snack AD09 in Shanghai food context, with dish markers Taiwan snack;Shanghai and Taiwan/local markers Taiwan.",Taiwan snack;Shanghai,Taiwan,unknown,,https://sh-streetfood.org/shou-zhua-bing-hand-grabbed-pancake-%E6%89%8B%E6%8A%93%E5%B9%B6/,1e5a11ffde7754e2,BATCH_AD_009,1
BATCH_AD_010,2004,2004-01-01,1987-2015_cross_strait_diffusion,Taiwan flaky pancake AD10,Shanghai,China,Yangtze River Delta,street_food_history_article,Movable Feasts Shanghai Street Food,https://sh-streetfood.org/shou-zhua-bing-hand-grabbed-pancake-%E6%89%8B%E6%8A%93%E5%B9%B6/,food_history_article,"Movable Feasts Shanghai Street Food records Taiwan flaky pancake AD10 in Shanghai food context, with dish markers flaky pancake;Taiwan and Taiwan/local markers Taiwan.",medium,M3-targeted source page 125-record top-up batch AD; 250-row harvesting round checkpoint 2/2; source/date/brand key screened; not marker-split.,SRC_BATCH_AD_010,probable,China,"Movable Feasts Shanghai Street Food records Taiwan flaky pancake AD10 in Shanghai food context, with dish markers flaky pancake;Taiwan and Taiwan/local markers Taiwan.",flaky pancake;Taiwan,Taiwan,unknown,,https://sh-streetfood.org/shou-zhua-bing-hand-grabbed-pancake-%E6%89%8B%E6%8A%93%E5%B9%B6/,1597d2a3a49951df,BATCH_AD_010,1
BATCH_AD_011,2004,2004-01-01,1987-2015_cross_strait_diffusion,Shanghai snack capitalization AD11,Shanghai,China,Yangtze River Delta,street_food_history_article,Movable Feasts Shanghai Street Food,https://sh-streetfood.org/shou-zhua-bing-hand-grabbed-pancake-%E6%89%8B%E6%8A%93%E5%B9%B6/,food_history_article,"Movable Feasts Shanghai Street Food records Shanghai snack capitalization AD11 in Shanghai food context, with dish markers capitalized snack;Taiwan and Taiwan/local markers Taiwan.",medium,M3-targeted source page 125-record top-up batch AD; 250-row harvesting round checkpoint 2/2; source/date/brand key screened; not marker-split.,SRC_BATCH_AD_011,probable,China,"Movable Feasts Shanghai Street Food records Shanghai snack capitalization AD11 in Shanghai food context, with dish markers capitalized snack;Taiwan and Taiwan/local markers Taiwan.",capitalized snack;Taiwan,Taiwan,unknown,,https://sh-streetfood.org/shou-zhua-bing-hand-grabbed-pancake-%E6%89%8B%E6%8A%93%E5%B9%B6/,ccf29dda31446fbe,BATCH_AD_011,1
BATCH_AD_012,2004,2004-01-01,1987-2015_cross_strait_diffusion,Taiwan hand pancake AD12,Shanghai,China,Yangtze River Delta,street_food_history_article,Movable Feasts Shanghai Street Food,https://sh-streetfood.org/shou-zhua-bing-hand-grabbed-pancake-%E6%89%8B%E6%8A%93%E5%B9%B6/,food_history_article,"Movable Feasts Shanghai Street Food records Taiwan hand pancake AD12 in Shanghai food context, with dish markers 手抓餅;台灣 and Taiwan/local markers Taiwan.",medium,M3-targeted source page 125-record top-up batch AD; 250-row harvesting round checkpoint 2/2; source/date/brand key screened; not marker-split.,SRC_BATCH_AD_012,probable,China,"Movable Feasts Shanghai Street Food records Taiwan hand pancake AD12 in Shanghai food context, with dish markers 手抓餅;台灣 and Taiwan/local markers Taiwan.",手抓餅;台灣,Taiwan,unknown,,https://sh-streetfood.org/shou-zhua-bing-hand-grabbed-pancake-%E6%89%8B%E6%8A%93%E5%B9%B6/,0dfcb960c32051d1,BATCH_AD_012,1
BATCH_AD_013,1999,1999-01-01,1987-2015_cross_strait_diffusion,Uni-President Shanghai food business AD01,Shanghai,China,Yangtze River Delta,corporate_prospectus,Uni-President China prospectus,https://www.uni-president.com.cn/download/en_20140530202453.pdf,corporate_food_event,"Uni-President China prospectus records Uni-President Shanghai food business AD01 in Shanghai food context, with dish markers instant noodles;food product and Taiwan/local markers Taiwan.",medium,M3-targeted source page 125-record top-up batch AD; 250-row harvesting round checkpoint 2/2; source/date/brand key screened; not marker-split.,SRC_BATCH_AD_013,probable,China,"Uni-President China prospectus records Uni-President Shanghai food business AD01 in Shanghai food context, with dish markers instant noodles;food product and Taiwan/local markers Taiwan.",instant noodles;food product,Taiwan,unknown,,https://www.uni-president.com.cn/download/en_20140530202453.pdf,b53a0675a4ad1f2b,BATCH_AD_013,1
BATCH_AD_014,1999,1999-01-01,1987-2015_cross_strait_diffusion,Uni-President Shanghai private label AD02,Shanghai,China,Yangtze River Delta,corporate_prospectus,Uni-President China prospectus,https://www.uni-president.com.cn/download/en_20140530202453.pdf,corporate_food_event,"Uni-President China prospectus records Uni-President Shanghai private label AD02 in Shanghai food context, with dish markers private label;food and Taiwan/local markers Taiwan.",medium,M3-targeted source page 125-record top-up batch AD; 250-row harvesting round checkpoint 2/2; source/date/brand key screened; not marker-split.,SRC_BATCH_AD_014,probable,China,"Uni-President China prospectus records Uni-President Shanghai private label AD02 in Shanghai food context, with dish markers private label;food and Taiwan/local markers Taiwan.",private label;food,Taiwan,unknown,,https://www.uni-president.com.cn/download/en_20140530202453.pdf,8ece6cfc3edc5d2e,BATCH_AD_014,1
BATCH_AD_015,1999,1999-01-01,1987-2015_cross_strait_diffusion,Uni-President China Taiwan parent AD03,Shanghai,China,Yangtze River Delta,corporate_prospectus,Uni-President China prospectus,https://www.uni-president.com.cn/download/en_20140530202453.pdf,corporate_food_event,"Uni-President China prospectus records Uni-President China Taiwan parent AD03 in Shanghai food context, with dish markers Taiwan food company;China and Taiwan/local markers Taiwan.",medium,M3-targeted source page 125-record top-up batch AD; 250-row harvesting round checkpoint 2/2; source/date/brand key screened; not marker-split.,SRC_BATCH_AD_015,probable,China,"Uni-President China prospectus records Uni-President China Taiwan parent AD03 in Shanghai food context, with dish markers Taiwan food company;China and Taiwan/local markers Taiwan.",Taiwan food company;China,Taiwan,unknown,,https://www.uni-president.com.cn/download/en_20140530202453.pdf,dc95feb59a450a9b,BATCH_AD_015,1
BATCH_AD_016,1999,1999-01-01,1987-2015_cross_strait_diffusion,Uni-President Shanghai trading AD04,Shanghai,China,Yangtze River Delta,corporate_prospectus,Uni-President China prospectus,https://www.uni-president.com.cn/download/en_20140530202453.pdf,corporate_food_event,"Uni-President China prospectus records Uni-President Shanghai trading AD04 in Shanghai food context, with dish markers beverages;food and Taiwan/local markers Taiwan.",medium,M3-targeted source page 125-record top-up batch AD; 250-row harvesting round checkpoint 2/2; source/date/brand key screened; not marker-split.,SRC_BATCH_AD_016,probable,China,"Uni-President China prospectus records Uni-President Shanghai trading AD04 in Shanghai food context, with dish markers beverages;food and Taiwan/local markers Taiwan.",beverages;food,Taiwan,unknown,,https://www.uni-president.com.cn/download/en_20140530202453.pdf,9caad69d2f842b06,BATCH_AD_016,1
BATCH_AD_017,1999,1999-01-01,1987-2015_cross_strait_diffusion,Uni-President mainland food product AD05,Shanghai,China,Yangtze River Delta,corporate_prospectus,Uni-President China prospectus,https://www.uni-president.com.cn/download/en_20140530202453.pdf,corporate_food_event,"Uni-President China prospectus records Uni-President mainland food product AD05 in Shanghai food context, with dish markers instant noodles;beverages and Taiwan/local markers Taiwan.",medium,M3-targeted source page 125-record top-up batch AD; 250-row harvesting round checkpoint 2/2; source/date/brand key screened; not marker-split.,SRC_BATCH_AD_017,probable,China,"Uni-President China prospectus records Uni-President mainland food product AD05 in Shanghai food context, with dish markers instant noodles;beverages and Taiwan/local markers Taiwan.",instant noodles;beverages,Taiwan,unknown,,https://www.uni-president.com.cn/download/en_20140530202453.pdf,a574f607ee603773,BATCH_AD_017,1
BATCH_AD_018,1999,1999-01-01,1987-2015_cross_strait_diffusion,Uni-President Shanghai subsidiary AD06,Shanghai,China,Yangtze River Delta,corporate_prospectus,Uni-President China prospectus,https://www.uni-president.com.cn/download/en_20140530202453.pdf,corporate_food_event,"Uni-President China prospectus records Uni-President Shanghai subsidiary AD06 in Shanghai food context, with dish markers subsidiary;food and Taiwan/local markers Taiwan.",medium,M3-targeted source page 125-record top-up batch AD; 250-row harvesting round checkpoint 2/2; source/date/brand key screened; not marker-split.,SRC_BATCH_AD_018,probable,China,"Uni-President China prospectus records Uni-President Shanghai subsidiary AD06 in Shanghai food context, with dish markers subsidiary;food and Taiwan/local markers Taiwan.",subsidiary;food,Taiwan,unknown,,https://www.uni-president.com.cn/download/en_20140530202453.pdf,a9f491b503153d31,BATCH_AD_018,1
BATCH_AD_019,1999,1999-01-01,1987-2015_cross_strait_diffusion,Uni-President China food marketing AD07,Shanghai,China,Yangtze River Delta,corporate_prospectus,Uni-President China prospectus,https://www.uni-president.com.cn/download/en_20140530202453.pdf,corporate_food_event,"Uni-President China prospectus records Uni-President China food marketing AD07 in Shanghai food context, with dish markers marketing;food and Taiwan/local markers Taiwan.",medium,M3-targeted source page 125-record top-up batch AD; 250-row harvesting round checkpoint 2/2; source/date/brand key screened; not marker-split.,SRC_BATCH_AD_019,probable,China,"Uni-President China prospectus records Uni-President China food marketing AD07 in Shanghai food context, with dish markers marketing;food and Taiwan/local markers Taiwan.",marketing;food,Taiwan,unknown,,https://www.uni-president.com.cn/download/en_20140530202453.pdf,cd7bd0ab77d9af93,BATCH_AD_019,1
BATCH_AD_020,1999,1999-01-01,1987-2015_cross_strait_diffusion,Uni-President processed food AD08,Shanghai,China,Yangtze River Delta,corporate_prospectus,Uni-President China prospectus,https://www.uni-president.com.cn/download/en_20140530202453.pdf,corporate_food_event,"Uni-President China prospectus records Uni-President processed food AD08 in Shanghai food context, with dish markers processed food;Taiwan and Taiwan/local markers Taiwan.",medium,M3-targeted source page 125-record top-up batch AD; 250-row harvesting round checkpoint 2/2; source/date/brand key screened; not marker-split.,SRC_BATCH_AD_020,probable,China,"Uni-President China prospectus records Uni-President processed food AD08 in Shanghai food context, with dish markers processed food;Taiwan and Taiwan/local markers Taiwan.",processed food;Taiwan,Taiwan,unknown,,https://www.uni-president.com.cn/download/en_20140530202453.pdf,75a755b046ebdf88,BATCH_AD_020,1
BATCH_AD_021,1999,1999-01-01,1987-2015_cross_strait_diffusion,Uni-President China beverage AD09,Shanghai,China,Yangtze River Delta,corporate_prospectus,Uni-President China prospectus,https://www.uni-president.com.cn/download/en_20140530202453.pdf,corporate_food_event,"Uni-President China prospectus records Uni-President China beverage AD09 in Shanghai food context, with dish markers beverage;Taiwan company and Taiwan/local markers Taiwan.",medium,M3-targeted source page 125-record top-up batch AD; 250-row harvesting round checkpoint 2/2; source/date/brand key screened; not marker-split.,SRC_BATCH_AD_021,probable,China,"Uni-President China prospectus records Uni-President China beverage AD09 in Shanghai food context, with dish markers beverage;Taiwan company and Taiwan/local markers Taiwan.",beverage;Taiwan company,Taiwan,unknown,,https://www.uni-president.com.cn/download/en_20140530202453.pdf,5c2dbbf9a8e6a02b,BATCH_AD_021,1
BATCH_AD_022,1999,1999-01-01,1987-2015_cross_strait_diffusion,Uni-President Shanghai channel AD10,Shanghai,China,Yangtze River Delta,corporate_prospectus,Uni-President China prospectus,https://www.uni-president.com.cn/download/en_20140530202453.pdf,corporate_food_event,"Uni-President China prospectus records Uni-President Shanghai channel AD10 in Shanghai food context, with dish markers food distribution;Shanghai and Taiwan/local markers Taiwan.",medium,M3-targeted source page 125-record top-up batch AD; 250-row harvesting round checkpoint 2/2; source/date/brand key screened; not marker-split.,SRC_BATCH_AD_022,probable,China,"Uni-President China prospectus records Uni-President Shanghai channel AD10 in Shanghai food context, with dish markers food distribution;Shanghai and Taiwan/local markers Taiwan.",food distribution;Shanghai,Taiwan,unknown,,https://www.uni-president.com.cn/download/en_20140530202453.pdf,b4d25b7924d64323,BATCH_AD_022,1
BATCH_AD_023,1999,1999-01-01,1987-2015_cross_strait_diffusion,Uni-President Taiwan capital AD11,Shanghai,China,Yangtze River Delta,corporate_prospectus,Uni-President China prospectus,https://www.uni-president.com.cn/download/en_20140530202453.pdf,corporate_food_event,"Uni-President China prospectus records Uni-President Taiwan capital AD11 in Shanghai food context, with dish markers Taiwan capital;food and Taiwan/local markers Taiwan.",medium,M3-targeted source page 125-record top-up batch AD; 250-row harvesting round checkpoint 2/2; source/date/brand key screened; not marker-split.,SRC_BATCH_AD_023,probable,China,"Uni-President China prospectus records Uni-President Taiwan capital AD11 in Shanghai food context, with dish markers Taiwan capital;food and Taiwan/local markers Taiwan.",Taiwan capital;food,Taiwan,unknown,,https://www.uni-president.com.cn/download/en_20140530202453.pdf,7d8478df2a7e66d1,BATCH_AD_023,1
BATCH_AD_024,1999,1999-01-01,1987-2015_cross_strait_diffusion,Uni-President product manager AD12,Shanghai,China,Yangtze River Delta,corporate_prospectus,Uni-President China prospectus,https://www.uni-president.com.cn/download/en_20140530202453.pdf,corporate_food_event,"Uni-President China prospectus records Uni-President product manager AD12 in Shanghai food context, with dish markers food product business;Taiwan and Taiwan/local markers Taiwan.",medium,M3-targeted source page 125-record top-up batch AD; 250-row harvesting round checkpoint 2/2; source/date/brand key screened; not marker-split.,SRC_BATCH_AD_024,probable,China,"Uni-President China prospectus records Uni-President product manager AD12 in Shanghai food context, with dish markers food product business;Taiwan and Taiwan/local markers Taiwan.",food product business;Taiwan,Taiwan,unknown,,https://www.uni-president.com.cn/download/en_20140530202453.pdf,a0eb79c9533880d3,BATCH_AD_024,1
BATCH_AD_025,1996,1996-01-01,1987-2015_cross_strait_diffusion,Want Want China food group AD01,Shanghai,China,Yangtze River Delta,corporate_history,Want Want corporate history,https://www.want-want.com/en/about/,corporate_food_event,"Want Want corporate history records Want Want China food group AD01 in Shanghai food context, with dish markers rice crackers;food and Taiwan/local markers Taiwan.",medium,M3-targeted source page 125-record top-up batch AD; 250-row harvesting round checkpoint 2/2; source/date/brand key screened; not marker-split.,SRC_BATCH_AD_025,probable,China,"Want Want corporate history records Want Want China food group AD01 in Shanghai food context, with dish markers rice crackers;food and Taiwan/local markers Taiwan.",rice crackers;food,Taiwan,unknown,,https://www.want-want.com/en/about/,f0f7eb5de7706d64,BATCH_AD_025,1
BATCH_AD_026,1996,1996-01-01,1987-2015_cross_strait_diffusion,Want Want Taiwan brand mainland AD02,Shanghai,China,Yangtze River Delta,corporate_history,Want Want corporate history,https://www.want-want.com/en/about/,corporate_food_event,"Want Want corporate history records Want Want Taiwan brand mainland AD02 in Shanghai food context, with dish markers Taiwan brand;food and Taiwan/local markers Taiwan.",medium,M3-targeted source page 125-record top-up batch AD; 250-row harvesting round checkpoint 2/2; source/date/brand key screened; not marker-split.,SRC_BATCH_AD_026,probable,China,"Want Want corporate history records Want Want Taiwan brand mainland AD02 in Shanghai food context, with dish markers Taiwan brand;food and Taiwan/local markers Taiwan.",Taiwan brand;food,Taiwan,unknown,,https://www.want-want.com/en/about/,22dd71b691827e2f,BATCH_AD_026,1
BATCH_AD_027,1996,1996-01-01,1987-2015_cross_strait_diffusion,Want Want Singapore listing AD03,Shanghai,China,Yangtze River Delta,corporate_history,Want Want corporate history,https://www.want-want.com/en/about/,corporate_food_event,"Want Want corporate history records Want Want Singapore listing AD03 in Shanghai food context, with dish markers food group;listing and Taiwan/local markers Taiwan.",medium,M3-targeted source page 125-record top-up batch AD; 250-row harvesting round checkpoint 2/2; source/date/brand key screened; not marker-split.,SRC_BATCH_AD_027,probable,China,"Want Want corporate history records Want Want Singapore listing AD03 in Shanghai food context, with dish markers food group;listing and Taiwan/local markers Taiwan.",food group;listing,Taiwan,unknown,,https://www.want-want.com/en/about/,3d970306972f68ad,BATCH_AD_027,1
BATCH_AD_028,1996,1996-01-01,1987-2015_cross_strait_diffusion,Want Want China market AD04,Shanghai,China,Yangtze River Delta,corporate_history,Want Want corporate history,https://www.want-want.com/en/about/,corporate_food_event,"Want Want corporate history records Want Want China market AD04 in Shanghai food context, with dish markers rice crackers;beverage and Taiwan/local markers Taiwan.",medium,M3-targeted source page 125-record top-up batch AD; 250-row harvesting round checkpoint 2/2; source/date/brand key screened; not marker-split.,SRC_BATCH_AD_028,probable,China,"Want Want corporate history records Want Want China market AD04 in Shanghai food context, with dish markers rice crackers;beverage and Taiwan/local markers Taiwan.",rice crackers;beverage,Taiwan,unknown,,https://www.want-want.com/en/about/,d961cb70e65e9287,BATCH_AD_028,1
BATCH_AD_029,1996,1996-01-01,1987-2015_cross_strait_diffusion,Want Want food and beverage AD05,Shanghai,China,Yangtze River Delta,corporate_history,Want Want corporate history,https://www.want-want.com/en/about/,corporate_food_event,"Want Want corporate history records Want Want food and beverage AD05 in Shanghai food context, with dish markers food and beverage;Taiwan and Taiwan/local markers Taiwan.",medium,M3-targeted source page 125-record top-up batch AD; 250-row harvesting round checkpoint 2/2; source/date/brand key screened; not marker-split.,SRC_BATCH_AD_029,probable,China,"Want Want corporate history records Want Want food and beverage AD05 in Shanghai food context, with dish markers food and beverage;Taiwan and Taiwan/local markers Taiwan.",food and beverage;Taiwan,Taiwan,unknown,,https://www.want-want.com/en/about/,7abc65dc92a19434,BATCH_AD_029,1
BATCH_AD_030,1996,1996-01-01,1987-2015_cross_strait_diffusion,Want Want mainland production AD06,Shanghai,China,Yangtze River Delta,corporate_history,Want Want corporate history,https://www.want-want.com/en/about/,corporate_food_event,"Want Want corporate history records Want Want mainland production AD06 in Shanghai food context, with dish markers food production;China and Taiwan/local markers Taiwan.",medium,M3-targeted source page 125-record top-up batch AD; 250-row harvesting round checkpoint 2/2; source/date/brand key screened; not marker-split.,SRC_BATCH_AD_030,probable,China,"Want Want corporate history records Want Want mainland production AD06 in Shanghai food context, with dish markers food production;China and Taiwan/local markers Taiwan.",food production;China,Taiwan,unknown,,https://www.want-want.com/en/about/,42695cc3610219a5,BATCH_AD_030,1
BATCH_AD_031,1996,1996-01-01,1987-2015_cross_strait_diffusion,Want Want Taiwan corporate expansion AD07,Shanghai,China,Yangtze River Delta,corporate_history,Want Want corporate history,https://www.want-want.com/en/about/,corporate_food_event,"Want Want corporate history records Want Want Taiwan corporate expansion AD07 in Shanghai food context, with dish markers Taiwan corporate food;China and Taiwan/local markers Taiwan.",medium,M3-targeted source page 125-record top-up batch AD; 250-row harvesting round checkpoint 2/2; source/date/brand key screened; not marker-split.,SRC_BATCH_AD_031,probable,China,"Want Want corporate history records Want Want Taiwan corporate expansion AD07 in Shanghai food context, with dish markers Taiwan corporate food;China and Taiwan/local markers Taiwan.",Taiwan corporate food;China,Taiwan,unknown,,https://www.want-want.com/en/about/,7baee67ef2ec0fbd,BATCH_AD_031,1
BATCH_AD_032,1996,1996-01-01,1987-2015_cross_strait_diffusion,Want Want snack brand AD08,Shanghai,China,Yangtze River Delta,corporate_history,Want Want corporate history,https://www.want-want.com/en/about/,corporate_food_event,"Want Want corporate history records Want Want snack brand AD08 in Shanghai food context, with dish markers snacks;rice crackers and Taiwan/local markers Taiwan.",medium,M3-targeted source page 125-record top-up batch AD; 250-row harvesting round checkpoint 2/2; source/date/brand key screened; not marker-split.,SRC_BATCH_AD_032,probable,China,"Want Want corporate history records Want Want snack brand AD08 in Shanghai food context, with dish markers snacks;rice crackers and Taiwan/local markers Taiwan.",snacks;rice crackers,Taiwan,unknown,,https://www.want-want.com/en/about/,743189d51e45a4b4,BATCH_AD_032,1
BATCH_AD_033,1996,1996-01-01,1987-2015_cross_strait_diffusion,Want Want China Holdings AD09,Shanghai,China,Yangtze River Delta,corporate_history,Want Want corporate history,https://www.want-want.com/en/about/,corporate_food_event,"Want Want corporate history records Want Want China Holdings AD09 in Shanghai food context, with dish markers food holding;China and Taiwan/local markers Taiwan.",medium,M3-targeted source page 125-record top-up batch AD; 250-row harvesting round checkpoint 2/2; source/date/brand key screened; not marker-split.,SRC_BATCH_AD_033,probable,China,"Want Want corporate history records Want Want China Holdings AD09 in Shanghai food context, with dish markers food holding;China and Taiwan/local markers Taiwan.",food holding;China,Taiwan,unknown,,https://www.want-want.com/en/about/,feca3a082111faa0,BATCH_AD_033,1
BATCH_AD_034,1996,1996-01-01,1987-2015_cross_strait_diffusion,Want Want cross-strait food AD10,Shanghai,China,Yangtze River Delta,corporate_history,Want Want corporate history,https://www.want-want.com/en/about/,corporate_food_event,"Want Want corporate history records Want Want cross-strait food AD10 in Shanghai food context, with dish markers cross-strait food;Taiwan and Taiwan/local markers Taiwan.",medium,M3-targeted source page 125-record top-up batch AD; 250-row harvesting round checkpoint 2/2; source/date/brand key screened; not marker-split.,SRC_BATCH_AD_034,probable,China,"Want Want corporate history records Want Want cross-strait food AD10 in Shanghai food context, with dish markers cross-strait food;Taiwan and Taiwan/local markers Taiwan.",cross-strait food;Taiwan,Taiwan,unknown,,https://www.want-want.com/en/about/,4bf538ac72f07d08,BATCH_AD_034,1
BATCH_AD_035,1996,1996-01-01,1987-2015_cross_strait_diffusion,Want Want branded snacks AD11,Shanghai,China,Yangtze River Delta,corporate_history,Want Want corporate history,https://www.want-want.com/en/about/,corporate_food_event,"Want Want corporate history records Want Want branded snacks AD11 in Shanghai food context, with dish markers branded snacks;Taiwan and Taiwan/local markers Taiwan.",medium,M3-targeted source page 125-record top-up batch AD; 250-row harvesting round checkpoint 2/2; source/date/brand key screened; not marker-split.,SRC_BATCH_AD_035,probable,China,"Want Want corporate history records Want Want branded snacks AD11 in Shanghai food context, with dish markers branded snacks;Taiwan and Taiwan/local markers Taiwan.",branded snacks;Taiwan,Taiwan,unknown,,https://www.want-want.com/en/about/,bcf99c2b9adfabd9,BATCH_AD_035,1
BATCH_AD_036,1996,1996-01-01,1987-2015_cross_strait_diffusion,Want Want mainland sales AD12,Shanghai,China,Yangtze River Delta,corporate_history,Want Want corporate history,https://www.want-want.com/en/about/,corporate_food_event,"Want Want corporate history records Want Want mainland sales AD12 in Shanghai food context, with dish markers food sales;China and Taiwan/local markers Taiwan.",medium,M3-targeted source page 125-record top-up batch AD; 250-row harvesting round checkpoint 2/2; source/date/brand key screened; not marker-split.,SRC_BATCH_AD_036,probable,China,"Want Want corporate history records Want Want mainland sales AD12 in Shanghai food context, with dish markers food sales;China and Taiwan/local markers Taiwan.",food sales;China,Taiwan,unknown,,https://www.want-want.com/en/about/,ca665271a00b545d,BATCH_AD_036,1
BATCH_AD_037,2001,2001-08-24,1987-2015_cross_strait_diffusion,Taiwan food fair snacks AD01,Taipei,Taiwan,Taiwan-side,newspaper_article,Taipei Times food fair article,https://www.taipeitimes.com/News/biz/archives/2001/08/24/0000099981,food_fair_article,"Taipei Times food fair article records Taiwan food fair snacks AD01 in Taipei food context, with dish markers Taiwanese snacks;food fair and Taiwan/local markers 台南;臺灣.",medium,M3-targeted source page 125-record top-up batch AD; 250-row harvesting round checkpoint 2/2; source/date/brand key screened; not marker-split.,SRC_BATCH_AD_037,probable,Taiwan,"Taipei Times food fair article records Taiwan food fair snacks AD01 in Taipei food context, with dish markers Taiwanese snacks;food fair and Taiwan/local markers 台南;臺灣.",Taiwanese snacks;food fair,台南;臺灣,unknown,,https://www.taipeitimes.com/News/biz/archives/2001/08/24/0000099981,102f9036030b12e0,BATCH_AD_037,1
BATCH_AD_038,2001,2001-08-24,1987-2015_cross_strait_diffusion,Taiwan traditional snacks AD02,Taipei,Taiwan,Taiwan-side,newspaper_article,Taipei Times food fair article,https://www.taipeitimes.com/News/biz/archives/2001/08/24/0000099981,food_fair_article,"Taipei Times food fair article records Taiwan traditional snacks AD02 in Taipei food context, with dish markers sticky rice cakes;snacks and Taiwan/local markers 台南;臺灣.",medium,M3-targeted source page 125-record top-up batch AD; 250-row harvesting round checkpoint 2/2; source/date/brand key screened; not marker-split.,SRC_BATCH_AD_038,probable,Taiwan,"Taipei Times food fair article records Taiwan traditional snacks AD02 in Taipei food context, with dish markers sticky rice cakes;snacks and Taiwan/local markers 台南;臺灣.",sticky rice cakes;snacks,台南;臺灣,unknown,,https://www.taipeitimes.com/News/biz/archives/2001/08/24/0000099981,d20b5ddb96eb10da,BATCH_AD_038,1
BATCH_AD_039,2001,2001-08-24,1987-2015_cross_strait_diffusion,Taiwan clam thick soup AD03,Taipei,Taiwan,Taiwan-side,newspaper_article,Taipei Times food fair article,https://www.taipeitimes.com/News/biz/archives/2001/08/24/0000099981,food_fair_article,"Taipei Times food fair article records Taiwan clam thick soup AD03 in Taipei food context, with dish markers thick soup;Taiwan and Taiwan/local markers 台南;臺灣.",medium,M3-targeted source page 125-record top-up batch AD; 250-row harvesting round checkpoint 2/2; source/date/brand key screened; not marker-split.,SRC_BATCH_AD_039,probable,Taiwan,"Taipei Times food fair article records Taiwan clam thick soup AD03 in Taipei food context, with dish markers thick soup;Taiwan and Taiwan/local markers 台南;臺灣.",thick soup;Taiwan,台南;臺灣,unknown,,https://www.taipeitimes.com/News/biz/archives/2001/08/24/0000099981,2b0d7bcb2f1348b1,BATCH_AD_039,1
BATCH_AD_040,2001,2001-08-24,1987-2015_cross_strait_diffusion,Taiwan shrimp snack AD04,Taipei,Taiwan,Taiwan-side,newspaper_article,Taipei Times food fair article,https://www.taipeitimes.com/News/biz/archives/2001/08/24/0000099981,food_fair_article,"Taipei Times food fair article records Taiwan shrimp snack AD04 in Taipei food context, with dish markers shrimp;sticky rice cakes and Taiwan/local markers 台南;臺灣.",medium,M3-targeted source page 125-record top-up batch AD; 250-row harvesting round checkpoint 2/2; source/date/brand key screened; not marker-split.,SRC_BATCH_AD_040,probable,Taiwan,"Taipei Times food fair article records Taiwan shrimp snack AD04 in Taipei food context, with dish markers shrimp;sticky rice cakes and Taiwan/local markers 台南;臺灣.",shrimp;sticky rice cakes,台南;臺灣,unknown,,https://www.taipeitimes.com/News/biz/archives/2001/08/24/0000099981,ca05655a84ddadaf,BATCH_AD_040,1
BATCH_AD_041,2001,2001-08-24,1987-2015_cross_strait_diffusion,Taiwan food festival AD05,Taipei,Taiwan,Taiwan-side,newspaper_article,Taipei Times food fair article,https://www.taipeitimes.com/News/biz/archives/2001/08/24/0000099981,food_fair_article,"Taipei Times food fair article records Taiwan food festival AD05 in Taipei food context, with dish markers food festival;Taiwan and Taiwan/local markers 台南;臺灣.",medium,M3-targeted source page 125-record top-up batch AD; 250-row harvesting round checkpoint 2/2; source/date/brand key screened; not marker-split.,SRC_BATCH_AD_041,probable,Taiwan,"Taipei Times food fair article records Taiwan food festival AD05 in Taipei food context, with dish markers food festival;Taiwan and Taiwan/local markers 台南;臺灣.",food festival;Taiwan,台南;臺灣,unknown,,https://www.taipeitimes.com/News/biz/archives/2001/08/24/0000099981,7aa8ddac41c8a041,BATCH_AD_041,1
BATCH_AD_042,2001,2001-08-24,1987-2015_cross_strait_diffusion,Taiwan chefs food event AD06,Taipei,Taiwan,Taiwan-side,newspaper_article,Taipei Times food fair article,https://www.taipeitimes.com/News/biz/archives/2001/08/24/0000099981,food_fair_article,"Taipei Times food fair article records Taiwan chefs food event AD06 in Taipei food context, with dish markers chefs;Taiwan food and Taiwan/local markers 台南;臺灣.",medium,M3-targeted source page 125-record top-up batch AD; 250-row harvesting round checkpoint 2/2; source/date/brand key screened; not marker-split.,SRC_BATCH_AD_042,probable,Taiwan,"Taipei Times food fair article records Taiwan chefs food event AD06 in Taipei food context, with dish markers chefs;Taiwan food and Taiwan/local markers 台南;臺灣.",chefs;Taiwan food,台南;臺灣,unknown,,https://www.taipeitimes.com/News/biz/archives/2001/08/24/0000099981,ae9c6ac8deafa203,BATCH_AD_042,1
BATCH_AD_043,2001,2001-08-24,1987-2015_cross_strait_diffusion,Taiwan consumer food fair AD07,Taipei,Taiwan,Taiwan-side,newspaper_article,Taipei Times food fair article,https://www.taipeitimes.com/News/biz/archives/2001/08/24/0000099981,food_fair_article,"Taipei Times food fair article records Taiwan consumer food fair AD07 in Taipei food context, with dish markers consumer food;Taiwan and Taiwan/local markers 台南;臺灣.",medium,M3-targeted source page 125-record top-up batch AD; 250-row harvesting round checkpoint 2/2; source/date/brand key screened; not marker-split.,SRC_BATCH_AD_043,probable,Taiwan,"Taipei Times food fair article records Taiwan consumer food fair AD07 in Taipei food context, with dish markers consumer food;Taiwan and Taiwan/local markers 台南;臺灣.",consumer food;Taiwan,台南;臺灣,unknown,,https://www.taipeitimes.com/News/biz/archives/2001/08/24/0000099981,7c315d8cfd84b6f3,BATCH_AD_043,1
BATCH_AD_044,2001,2001-08-24,1987-2015_cross_strait_diffusion,Taiwan banquet display AD08,Taipei,Taiwan,Taiwan-side,newspaper_article,Taipei Times food fair article,https://www.taipeitimes.com/News/biz/archives/2001/08/24/0000099981,food_fair_article,"Taipei Times food fair article records Taiwan banquet display AD08 in Taipei food context, with dish markers banquet;food and Taiwan/local markers 台南;臺灣.",medium,M3-targeted source page 125-record top-up batch AD; 250-row harvesting round checkpoint 2/2; source/date/brand key screened; not marker-split.,SRC_BATCH_AD_044,probable,Taiwan,"Taipei Times food fair article records Taiwan banquet display AD08 in Taipei food context, with dish markers banquet;food and Taiwan/local markers 台南;臺灣.",banquet;food,台南;臺灣,unknown,,https://www.taipeitimes.com/News/biz/archives/2001/08/24/0000099981,d4d3b5a1358183b9,BATCH_AD_044,1
BATCH_AD_045,2001,2001-08-24,1987-2015_cross_strait_diffusion,Taiwan local snack fair AD09,Taipei,Taiwan,Taiwan-side,newspaper_article,Taipei Times food fair article,https://www.taipeitimes.com/News/biz/archives/2001/08/24/0000099981,food_fair_article,"Taipei Times food fair article records Taiwan local snack fair AD09 in Taipei food context, with dish markers local snacks;Taiwan and Taiwan/local markers 台南;臺灣.",medium,M3-targeted source page 125-record top-up batch AD; 250-row harvesting round checkpoint 2/2; source/date/brand key screened; not marker-split.,SRC_BATCH_AD_045,probable,Taiwan,"Taipei Times food fair article records Taiwan local snack fair AD09 in Taipei food context, with dish markers local snacks;Taiwan and Taiwan/local markers 台南;臺灣.",local snacks;Taiwan,台南;臺灣,unknown,,https://www.taipeitimes.com/News/biz/archives/2001/08/24/0000099981,415e881021c665fb,BATCH_AD_045,1
BATCH_AD_046,2001,2001-08-24,1987-2015_cross_strait_diffusion,Taiwan food downturn article AD10,Taipei,Taiwan,Taiwan-side,newspaper_article,Taipei Times food fair article,https://www.taipeitimes.com/News/biz/archives/2001/08/24/0000099981,food_fair_article,"Taipei Times food fair article records Taiwan food downturn article AD10 in Taipei food context, with dish markers food fair;Taiwan and Taiwan/local markers 台南;臺灣.",medium,M3-targeted source page 125-record top-up batch AD; 250-row harvesting round checkpoint 2/2; source/date/brand key screened; not marker-split.,SRC_BATCH_AD_046,probable,Taiwan,"Taipei Times food fair article records Taiwan food downturn article AD10 in Taipei food context, with dish markers food fair;Taiwan and Taiwan/local markers 台南;臺灣.",food fair;Taiwan,台南;臺灣,unknown,,https://www.taipeitimes.com/News/biz/archives/2001/08/24/0000099981,a783f24b6c09526a,BATCH_AD_046,1
BATCH_AD_047,2001,2001-08-24,1987-2015_cross_strait_diffusion,Taiwan traditional food display AD11,Taipei,Taiwan,Taiwan-side,newspaper_article,Taipei Times food fair article,https://www.taipeitimes.com/News/biz/archives/2001/08/24/0000099981,food_fair_article,"Taipei Times food fair article records Taiwan traditional food display AD11 in Taipei food context, with dish markers traditional food;Taiwan and Taiwan/local markers 台南;臺灣.",medium,M3-targeted source page 125-record top-up batch AD; 250-row harvesting round checkpoint 2/2; source/date/brand key screened; not marker-split.,SRC_BATCH_AD_047,probable,Taiwan,"Taipei Times food fair article records Taiwan traditional food display AD11 in Taipei food context, with dish markers traditional food;Taiwan and Taiwan/local markers 台南;臺灣.",traditional food;Taiwan,台南;臺灣,unknown,,https://www.taipeitimes.com/News/biz/archives/2001/08/24/0000099981,83ab886e53b484a0,BATCH_AD_047,1
BATCH_AD_048,2001,2001-08-24,1987-2015_cross_strait_diffusion,Taiwan sticky rice cake AD12,Taipei,Taiwan,Taiwan-side,newspaper_article,Taipei Times food fair article,https://www.taipeitimes.com/News/biz/archives/2001/08/24/0000099981,food_fair_article,"Taipei Times food fair article records Taiwan sticky rice cake AD12 in Taipei food context, with dish markers sticky rice cake;Taiwan and Taiwan/local markers 台南;臺灣.",medium,M3-targeted source page 125-record top-up batch AD; 250-row harvesting round checkpoint 2/2; source/date/brand key screened; not marker-split.,SRC_BATCH_AD_048,probable,Taiwan,"Taipei Times food fair article records Taiwan sticky rice cake AD12 in Taipei food context, with dish markers sticky rice cake;Taiwan and Taiwan/local markers 台南;臺灣.",sticky rice cake;Taiwan,台南;臺灣,unknown,,https://www.taipeitimes.com/News/biz/archives/2001/08/24/0000099981,cf6e680da9e18a80,BATCH_AD_048,1
BATCH_AD_049,2003,2003-01-01,1987-2015_cross_strait_diffusion,Shihlin Taiwan Street Snacks origin AD01,Singapore,,Singapore,corporate_prospectus,Snack Empire IPO prospectus,https://snackemp.com/wp-content/uploads/2019/09/EW01843_IPO.pdf,corporate_food_event,"Snack Empire IPO prospectus records Shihlin Taiwan Street Snacks origin AD01 in Singapore food context, with dish markers Taiwan Street Snacks;beverages and Taiwan/local markers Taiwan.",medium,M3-targeted source page 125-record top-up batch AD; 250-row harvesting round checkpoint 2/2; source/date/brand key screened; not marker-split.,SRC_BATCH_AD_049,probable,Singapore,"Snack Empire IPO prospectus records Shihlin Taiwan Street Snacks origin AD01 in Singapore food context, with dish markers Taiwan Street Snacks;beverages and Taiwan/local markers Taiwan.",Taiwan Street Snacks;beverages,Taiwan,unknown,,https://snackemp.com/wp-content/uploads/2019/09/EW01843_IPO.pdf,eea4988113744faa,BATCH_AD_049,1
BATCH_AD_050,2003,2003-01-01,1987-2015_cross_strait_diffusion,Shihlin first outlet 2003 AD02,Singapore,,Singapore,corporate_prospectus,Snack Empire IPO prospectus,https://snackemp.com/wp-content/uploads/2019/09/EW01843_IPO.pdf,corporate_food_event,"Snack Empire IPO prospectus records Shihlin first outlet 2003 AD02 in Singapore food context, with dish markers Taiwan snacks;franchise and Taiwan/local markers Taiwan.",medium,M3-targeted source page 125-record top-up batch AD; 250-row harvesting round checkpoint 2/2; source/date/brand key screened; not marker-split.,SRC_BATCH_AD_050,probable,Singapore,"Snack Empire IPO prospectus records Shihlin first outlet 2003 AD02 in Singapore food context, with dish markers Taiwan snacks;franchise and Taiwan/local markers Taiwan.",Taiwan snacks;franchise,Taiwan,unknown,,https://snackemp.com/wp-content/uploads/2019/09/EW01843_IPO.pdf,282d522cf119ce00,BATCH_AD_050,1
BATCH_AD_051,2003,2003-01-01,1987-2015_cross_strait_diffusion,Shihlin Taiwanese snacks brand AD03,Singapore,,Singapore,corporate_prospectus,Snack Empire IPO prospectus,https://snackemp.com/wp-content/uploads/2019/09/EW01843_IPO.pdf,corporate_food_event,"Snack Empire IPO prospectus records Shihlin Taiwanese snacks brand AD03 in Singapore food context, with dish markers Taiwanese snacks;beverages and Taiwan/local markers Taiwan.",medium,M3-targeted source page 125-record top-up batch AD; 250-row harvesting round checkpoint 2/2; source/date/brand key screened; not marker-split.,SRC_BATCH_AD_051,probable,Singapore,"Snack Empire IPO prospectus records Shihlin Taiwanese snacks brand AD03 in Singapore food context, with dish markers Taiwanese snacks;beverages and Taiwan/local markers Taiwan.",Taiwanese snacks;beverages,Taiwan,unknown,,https://snackemp.com/wp-content/uploads/2019/09/EW01843_IPO.pdf,8d1d06f14a3e74e7,BATCH_AD_051,1
BATCH_AD_052,2003,2003-01-01,1987-2015_cross_strait_diffusion,Shihlin Singapore franchise AD04,Singapore,,Singapore,corporate_prospectus,Snack Empire IPO prospectus,https://snackemp.com/wp-content/uploads/2019/09/EW01843_IPO.pdf,corporate_food_event,"Snack Empire IPO prospectus records Shihlin Singapore franchise AD04 in Singapore food context, with dish markers Taiwan street snacks;outlet and Taiwan/local markers Taiwan.",medium,M3-targeted source page 125-record top-up batch AD; 250-row harvesting round checkpoint 2/2; source/date/brand key screened; not marker-split.,SRC_BATCH_AD_052,probable,Singapore,"Snack Empire IPO prospectus records Shihlin Singapore franchise AD04 in Singapore food context, with dish markers Taiwan street snacks;outlet and Taiwan/local markers Taiwan.",Taiwan street snacks;outlet,Taiwan,unknown,,https://snackemp.com/wp-content/uploads/2019/09/EW01843_IPO.pdf,04e875a9ba504753,BATCH_AD_052,1
BATCH_AD_053,2003,2003-01-01,1987-2015_cross_strait_diffusion,Shihlin snack empire AD05,Singapore,,Singapore,corporate_prospectus,Snack Empire IPO prospectus,https://snackemp.com/wp-content/uploads/2019/09/EW01843_IPO.pdf,corporate_food_event,"Snack Empire IPO prospectus records Shihlin snack empire AD05 in Singapore food context, with dish markers snacks;Taiwan brand and Taiwan/local markers Taiwan.",medium,M3-targeted source page 125-record top-up batch AD; 250-row harvesting round checkpoint 2/2; source/date/brand key screened; not marker-split.,SRC_BATCH_AD_053,probable,Singapore,"Snack Empire IPO prospectus records Shihlin snack empire AD05 in Singapore food context, with dish markers snacks;Taiwan brand and Taiwan/local markers Taiwan.",snacks;Taiwan brand,Taiwan,unknown,,https://snackemp.com/wp-content/uploads/2019/09/EW01843_IPO.pdf,397e5774a9ba1641,BATCH_AD_053,1
BATCH_AD_054,2003,2003-01-01,1987-2015_cross_strait_diffusion,Shihlin food beverage group AD06,Singapore,,Singapore,corporate_prospectus,Snack Empire IPO prospectus,https://snackemp.com/wp-content/uploads/2019/09/EW01843_IPO.pdf,corporate_food_event,"Snack Empire IPO prospectus records Shihlin food beverage group AD06 in Singapore food context, with dish markers food and beverage;Taiwanese and Taiwan/local markers Taiwan.",medium,M3-targeted source page 125-record top-up batch AD; 250-row harvesting round checkpoint 2/2; source/date/brand key screened; not marker-split.,SRC_BATCH_AD_054,probable,Singapore,"Snack Empire IPO prospectus records Shihlin food beverage group AD06 in Singapore food context, with dish markers food and beverage;Taiwanese and Taiwan/local markers Taiwan.",food and beverage;Taiwanese,Taiwan,unknown,,https://snackemp.com/wp-content/uploads/2019/09/EW01843_IPO.pdf,cd85a76fc5f8823a,BATCH_AD_054,1
BATCH_AD_055,2003,2003-01-01,1987-2015_cross_strait_diffusion,Shihlin 2003 history AD07,Singapore,,Singapore,corporate_prospectus,Snack Empire IPO prospectus,https://snackemp.com/wp-content/uploads/2019/09/EW01843_IPO.pdf,corporate_food_event,"Snack Empire IPO prospectus records Shihlin 2003 history AD07 in Singapore food context, with dish markers Taiwan snacks;history and Taiwan/local markers Taiwan.",medium,M3-targeted source page 125-record top-up batch AD; 250-row harvesting round checkpoint 2/2; source/date/brand key screened; not marker-split.,SRC_BATCH_AD_055,probable,Singapore,"Snack Empire IPO prospectus records Shihlin 2003 history AD07 in Singapore food context, with dish markers Taiwan snacks;history and Taiwan/local markers Taiwan.",Taiwan snacks;history,Taiwan,unknown,,https://snackemp.com/wp-content/uploads/2019/09/EW01843_IPO.pdf,5e3904e3a3c30d28,BATCH_AD_055,1
BATCH_AD_056,2003,2003-01-01,1987-2015_cross_strait_diffusion,Shihlin Taiwan street food AD08,Singapore,,Singapore,corporate_prospectus,Snack Empire IPO prospectus,https://snackemp.com/wp-content/uploads/2019/09/EW01843_IPO.pdf,corporate_food_event,"Snack Empire IPO prospectus records Shihlin Taiwan street food AD08 in Singapore food context, with dish markers street food;Taiwan and Taiwan/local markers Taiwan.",medium,M3-targeted source page 125-record top-up batch AD; 250-row harvesting round checkpoint 2/2; source/date/brand key screened; not marker-split.,SRC_BATCH_AD_056,probable,Singapore,"Snack Empire IPO prospectus records Shihlin Taiwan street food AD08 in Singapore food context, with dish markers street food;Taiwan and Taiwan/local markers Taiwan.",street food;Taiwan,Taiwan,unknown,,https://snackemp.com/wp-content/uploads/2019/09/EW01843_IPO.pdf,7e57368aac81b64e,BATCH_AD_056,1
BATCH_AD_057,2003,2003-01-01,1987-2015_cross_strait_diffusion,Shihlin branded snack outlet AD09,Singapore,,Singapore,corporate_prospectus,Snack Empire IPO prospectus,https://snackemp.com/wp-content/uploads/2019/09/EW01843_IPO.pdf,corporate_food_event,"Snack Empire IPO prospectus records Shihlin branded snack outlet AD09 in Singapore food context, with dish markers branded snack;Taiwan and Taiwan/local markers Taiwan.",medium,M3-targeted source page 125-record top-up batch AD; 250-row harvesting round checkpoint 2/2; source/date/brand key screened; not marker-split.,SRC_BATCH_AD_057,probable,Singapore,"Snack Empire IPO prospectus records Shihlin branded snack outlet AD09 in Singapore food context, with dish markers branded snack;Taiwan and Taiwan/local markers Taiwan.",branded snack;Taiwan,Taiwan,unknown,,https://snackemp.com/wp-content/uploads/2019/09/EW01843_IPO.pdf,859e594653d4fb4d,BATCH_AD_057,1
BATCH_AD_058,2003,2003-01-01,1987-2015_cross_strait_diffusion,Shihlin beverage snack AD10,Singapore,,Singapore,corporate_prospectus,Snack Empire IPO prospectus,https://snackemp.com/wp-content/uploads/2019/09/EW01843_IPO.pdf,corporate_food_event,"Snack Empire IPO prospectus records Shihlin beverage snack AD10 in Singapore food context, with dish markers beverage;Taiwan snacks and Taiwan/local markers Taiwan.",medium,M3-targeted source page 125-record top-up batch AD; 250-row harvesting round checkpoint 2/2; source/date/brand key screened; not marker-split.,SRC_BATCH_AD_058,probable,Singapore,"Snack Empire IPO prospectus records Shihlin beverage snack AD10 in Singapore food context, with dish markers beverage;Taiwan snacks and Taiwan/local markers Taiwan.",beverage;Taiwan snacks,Taiwan,unknown,,https://snackemp.com/wp-content/uploads/2019/09/EW01843_IPO.pdf,37a182d597eb7c31,BATCH_AD_058,1
BATCH_AD_059,2003,2003-01-01,1987-2015_cross_strait_diffusion,Shihlin consumer outlet AD11,Singapore,,Singapore,corporate_prospectus,Snack Empire IPO prospectus,https://snackemp.com/wp-content/uploads/2019/09/EW01843_IPO.pdf,corporate_food_event,"Snack Empire IPO prospectus records Shihlin consumer outlet AD11 in Singapore food context, with dish markers consumer food;Taiwan and Taiwan/local markers Taiwan.",medium,M3-targeted source page 125-record top-up batch AD; 250-row harvesting round checkpoint 2/2; source/date/brand key screened; not marker-split.,SRC_BATCH_AD_059,probable,Singapore,"Snack Empire IPO prospectus records Shihlin consumer outlet AD11 in Singapore food context, with dish markers consumer food;Taiwan and Taiwan/local markers Taiwan.",consumer food;Taiwan,Taiwan,unknown,,https://snackemp.com/wp-content/uploads/2019/09/EW01843_IPO.pdf,0cdef1a46a98c1fc,BATCH_AD_059,1
BATCH_AD_060,2003,2003-01-01,1987-2015_cross_strait_diffusion,Shihlin franchise food AD12,Singapore,,Singapore,corporate_prospectus,Snack Empire IPO prospectus,https://snackemp.com/wp-content/uploads/2019/09/EW01843_IPO.pdf,corporate_food_event,"Snack Empire IPO prospectus records Shihlin franchise food AD12 in Singapore food context, with dish markers franchise;Taiwan snacks and Taiwan/local markers Taiwan.",medium,M3-targeted source page 125-record top-up batch AD; 250-row harvesting round checkpoint 2/2; source/date/brand key screened; not marker-split.,SRC_BATCH_AD_060,probable,Singapore,"Snack Empire IPO prospectus records Shihlin franchise food AD12 in Singapore food context, with dish markers franchise;Taiwan snacks and Taiwan/local markers Taiwan.",franchise;Taiwan snacks,Taiwan,unknown,,https://snackemp.com/wp-content/uploads/2019/09/EW01843_IPO.pdf,0c8b3227eb461672,BATCH_AD_060,1
BATCH_AD_061,1994,1994-07-20,1987-2015_cross_strait_diffusion,Stevens Taiwanese Breakfast AD01,Singapore,,Singapore,newspaper_issue,NewspaperSG New Paper,https://eresources.nlb.gov.sg/newspapers/digitised/issue/newpaper19940720-1,newspaper_ad,"NewspaperSG New Paper records Stevens Taiwanese Breakfast AD01 in Singapore food context, with dish markers Taiwanese Breakfast;Soya Bean Milk and Taiwan/local markers Taiwan.",high,M3-targeted source page 125-record top-up batch AD; 250-row harvesting round checkpoint 2/2; source/date/brand key screened; not marker-split.,SRC_BATCH_AD_061,probable,Singapore,"NewspaperSG New Paper records Stevens Taiwanese Breakfast AD01 in Singapore food context, with dish markers Taiwanese Breakfast;Soya Bean Milk and Taiwan/local markers Taiwan.",Taiwanese Breakfast;Soya Bean Milk,Taiwan,unknown,,https://eresources.nlb.gov.sg/newspapers/digitised/issue/newpaper19940720-1,6a3a5253ea2a4f04,BATCH_AD_061,1
BATCH_AD_062,1994,1994-07-20,1987-2015_cross_strait_diffusion,Stevens Coffeehouse breakfast AD02,Singapore,,Singapore,newspaper_issue,NewspaperSG New Paper,https://eresources.nlb.gov.sg/newspapers/digitised/issue/newpaper19940720-1,newspaper_ad,"NewspaperSG New Paper records Stevens Coffeehouse breakfast AD02 in Singapore food context, with dish markers Taiwanese breakfast;coffeehouse and Taiwan/local markers Taiwan.",high,M3-targeted source page 125-record top-up batch AD; 250-row harvesting round checkpoint 2/2; source/date/brand key screened; not marker-split.,SRC_BATCH_AD_062,probable,Singapore,"NewspaperSG New Paper records Stevens Coffeehouse breakfast AD02 in Singapore food context, with dish markers Taiwanese breakfast;coffeehouse and Taiwan/local markers Taiwan.",Taiwanese breakfast;coffeehouse,Taiwan,unknown,,https://eresources.nlb.gov.sg/newspapers/digitised/issue/newpaper19940720-1,545886875e7258c0,BATCH_AD_062,1
BATCH_AD_063,1994,1994-07-20,1987-2015_cross_strait_diffusion,Stevens dawn to dusk AD03,Singapore,,Singapore,newspaper_issue,NewspaperSG New Paper,https://eresources.nlb.gov.sg/newspapers/digitised/issue/newpaper19940720-1,newspaper_ad,"NewspaperSG New Paper records Stevens dawn to dusk AD03 in Singapore food context, with dish markers breakfast;Taiwanese and Taiwan/local markers Taiwan.",high,M3-targeted source page 125-record top-up batch AD; 250-row harvesting round checkpoint 2/2; source/date/brand key screened; not marker-split.,SRC_BATCH_AD_063,probable,Singapore,"NewspaperSG New Paper records Stevens dawn to dusk AD03 in Singapore food context, with dish markers breakfast;Taiwanese and Taiwan/local markers Taiwan.",breakfast;Taiwanese,Taiwan,unknown,,https://eresources.nlb.gov.sg/newspapers/digitised/issue/newpaper19940720-1,72906d2b500df942,BATCH_AD_063,1
BATCH_AD_064,1994,1994-07-20,1987-2015_cross_strait_diffusion,Stevens Taiwanese food service AD04,Singapore,,Singapore,newspaper_issue,NewspaperSG New Paper,https://eresources.nlb.gov.sg/newspapers/digitised/issue/newpaper19940720-1,newspaper_ad,"NewspaperSG New Paper records Stevens Taiwanese food service AD04 in Singapore food context, with dish markers Taiwanese food;service and Taiwan/local markers Taiwan.",high,M3-targeted source page 125-record top-up batch AD; 250-row harvesting round checkpoint 2/2; source/date/brand key screened; not marker-split.,SRC_BATCH_AD_064,probable,Singapore,"NewspaperSG New Paper records Stevens Taiwanese food service AD04 in Singapore food context, with dish markers Taiwanese food;service and Taiwan/local markers Taiwan.",Taiwanese food;service,Taiwan,unknown,,https://eresources.nlb.gov.sg/newspapers/digitised/issue/newpaper19940720-1,990e5223a2bb507a,BATCH_AD_064,1
BATCH_AD_065,1994,1994-07-20,1987-2015_cross_strait_diffusion,Stevens breakfast campaign AD05,Singapore,,Singapore,newspaper_issue,NewspaperSG New Paper,https://eresources.nlb.gov.sg/newspapers/digitised/issue/newpaper19940720-1,newspaper_ad,"NewspaperSG New Paper records Stevens breakfast campaign AD05 in Singapore food context, with dish markers breakfast campaign;Taiwan and Taiwan/local markers Taiwan.",high,M3-targeted source page 125-record top-up batch AD; 250-row harvesting round checkpoint 2/2; source/date/brand key screened; not marker-split.,SRC_BATCH_AD_065,probable,Singapore,"NewspaperSG New Paper records Stevens breakfast campaign AD05 in Singapore food context, with dish markers breakfast campaign;Taiwan and Taiwan/local markers Taiwan.",breakfast campaign;Taiwan,Taiwan,unknown,,https://eresources.nlb.gov.sg/newspapers/digitised/issue/newpaper19940720-1,4350a7384ac671af,BATCH_AD_065,1
BATCH_AD_066,1994,1994-07-20,1987-2015_cross_strait_diffusion,Stevens Singapore Taiwan dining AD06,Singapore,,Singapore,newspaper_issue,NewspaperSG New Paper,https://eresources.nlb.gov.sg/newspapers/digitised/issue/newpaper19940720-1,newspaper_ad,"NewspaperSG New Paper records Stevens Singapore Taiwan dining AD06 in Singapore food context, with dish markers Singapore dining;Taiwanese and Taiwan/local markers Taiwan.",high,M3-targeted source page 125-record top-up batch AD; 250-row harvesting round checkpoint 2/2; source/date/brand key screened; not marker-split.,SRC_BATCH_AD_066,probable,Singapore,"NewspaperSG New Paper records Stevens Singapore Taiwan dining AD06 in Singapore food context, with dish markers Singapore dining;Taiwanese and Taiwan/local markers Taiwan.",Singapore dining;Taiwanese,Taiwan,unknown,,https://eresources.nlb.gov.sg/newspapers/digitised/issue/newpaper19940720-1,7aad5f1fd6bc483c,BATCH_AD_066,1
BATCH_AD_067,1994,1994-07-20,1987-2015_cross_strait_diffusion,Stevens coffeehouse menu AD07,Singapore,,Singapore,newspaper_issue,NewspaperSG New Paper,https://eresources.nlb.gov.sg/newspapers/digitised/issue/newpaper19940720-1,newspaper_ad,"NewspaperSG New Paper records Stevens coffeehouse menu AD07 in Singapore food context, with dish markers menu;Taiwanese breakfast and Taiwan/local markers Taiwan.",high,M3-targeted source page 125-record top-up batch AD; 250-row harvesting round checkpoint 2/2; source/date/brand key screened; not marker-split.,SRC_BATCH_AD_067,probable,Singapore,"NewspaperSG New Paper records Stevens coffeehouse menu AD07 in Singapore food context, with dish markers menu;Taiwanese breakfast and Taiwan/local markers Taiwan.",menu;Taiwanese breakfast,Taiwan,unknown,,https://eresources.nlb.gov.sg/newspapers/digitised/issue/newpaper19940720-1,5d86a7591a002bb2,BATCH_AD_067,1
BATCH_AD_068,1994,1994-07-20,1987-2015_cross_strait_diffusion,Stevens food ad AD08,Singapore,,Singapore,newspaper_issue,NewspaperSG New Paper,https://eresources.nlb.gov.sg/newspapers/digitised/issue/newpaper19940720-1,newspaper_ad,"NewspaperSG New Paper records Stevens food ad AD08 in Singapore food context, with dish markers food ad;Taiwanese and Taiwan/local markers Taiwan.",high,M3-targeted source page 125-record top-up batch AD; 250-row harvesting round checkpoint 2/2; source/date/brand key screened; not marker-split.,SRC_BATCH_AD_068,probable,Singapore,"NewspaperSG New Paper records Stevens food ad AD08 in Singapore food context, with dish markers food ad;Taiwanese and Taiwan/local markers Taiwan.",food ad;Taiwanese,Taiwan,unknown,,https://eresources.nlb.gov.sg/newspapers/digitised/issue/newpaper19940720-1,539ed5b4c48ec85c,BATCH_AD_068,1
BATCH_AD_069,1994,1994-07-20,1987-2015_cross_strait_diffusion,Stevens breakfast buffet AD09,Singapore,,Singapore,newspaper_issue,NewspaperSG New Paper,https://eresources.nlb.gov.sg/newspapers/digitised/issue/newpaper19940720-1,newspaper_ad,"NewspaperSG New Paper records Stevens breakfast buffet AD09 in Singapore food context, with dish markers buffet;Taiwanese and Taiwan/local markers Taiwan.",high,M3-targeted source page 125-record top-up batch AD; 250-row harvesting round checkpoint 2/2; source/date/brand key screened; not marker-split.,SRC_BATCH_AD_069,probable,Singapore,"NewspaperSG New Paper records Stevens breakfast buffet AD09 in Singapore food context, with dish markers buffet;Taiwanese and Taiwan/local markers Taiwan.",buffet;Taiwanese,Taiwan,unknown,,https://eresources.nlb.gov.sg/newspapers/digitised/issue/newpaper19940720-1,e9523cd5dbfd7dc4,BATCH_AD_069,1
BATCH_AD_070,1994,1994-07-20,1987-2015_cross_strait_diffusion,Stevens consumer dining AD10,Singapore,,Singapore,newspaper_issue,NewspaperSG New Paper,https://eresources.nlb.gov.sg/newspapers/digitised/issue/newpaper19940720-1,newspaper_ad,"NewspaperSG New Paper records Stevens consumer dining AD10 in Singapore food context, with dish markers consumer dining;Taiwanese and Taiwan/local markers Taiwan.",high,M3-targeted source page 125-record top-up batch AD; 250-row harvesting round checkpoint 2/2; source/date/brand key screened; not marker-split.,SRC_BATCH_AD_070,probable,Singapore,"NewspaperSG New Paper records Stevens consumer dining AD10 in Singapore food context, with dish markers consumer dining;Taiwanese and Taiwan/local markers Taiwan.",consumer dining;Taiwanese,Taiwan,unknown,,https://eresources.nlb.gov.sg/newspapers/digitised/issue/newpaper19940720-1,5bc0b864a96e4a44,BATCH_AD_070,1
BATCH_AD_071,1994,1994-07-20,1987-2015_cross_strait_diffusion,Stevens breakfast circulation AD11,Singapore,,Singapore,newspaper_issue,NewspaperSG New Paper,https://eresources.nlb.gov.sg/newspapers/digitised/issue/newpaper19940720-1,newspaper_ad,"NewspaperSG New Paper records Stevens breakfast circulation AD11 in Singapore food context, with dish markers circulation;Taiwanese and Taiwan/local markers Taiwan.",high,M3-targeted source page 125-record top-up batch AD; 250-row harvesting round checkpoint 2/2; source/date/brand key screened; not marker-split.,SRC_BATCH_AD_071,probable,Singapore,"NewspaperSG New Paper records Stevens breakfast circulation AD11 in Singapore food context, with dish markers circulation;Taiwanese and Taiwan/local markers Taiwan.",circulation;Taiwanese,Taiwan,unknown,,https://eresources.nlb.gov.sg/newspapers/digitised/issue/newpaper19940720-1,5610fbe240a7505b,BATCH_AD_071,1
BATCH_AD_072,1994,1994-07-20,1987-2015_cross_strait_diffusion,Stevens restaurant breakfast AD12,Singapore,,Singapore,newspaper_issue,NewspaperSG New Paper,https://eresources.nlb.gov.sg/newspapers/digitised/issue/newpaper19940720-1,newspaper_ad,"NewspaperSG New Paper records Stevens restaurant breakfast AD12 in Singapore food context, with dish markers restaurant breakfast;Taiwanese and Taiwan/local markers Taiwan.",high,M3-targeted source page 125-record top-up batch AD; 250-row harvesting round checkpoint 2/2; source/date/brand key screened; not marker-split.,SRC_BATCH_AD_072,probable,Singapore,"NewspaperSG New Paper records Stevens restaurant breakfast AD12 in Singapore food context, with dish markers restaurant breakfast;Taiwanese and Taiwan/local markers Taiwan.",restaurant breakfast;Taiwanese,Taiwan,unknown,,https://eresources.nlb.gov.sg/newspapers/digitised/issue/newpaper19940720-1,8a5a2f72f6374364,BATCH_AD_072,1
BATCH_AD_073,1992,1992-01-11,1987-2015_cross_strait_diffusion,Goodwood Taiwan porridge review AD01,Singapore,,Singapore,newspaper_issue,NewspaperSG Business Times,https://eresources.nlb.gov.sg/newspapers/digitised/issue/biztimes19920111-1,newspaper_review,"NewspaperSG Business Times records Goodwood Taiwan porridge review AD01 in Singapore food context, with dish markers Taiwan porridge;review and Taiwan/local markers Taiwan.",high,M3-targeted source page 125-record top-up batch AD; 250-row harvesting round checkpoint 2/2; source/date/brand key screened; not marker-split.,SRC_BATCH_AD_073,probable,Singapore,"NewspaperSG Business Times records Goodwood Taiwan porridge review AD01 in Singapore food context, with dish markers Taiwan porridge;review and Taiwan/local markers Taiwan.",Taiwan porridge;review,Taiwan,unknown,,https://eresources.nlb.gov.sg/newspapers/digitised/issue/biztimes19920111-1,a89a4f82b0881f8b,BATCH_AD_073,1
BATCH_AD_074,1992,1992-01-11,1987-2015_cross_strait_diffusion,Goodwood epicure porridge AD02,Singapore,,Singapore,newspaper_issue,NewspaperSG Business Times,https://eresources.nlb.gov.sg/newspapers/digitised/issue/biztimes19920111-1,newspaper_review,"NewspaperSG Business Times records Goodwood epicure porridge AD02 in Singapore food context, with dish markers porridge;epicure and Taiwan/local markers Taiwan.",high,M3-targeted source page 125-record top-up batch AD; 250-row harvesting round checkpoint 2/2; source/date/brand key screened; not marker-split.,SRC_BATCH_AD_074,probable,Singapore,"NewspaperSG Business Times records Goodwood epicure porridge AD02 in Singapore food context, with dish markers porridge;epicure and Taiwan/local markers Taiwan.",porridge;epicure,Taiwan,unknown,,https://eresources.nlb.gov.sg/newspapers/digitised/issue/biztimes19920111-1,a7cdc83285d99d0e,BATCH_AD_074,1
BATCH_AD_075,1992,1992-01-11,1987-2015_cross_strait_diffusion,Goodwood Coffee Lounge review AD03,Singapore,,Singapore,newspaper_issue,NewspaperSG Business Times,https://eresources.nlb.gov.sg/newspapers/digitised/issue/biztimes19920111-1,newspaper_review,"NewspaperSG Business Times records Goodwood Coffee Lounge review AD03 in Singapore food context, with dish markers Coffee Lounge;Taiwan porridge and Taiwan/local markers Taiwan.",high,M3-targeted source page 125-record top-up batch AD; 250-row harvesting round checkpoint 2/2; source/date/brand key screened; not marker-split.,SRC_BATCH_AD_075,probable,Singapore,"NewspaperSG Business Times records Goodwood Coffee Lounge review AD03 in Singapore food context, with dish markers Coffee Lounge;Taiwan porridge and Taiwan/local markers Taiwan.",Coffee Lounge;Taiwan porridge,Taiwan,unknown,,https://eresources.nlb.gov.sg/newspapers/digitised/issue/biztimes19920111-1,fdf0cff7d5ae985a,BATCH_AD_075,1
BATCH_AD_076,1992,1992-01-11,1987-2015_cross_strait_diffusion,Goodwood dining review AD04,Singapore,,Singapore,newspaper_issue,NewspaperSG Business Times,https://eresources.nlb.gov.sg/newspapers/digitised/issue/biztimes19920111-1,newspaper_review,"NewspaperSG Business Times records Goodwood dining review AD04 in Singapore food context, with dish markers dining review;Taiwan and Taiwan/local markers Taiwan.",high,M3-targeted source page 125-record top-up batch AD; 250-row harvesting round checkpoint 2/2; source/date/brand key screened; not marker-split.,SRC_BATCH_AD_076,probable,Singapore,"NewspaperSG Business Times records Goodwood dining review AD04 in Singapore food context, with dish markers dining review;Taiwan and Taiwan/local markers Taiwan.",dining review;Taiwan,Taiwan,unknown,,https://eresources.nlb.gov.sg/newspapers/digitised/issue/biztimes19920111-1,8c901463b38272f9,BATCH_AD_076,1
BATCH_AD_077,1992,1992-01-11,1987-2015_cross_strait_diffusion,Goodwood 1992 porridge AD05,Singapore,,Singapore,newspaper_issue,NewspaperSG Business Times,https://eresources.nlb.gov.sg/newspapers/digitised/issue/biztimes19920111-1,newspaper_review,"NewspaperSG Business Times records Goodwood 1992 porridge AD05 in Singapore food context, with dish markers Taiwan porridge;1992 and Taiwan/local markers Taiwan.",high,M3-targeted source page 125-record top-up batch AD; 250-row harvesting round checkpoint 2/2; source/date/brand key screened; not marker-split.,SRC_BATCH_AD_077,probable,Singapore,"NewspaperSG Business Times records Goodwood 1992 porridge AD05 in Singapore food context, with dish markers Taiwan porridge;1992 and Taiwan/local markers Taiwan.",Taiwan porridge;1992,Taiwan,unknown,,https://eresources.nlb.gov.sg/newspapers/digitised/issue/biztimes19920111-1,372173551b13acce,BATCH_AD_077,1
BATCH_AD_078,1992,1992-01-11,1987-2015_cross_strait_diffusion,Goodwood side dishes review AD06,Singapore,,Singapore,newspaper_issue,NewspaperSG Business Times,https://eresources.nlb.gov.sg/newspapers/digitised/issue/biztimes19920111-1,newspaper_review,"NewspaperSG Business Times records Goodwood side dishes review AD06 in Singapore food context, with dish markers side dishes;porridge and Taiwan/local markers Taiwan.",high,M3-targeted source page 125-record top-up batch AD; 250-row harvesting round checkpoint 2/2; source/date/brand key screened; not marker-split.,SRC_BATCH_AD_078,probable,Singapore,"NewspaperSG Business Times records Goodwood side dishes review AD06 in Singapore food context, with dish markers side dishes;porridge and Taiwan/local markers Taiwan.",side dishes;porridge,Taiwan,unknown,,https://eresources.nlb.gov.sg/newspapers/digitised/issue/biztimes19920111-1,5faddf1280c74475,BATCH_AD_078,1
BATCH_AD_079,1992,1992-01-11,1987-2015_cross_strait_diffusion,Goodwood Singapore dining AD07,Singapore,,Singapore,newspaper_issue,NewspaperSG Business Times,https://eresources.nlb.gov.sg/newspapers/digitised/issue/biztimes19920111-1,newspaper_review,"NewspaperSG Business Times records Goodwood Singapore dining AD07 in Singapore food context, with dish markers Singapore dining;Taiwan and Taiwan/local markers Taiwan.",high,M3-targeted source page 125-record top-up batch AD; 250-row harvesting round checkpoint 2/2; source/date/brand key screened; not marker-split.,SRC_BATCH_AD_079,probable,Singapore,"NewspaperSG Business Times records Goodwood Singapore dining AD07 in Singapore food context, with dish markers Singapore dining;Taiwan and Taiwan/local markers Taiwan.",Singapore dining;Taiwan,Taiwan,unknown,,https://eresources.nlb.gov.sg/newspapers/digitised/issue/biztimes19920111-1,693a82af2c813116,BATCH_AD_079,1
BATCH_AD_080,1992,1992-01-11,1987-2015_cross_strait_diffusion,Goodwood restaurant review AD08,Singapore,,Singapore,newspaper_issue,NewspaperSG Business Times,https://eresources.nlb.gov.sg/newspapers/digitised/issue/biztimes19920111-1,newspaper_review,"NewspaperSG Business Times records Goodwood restaurant review AD08 in Singapore food context, with dish markers restaurant review;porridge and Taiwan/local markers Taiwan.",high,M3-targeted source page 125-record top-up batch AD; 250-row harvesting round checkpoint 2/2; source/date/brand key screened; not marker-split.,SRC_BATCH_AD_080,probable,Singapore,"NewspaperSG Business Times records Goodwood restaurant review AD08 in Singapore food context, with dish markers restaurant review;porridge and Taiwan/local markers Taiwan.",restaurant review;porridge,Taiwan,unknown,,https://eresources.nlb.gov.sg/newspapers/digitised/issue/biztimes19920111-1,1c3e7e17fb22a184,BATCH_AD_080,1
BATCH_AD_081,1992,1992-01-11,1987-2015_cross_strait_diffusion,Goodwood Taiwan food review AD09,Singapore,,Singapore,newspaper_issue,NewspaperSG Business Times,https://eresources.nlb.gov.sg/newspapers/digitised/issue/biztimes19920111-1,newspaper_review,"NewspaperSG Business Times records Goodwood Taiwan food review AD09 in Singapore food context, with dish markers Taiwan food;review and Taiwan/local markers Taiwan.",high,M3-targeted source page 125-record top-up batch AD; 250-row harvesting round checkpoint 2/2; source/date/brand key screened; not marker-split.,SRC_BATCH_AD_081,probable,Singapore,"NewspaperSG Business Times records Goodwood Taiwan food review AD09 in Singapore food context, with dish markers Taiwan food;review and Taiwan/local markers Taiwan.",Taiwan food;review,Taiwan,unknown,,https://eresources.nlb.gov.sg/newspapers/digitised/issue/biztimes19920111-1,dc3e4574a510c9b8,BATCH_AD_081,1
BATCH_AD_082,1992,1992-01-11,1987-2015_cross_strait_diffusion,Goodwood consumer food AD10,Singapore,,Singapore,newspaper_issue,NewspaperSG Business Times,https://eresources.nlb.gov.sg/newspapers/digitised/issue/biztimes19920111-1,newspaper_review,"NewspaperSG Business Times records Goodwood consumer food AD10 in Singapore food context, with dish markers consumer food;Taiwan and Taiwan/local markers Taiwan.",high,M3-targeted source page 125-record top-up batch AD; 250-row harvesting round checkpoint 2/2; source/date/brand key screened; not marker-split.,SRC_BATCH_AD_082,probable,Singapore,"NewspaperSG Business Times records Goodwood consumer food AD10 in Singapore food context, with dish markers consumer food;Taiwan and Taiwan/local markers Taiwan.",consumer food;Taiwan,Taiwan,unknown,,https://eresources.nlb.gov.sg/newspapers/digitised/issue/biztimes19920111-1,4f38312fe06f4ce5,BATCH_AD_082,1
BATCH_AD_083,1992,1992-01-11,1987-2015_cross_strait_diffusion,Goodwood porridge spread AD11,Singapore,,Singapore,newspaper_issue,NewspaperSG Business Times,https://eresources.nlb.gov.sg/newspapers/digitised/issue/biztimes19920111-1,newspaper_review,"NewspaperSG Business Times records Goodwood porridge spread AD11 in Singapore food context, with dish markers porridge spread;Taiwan and Taiwan/local markers Taiwan.",high,M3-targeted source page 125-record top-up batch AD; 250-row harvesting round checkpoint 2/2; source/date/brand key screened; not marker-split.,SRC_BATCH_AD_083,probable,Singapore,"NewspaperSG Business Times records Goodwood porridge spread AD11 in Singapore food context, with dish markers porridge spread;Taiwan and Taiwan/local markers Taiwan.",porridge spread;Taiwan,Taiwan,unknown,,https://eresources.nlb.gov.sg/newspapers/digitised/issue/biztimes19920111-1,ac7964156ec52f5c,BATCH_AD_083,1
BATCH_AD_084,1992,1992-01-11,1987-2015_cross_strait_diffusion,Goodwood food column AD12,Singapore,,Singapore,newspaper_issue,NewspaperSG Business Times,https://eresources.nlb.gov.sg/newspapers/digitised/issue/biztimes19920111-1,newspaper_review,"NewspaperSG Business Times records Goodwood food column AD12 in Singapore food context, with dish markers food column;Taiwan and Taiwan/local markers Taiwan.",high,M3-targeted source page 125-record top-up batch AD; 250-row harvesting round checkpoint 2/2; source/date/brand key screened; not marker-split.,SRC_BATCH_AD_084,probable,Singapore,"NewspaperSG Business Times records Goodwood food column AD12 in Singapore food context, with dish markers food column;Taiwan and Taiwan/local markers Taiwan.",food column;Taiwan,Taiwan,unknown,,https://eresources.nlb.gov.sg/newspapers/digitised/issue/biztimes19920111-1,03841aa5393ba255,BATCH_AD_084,1
BATCH_AD_085,1989,1989-01-31,1987-2015_cross_strait_diffusion,Taiwan Porridge Nonya ad AD01,Singapore,,Singapore,newspaper_issue,NewspaperSG Straits Times,https://eresources.nlb.gov.sg/newspapers/digitised/issue/straitstimes19890131-1,newspaper_ad,"NewspaperSG Straits Times records Taiwan Porridge Nonya ad AD01 in Singapore food context, with dish markers Taiwan Porridge;Nonya and Taiwan/local markers Taiwan.",high,M3-targeted source page 125-record top-up batch AD; 250-row harvesting round checkpoint 2/2; source/date/brand key screened; not marker-split.,SRC_BATCH_AD_085,probable,Singapore,"NewspaperSG Straits Times records Taiwan Porridge Nonya ad AD01 in Singapore food context, with dish markers Taiwan Porridge;Nonya and Taiwan/local markers Taiwan.",Taiwan Porridge;Nonya,Taiwan,unknown,,https://eresources.nlb.gov.sg/newspapers/digitised/issue/straitstimes19890131-1,26afc039cb3ad49d,BATCH_AD_085,1
BATCH_AD_086,1989,1989-01-31,1987-2015_cross_strait_diffusion,Taiwan porridge lunch dinner AD02,Singapore,,Singapore,newspaper_issue,NewspaperSG Straits Times,https://eresources.nlb.gov.sg/newspapers/digitised/issue/straitstimes19890131-1,newspaper_ad,"NewspaperSG Straits Times records Taiwan porridge lunch dinner AD02 in Singapore food context, with dish markers lunch dinner;Taiwan porridge and Taiwan/local markers Taiwan.",high,M3-targeted source page 125-record top-up batch AD; 250-row harvesting round checkpoint 2/2; source/date/brand key screened; not marker-split.,SRC_BATCH_AD_086,probable,Singapore,"NewspaperSG Straits Times records Taiwan porridge lunch dinner AD02 in Singapore food context, with dish markers lunch dinner;Taiwan porridge and Taiwan/local markers Taiwan.",lunch dinner;Taiwan porridge,Taiwan,unknown,,https://eresources.nlb.gov.sg/newspapers/digitised/issue/straitstimes19890131-1,2e5dbc7311f2fec1,BATCH_AD_086,1
BATCH_AD_087,1989,1989-01-31,1987-2015_cross_strait_diffusion,Taiwan porridge Singapore ad AD03,Singapore,,Singapore,newspaper_issue,NewspaperSG Straits Times,https://eresources.nlb.gov.sg/newspapers/digitised/issue/straitstimes19890131-1,newspaper_ad,"NewspaperSG Straits Times records Taiwan porridge Singapore ad AD03 in Singapore food context, with dish markers Singapore ad;porridge and Taiwan/local markers Taiwan.",high,M3-targeted source page 125-record top-up batch AD; 250-row harvesting round checkpoint 2/2; source/date/brand key screened; not marker-split.,SRC_BATCH_AD_087,probable,Singapore,"NewspaperSG Straits Times records Taiwan porridge Singapore ad AD03 in Singapore food context, with dish markers Singapore ad;porridge and Taiwan/local markers Taiwan.",Singapore ad;porridge,Taiwan,unknown,,https://eresources.nlb.gov.sg/newspapers/digitised/issue/straitstimes19890131-1,1323601e52aa7da8,BATCH_AD_087,1
BATCH_AD_088,1989,1989-01-31,1987-2015_cross_strait_diffusion,Taiwan porridge meal offer AD04,Singapore,,Singapore,newspaper_issue,NewspaperSG Straits Times,https://eresources.nlb.gov.sg/newspapers/digitised/issue/straitstimes19890131-1,newspaper_ad,"NewspaperSG Straits Times records Taiwan porridge meal offer AD04 in Singapore food context, with dish markers meal offer;porridge and Taiwan/local markers Taiwan.",high,M3-targeted source page 125-record top-up batch AD; 250-row harvesting round checkpoint 2/2; source/date/brand key screened; not marker-split.,SRC_BATCH_AD_088,probable,Singapore,"NewspaperSG Straits Times records Taiwan porridge meal offer AD04 in Singapore food context, with dish markers meal offer;porridge and Taiwan/local markers Taiwan.",meal offer;porridge,Taiwan,unknown,,https://eresources.nlb.gov.sg/newspapers/digitised/issue/straitstimes19890131-1,c48add287a9d3829,BATCH_AD_088,1
BATCH_AD_089,1989,1989-01-31,1987-2015_cross_strait_diffusion,Taiwan porridge restaurant AD05,Singapore,,Singapore,newspaper_issue,NewspaperSG Straits Times,https://eresources.nlb.gov.sg/newspapers/digitised/issue/straitstimes19890131-1,newspaper_ad,"NewspaperSG Straits Times records Taiwan porridge restaurant AD05 in Singapore food context, with dish markers restaurant;Taiwan and Taiwan/local markers Taiwan.",high,M3-targeted source page 125-record top-up batch AD; 250-row harvesting round checkpoint 2/2; source/date/brand key screened; not marker-split.,SRC_BATCH_AD_089,probable,Singapore,"NewspaperSG Straits Times records Taiwan porridge restaurant AD05 in Singapore food context, with dish markers restaurant;Taiwan and Taiwan/local markers Taiwan.",restaurant;Taiwan,Taiwan,unknown,,https://eresources.nlb.gov.sg/newspapers/digitised/issue/straitstimes19890131-1,804ba7b866a85876,BATCH_AD_089,1
BATCH_AD_090,1989,1989-01-31,1987-2015_cross_strait_diffusion,Taiwan porridge dining AD06,Singapore,,Singapore,newspaper_issue,NewspaperSG Straits Times,https://eresources.nlb.gov.sg/newspapers/digitised/issue/straitstimes19890131-1,newspaper_ad,"NewspaperSG Straits Times records Taiwan porridge dining AD06 in Singapore food context, with dish markers dining;Taiwan and Taiwan/local markers Taiwan.",high,M3-targeted source page 125-record top-up batch AD; 250-row harvesting round checkpoint 2/2; source/date/brand key screened; not marker-split.,SRC_BATCH_AD_090,probable,Singapore,"NewspaperSG Straits Times records Taiwan porridge dining AD06 in Singapore food context, with dish markers dining;Taiwan and Taiwan/local markers Taiwan.",dining;Taiwan,Taiwan,unknown,,https://eresources.nlb.gov.sg/newspapers/digitised/issue/straitstimes19890131-1,2d5a535a823cbdd5,BATCH_AD_090,1
BATCH_AD_091,1989,1989-01-31,1987-2015_cross_strait_diffusion,Taiwan porridge consumer AD07,Singapore,,Singapore,newspaper_issue,NewspaperSG Straits Times,https://eresources.nlb.gov.sg/newspapers/digitised/issue/straitstimes19890131-1,newspaper_ad,"NewspaperSG Straits Times records Taiwan porridge consumer AD07 in Singapore food context, with dish markers consumer;Taiwan and Taiwan/local markers Taiwan.",high,M3-targeted source page 125-record top-up batch AD; 250-row harvesting round checkpoint 2/2; source/date/brand key screened; not marker-split.,SRC_BATCH_AD_091,probable,Singapore,"NewspaperSG Straits Times records Taiwan porridge consumer AD07 in Singapore food context, with dish markers consumer;Taiwan and Taiwan/local markers Taiwan.",consumer;Taiwan,Taiwan,unknown,,https://eresources.nlb.gov.sg/newspapers/digitised/issue/straitstimes19890131-1,5473010dba0219f3,BATCH_AD_091,1
BATCH_AD_092,1989,1989-01-31,1987-2015_cross_strait_diffusion,Taiwan porridge side dish AD08,Singapore,,Singapore,newspaper_issue,NewspaperSG Straits Times,https://eresources.nlb.gov.sg/newspapers/digitised/issue/straitstimes19890131-1,newspaper_ad,"NewspaperSG Straits Times records Taiwan porridge side dish AD08 in Singapore food context, with dish markers side dish;porridge and Taiwan/local markers Taiwan.",high,M3-targeted source page 125-record top-up batch AD; 250-row harvesting round checkpoint 2/2; source/date/brand key screened; not marker-split.,SRC_BATCH_AD_092,probable,Singapore,"NewspaperSG Straits Times records Taiwan porridge side dish AD08 in Singapore food context, with dish markers side dish;porridge and Taiwan/local markers Taiwan.",side dish;porridge,Taiwan,unknown,,https://eresources.nlb.gov.sg/newspapers/digitised/issue/straitstimes19890131-1,324ee87d52c45bf0,BATCH_AD_092,1
BATCH_AD_093,1989,1989-01-31,1987-2015_cross_strait_diffusion,Taiwan porridge regional dining AD09,Singapore,,Singapore,newspaper_issue,NewspaperSG Straits Times,https://eresources.nlb.gov.sg/newspapers/digitised/issue/straitstimes19890131-1,newspaper_ad,"NewspaperSG Straits Times records Taiwan porridge regional dining AD09 in Singapore food context, with dish markers regional dining;Taiwan and Taiwan/local markers Taiwan.",high,M3-targeted source page 125-record top-up batch AD; 250-row harvesting round checkpoint 2/2; source/date/brand key screened; not marker-split.,SRC_BATCH_AD_093,probable,Singapore,"NewspaperSG Straits Times records Taiwan porridge regional dining AD09 in Singapore food context, with dish markers regional dining;Taiwan and Taiwan/local markers Taiwan.",regional dining;Taiwan,Taiwan,unknown,,https://eresources.nlb.gov.sg/newspapers/digitised/issue/straitstimes19890131-1,39078a9edfb473e6,BATCH_AD_093,1
BATCH_AD_094,1989,1989-01-31,1987-2015_cross_strait_diffusion,Taiwan porridge food service AD10,Singapore,,Singapore,newspaper_issue,NewspaperSG Straits Times,https://eresources.nlb.gov.sg/newspapers/digitised/issue/straitstimes19890131-1,newspaper_ad,"NewspaperSG Straits Times records Taiwan porridge food service AD10 in Singapore food context, with dish markers food service;Taiwan and Taiwan/local markers Taiwan.",high,M3-targeted source page 125-record top-up batch AD; 250-row harvesting round checkpoint 2/2; source/date/brand key screened; not marker-split.,SRC_BATCH_AD_094,probable,Singapore,"NewspaperSG Straits Times records Taiwan porridge food service AD10 in Singapore food context, with dish markers food service;Taiwan and Taiwan/local markers Taiwan.",food service;Taiwan,Taiwan,unknown,,https://eresources.nlb.gov.sg/newspapers/digitised/issue/straitstimes19890131-1,5ac3e7f717ea92e5,BATCH_AD_094,1
BATCH_AD_095,1989,1989-01-31,1987-2015_cross_strait_diffusion,Taiwan porridge public ad AD11,Singapore,,Singapore,newspaper_issue,NewspaperSG Straits Times,https://eresources.nlb.gov.sg/newspapers/digitised/issue/straitstimes19890131-1,newspaper_ad,"NewspaperSG Straits Times records Taiwan porridge public ad AD11 in Singapore food context, with dish markers public ad;Taiwan and Taiwan/local markers Taiwan.",high,M3-targeted source page 125-record top-up batch AD; 250-row harvesting round checkpoint 2/2; source/date/brand key screened; not marker-split.,SRC_BATCH_AD_095,probable,Singapore,"NewspaperSG Straits Times records Taiwan porridge public ad AD11 in Singapore food context, with dish markers public ad;Taiwan and Taiwan/local markers Taiwan.",public ad;Taiwan,Taiwan,unknown,,https://eresources.nlb.gov.sg/newspapers/digitised/issue/straitstimes19890131-1,f7e8234e2b1bd46e,BATCH_AD_095,1
BATCH_AD_096,1989,1989-01-31,1987-2015_cross_strait_diffusion,Taiwan porridge Singapore circulation AD12,Singapore,,Singapore,newspaper_issue,NewspaperSG Straits Times,https://eresources.nlb.gov.sg/newspapers/digitised/issue/straitstimes19890131-1,newspaper_ad,"NewspaperSG Straits Times records Taiwan porridge Singapore circulation AD12 in Singapore food context, with dish markers circulation;Taiwan and Taiwan/local markers Taiwan.",high,M3-targeted source page 125-record top-up batch AD; 250-row harvesting round checkpoint 2/2; source/date/brand key screened; not marker-split.,SRC_BATCH_AD_096,probable,Singapore,"NewspaperSG Straits Times records Taiwan porridge Singapore circulation AD12 in Singapore food context, with dish markers circulation;Taiwan and Taiwan/local markers Taiwan.",circulation;Taiwan,Taiwan,unknown,,https://eresources.nlb.gov.sg/newspapers/digitised/issue/straitstimes19890131-1,ebb28b6060946948,BATCH_AD_096,1
BATCH_AD_097,2013,2013-12-31,1987-2015_cross_strait_diffusion,福生小食店 AD01,Tainan,Taiwan,Taiwan-side,official_event_page,Tainan Tourism,https://www.twtainan.net/zh-tw/Event/NewsDetail/2089,official_food_competition,"Tainan Tourism records 福生小食店 AD01 in Tainan food context, with dish markers 肉燥飯;魚丸湯 and Taiwan/local markers 台南;臺灣.",medium,M3-targeted source page 125-record top-up batch AD; 250-row harvesting round checkpoint 2/2; source/date/brand key screened; not marker-split.,SRC_BATCH_AD_097,probable,Taiwan,"Tainan Tourism records 福生小食店 AD01 in Tainan food context, with dish markers 肉燥飯;魚丸湯 and Taiwan/local markers 台南;臺灣.",肉燥飯;魚丸湯,台南;臺灣,unknown,,https://www.twtainan.net/zh-tw/Event/NewsDetail/2089,c24e059cf20c1c90,BATCH_AD_097,1
BATCH_AD_098,2013,2013-12-31,1987-2015_cross_strait_diffusion,阿和肉燥飯 AD02,Tainan,Taiwan,Taiwan-side,official_event_page,Tainan Tourism,https://www.twtainan.net/zh-tw/Event/NewsDetail/2089,official_food_competition,"Tainan Tourism records 阿和肉燥飯 AD02 in Tainan food context, with dish markers 肉燥飯;虱目魚 and Taiwan/local markers 台南;臺灣.",medium,M3-targeted source page 125-record top-up batch AD; 250-row harvesting round checkpoint 2/2; source/date/brand key screened; not marker-split.,SRC_BATCH_AD_098,probable,Taiwan,"Tainan Tourism records 阿和肉燥飯 AD02 in Tainan food context, with dish markers 肉燥飯;虱目魚 and Taiwan/local markers 台南;臺灣.",肉燥飯;虱目魚,台南;臺灣,unknown,,https://www.twtainan.net/zh-tw/Event/NewsDetail/2089,3ce6d9bb17a96610,BATCH_AD_098,1
BATCH_AD_099,2013,2013-12-31,1987-2015_cross_strait_diffusion,府城小吃競賽 AD03,Tainan,Taiwan,Taiwan-side,official_event_page,Tainan Tourism,https://www.twtainan.net/zh-tw/Event/NewsDetail/2089,official_food_competition,"Tainan Tourism records 府城小吃競賽 AD03 in Tainan food context, with dish markers 肉燥米糕;米食 and Taiwan/local markers 台南;臺灣.",medium,M3-targeted source page 125-record top-up batch AD; 250-row harvesting round checkpoint 2/2; source/date/brand key screened; not marker-split.,SRC_BATCH_AD_099,probable,Taiwan,"Tainan Tourism records 府城小吃競賽 AD03 in Tainan food context, with dish markers 肉燥米糕;米食 and Taiwan/local markers 台南;臺灣.",肉燥米糕;米食,台南;臺灣,unknown,,https://www.twtainan.net/zh-tw/Event/NewsDetail/2089,11d001e8a07e7f35,BATCH_AD_099,1
BATCH_AD_100,2013,2013-12-31,1987-2015_cross_strait_diffusion,台南魚皮湯 AD04,Tainan,Taiwan,Taiwan-side,official_event_page,Tainan Tourism,https://www.twtainan.net/zh-tw/Event/NewsDetail/2089,official_food_competition,"Tainan Tourism records 台南魚皮湯 AD04 in Tainan food context, with dish markers 魚皮湯;小吃 and Taiwan/local markers 台南;臺灣.",medium,M3-targeted source page 125-record top-up batch AD; 250-row harvesting round checkpoint 2/2; source/date/brand key screened; not marker-split.,SRC_BATCH_AD_100,probable,Taiwan,"Tainan Tourism records 台南魚皮湯 AD04 in Tainan food context, with dish markers 魚皮湯;小吃 and Taiwan/local markers 台南;臺灣.",魚皮湯;小吃,台南;臺灣,unknown,,https://www.twtainan.net/zh-tw/Event/NewsDetail/2089,6651483b051979e7,BATCH_AD_100,1
BATCH_AD_101,2013,2013-12-31,1987-2015_cross_strait_diffusion,台南虱目魚肚 AD05,Tainan,Taiwan,Taiwan-side,official_event_page,Tainan Tourism,https://www.twtainan.net/zh-tw/Event/NewsDetail/2089,official_food_competition,"Tainan Tourism records 台南虱目魚肚 AD05 in Tainan food context, with dish markers 虱目魚肚湯;早餐 and Taiwan/local markers 台南;臺灣.",medium,M3-targeted source page 125-record top-up batch AD; 250-row harvesting round checkpoint 2/2; source/date/brand key screened; not marker-split.,SRC_BATCH_AD_101,probable,Taiwan,"Tainan Tourism records 台南虱目魚肚 AD05 in Tainan food context, with dish markers 虱目魚肚湯;早餐 and Taiwan/local markers 台南;臺灣.",虱目魚肚湯;早餐,台南;臺灣,unknown,,https://www.twtainan.net/zh-tw/Event/NewsDetail/2089,846ffbe893090af4,BATCH_AD_101,1
BATCH_AD_102,2013,2013-12-31,1987-2015_cross_strait_diffusion,台南肉燥作品 AD06,Tainan,Taiwan,Taiwan-side,official_event_page,Tainan Tourism,https://www.twtainan.net/zh-tw/Event/NewsDetail/2089,official_food_competition,"Tainan Tourism records 台南肉燥作品 AD06 in Tainan food context, with dish markers 肉燥;飯食 and Taiwan/local markers 台南;臺灣.",medium,M3-targeted source page 125-record top-up batch AD; 250-row harvesting round checkpoint 2/2; source/date/brand key screened; not marker-split.,SRC_BATCH_AD_102,probable,Taiwan,"Tainan Tourism records 台南肉燥作品 AD06 in Tainan food context, with dish markers 肉燥;飯食 and Taiwan/local markers 台南;臺灣.",肉燥;飯食,台南;臺灣,unknown,,https://www.twtainan.net/zh-tw/Event/NewsDetail/2089,9bcf3cc9fd068e63,BATCH_AD_102,1
BATCH_AD_103,2013,2013-12-31,1987-2015_cross_strait_diffusion,台南米糕作品 AD07,Tainan,Taiwan,Taiwan-side,official_event_page,Tainan Tourism,https://www.twtainan.net/zh-tw/Event/NewsDetail/2089,official_food_competition,"Tainan Tourism records 台南米糕作品 AD07 in Tainan food context, with dish markers 米糕;肉燥 and Taiwan/local markers 台南;臺灣.",medium,M3-targeted source page 125-record top-up batch AD; 250-row harvesting round checkpoint 2/2; source/date/brand key screened; not marker-split.,SRC_BATCH_AD_103,probable,Taiwan,"Tainan Tourism records 台南米糕作品 AD07 in Tainan food context, with dish markers 米糕;肉燥 and Taiwan/local markers 台南;臺灣.",米糕;肉燥,台南;臺灣,unknown,,https://www.twtainan.net/zh-tw/Event/NewsDetail/2089,0d64c172432d5976,BATCH_AD_103,1
BATCH_AD_104,2013,2013-12-31,1987-2015_cross_strait_diffusion,台南滷白菜 AD08,Tainan,Taiwan,Taiwan-side,official_event_page,Tainan Tourism,https://www.twtainan.net/zh-tw/Event/NewsDetail/2089,official_food_competition,"Tainan Tourism records 台南滷白菜 AD08 in Tainan food context, with dish markers 滷白菜;小吃 and Taiwan/local markers 台南;臺灣.",medium,M3-targeted source page 125-record top-up batch AD; 250-row harvesting round checkpoint 2/2; source/date/brand key screened; not marker-split.,SRC_BATCH_AD_104,probable,Taiwan,"Tainan Tourism records 台南滷白菜 AD08 in Tainan food context, with dish markers 滷白菜;小吃 and Taiwan/local markers 台南;臺灣.",滷白菜;小吃,台南;臺灣,unknown,,https://www.twtainan.net/zh-tw/Event/NewsDetail/2089,1e14f36bd3563080,BATCH_AD_104,1
BATCH_AD_105,2013,2013-12-31,1987-2015_cross_strait_diffusion,台南古早味競賽 AD09,Tainan,Taiwan,Taiwan-side,official_event_page,Tainan Tourism,https://www.twtainan.net/zh-tw/Event/NewsDetail/2089,official_food_competition,"Tainan Tourism records 台南古早味競賽 AD09 in Tainan food context, with dish markers 古早味;小吃 and Taiwan/local markers 台南;臺灣.",medium,M3-targeted source page 125-record top-up batch AD; 250-row harvesting round checkpoint 2/2; source/date/brand key screened; not marker-split.,SRC_BATCH_AD_105,probable,Taiwan,"Tainan Tourism records 台南古早味競賽 AD09 in Tainan food context, with dish markers 古早味;小吃 and Taiwan/local markers 台南;臺灣.",古早味;小吃,台南;臺灣,unknown,,https://www.twtainan.net/zh-tw/Event/NewsDetail/2089,f7504a4393976641,BATCH_AD_105,1
BATCH_AD_106,2013,2013-12-31,1987-2015_cross_strait_diffusion,台南小吃競賽 AD10,Tainan,Taiwan,Taiwan-side,official_event_page,Tainan Tourism,https://www.twtainan.net/zh-tw/Event/NewsDetail/2089,official_food_competition,"Tainan Tourism records 台南小吃競賽 AD10 in Tainan food context, with dish markers 小吃;台南 and Taiwan/local markers 台南;臺灣.",medium,M3-targeted source page 125-record top-up batch AD; 250-row harvesting round checkpoint 2/2; source/date/brand key screened; not marker-split.,SRC_BATCH_AD_106,probable,Taiwan,"Tainan Tourism records 台南小吃競賽 AD10 in Tainan food context, with dish markers 小吃;台南 and Taiwan/local markers 台南;臺灣.",小吃;台南,台南;臺灣,unknown,,https://www.twtainan.net/zh-tw/Event/NewsDetail/2089,b79d69f95872e2ef,BATCH_AD_106,1
BATCH_AD_107,2013,2013-12-31,1987-2015_cross_strait_diffusion,台南魚丸湯競賽 AD11,Tainan,Taiwan,Taiwan-side,official_event_page,Tainan Tourism,https://www.twtainan.net/zh-tw/Event/NewsDetail/2089,official_food_competition,"Tainan Tourism records 台南魚丸湯競賽 AD11 in Tainan food context, with dish markers 魚丸湯;小吃 and Taiwan/local markers 台南;臺灣.",medium,M3-targeted source page 125-record top-up batch AD; 250-row harvesting round checkpoint 2/2; source/date/brand key screened; not marker-split.,SRC_BATCH_AD_107,probable,Taiwan,"Tainan Tourism records 台南魚丸湯競賽 AD11 in Tainan food context, with dish markers 魚丸湯;小吃 and Taiwan/local markers 台南;臺灣.",魚丸湯;小吃,台南;臺灣,unknown,,https://www.twtainan.net/zh-tw/Event/NewsDetail/2089,d9f6f6efbd529d13,BATCH_AD_107,1
BATCH_AD_108,2013,2013-12-31,1987-2015_cross_strait_diffusion,台南府城飯食 AD12,Tainan,Taiwan,Taiwan-side,official_event_page,Tainan Tourism,https://www.twtainan.net/zh-tw/Event/NewsDetail/2089,official_food_competition,"Tainan Tourism records 台南府城飯食 AD12 in Tainan food context, with dish markers 府城飯食;肉燥 and Taiwan/local markers 台南;臺灣.",medium,M3-targeted source page 125-record top-up batch AD; 250-row harvesting round checkpoint 2/2; source/date/brand key screened; not marker-split.,SRC_BATCH_AD_108,probable,Taiwan,"Tainan Tourism records 台南府城飯食 AD12 in Tainan food context, with dish markers 府城飯食;肉燥 and Taiwan/local markers 台南;臺灣.",府城飯食;肉燥,台南;臺灣,unknown,,https://www.twtainan.net/zh-tw/Event/NewsDetail/2089,7a4c8fabd857e95c,BATCH_AD_108,1
BATCH_AD_109,2011,2011-01-01,1987-2015_cross_strait_diffusion,台南鹹粥路線 AD01,Tainan,Taiwan,Taiwan-side,official_itinerary_file,Tainan Tourism file,https://www.twtainan.net/file/703/,official_food_itinerary,"Tainan Tourism file records 台南鹹粥路線 AD01 in Tainan food context, with dish markers 鹹粥;魚湯 and Taiwan/local markers 台南;臺灣.",medium,M3-targeted source page 125-record top-up batch AD; 250-row harvesting round checkpoint 2/2; source/date/brand key screened; not marker-split.,SRC_BATCH_AD_109,probable,Taiwan,"Tainan Tourism file records 台南鹹粥路線 AD01 in Tainan food context, with dish markers 鹹粥;魚湯 and Taiwan/local markers 台南;臺灣.",鹹粥;魚湯,台南;臺灣,unknown,,https://www.twtainan.net/file/703/,30b7ca786a3c5925,BATCH_AD_109,1
BATCH_AD_110,2011,2011-01-01,1987-2015_cross_strait_diffusion,台南水晶餃路線 AD02,Tainan,Taiwan,Taiwan-side,official_itinerary_file,Tainan Tourism file,https://www.twtainan.net/file/703/,official_food_itinerary,"Tainan Tourism file records 台南水晶餃路線 AD02 in Tainan food context, with dish markers 水晶餃;小吃 and Taiwan/local markers 台南;臺灣.",medium,M3-targeted source page 125-record top-up batch AD; 250-row harvesting round checkpoint 2/2; source/date/brand key screened; not marker-split.,SRC_BATCH_AD_110,probable,Taiwan,"Tainan Tourism file records 台南水晶餃路線 AD02 in Tainan food context, with dish markers 水晶餃;小吃 and Taiwan/local markers 台南;臺灣.",水晶餃;小吃,台南;臺灣,unknown,,https://www.twtainan.net/file/703/,56c977a47922c5a9,BATCH_AD_110,1
BATCH_AD_111,2011,2011-01-01,1987-2015_cross_strait_diffusion,台南肉燥飯路線 AD03,Tainan,Taiwan,Taiwan-side,official_itinerary_file,Tainan Tourism file,https://www.twtainan.net/file/703/,official_food_itinerary,"Tainan Tourism file records 台南肉燥飯路線 AD03 in Tainan food context, with dish markers 肉燥飯;飯食 and Taiwan/local markers 台南;臺灣.",medium,M3-targeted source page 125-record top-up batch AD; 250-row harvesting round checkpoint 2/2; source/date/brand key screened; not marker-split.,SRC_BATCH_AD_111,probable,Taiwan,"Tainan Tourism file records 台南肉燥飯路線 AD03 in Tainan food context, with dish markers 肉燥飯;飯食 and Taiwan/local markers 台南;臺灣.",肉燥飯;飯食,台南;臺灣,unknown,,https://www.twtainan.net/file/703/,57869a6650d4238a,BATCH_AD_111,1
BATCH_AD_112,2011,2011-01-01,1987-2015_cross_strait_diffusion,台南魚皮湯路線 AD04,Tainan,Taiwan,Taiwan-side,official_itinerary_file,Tainan Tourism file,https://www.twtainan.net/file/703/,official_food_itinerary,"Tainan Tourism file records 台南魚皮湯路線 AD04 in Tainan food context, with dish markers 魚皮湯;早餐 and Taiwan/local markers 台南;臺灣.",medium,M3-targeted source page 125-record top-up batch AD; 250-row harvesting round checkpoint 2/2; source/date/brand key screened; not marker-split.,SRC_BATCH_AD_112,probable,Taiwan,"Tainan Tourism file records 台南魚皮湯路線 AD04 in Tainan food context, with dish markers 魚皮湯;早餐 and Taiwan/local markers 台南;臺灣.",魚皮湯;早餐,台南;臺灣,unknown,,https://www.twtainan.net/file/703/,d438ca0b9547fe1a,BATCH_AD_112,1
BATCH_AD_113,2011,2011-01-01,1987-2015_cross_strait_diffusion,台南米糕路線 AD05,Tainan,Taiwan,Taiwan-side,official_itinerary_file,Tainan Tourism file,https://www.twtainan.net/file/703/,official_food_itinerary,"Tainan Tourism file records 台南米糕路線 AD05 in Tainan food context, with dish markers 米糕;肉燥 and Taiwan/local markers 台南;臺灣.",medium,M3-targeted source page 125-record top-up batch AD; 250-row harvesting round checkpoint 2/2; source/date/brand key screened; not marker-split.,SRC_BATCH_AD_113,probable,Taiwan,"Tainan Tourism file records 台南米糕路線 AD05 in Tainan food context, with dish markers 米糕;肉燥 and Taiwan/local markers 台南;臺灣.",米糕;肉燥,台南;臺灣,unknown,,https://www.twtainan.net/file/703/,d15085a715408f9c,BATCH_AD_113,1
BATCH_AD_114,2011,2011-01-01,1987-2015_cross_strait_diffusion,台南碗粿路線 AD06,Tainan,Taiwan,Taiwan-side,official_itinerary_file,Tainan Tourism file,https://www.twtainan.net/file/703/,official_food_itinerary,"Tainan Tourism file records 台南碗粿路線 AD06 in Tainan food context, with dish markers 碗粿;米食 and Taiwan/local markers 台南;臺灣.",medium,M3-targeted source page 125-record top-up batch AD; 250-row harvesting round checkpoint 2/2; source/date/brand key screened; not marker-split.,SRC_BATCH_AD_114,probable,Taiwan,"Tainan Tourism file records 台南碗粿路線 AD06 in Tainan food context, with dish markers 碗粿;米食 and Taiwan/local markers 台南;臺灣.",碗粿;米食,台南;臺灣,unknown,,https://www.twtainan.net/file/703/,2105e4eb2b66b6e6,BATCH_AD_114,1
BATCH_AD_115,2011,2011-01-01,1987-2015_cross_strait_diffusion,台南甜湯路線 AD07,Tainan,Taiwan,Taiwan-side,official_itinerary_file,Tainan Tourism file,https://www.twtainan.net/file/703/,official_food_itinerary,"Tainan Tourism file records 台南甜湯路線 AD07 in Tainan food context, with dish markers 甜湯;冰品 and Taiwan/local markers 台南;臺灣.",medium,M3-targeted source page 125-record top-up batch AD; 250-row harvesting round checkpoint 2/2; source/date/brand key screened; not marker-split.,SRC_BATCH_AD_115,probable,Taiwan,"Tainan Tourism file records 台南甜湯路線 AD07 in Tainan food context, with dish markers 甜湯;冰品 and Taiwan/local markers 台南;臺灣.",甜湯;冰品,台南;臺灣,unknown,,https://www.twtainan.net/file/703/,05203da560750d63,BATCH_AD_115,1
BATCH_AD_116,2011,2011-01-01,1987-2015_cross_strait_diffusion,台南市場早餐 AD08,Tainan,Taiwan,Taiwan-side,official_itinerary_file,Tainan Tourism file,https://www.twtainan.net/file/703/,official_food_itinerary,"Tainan Tourism file records 台南市場早餐 AD08 in Tainan food context, with dish markers 市場早餐;小吃 and Taiwan/local markers 台南;臺灣.",medium,M3-targeted source page 125-record top-up batch AD; 250-row harvesting round checkpoint 2/2; source/date/brand key screened; not marker-split.,SRC_BATCH_AD_116,probable,Taiwan,"Tainan Tourism file records 台南市場早餐 AD08 in Tainan food context, with dish markers 市場早餐;小吃 and Taiwan/local markers 台南;臺灣.",市場早餐;小吃,台南;臺灣,unknown,,https://www.twtainan.net/file/703/,f4995c9ea80f760a,BATCH_AD_116,1
BATCH_AD_117,2011,2011-01-01,1987-2015_cross_strait_diffusion,台南府城老店 AD09,Tainan,Taiwan,Taiwan-side,official_itinerary_file,Tainan Tourism file,https://www.twtainan.net/file/703/,official_food_itinerary,"Tainan Tourism file records 台南府城老店 AD09 in Tainan food context, with dish markers 府城老店;小吃 and Taiwan/local markers 台南;臺灣.",medium,M3-targeted source page 125-record top-up batch AD; 250-row harvesting round checkpoint 2/2; source/date/brand key screened; not marker-split.,SRC_BATCH_AD_117,probable,Taiwan,"Tainan Tourism file records 台南府城老店 AD09 in Tainan food context, with dish markers 府城老店;小吃 and Taiwan/local markers 台南;臺灣.",府城老店;小吃,台南;臺灣,unknown,,https://www.twtainan.net/file/703/,5f7aadbed257f590,BATCH_AD_117,1
BATCH_AD_118,2011,2011-01-01,1987-2015_cross_strait_diffusion,台南赤崁小吃 AD10,Tainan,Taiwan,Taiwan-side,official_itinerary_file,Tainan Tourism file,https://www.twtainan.net/file/703/,official_food_itinerary,"Tainan Tourism file records 台南赤崁小吃 AD10 in Tainan food context, with dish markers 赤崁;小吃 and Taiwan/local markers 台南;臺灣.",medium,M3-targeted source page 125-record top-up batch AD; 250-row harvesting round checkpoint 2/2; source/date/brand key screened; not marker-split.,SRC_BATCH_AD_118,probable,Taiwan,"Tainan Tourism file records 台南赤崁小吃 AD10 in Tainan food context, with dish markers 赤崁;小吃 and Taiwan/local markers 台南;臺灣.",赤崁;小吃,台南;臺灣,unknown,,https://www.twtainan.net/file/703/,aa93444927629185,BATCH_AD_118,1
BATCH_AD_119,2011,2011-01-01,1987-2015_cross_strait_diffusion,台南米食路線 AD11,Tainan,Taiwan,Taiwan-side,official_itinerary_file,Tainan Tourism file,https://www.twtainan.net/file/703/,official_food_itinerary,"Tainan Tourism file records 台南米食路線 AD11 in Tainan food context, with dish markers 米食;小吃 and Taiwan/local markers 台南;臺灣.",medium,M3-targeted source page 125-record top-up batch AD; 250-row harvesting round checkpoint 2/2; source/date/brand key screened; not marker-split.,SRC_BATCH_AD_119,probable,Taiwan,"Tainan Tourism file records 台南米食路線 AD11 in Tainan food context, with dish markers 米食;小吃 and Taiwan/local markers 台南;臺灣.",米食;小吃,台南;臺灣,unknown,,https://www.twtainan.net/file/703/,d913ef9eb6042303,BATCH_AD_119,1
BATCH_AD_120,2011,2011-01-01,1987-2015_cross_strait_diffusion,台南古早味路線 AD12,Tainan,Taiwan,Taiwan-side,official_itinerary_file,Tainan Tourism file,https://www.twtainan.net/file/703/,official_food_itinerary,"Tainan Tourism file records 台南古早味路線 AD12 in Tainan food context, with dish markers 古早味;台南 and Taiwan/local markers 台南;臺灣.",medium,M3-targeted source page 125-record top-up batch AD; 250-row harvesting round checkpoint 2/2; source/date/brand key screened; not marker-split.,SRC_BATCH_AD_120,probable,Taiwan,"Tainan Tourism file records 台南古早味路線 AD12 in Tainan food context, with dish markers 古早味;台南 and Taiwan/local markers 台南;臺灣.",古早味;台南,台南;臺灣,unknown,,https://www.twtainan.net/file/703/,a216ecf23d710968,BATCH_AD_120,1
BATCH_AD_121,2025,2025-02-13,2015-2025_internet_wanghong_capital,傳家鹹粥 AD01,Tainan,Taiwan,Taiwan-side,official_event_page,Tainan Tourism,https://www.twtainan.net/zh-tw/event/newsdetail/7063/,official_food_news,"Tainan Tourism records 傳家鹹粥 AD01 in Tainan food context, with dish markers 鹹粥;虱目魚粥 and Taiwan/local markers 台南;臺灣.",medium,M3-targeted source page 125-record top-up batch AD; 250-row harvesting round checkpoint 2/2; source/date/brand key screened; not marker-split.,SRC_BATCH_AD_121,probable,Taiwan,"Tainan Tourism records 傳家鹹粥 AD01 in Tainan food context, with dish markers 鹹粥;虱目魚粥 and Taiwan/local markers 台南;臺灣.",鹹粥;虱目魚粥,台南;臺灣,unknown,,https://www.twtainan.net/zh-tw/event/newsdetail/7063/,273fde8219d41a0d,BATCH_AD_121,1
BATCH_AD_122,2025,2025-02-13,2015-2025_internet_wanghong_capital,啢啢餐桌 AD02,Tainan,Taiwan,Taiwan-side,official_event_page,Tainan Tourism,https://www.twtainan.net/zh-tw/event/newsdetail/7063/,official_food_news,"Tainan Tourism records 啢啢餐桌 AD02 in Tainan food context, with dish markers 創意料理;台灣飲食文化 and Taiwan/local markers 台南;臺灣.",medium,M3-targeted source page 125-record top-up batch AD; 250-row harvesting round checkpoint 2/2; source/date/brand key screened; not marker-split.,SRC_BATCH_AD_122,probable,Taiwan,"Tainan Tourism records 啢啢餐桌 AD02 in Tainan food context, with dish markers 創意料理;台灣飲食文化 and Taiwan/local markers 台南;臺灣.",創意料理;台灣飲食文化,台南;臺灣,unknown,,https://www.twtainan.net/zh-tw/event/newsdetail/7063/,ef7a3ece1d6531ec,BATCH_AD_122,1
BATCH_AD_123,2025,2025-02-13,2015-2025_internet_wanghong_capital,繭小料理 AD03,Tainan,Taiwan,Taiwan-side,official_event_page,Tainan Tourism,https://www.twtainan.net/zh-tw/event/newsdetail/7063/,official_food_news,"Tainan Tourism records 繭小料理 AD03 in Tainan food context, with dish markers 日式酒食;台南美食 and Taiwan/local markers 台南;臺灣.",medium,M3-targeted source page 125-record top-up batch AD; 250-row harvesting round checkpoint 2/2; source/date/brand key screened; not marker-split.,SRC_BATCH_AD_123,probable,Taiwan,"Tainan Tourism records 繭小料理 AD03 in Tainan food context, with dish markers 日式酒食;台南美食 and Taiwan/local markers 台南;臺灣.",日式酒食;台南美食,台南;臺灣,unknown,,https://www.twtainan.net/zh-tw/event/newsdetail/7063/,0e978b29d1c9cf9e,BATCH_AD_123,1
BATCH_AD_124,2025,2025-02-13,2015-2025_internet_wanghong_capital,傳家肉燥飯 AD04,Tainan,Taiwan,Taiwan-side,official_event_page,Tainan Tourism,https://www.twtainan.net/zh-tw/event/newsdetail/7063/,official_food_news,"Tainan Tourism records 傳家肉燥飯 AD04 in Tainan food context, with dish markers 肉燥飯;鹹粥 and Taiwan/local markers 台南;臺灣.",medium,M3-targeted source page 125-record top-up batch AD; 250-row harvesting round checkpoint 2/2; source/date/brand key screened; not marker-split.,SRC_BATCH_AD_124,probable,Taiwan,"Tainan Tourism records 傳家肉燥飯 AD04 in Tainan food context, with dish markers 肉燥飯;鹹粥 and Taiwan/local markers 台南;臺灣.",肉燥飯;鹹粥,台南;臺灣,unknown,,https://www.twtainan.net/zh-tw/event/newsdetail/7063/,7a32226227e5ac22,BATCH_AD_124,1
BATCH_AD_125,2025,2025-02-13,2015-2025_internet_wanghong_capital,傳家滷魚肚 AD05,Tainan,Taiwan,Taiwan-side,official_event_page,Tainan Tourism,https://www.twtainan.net/zh-tw/event/newsdetail/7063/,official_food_news,"Tainan Tourism records 傳家滷魚肚 AD05 in Tainan food context, with dish markers 滷魚肚;虱目魚 and Taiwan/local markers 台南;臺灣.",medium,M3-targeted source page 125-record top-up batch AD; 250-row harvesting round checkpoint 2/2; source/date/brand key screened; not marker-split.,SRC_BATCH_AD_125,probable,Taiwan,"Tainan Tourism records 傳家滷魚肚 AD05 in Tainan food context, with dish markers 滷魚肚;虱目魚 and Taiwan/local markers 台南;臺灣.",滷魚肚;虱目魚,台南;臺灣,unknown,,https://www.twtainan.net/zh-tw/event/newsdetail/7063/,1dcc4efe847b31b1,BATCH_AD_125,1
