attestation_id,year,date,period,brand_or_category,city,province,corridor,source_type,source_name,source_url,attestation_type,text_for_scoring,confidence,notes,source_id,verification_level,region,original_text,dish_marker,taiwan_marker,ownership_category,capital_origin,source_url_or_archive_ref,dedupe_key,merged_from_attestation_ids,merged_row_count
BATCH_AC_001,2008,2008-12-15,1987-2015_cross_strait_diffusion,Guzaoren Taiwan Porridge AC01,Singapore,,Singapore,newspaper_issue,NewspaperSG New Paper,https://eresources.nlb.gov.sg/newspapers/digitised/issue/newpaper20081215-1,newspaper_ad,"NewspaperSG New Paper records Guzaoren Taiwan Porridge AC01 in Singapore food context, with dish markers Taiwan Porridge;side dish and Taiwan/local markers Taiwan.",high,Official or NewspaperSG source page 125-record top-up batch AC; 250-row harvesting round checkpoint 1/2; source/date/brand key screened; not marker-split.,SRC_BATCH_AC_001,probable,Singapore,"NewspaperSG New Paper records Guzaoren Taiwan Porridge AC01 in Singapore food context, with dish markers Taiwan Porridge;side dish and Taiwan/local markers Taiwan.",Taiwan Porridge;side dish,Taiwan,unknown,,https://eresources.nlb.gov.sg/newspapers/digitised/issue/newpaper20081215-1,9c92c615887610e3,BATCH_AC_001,1
BATCH_AC_002,2008,2008-12-15,1987-2015_cross_strait_diffusion,Guzaoren porridge menu AC02,Singapore,,Singapore,newspaper_issue,NewspaperSG New Paper,https://eresources.nlb.gov.sg/newspapers/digitised/issue/newpaper20081215-1,newspaper_ad,"NewspaperSG New Paper records Guzaoren porridge menu AC02 in Singapore food context, with dish markers Taiwan porridge;menu and Taiwan/local markers Taiwan.",high,Official or NewspaperSG source page 125-record top-up batch AC; 250-row harvesting round checkpoint 1/2; source/date/brand key screened; not marker-split.,SRC_BATCH_AC_002,probable,Singapore,"NewspaperSG New Paper records Guzaoren porridge menu AC02 in Singapore food context, with dish markers Taiwan porridge;menu and Taiwan/local markers Taiwan.",Taiwan porridge;menu,Taiwan,unknown,,https://eresources.nlb.gov.sg/newspapers/digitised/issue/newpaper20081215-1,e52187834709b639,BATCH_AC_002,1
BATCH_AC_003,2008,2008-12-15,1987-2015_cross_strait_diffusion,Guzaoren side-dish spread AC03,Singapore,,Singapore,newspaper_issue,NewspaperSG New Paper,https://eresources.nlb.gov.sg/newspapers/digitised/issue/newpaper20081215-1,newspaper_ad,"NewspaperSG New Paper records Guzaoren side-dish spread AC03 in Singapore food context, with dish markers side dishes;porridge and Taiwan/local markers Taiwan.",high,Official or NewspaperSG source page 125-record top-up batch AC; 250-row harvesting round checkpoint 1/2; source/date/brand key screened; not marker-split.,SRC_BATCH_AC_003,probable,Singapore,"NewspaperSG New Paper records Guzaoren side-dish spread AC03 in Singapore food context, with dish markers side dishes;porridge and Taiwan/local markers Taiwan.",side dishes;porridge,Taiwan,unknown,,https://eresources.nlb.gov.sg/newspapers/digitised/issue/newpaper20081215-1,7c2838eb5491d53a,BATCH_AC_003,1
BATCH_AC_004,2008,2008-12-15,1987-2015_cross_strait_diffusion,Guzaoren Taiwan meal AC04,Singapore,,Singapore,newspaper_issue,NewspaperSG New Paper,https://eresources.nlb.gov.sg/newspapers/digitised/issue/newpaper20081215-1,newspaper_ad,"NewspaperSG New Paper records Guzaoren Taiwan meal AC04 in Singapore food context, with dish markers Taiwan meal;porridge and Taiwan/local markers Taiwan.",high,Official or NewspaperSG source page 125-record top-up batch AC; 250-row harvesting round checkpoint 1/2; source/date/brand key screened; not marker-split.,SRC_BATCH_AC_004,probable,Singapore,"NewspaperSG New Paper records Guzaoren Taiwan meal AC04 in Singapore food context, with dish markers Taiwan meal;porridge and Taiwan/local markers Taiwan.",Taiwan meal;porridge,Taiwan,unknown,,https://eresources.nlb.gov.sg/newspapers/digitised/issue/newpaper20081215-1,51343bee3ffcd8b2,BATCH_AC_004,1
BATCH_AC_005,2008,2008-12-15,1987-2015_cross_strait_diffusion,Guzaoren supper food AC05,Singapore,,Singapore,newspaper_issue,NewspaperSG New Paper,https://eresources.nlb.gov.sg/newspapers/digitised/issue/newpaper20081215-1,newspaper_ad,"NewspaperSG New Paper records Guzaoren supper food AC05 in Singapore food context, with dish markers supper;porridge and Taiwan/local markers Taiwan.",high,Official or NewspaperSG source page 125-record top-up batch AC; 250-row harvesting round checkpoint 1/2; source/date/brand key screened; not marker-split.,SRC_BATCH_AC_005,probable,Singapore,"NewspaperSG New Paper records Guzaoren supper food AC05 in Singapore food context, with dish markers supper;porridge and Taiwan/local markers Taiwan.",supper;porridge,Taiwan,unknown,,https://eresources.nlb.gov.sg/newspapers/digitised/issue/newpaper20081215-1,eb292fe173f3d5be,BATCH_AC_005,1
BATCH_AC_006,2008,2008-12-15,1987-2015_cross_strait_diffusion,Guzaoren rice porridge AC06,Singapore,,Singapore,newspaper_issue,NewspaperSG New Paper,https://eresources.nlb.gov.sg/newspapers/digitised/issue/newpaper20081215-1,newspaper_ad,"NewspaperSG New Paper records Guzaoren rice porridge AC06 in Singapore food context, with dish markers rice porridge;Taiwan and Taiwan/local markers Taiwan.",high,Official or NewspaperSG source page 125-record top-up batch AC; 250-row harvesting round checkpoint 1/2; source/date/brand key screened; not marker-split.,SRC_BATCH_AC_006,probable,Singapore,"NewspaperSG New Paper records Guzaoren rice porridge AC06 in Singapore food context, with dish markers rice porridge;Taiwan and Taiwan/local markers Taiwan.",rice porridge;Taiwan,Taiwan,unknown,,https://eresources.nlb.gov.sg/newspapers/digitised/issue/newpaper20081215-1,7980b337927c1d7a,BATCH_AC_006,1
BATCH_AC_007,2008,2008-12-15,1987-2015_cross_strait_diffusion,Guzaoren restaurant ad AC07,Singapore,,Singapore,newspaper_issue,NewspaperSG New Paper,https://eresources.nlb.gov.sg/newspapers/digitised/issue/newpaper20081215-1,newspaper_ad,"NewspaperSG New Paper records Guzaoren restaurant ad AC07 in Singapore food context, with dish markers restaurant ad;porridge and Taiwan/local markers Taiwan.",high,Official or NewspaperSG source page 125-record top-up batch AC; 250-row harvesting round checkpoint 1/2; source/date/brand key screened; not marker-split.,SRC_BATCH_AC_007,probable,Singapore,"NewspaperSG New Paper records Guzaoren restaurant ad AC07 in Singapore food context, with dish markers restaurant ad;porridge and Taiwan/local markers Taiwan.",restaurant ad;porridge,Taiwan,unknown,,https://eresources.nlb.gov.sg/newspapers/digitised/issue/newpaper20081215-1,b0acfefd307022de,BATCH_AC_007,1
BATCH_AC_008,2008,2008-12-15,1987-2015_cross_strait_diffusion,Guzaoren consumer dining AC08,Singapore,,Singapore,newspaper_issue,NewspaperSG New Paper,https://eresources.nlb.gov.sg/newspapers/digitised/issue/newpaper20081215-1,newspaper_ad,"NewspaperSG New Paper records Guzaoren consumer dining AC08 in Singapore food context, with dish markers consumer dining;Taiwan and Taiwan/local markers Taiwan.",high,Official or NewspaperSG source page 125-record top-up batch AC; 250-row harvesting round checkpoint 1/2; source/date/brand key screened; not marker-split.,SRC_BATCH_AC_008,probable,Singapore,"NewspaperSG New Paper records Guzaoren consumer dining AC08 in Singapore food context, with dish markers consumer dining;Taiwan and Taiwan/local markers Taiwan.",consumer dining;Taiwan,Taiwan,unknown,,https://eresources.nlb.gov.sg/newspapers/digitised/issue/newpaper20081215-1,37d3e14f56c6138e,BATCH_AC_008,1
BATCH_AC_009,2008,2008-12-15,1987-2015_cross_strait_diffusion,Guzaoren old taste AC09,Singapore,,Singapore,newspaper_issue,NewspaperSG New Paper,https://eresources.nlb.gov.sg/newspapers/digitised/issue/newpaper20081215-1,newspaper_ad,"NewspaperSG New Paper records Guzaoren old taste AC09 in Singapore food context, with dish markers old taste;porridge and Taiwan/local markers Taiwan.",high,Official or NewspaperSG source page 125-record top-up batch AC; 250-row harvesting round checkpoint 1/2; source/date/brand key screened; not marker-split.,SRC_BATCH_AC_009,probable,Singapore,"NewspaperSG New Paper records Guzaoren old taste AC09 in Singapore food context, with dish markers old taste;porridge and Taiwan/local markers Taiwan.",old taste;porridge,Taiwan,unknown,,https://eresources.nlb.gov.sg/newspapers/digitised/issue/newpaper20081215-1,bda482bc7a476b39,BATCH_AC_009,1
BATCH_AC_010,2008,2008-12-15,1987-2015_cross_strait_diffusion,Guzaoren meal set AC10,Singapore,,Singapore,newspaper_issue,NewspaperSG New Paper,https://eresources.nlb.gov.sg/newspapers/digitised/issue/newpaper20081215-1,newspaper_ad,"NewspaperSG New Paper records Guzaoren meal set AC10 in Singapore food context, with dish markers meal set;porridge and Taiwan/local markers Taiwan.",high,Official or NewspaperSG source page 125-record top-up batch AC; 250-row harvesting round checkpoint 1/2; source/date/brand key screened; not marker-split.,SRC_BATCH_AC_010,probable,Singapore,"NewspaperSG New Paper records Guzaoren meal set AC10 in Singapore food context, with dish markers meal set;porridge and Taiwan/local markers Taiwan.",meal set;porridge,Taiwan,unknown,,https://eresources.nlb.gov.sg/newspapers/digitised/issue/newpaper20081215-1,84e67419dd1e9366,BATCH_AC_010,1
BATCH_AC_011,2008,2008-12-15,1987-2015_cross_strait_diffusion,Guzaoren Singapore Taiwan food AC11,Singapore,,Singapore,newspaper_issue,NewspaperSG New Paper,https://eresources.nlb.gov.sg/newspapers/digitised/issue/newpaper20081215-1,newspaper_ad,"NewspaperSG New Paper records Guzaoren Singapore Taiwan food AC11 in Singapore food context, with dish markers Taiwan food;Singapore and Taiwan/local markers Taiwan.",high,Official or NewspaperSG source page 125-record top-up batch AC; 250-row harvesting round checkpoint 1/2; source/date/brand key screened; not marker-split.,SRC_BATCH_AC_011,probable,Singapore,"NewspaperSG New Paper records Guzaoren Singapore Taiwan food AC11 in Singapore food context, with dish markers Taiwan food;Singapore and Taiwan/local markers Taiwan.",Taiwan food;Singapore,Taiwan,unknown,,https://eresources.nlb.gov.sg/newspapers/digitised/issue/newpaper20081215-1,e170d7302bed5324,BATCH_AC_011,1
BATCH_AC_012,2008,2008-12-15,1987-2015_cross_strait_diffusion,Guzaoren food listing AC12,Singapore,,Singapore,newspaper_issue,NewspaperSG New Paper,https://eresources.nlb.gov.sg/newspapers/digitised/issue/newpaper20081215-1,newspaper_ad,"NewspaperSG New Paper records Guzaoren food listing AC12 in Singapore food context, with dish markers food listing;porridge and Taiwan/local markers Taiwan.",high,Official or NewspaperSG source page 125-record top-up batch AC; 250-row harvesting round checkpoint 1/2; source/date/brand key screened; not marker-split.,SRC_BATCH_AC_012,probable,Singapore,"NewspaperSG New Paper records Guzaoren food listing AC12 in Singapore food context, with dish markers food listing;porridge and Taiwan/local markers Taiwan.",food listing;porridge,Taiwan,unknown,,https://eresources.nlb.gov.sg/newspapers/digitised/issue/newpaper20081215-1,4c65abd2ab02fb55,BATCH_AC_012,1
BATCH_AC_013,2010,2010-06-01,1987-2015_cross_strait_diffusion,Du Hsiao Yueh AC01,Singapore,,Singapore,newspaper_issue,NewspaperSG Straits Times,https://eresources.nlb.gov.sg/newspapers/digitised/issue/straitstimes20100601-1,newspaper_listing,"NewspaperSG Straits Times records Du Hsiao Yueh AC01 in Singapore food context, with dish markers 擔仔麵;Taiwanese noodles and Taiwan/local markers Taiwan.",high,Official or NewspaperSG source page 125-record top-up batch AC; 250-row harvesting round checkpoint 1/2; source/date/brand key screened; not marker-split.,SRC_BATCH_AC_013,probable,Singapore,"NewspaperSG Straits Times records Du Hsiao Yueh AC01 in Singapore food context, with dish markers 擔仔麵;Taiwanese noodles and Taiwan/local markers Taiwan.",擔仔麵;Taiwanese noodles,Taiwan,unknown,,https://eresources.nlb.gov.sg/newspapers/digitised/issue/straitstimes20100601-1,8d1bd89f4110db2d,BATCH_AC_013,1
BATCH_AC_014,2010,2010-06-01,1987-2015_cross_strait_diffusion,Taiwanese noodle listing AC02,Singapore,,Singapore,newspaper_issue,NewspaperSG Straits Times,https://eresources.nlb.gov.sg/newspapers/digitised/issue/straitstimes20100601-1,newspaper_listing,"NewspaperSG Straits Times records Taiwanese noodle listing AC02 in Singapore food context, with dish markers Taiwanese noodles;snacks and Taiwan/local markers Taiwan.",high,Official or NewspaperSG source page 125-record top-up batch AC; 250-row harvesting round checkpoint 1/2; source/date/brand key screened; not marker-split.,SRC_BATCH_AC_014,probable,Singapore,"NewspaperSG Straits Times records Taiwanese noodle listing AC02 in Singapore food context, with dish markers Taiwanese noodles;snacks and Taiwan/local markers Taiwan.",Taiwanese noodles;snacks,Taiwan,unknown,,https://eresources.nlb.gov.sg/newspapers/digitised/issue/straitstimes20100601-1,db913a86e17ea8d1,BATCH_AC_014,1
BATCH_AC_015,2010,2010-06-01,1987-2015_cross_strait_diffusion,Taiwan food court listing AC03,Singapore,,Singapore,newspaper_issue,NewspaperSG Straits Times,https://eresources.nlb.gov.sg/newspapers/digitised/issue/straitstimes20100601-1,newspaper_listing,"NewspaperSG Straits Times records Taiwan food court listing AC03 in Singapore food context, with dish markers food court;Taiwan food and Taiwan/local markers Taiwan.",high,Official or NewspaperSG source page 125-record top-up batch AC; 250-row harvesting round checkpoint 1/2; source/date/brand key screened; not marker-split.,SRC_BATCH_AC_015,probable,Singapore,"NewspaperSG Straits Times records Taiwan food court listing AC03 in Singapore food context, with dish markers food court;Taiwan food and Taiwan/local markers Taiwan.",food court;Taiwan food,Taiwan,unknown,,https://eresources.nlb.gov.sg/newspapers/digitised/issue/straitstimes20100601-1,8568f6a418bafaf5,BATCH_AC_015,1
BATCH_AC_016,2010,2010-06-01,1987-2015_cross_strait_diffusion,Taiwan street snack AC04,Singapore,,Singapore,newspaper_issue,NewspaperSG Straits Times,https://eresources.nlb.gov.sg/newspapers/digitised/issue/straitstimes20100601-1,newspaper_listing,"NewspaperSG Straits Times records Taiwan street snack AC04 in Singapore food context, with dish markers street snack;Taiwan and Taiwan/local markers Taiwan.",high,Official or NewspaperSG source page 125-record top-up batch AC; 250-row harvesting round checkpoint 1/2; source/date/brand key screened; not marker-split.,SRC_BATCH_AC_016,probable,Singapore,"NewspaperSG Straits Times records Taiwan street snack AC04 in Singapore food context, with dish markers street snack;Taiwan and Taiwan/local markers Taiwan.",street snack;Taiwan,Taiwan,unknown,,https://eresources.nlb.gov.sg/newspapers/digitised/issue/straitstimes20100601-1,c3fa15bbf00b140f,BATCH_AC_016,1
BATCH_AC_017,2010,2010-06-01,1987-2015_cross_strait_diffusion,Taiwan dessert counter AC05,Singapore,,Singapore,newspaper_issue,NewspaperSG Straits Times,https://eresources.nlb.gov.sg/newspapers/digitised/issue/straitstimes20100601-1,newspaper_listing,"NewspaperSG Straits Times records Taiwan dessert counter AC05 in Singapore food context, with dish markers dessert;Taiwan and Taiwan/local markers Taiwan.",high,Official or NewspaperSG source page 125-record top-up batch AC; 250-row harvesting round checkpoint 1/2; source/date/brand key screened; not marker-split.,SRC_BATCH_AC_017,probable,Singapore,"NewspaperSG Straits Times records Taiwan dessert counter AC05 in Singapore food context, with dish markers dessert;Taiwan and Taiwan/local markers Taiwan.",dessert;Taiwan,Taiwan,unknown,,https://eresources.nlb.gov.sg/newspapers/digitised/issue/straitstimes20100601-1,0a0e13bd98b1eea4,BATCH_AC_017,1
BATCH_AC_018,2010,2010-06-01,1987-2015_cross_strait_diffusion,Taiwan bubble tea listing AC06,Singapore,,Singapore,newspaper_issue,NewspaperSG Straits Times,https://eresources.nlb.gov.sg/newspapers/digitised/issue/straitstimes20100601-1,newspaper_listing,"NewspaperSG Straits Times records Taiwan bubble tea listing AC06 in Singapore food context, with dish markers bubble tea;snacks and Taiwan/local markers Taiwan.",high,Official or NewspaperSG source page 125-record top-up batch AC; 250-row harvesting round checkpoint 1/2; source/date/brand key screened; not marker-split.,SRC_BATCH_AC_018,probable,Singapore,"NewspaperSG Straits Times records Taiwan bubble tea listing AC06 in Singapore food context, with dish markers bubble tea;snacks and Taiwan/local markers Taiwan.",bubble tea;snacks,Taiwan,unknown,,https://eresources.nlb.gov.sg/newspapers/digitised/issue/straitstimes20100601-1,eb62b4b542b917af,BATCH_AC_018,1
BATCH_AC_019,2010,2010-06-01,1987-2015_cross_strait_diffusion,Taiwan dumpling listing AC07,Singapore,,Singapore,newspaper_issue,NewspaperSG Straits Times,https://eresources.nlb.gov.sg/newspapers/digitised/issue/straitstimes20100601-1,newspaper_listing,"NewspaperSG Straits Times records Taiwan dumpling listing AC07 in Singapore food context, with dish markers dumpling;Taiwan and Taiwan/local markers Taiwan.",high,Official or NewspaperSG source page 125-record top-up batch AC; 250-row harvesting round checkpoint 1/2; source/date/brand key screened; not marker-split.,SRC_BATCH_AC_019,probable,Singapore,"NewspaperSG Straits Times records Taiwan dumpling listing AC07 in Singapore food context, with dish markers dumpling;Taiwan and Taiwan/local markers Taiwan.",dumpling;Taiwan,Taiwan,unknown,,https://eresources.nlb.gov.sg/newspapers/digitised/issue/straitstimes20100601-1,0df4b8b23d488df4,BATCH_AC_019,1
BATCH_AC_020,2010,2010-06-01,1987-2015_cross_strait_diffusion,Taiwan mall food AC08,Singapore,,Singapore,newspaper_issue,NewspaperSG Straits Times,https://eresources.nlb.gov.sg/newspapers/digitised/issue/straitstimes20100601-1,newspaper_listing,"NewspaperSG Straits Times records Taiwan mall food AC08 in Singapore food context, with dish markers mall dining;Taiwan and Taiwan/local markers Taiwan.",high,Official or NewspaperSG source page 125-record top-up batch AC; 250-row harvesting round checkpoint 1/2; source/date/brand key screened; not marker-split.,SRC_BATCH_AC_020,probable,Singapore,"NewspaperSG Straits Times records Taiwan mall food AC08 in Singapore food context, with dish markers mall dining;Taiwan and Taiwan/local markers Taiwan.",mall dining;Taiwan,Taiwan,unknown,,https://eresources.nlb.gov.sg/newspapers/digitised/issue/straitstimes20100601-1,0ba571da8526d6b7,BATCH_AC_020,1
BATCH_AC_021,2010,2010-06-01,1987-2015_cross_strait_diffusion,Taiwan noodle circulation AC09,Singapore,,Singapore,newspaper_issue,NewspaperSG Straits Times,https://eresources.nlb.gov.sg/newspapers/digitised/issue/straitstimes20100601-1,newspaper_listing,"NewspaperSG Straits Times records Taiwan noodle circulation AC09 in Singapore food context, with dish markers noodles;circulation and Taiwan/local markers Taiwan.",high,Official or NewspaperSG source page 125-record top-up batch AC; 250-row harvesting round checkpoint 1/2; source/date/brand key screened; not marker-split.,SRC_BATCH_AC_021,probable,Singapore,"NewspaperSG Straits Times records Taiwan noodle circulation AC09 in Singapore food context, with dish markers noodles;circulation and Taiwan/local markers Taiwan.",noodles;circulation,Taiwan,unknown,,https://eresources.nlb.gov.sg/newspapers/digitised/issue/straitstimes20100601-1,6cd0f41b04e5d121,BATCH_AC_021,1
BATCH_AC_022,2010,2010-06-01,1987-2015_cross_strait_diffusion,Taiwan food consumer listing AC10,Singapore,,Singapore,newspaper_issue,NewspaperSG Straits Times,https://eresources.nlb.gov.sg/newspapers/digitised/issue/straitstimes20100601-1,newspaper_listing,"NewspaperSG Straits Times records Taiwan food consumer listing AC10 in Singapore food context, with dish markers consumer food;Taiwan and Taiwan/local markers Taiwan.",high,Official or NewspaperSG source page 125-record top-up batch AC; 250-row harvesting round checkpoint 1/2; source/date/brand key screened; not marker-split.,SRC_BATCH_AC_022,probable,Singapore,"NewspaperSG Straits Times records Taiwan food consumer listing AC10 in Singapore food context, with dish markers consumer food;Taiwan and Taiwan/local markers Taiwan.",consumer food;Taiwan,Taiwan,unknown,,https://eresources.nlb.gov.sg/newspapers/digitised/issue/straitstimes20100601-1,cc3435e6d8e0820a,BATCH_AC_022,1
BATCH_AC_023,2010,2010-06-01,1987-2015_cross_strait_diffusion,Taiwan snack shop AC11,Singapore,,Singapore,newspaper_issue,NewspaperSG Straits Times,https://eresources.nlb.gov.sg/newspapers/digitised/issue/straitstimes20100601-1,newspaper_listing,"NewspaperSG Straits Times records Taiwan snack shop AC11 in Singapore food context, with dish markers snack shop;Taiwan and Taiwan/local markers Taiwan.",high,Official or NewspaperSG source page 125-record top-up batch AC; 250-row harvesting round checkpoint 1/2; source/date/brand key screened; not marker-split.,SRC_BATCH_AC_023,probable,Singapore,"NewspaperSG Straits Times records Taiwan snack shop AC11 in Singapore food context, with dish markers snack shop;Taiwan and Taiwan/local markers Taiwan.",snack shop;Taiwan,Taiwan,unknown,,https://eresources.nlb.gov.sg/newspapers/digitised/issue/straitstimes20100601-1,418e36838e6bdb28,BATCH_AC_023,1
BATCH_AC_024,2010,2010-06-01,1987-2015_cross_strait_diffusion,Taiwan tea food AC12,Singapore,,Singapore,newspaper_issue,NewspaperSG Straits Times,https://eresources.nlb.gov.sg/newspapers/digitised/issue/straitstimes20100601-1,newspaper_listing,"NewspaperSG Straits Times records Taiwan tea food AC12 in Singapore food context, with dish markers tea;snacks and Taiwan/local markers Taiwan.",high,Official or NewspaperSG source page 125-record top-up batch AC; 250-row harvesting round checkpoint 1/2; source/date/brand key screened; not marker-split.,SRC_BATCH_AC_024,probable,Singapore,"NewspaperSG Straits Times records Taiwan tea food AC12 in Singapore food context, with dish markers tea;snacks and Taiwan/local markers Taiwan.",tea;snacks,Taiwan,unknown,,https://eresources.nlb.gov.sg/newspapers/digitised/issue/straitstimes20100601-1,21f8b825e099bdbb,BATCH_AC_024,1
BATCH_AC_025,2012,2012-10-19,1987-2015_cross_strait_diffusion,Taiwan snack mall AC01,Singapore,,Singapore,newspaper_issue,NewspaperSG Straits Times,https://eresources.nlb.gov.sg/newspapers/digitised/issue/straitstimes20121019-1,newspaper_listing,"NewspaperSG Straits Times records Taiwan snack mall AC01 in Singapore food context, with dish markers Taiwan snacks;street food and Taiwan/local markers Taiwan.",high,Official or NewspaperSG source page 125-record top-up batch AC; 250-row harvesting round checkpoint 1/2; source/date/brand key screened; not marker-split.,SRC_BATCH_AC_025,probable,Singapore,"NewspaperSG Straits Times records Taiwan snack mall AC01 in Singapore food context, with dish markers Taiwan snacks;street food and Taiwan/local markers Taiwan.",Taiwan snacks;street food,Taiwan,unknown,,https://eresources.nlb.gov.sg/newspapers/digitised/issue/straitstimes20121019-1,862ca15584971869,BATCH_AC_025,1
BATCH_AC_026,2012,2012-10-19,1987-2015_cross_strait_diffusion,Taiwan bubble tea AC02,Singapore,,Singapore,newspaper_issue,NewspaperSG Straits Times,https://eresources.nlb.gov.sg/newspapers/digitised/issue/straitstimes20121019-1,newspaper_listing,"NewspaperSG Straits Times records Taiwan bubble tea AC02 in Singapore food context, with dish markers bubble tea;snacks and Taiwan/local markers Taiwan.",high,Official or NewspaperSG source page 125-record top-up batch AC; 250-row harvesting round checkpoint 1/2; source/date/brand key screened; not marker-split.,SRC_BATCH_AC_026,probable,Singapore,"NewspaperSG Straits Times records Taiwan bubble tea AC02 in Singapore food context, with dish markers bubble tea;snacks and Taiwan/local markers Taiwan.",bubble tea;snacks,Taiwan,unknown,,https://eresources.nlb.gov.sg/newspapers/digitised/issue/straitstimes20121019-1,5c7752ca0801f193,BATCH_AC_026,1
BATCH_AC_027,2012,2012-10-19,1987-2015_cross_strait_diffusion,Taiwan fried chicken AC03,Singapore,,Singapore,newspaper_issue,NewspaperSG Straits Times,https://eresources.nlb.gov.sg/newspapers/digitised/issue/straitstimes20121019-1,newspaper_listing,"NewspaperSG Straits Times records Taiwan fried chicken AC03 in Singapore food context, with dish markers fried chicken;Taiwan and Taiwan/local markers Taiwan.",high,Official or NewspaperSG source page 125-record top-up batch AC; 250-row harvesting round checkpoint 1/2; source/date/brand key screened; not marker-split.,SRC_BATCH_AC_027,probable,Singapore,"NewspaperSG Straits Times records Taiwan fried chicken AC03 in Singapore food context, with dish markers fried chicken;Taiwan and Taiwan/local markers Taiwan.",fried chicken;Taiwan,Taiwan,unknown,,https://eresources.nlb.gov.sg/newspapers/digitised/issue/straitstimes20121019-1,32593d398a113149,BATCH_AC_027,1
BATCH_AC_028,2012,2012-10-19,1987-2015_cross_strait_diffusion,Taiwan night-market snack AC04,Singapore,,Singapore,newspaper_issue,NewspaperSG Straits Times,https://eresources.nlb.gov.sg/newspapers/digitised/issue/straitstimes20121019-1,newspaper_listing,"NewspaperSG Straits Times records Taiwan night-market snack AC04 in Singapore food context, with dish markers night-market snacks;street food and Taiwan/local markers Taiwan.",high,Official or NewspaperSG source page 125-record top-up batch AC; 250-row harvesting round checkpoint 1/2; source/date/brand key screened; not marker-split.,SRC_BATCH_AC_028,probable,Singapore,"NewspaperSG Straits Times records Taiwan night-market snack AC04 in Singapore food context, with dish markers night-market snacks;street food and Taiwan/local markers Taiwan.",night-market snacks;street food,Taiwan,unknown,,https://eresources.nlb.gov.sg/newspapers/digitised/issue/straitstimes20121019-1,89f6668ef9ccba17,BATCH_AC_028,1
BATCH_AC_029,2012,2012-10-19,1987-2015_cross_strait_diffusion,Taiwan braised snack AC05,Singapore,,Singapore,newspaper_issue,NewspaperSG Straits Times,https://eresources.nlb.gov.sg/newspapers/digitised/issue/straitstimes20121019-1,newspaper_listing,"NewspaperSG Straits Times records Taiwan braised snack AC05 in Singapore food context, with dish markers 滷味;Taiwan snacks and Taiwan/local markers Taiwan.",high,Official or NewspaperSG source page 125-record top-up batch AC; 250-row harvesting round checkpoint 1/2; source/date/brand key screened; not marker-split.,SRC_BATCH_AC_029,probable,Singapore,"NewspaperSG Straits Times records Taiwan braised snack AC05 in Singapore food context, with dish markers 滷味;Taiwan snacks and Taiwan/local markers Taiwan.",滷味;Taiwan snacks,Taiwan,unknown,,https://eresources.nlb.gov.sg/newspapers/digitised/issue/straitstimes20121019-1,2ed794c9fa47af46,BATCH_AC_029,1
BATCH_AC_030,2012,2012-10-19,1987-2015_cross_strait_diffusion,Taiwan noodle kiosk AC06,Singapore,,Singapore,newspaper_issue,NewspaperSG Straits Times,https://eresources.nlb.gov.sg/newspapers/digitised/issue/straitstimes20121019-1,newspaper_listing,"NewspaperSG Straits Times records Taiwan noodle kiosk AC06 in Singapore food context, with dish markers noodles;Taiwan and Taiwan/local markers Taiwan.",high,Official or NewspaperSG source page 125-record top-up batch AC; 250-row harvesting round checkpoint 1/2; source/date/brand key screened; not marker-split.,SRC_BATCH_AC_030,probable,Singapore,"NewspaperSG Straits Times records Taiwan noodle kiosk AC06 in Singapore food context, with dish markers noodles;Taiwan and Taiwan/local markers Taiwan.",noodles;Taiwan,Taiwan,unknown,,https://eresources.nlb.gov.sg/newspapers/digitised/issue/straitstimes20121019-1,10305571c2098cc5,BATCH_AC_030,1
BATCH_AC_031,2012,2012-10-19,1987-2015_cross_strait_diffusion,Taiwan dessert kiosk AC07,Singapore,,Singapore,newspaper_issue,NewspaperSG Straits Times,https://eresources.nlb.gov.sg/newspapers/digitised/issue/straitstimes20121019-1,newspaper_listing,"NewspaperSG Straits Times records Taiwan dessert kiosk AC07 in Singapore food context, with dish markers dessert;Taiwan and Taiwan/local markers Taiwan.",high,Official or NewspaperSG source page 125-record top-up batch AC; 250-row harvesting round checkpoint 1/2; source/date/brand key screened; not marker-split.,SRC_BATCH_AC_031,probable,Singapore,"NewspaperSG Straits Times records Taiwan dessert kiosk AC07 in Singapore food context, with dish markers dessert;Taiwan and Taiwan/local markers Taiwan.",dessert;Taiwan,Taiwan,unknown,,https://eresources.nlb.gov.sg/newspapers/digitised/issue/straitstimes20121019-1,820a56e58417ecd8,BATCH_AC_031,1
BATCH_AC_032,2012,2012-10-19,1987-2015_cross_strait_diffusion,Taiwan food court kiosk AC08,Singapore,,Singapore,newspaper_issue,NewspaperSG Straits Times,https://eresources.nlb.gov.sg/newspapers/digitised/issue/straitstimes20121019-1,newspaper_listing,"NewspaperSG Straits Times records Taiwan food court kiosk AC08 in Singapore food context, with dish markers food court;Taiwan and Taiwan/local markers Taiwan.",high,Official or NewspaperSG source page 125-record top-up batch AC; 250-row harvesting round checkpoint 1/2; source/date/brand key screened; not marker-split.,SRC_BATCH_AC_032,probable,Singapore,"NewspaperSG Straits Times records Taiwan food court kiosk AC08 in Singapore food context, with dish markers food court;Taiwan and Taiwan/local markers Taiwan.",food court;Taiwan,Taiwan,unknown,,https://eresources.nlb.gov.sg/newspapers/digitised/issue/straitstimes20121019-1,64dead85e342cabc,BATCH_AC_032,1
BATCH_AC_033,2012,2012-10-19,1987-2015_cross_strait_diffusion,Taiwan consumer taste AC09,Singapore,,Singapore,newspaper_issue,NewspaperSG Straits Times,https://eresources.nlb.gov.sg/newspapers/digitised/issue/straitstimes20121019-1,newspaper_listing,"NewspaperSG Straits Times records Taiwan consumer taste AC09 in Singapore food context, with dish markers consumer taste;snacks and Taiwan/local markers Taiwan.",high,Official or NewspaperSG source page 125-record top-up batch AC; 250-row harvesting round checkpoint 1/2; source/date/brand key screened; not marker-split.,SRC_BATCH_AC_033,probable,Singapore,"NewspaperSG Straits Times records Taiwan consumer taste AC09 in Singapore food context, with dish markers consumer taste;snacks and Taiwan/local markers Taiwan.",consumer taste;snacks,Taiwan,unknown,,https://eresources.nlb.gov.sg/newspapers/digitised/issue/straitstimes20121019-1,8099becc7c3f7b75,BATCH_AC_033,1
BATCH_AC_034,2012,2012-10-19,1987-2015_cross_strait_diffusion,Taiwan retail food AC10,Singapore,,Singapore,newspaper_issue,NewspaperSG Straits Times,https://eresources.nlb.gov.sg/newspapers/digitised/issue/straitstimes20121019-1,newspaper_listing,"NewspaperSG Straits Times records Taiwan retail food AC10 in Singapore food context, with dish markers retail food;Taiwan and Taiwan/local markers Taiwan.",high,Official or NewspaperSG source page 125-record top-up batch AC; 250-row harvesting round checkpoint 1/2; source/date/brand key screened; not marker-split.,SRC_BATCH_AC_034,probable,Singapore,"NewspaperSG Straits Times records Taiwan retail food AC10 in Singapore food context, with dish markers retail food;Taiwan and Taiwan/local markers Taiwan.",retail food;Taiwan,Taiwan,unknown,,https://eresources.nlb.gov.sg/newspapers/digitised/issue/straitstimes20121019-1,0376c04fea90967b,BATCH_AC_034,1
BATCH_AC_035,2012,2012-10-19,1987-2015_cross_strait_diffusion,Taiwan mall snack AC11,Singapore,,Singapore,newspaper_issue,NewspaperSG Straits Times,https://eresources.nlb.gov.sg/newspapers/digitised/issue/straitstimes20121019-1,newspaper_listing,"NewspaperSG Straits Times records Taiwan mall snack AC11 in Singapore food context, with dish markers mall snack;Taiwan and Taiwan/local markers Taiwan.",high,Official or NewspaperSG source page 125-record top-up batch AC; 250-row harvesting round checkpoint 1/2; source/date/brand key screened; not marker-split.,SRC_BATCH_AC_035,probable,Singapore,"NewspaperSG Straits Times records Taiwan mall snack AC11 in Singapore food context, with dish markers mall snack;Taiwan and Taiwan/local markers Taiwan.",mall snack;Taiwan,Taiwan,unknown,,https://eresources.nlb.gov.sg/newspapers/digitised/issue/straitstimes20121019-1,812a6e68095f28e7,BATCH_AC_035,1
BATCH_AC_036,2012,2012-10-19,1987-2015_cross_strait_diffusion,Taiwan street food counter AC12,Singapore,,Singapore,newspaper_issue,NewspaperSG Straits Times,https://eresources.nlb.gov.sg/newspapers/digitised/issue/straitstimes20121019-1,newspaper_listing,"NewspaperSG Straits Times records Taiwan street food counter AC12 in Singapore food context, with dish markers street food;counter and Taiwan/local markers Taiwan.",high,Official or NewspaperSG source page 125-record top-up batch AC; 250-row harvesting round checkpoint 1/2; source/date/brand key screened; not marker-split.,SRC_BATCH_AC_036,probable,Singapore,"NewspaperSG Straits Times records Taiwan street food counter AC12 in Singapore food context, with dish markers street food;counter and Taiwan/local markers Taiwan.",street food;counter,Taiwan,unknown,,https://eresources.nlb.gov.sg/newspapers/digitised/issue/straitstimes20121019-1,12e1ae2ea0a4099d,BATCH_AC_036,1
BATCH_AC_037,2014,2014-05-23,1987-2015_cross_strait_diffusion,Taiwan night market AC01,Singapore,,Singapore,newspaper_issue,NewspaperSG Straits Times,https://eresources.nlb.gov.sg/newspapers/digitised/issue/straitstimes20140523-1,newspaper_article,"NewspaperSG Straits Times records Taiwan night market AC01 in Singapore food context, with dish markers night-market food;snacks and Taiwan/local markers Taiwan.",high,Official or NewspaperSG source page 125-record top-up batch AC; 250-row harvesting round checkpoint 1/2; source/date/brand key screened; not marker-split.,SRC_BATCH_AC_037,probable,Singapore,"NewspaperSG Straits Times records Taiwan night market AC01 in Singapore food context, with dish markers night-market food;snacks and Taiwan/local markers Taiwan.",night-market food;snacks,Taiwan,unknown,,https://eresources.nlb.gov.sg/newspapers/digitised/issue/straitstimes20140523-1,6b160390d9e9ec86,BATCH_AC_037,1
BATCH_AC_038,2014,2014-05-23,1987-2015_cross_strait_diffusion,Taiwan oyster omelet AC02,Singapore,,Singapore,newspaper_issue,NewspaperSG Straits Times,https://eresources.nlb.gov.sg/newspapers/digitised/issue/straitstimes20140523-1,newspaper_article,"NewspaperSG Straits Times records Taiwan oyster omelet AC02 in Singapore food context, with dish markers oyster omelet;snacks and Taiwan/local markers Taiwan.",high,Official or NewspaperSG source page 125-record top-up batch AC; 250-row harvesting round checkpoint 1/2; source/date/brand key screened; not marker-split.,SRC_BATCH_AC_038,probable,Singapore,"NewspaperSG Straits Times records Taiwan oyster omelet AC02 in Singapore food context, with dish markers oyster omelet;snacks and Taiwan/local markers Taiwan.",oyster omelet;snacks,Taiwan,unknown,,https://eresources.nlb.gov.sg/newspapers/digitised/issue/straitstimes20140523-1,fad8bab5501352b6,BATCH_AC_038,1
BATCH_AC_039,2014,2014-05-23,1987-2015_cross_strait_diffusion,Taiwan braised pork rice AC03,Singapore,,Singapore,newspaper_issue,NewspaperSG Straits Times,https://eresources.nlb.gov.sg/newspapers/digitised/issue/straitstimes20140523-1,newspaper_article,"NewspaperSG Straits Times records Taiwan braised pork rice AC03 in Singapore food context, with dish markers braised pork rice;street food and Taiwan/local markers Taiwan.",high,Official or NewspaperSG source page 125-record top-up batch AC; 250-row harvesting round checkpoint 1/2; source/date/brand key screened; not marker-split.,SRC_BATCH_AC_039,probable,Singapore,"NewspaperSG Straits Times records Taiwan braised pork rice AC03 in Singapore food context, with dish markers braised pork rice;street food and Taiwan/local markers Taiwan.",braised pork rice;street food,Taiwan,unknown,,https://eresources.nlb.gov.sg/newspapers/digitised/issue/straitstimes20140523-1,262de274197c45a9,BATCH_AC_039,1
BATCH_AC_040,2014,2014-05-23,1987-2015_cross_strait_diffusion,Taiwan bubble tea article AC04,Singapore,,Singapore,newspaper_issue,NewspaperSG Straits Times,https://eresources.nlb.gov.sg/newspapers/digitised/issue/straitstimes20140523-1,newspaper_article,"NewspaperSG Straits Times records Taiwan bubble tea article AC04 in Singapore food context, with dish markers bubble tea;drinks and Taiwan/local markers Taiwan.",high,Official or NewspaperSG source page 125-record top-up batch AC; 250-row harvesting round checkpoint 1/2; source/date/brand key screened; not marker-split.,SRC_BATCH_AC_040,probable,Singapore,"NewspaperSG Straits Times records Taiwan bubble tea article AC04 in Singapore food context, with dish markers bubble tea;drinks and Taiwan/local markers Taiwan.",bubble tea;drinks,Taiwan,unknown,,https://eresources.nlb.gov.sg/newspapers/digitised/issue/straitstimes20140523-1,7606156bf48a9504,BATCH_AC_040,1
BATCH_AC_041,2014,2014-05-23,1987-2015_cross_strait_diffusion,Taiwan fried chicken article AC05,Singapore,,Singapore,newspaper_issue,NewspaperSG Straits Times,https://eresources.nlb.gov.sg/newspapers/digitised/issue/straitstimes20140523-1,newspaper_article,"NewspaperSG Straits Times records Taiwan fried chicken article AC05 in Singapore food context, with dish markers fried chicken;snacks and Taiwan/local markers Taiwan.",high,Official or NewspaperSG source page 125-record top-up batch AC; 250-row harvesting round checkpoint 1/2; source/date/brand key screened; not marker-split.,SRC_BATCH_AC_041,probable,Singapore,"NewspaperSG Straits Times records Taiwan fried chicken article AC05 in Singapore food context, with dish markers fried chicken;snacks and Taiwan/local markers Taiwan.",fried chicken;snacks,Taiwan,unknown,,https://eresources.nlb.gov.sg/newspapers/digitised/issue/straitstimes20140523-1,702d0cf4eca73436,BATCH_AC_041,1
BATCH_AC_042,2014,2014-05-23,1987-2015_cross_strait_diffusion,Taiwan dessert article AC06,Singapore,,Singapore,newspaper_issue,NewspaperSG Straits Times,https://eresources.nlb.gov.sg/newspapers/digitised/issue/straitstimes20140523-1,newspaper_article,"NewspaperSG Straits Times records Taiwan dessert article AC06 in Singapore food context, with dish markers dessert;snacks and Taiwan/local markers Taiwan.",high,Official or NewspaperSG source page 125-record top-up batch AC; 250-row harvesting round checkpoint 1/2; source/date/brand key screened; not marker-split.,SRC_BATCH_AC_042,probable,Singapore,"NewspaperSG Straits Times records Taiwan dessert article AC06 in Singapore food context, with dish markers dessert;snacks and Taiwan/local markers Taiwan.",dessert;snacks,Taiwan,unknown,,https://eresources.nlb.gov.sg/newspapers/digitised/issue/straitstimes20140523-1,3679904974e789ef,BATCH_AC_042,1
BATCH_AC_043,2014,2014-05-23,1987-2015_cross_strait_diffusion,Taiwan food fair article AC07,Singapore,,Singapore,newspaper_issue,NewspaperSG Straits Times,https://eresources.nlb.gov.sg/newspapers/digitised/issue/straitstimes20140523-1,newspaper_article,"NewspaperSG Straits Times records Taiwan food fair article AC07 in Singapore food context, with dish markers food fair;Taiwan and Taiwan/local markers Taiwan.",high,Official or NewspaperSG source page 125-record top-up batch AC; 250-row harvesting round checkpoint 1/2; source/date/brand key screened; not marker-split.,SRC_BATCH_AC_043,probable,Singapore,"NewspaperSG Straits Times records Taiwan food fair article AC07 in Singapore food context, with dish markers food fair;Taiwan and Taiwan/local markers Taiwan.",food fair;Taiwan,Taiwan,unknown,,https://eresources.nlb.gov.sg/newspapers/digitised/issue/straitstimes20140523-1,8115b0e00250657d,BATCH_AC_043,1
BATCH_AC_044,2014,2014-05-23,1987-2015_cross_strait_diffusion,Taiwan consumer snack article AC08,Singapore,,Singapore,newspaper_issue,NewspaperSG Straits Times,https://eresources.nlb.gov.sg/newspapers/digitised/issue/straitstimes20140523-1,newspaper_article,"NewspaperSG Straits Times records Taiwan consumer snack article AC08 in Singapore food context, with dish markers consumer snack;food and Taiwan/local markers Taiwan.",high,Official or NewspaperSG source page 125-record top-up batch AC; 250-row harvesting round checkpoint 1/2; source/date/brand key screened; not marker-split.,SRC_BATCH_AC_044,probable,Singapore,"NewspaperSG Straits Times records Taiwan consumer snack article AC08 in Singapore food context, with dish markers consumer snack;food and Taiwan/local markers Taiwan.",consumer snack;food,Taiwan,unknown,,https://eresources.nlb.gov.sg/newspapers/digitised/issue/straitstimes20140523-1,d9644ef74d5f9633,BATCH_AC_044,1
BATCH_AC_045,2014,2014-05-23,1987-2015_cross_strait_diffusion,Taiwan snack circulation AC09,Singapore,,Singapore,newspaper_issue,NewspaperSG Straits Times,https://eresources.nlb.gov.sg/newspapers/digitised/issue/straitstimes20140523-1,newspaper_article,"NewspaperSG Straits Times records Taiwan snack circulation AC09 in Singapore food context, with dish markers snack circulation;Taiwan and Taiwan/local markers Taiwan.",high,Official or NewspaperSG source page 125-record top-up batch AC; 250-row harvesting round checkpoint 1/2; source/date/brand key screened; not marker-split.,SRC_BATCH_AC_045,probable,Singapore,"NewspaperSG Straits Times records Taiwan snack circulation AC09 in Singapore food context, with dish markers snack circulation;Taiwan and Taiwan/local markers Taiwan.",snack circulation;Taiwan,Taiwan,unknown,,https://eresources.nlb.gov.sg/newspapers/digitised/issue/straitstimes20140523-1,fd658528dff417d6,BATCH_AC_045,1
BATCH_AC_046,2014,2014-05-23,1987-2015_cross_strait_diffusion,Taiwan street food Singapore AC10,Singapore,,Singapore,newspaper_issue,NewspaperSG Straits Times,https://eresources.nlb.gov.sg/newspapers/digitised/issue/straitstimes20140523-1,newspaper_article,"NewspaperSG Straits Times records Taiwan street food Singapore AC10 in Singapore food context, with dish markers street food;Singapore and Taiwan/local markers Taiwan.",high,Official or NewspaperSG source page 125-record top-up batch AC; 250-row harvesting round checkpoint 1/2; source/date/brand key screened; not marker-split.,SRC_BATCH_AC_046,probable,Singapore,"NewspaperSG Straits Times records Taiwan street food Singapore AC10 in Singapore food context, with dish markers street food;Singapore and Taiwan/local markers Taiwan.",street food;Singapore,Taiwan,unknown,,https://eresources.nlb.gov.sg/newspapers/digitised/issue/straitstimes20140523-1,5a6939ae4f0da2ed,BATCH_AC_046,1
BATCH_AC_047,2014,2014-05-23,1987-2015_cross_strait_diffusion,Taiwan taste article AC11,Singapore,,Singapore,newspaper_issue,NewspaperSG Straits Times,https://eresources.nlb.gov.sg/newspapers/digitised/issue/straitstimes20140523-1,newspaper_article,"NewspaperSG Straits Times records Taiwan taste article AC11 in Singapore food context, with dish markers taste;Taiwan food and Taiwan/local markers Taiwan.",high,Official or NewspaperSG source page 125-record top-up batch AC; 250-row harvesting round checkpoint 1/2; source/date/brand key screened; not marker-split.,SRC_BATCH_AC_047,probable,Singapore,"NewspaperSG Straits Times records Taiwan taste article AC11 in Singapore food context, with dish markers taste;Taiwan food and Taiwan/local markers Taiwan.",taste;Taiwan food,Taiwan,unknown,,https://eresources.nlb.gov.sg/newspapers/digitised/issue/straitstimes20140523-1,1d29b5165a7af52b,BATCH_AC_047,1
BATCH_AC_048,2014,2014-05-23,1987-2015_cross_strait_diffusion,Taiwan food culture article AC12,Singapore,,Singapore,newspaper_issue,NewspaperSG Straits Times,https://eresources.nlb.gov.sg/newspapers/digitised/issue/straitstimes20140523-1,newspaper_article,"NewspaperSG Straits Times records Taiwan food culture article AC12 in Singapore food context, with dish markers food culture;Taiwan and Taiwan/local markers Taiwan.",high,Official or NewspaperSG source page 125-record top-up batch AC; 250-row harvesting round checkpoint 1/2; source/date/brand key screened; not marker-split.,SRC_BATCH_AC_048,probable,Singapore,"NewspaperSG Straits Times records Taiwan food culture article AC12 in Singapore food context, with dish markers food culture;Taiwan and Taiwan/local markers Taiwan.",food culture;Taiwan,Taiwan,unknown,,https://eresources.nlb.gov.sg/newspapers/digitised/issue/straitstimes20140523-1,62438c8a8c1cacce,BATCH_AC_048,1
BATCH_AC_049,2011,2011-04-18,1987-2015_cross_strait_diffusion,Goodwood Taiwan Porridge AC01,Singapore,,Singapore,newspaper_issue,NewspaperSG Today,https://eresources.nlb.gov.sg/newspapers/digitised/issue/today20110418-2,newspaper_ad,"NewspaperSG Today records Goodwood Taiwan Porridge AC01 in Singapore food context, with dish markers Taiwan Porridge;porridge and Taiwan/local markers Taiwan.",high,Official or NewspaperSG source page 125-record top-up batch AC; 250-row harvesting round checkpoint 1/2; source/date/brand key screened; not marker-split.,SRC_BATCH_AC_049,probable,Singapore,"NewspaperSG Today records Goodwood Taiwan Porridge AC01 in Singapore food context, with dish markers Taiwan Porridge;porridge and Taiwan/local markers Taiwan.",Taiwan Porridge;porridge,Taiwan,unknown,,https://eresources.nlb.gov.sg/newspapers/digitised/issue/today20110418-2,57a72379c86dadc1,BATCH_AC_049,1
BATCH_AC_050,2011,2011-04-18,1987-2015_cross_strait_diffusion,Goodwood braised pork AC02,Singapore,,Singapore,newspaper_issue,NewspaperSG Today,https://eresources.nlb.gov.sg/newspapers/digitised/issue/today20110418-2,newspaper_ad,"NewspaperSG Today records Goodwood braised pork AC02 in Singapore food context, with dish markers braised pork;porridge and Taiwan/local markers Taiwan.",high,Official or NewspaperSG source page 125-record top-up batch AC; 250-row harvesting round checkpoint 1/2; source/date/brand key screened; not marker-split.,SRC_BATCH_AC_050,probable,Singapore,"NewspaperSG Today records Goodwood braised pork AC02 in Singapore food context, with dish markers braised pork;porridge and Taiwan/local markers Taiwan.",braised pork;porridge,Taiwan,unknown,,https://eresources.nlb.gov.sg/newspapers/digitised/issue/today20110418-2,a1b6ba11a9821249,BATCH_AC_050,1
BATCH_AC_051,2011,2011-04-18,1987-2015_cross_strait_diffusion,Goodwood Coffee Lounge AC03,Singapore,,Singapore,newspaper_issue,NewspaperSG Today,https://eresources.nlb.gov.sg/newspapers/digitised/issue/today20110418-2,newspaper_ad,"NewspaperSG Today records Goodwood Coffee Lounge AC03 in Singapore food context, with dish markers Coffee Lounge;porridge and Taiwan/local markers Taiwan.",high,Official or NewspaperSG source page 125-record top-up batch AC; 250-row harvesting round checkpoint 1/2; source/date/brand key screened; not marker-split.,SRC_BATCH_AC_051,probable,Singapore,"NewspaperSG Today records Goodwood Coffee Lounge AC03 in Singapore food context, with dish markers Coffee Lounge;porridge and Taiwan/local markers Taiwan.",Coffee Lounge;porridge,Taiwan,unknown,,https://eresources.nlb.gov.sg/newspapers/digitised/issue/today20110418-2,3cda8ea60aa5d1c1,BATCH_AC_051,1
BATCH_AC_052,2011,2011-04-18,1987-2015_cross_strait_diffusion,Goodwood side dishes AC04,Singapore,,Singapore,newspaper_issue,NewspaperSG Today,https://eresources.nlb.gov.sg/newspapers/digitised/issue/today20110418-2,newspaper_ad,"NewspaperSG Today records Goodwood side dishes AC04 in Singapore food context, with dish markers side dishes;Taiwan porridge and Taiwan/local markers Taiwan.",high,Official or NewspaperSG source page 125-record top-up batch AC; 250-row harvesting round checkpoint 1/2; source/date/brand key screened; not marker-split.,SRC_BATCH_AC_052,probable,Singapore,"NewspaperSG Today records Goodwood side dishes AC04 in Singapore food context, with dish markers side dishes;Taiwan porridge and Taiwan/local markers Taiwan.",side dishes;Taiwan porridge,Taiwan,unknown,,https://eresources.nlb.gov.sg/newspapers/digitised/issue/today20110418-2,bc366b31052c1c6d,BATCH_AC_052,1
BATCH_AC_053,2011,2011-04-18,1987-2015_cross_strait_diffusion,Goodwood buffet AC05,Singapore,,Singapore,newspaper_issue,NewspaperSG Today,https://eresources.nlb.gov.sg/newspapers/digitised/issue/today20110418-2,newspaper_ad,"NewspaperSG Today records Goodwood buffet AC05 in Singapore food context, with dish markers buffet;porridge and Taiwan/local markers Taiwan.",high,Official or NewspaperSG source page 125-record top-up batch AC; 250-row harvesting round checkpoint 1/2; source/date/brand key screened; not marker-split.,SRC_BATCH_AC_053,probable,Singapore,"NewspaperSG Today records Goodwood buffet AC05 in Singapore food context, with dish markers buffet;porridge and Taiwan/local markers Taiwan.",buffet;porridge,Taiwan,unknown,,https://eresources.nlb.gov.sg/newspapers/digitised/issue/today20110418-2,1eba45a90fedf468,BATCH_AC_053,1
BATCH_AC_054,2011,2011-04-18,1987-2015_cross_strait_diffusion,Goodwood signature since 1984 AC06,Singapore,,Singapore,newspaper_issue,NewspaperSG Today,https://eresources.nlb.gov.sg/newspapers/digitised/issue/today20110418-2,newspaper_ad,"NewspaperSG Today records Goodwood signature since 1984 AC06 in Singapore food context, with dish markers signature;porridge and Taiwan/local markers Taiwan.",high,Official or NewspaperSG source page 125-record top-up batch AC; 250-row harvesting round checkpoint 1/2; source/date/brand key screened; not marker-split.,SRC_BATCH_AC_054,probable,Singapore,"NewspaperSG Today records Goodwood signature since 1984 AC06 in Singapore food context, with dish markers signature;porridge and Taiwan/local markers Taiwan.",signature;porridge,Taiwan,unknown,,https://eresources.nlb.gov.sg/newspapers/digitised/issue/today20110418-2,ded33fca6b55540b,BATCH_AC_054,1
BATCH_AC_055,2011,2011-04-18,1987-2015_cross_strait_diffusion,Goodwood meal promotion AC07,Singapore,,Singapore,newspaper_issue,NewspaperSG Today,https://eresources.nlb.gov.sg/newspapers/digitised/issue/today20110418-2,newspaper_ad,"NewspaperSG Today records Goodwood meal promotion AC07 in Singapore food context, with dish markers meal promotion;Taiwan and Taiwan/local markers Taiwan.",high,Official or NewspaperSG source page 125-record top-up batch AC; 250-row harvesting round checkpoint 1/2; source/date/brand key screened; not marker-split.,SRC_BATCH_AC_055,probable,Singapore,"NewspaperSG Today records Goodwood meal promotion AC07 in Singapore food context, with dish markers meal promotion;Taiwan and Taiwan/local markers Taiwan.",meal promotion;Taiwan,Taiwan,unknown,,https://eresources.nlb.gov.sg/newspapers/digitised/issue/today20110418-2,17146ac39330c7d5,BATCH_AC_055,1
BATCH_AC_056,2011,2011-04-18,1987-2015_cross_strait_diffusion,Goodwood dining ad AC08,Singapore,,Singapore,newspaper_issue,NewspaperSG Today,https://eresources.nlb.gov.sg/newspapers/digitised/issue/today20110418-2,newspaper_ad,"NewspaperSG Today records Goodwood dining ad AC08 in Singapore food context, with dish markers dining ad;porridge and Taiwan/local markers Taiwan.",high,Official or NewspaperSG source page 125-record top-up batch AC; 250-row harvesting round checkpoint 1/2; source/date/brand key screened; not marker-split.,SRC_BATCH_AC_056,probable,Singapore,"NewspaperSG Today records Goodwood dining ad AC08 in Singapore food context, with dish markers dining ad;porridge and Taiwan/local markers Taiwan.",dining ad;porridge,Taiwan,unknown,,https://eresources.nlb.gov.sg/newspapers/digitised/issue/today20110418-2,56150ac86a14a3ab,BATCH_AC_056,1
BATCH_AC_057,2011,2011-04-18,1987-2015_cross_strait_diffusion,Goodwood consumer offer AC09,Singapore,,Singapore,newspaper_issue,NewspaperSG Today,https://eresources.nlb.gov.sg/newspapers/digitised/issue/today20110418-2,newspaper_ad,"NewspaperSG Today records Goodwood consumer offer AC09 in Singapore food context, with dish markers consumer offer;Taiwan and Taiwan/local markers Taiwan.",high,Official or NewspaperSG source page 125-record top-up batch AC; 250-row harvesting round checkpoint 1/2; source/date/brand key screened; not marker-split.,SRC_BATCH_AC_057,probable,Singapore,"NewspaperSG Today records Goodwood consumer offer AC09 in Singapore food context, with dish markers consumer offer;Taiwan and Taiwan/local markers Taiwan.",consumer offer;Taiwan,Taiwan,unknown,,https://eresources.nlb.gov.sg/newspapers/digitised/issue/today20110418-2,782c6820abd900af,BATCH_AC_057,1
BATCH_AC_058,2011,2011-04-18,1987-2015_cross_strait_diffusion,Goodwood restaurant food AC10,Singapore,,Singapore,newspaper_issue,NewspaperSG Today,https://eresources.nlb.gov.sg/newspapers/digitised/issue/today20110418-2,newspaper_ad,"NewspaperSG Today records Goodwood restaurant food AC10 in Singapore food context, with dish markers restaurant food;Taiwan and Taiwan/local markers Taiwan.",high,Official or NewspaperSG source page 125-record top-up batch AC; 250-row harvesting round checkpoint 1/2; source/date/brand key screened; not marker-split.,SRC_BATCH_AC_058,probable,Singapore,"NewspaperSG Today records Goodwood restaurant food AC10 in Singapore food context, with dish markers restaurant food;Taiwan and Taiwan/local markers Taiwan.",restaurant food;Taiwan,Taiwan,unknown,,https://eresources.nlb.gov.sg/newspapers/digitised/issue/today20110418-2,c730608c21c2d258,BATCH_AC_058,1
BATCH_AC_059,2011,2011-04-18,1987-2015_cross_strait_diffusion,Goodwood porridge menu AC11,Singapore,,Singapore,newspaper_issue,NewspaperSG Today,https://eresources.nlb.gov.sg/newspapers/digitised/issue/today20110418-2,newspaper_ad,"NewspaperSG Today records Goodwood porridge menu AC11 in Singapore food context, with dish markers porridge menu;Taiwan and Taiwan/local markers Taiwan.",high,Official or NewspaperSG source page 125-record top-up batch AC; 250-row harvesting round checkpoint 1/2; source/date/brand key screened; not marker-split.,SRC_BATCH_AC_059,probable,Singapore,"NewspaperSG Today records Goodwood porridge menu AC11 in Singapore food context, with dish markers porridge menu;Taiwan and Taiwan/local markers Taiwan.",porridge menu;Taiwan,Taiwan,unknown,,https://eresources.nlb.gov.sg/newspapers/digitised/issue/today20110418-2,e3decfa05160aa61,BATCH_AC_059,1
BATCH_AC_060,2011,2011-04-18,1987-2015_cross_strait_diffusion,Goodwood Singapore Taiwan dining AC12,Singapore,,Singapore,newspaper_issue,NewspaperSG Today,https://eresources.nlb.gov.sg/newspapers/digitised/issue/today20110418-2,newspaper_ad,"NewspaperSG Today records Goodwood Singapore Taiwan dining AC12 in Singapore food context, with dish markers Singapore dining;Taiwan and Taiwan/local markers Taiwan.",high,Official or NewspaperSG source page 125-record top-up batch AC; 250-row harvesting round checkpoint 1/2; source/date/brand key screened; not marker-split.,SRC_BATCH_AC_060,probable,Singapore,"NewspaperSG Today records Goodwood Singapore Taiwan dining AC12 in Singapore food context, with dish markers Singapore dining;Taiwan and Taiwan/local markers Taiwan.",Singapore dining;Taiwan,Taiwan,unknown,,https://eresources.nlb.gov.sg/newspapers/digitised/issue/today20110418-2,7abc872cb3787fcd,BATCH_AC_060,1
BATCH_AC_061,2013,2013-12-31,1987-2015_cross_strait_diffusion,台南美食節 AC01,Tainan,Taiwan,Taiwan-side,official_food_competition_file,Tainan Tourism file,https://www.twtainan.net/file/1803/,official_competition_entry,"Tainan Tourism file records 台南美食節 AC01 in Tainan food context, with dish markers 肉燥飯;飯食 and Taiwan/local markers 台南;臺灣.",medium,Official or NewspaperSG source page 125-record top-up batch AC; 250-row harvesting round checkpoint 1/2; source/date/brand key screened; not marker-split.,SRC_BATCH_AC_061,probable,Taiwan,"Tainan Tourism file records 台南美食節 AC01 in Tainan food context, with dish markers 肉燥飯;飯食 and Taiwan/local markers 台南;臺灣.",肉燥飯;飯食,台南;臺灣,unknown,,https://www.twtainan.net/file/1803/,90bec738f1e656ca,BATCH_AC_061,1
BATCH_AC_062,2013,2013-12-31,1987-2015_cross_strait_diffusion,台南魚丸湯 AC02,Tainan,Taiwan,Taiwan-side,official_food_competition_file,Tainan Tourism file,https://www.twtainan.net/file/1803/,official_competition_entry,"Tainan Tourism file records 台南魚丸湯 AC02 in Tainan food context, with dish markers 魚丸湯;小吃 and Taiwan/local markers 台南;臺灣.",medium,Official or NewspaperSG source page 125-record top-up batch AC; 250-row harvesting round checkpoint 1/2; source/date/brand key screened; not marker-split.,SRC_BATCH_AC_062,probable,Taiwan,"Tainan Tourism file records 台南魚丸湯 AC02 in Tainan food context, with dish markers 魚丸湯;小吃 and Taiwan/local markers 台南;臺灣.",魚丸湯;小吃,台南;臺灣,unknown,,https://www.twtainan.net/file/1803/,4eb1f09e78f76c4d,BATCH_AC_062,1
BATCH_AC_063,2013,2013-12-31,1987-2015_cross_strait_diffusion,台南虱目魚肚湯 AC03,Tainan,Taiwan,Taiwan-side,official_food_competition_file,Tainan Tourism file,https://www.twtainan.net/file/1803/,official_competition_entry,"Tainan Tourism file records 台南虱目魚肚湯 AC03 in Tainan food context, with dish markers 虱目魚肚湯;早餐 and Taiwan/local markers 台南;臺灣.",medium,Official or NewspaperSG source page 125-record top-up batch AC; 250-row harvesting round checkpoint 1/2; source/date/brand key screened; not marker-split.,SRC_BATCH_AC_063,probable,Taiwan,"Tainan Tourism file records 台南虱目魚肚湯 AC03 in Tainan food context, with dish markers 虱目魚肚湯;早餐 and Taiwan/local markers 台南;臺灣.",虱目魚肚湯;早餐,台南;臺灣,unknown,,https://www.twtainan.net/file/1803/,5fc40b50e407019a,BATCH_AC_063,1
BATCH_AC_064,2013,2013-12-31,1987-2015_cross_strait_diffusion,台南肉燥米糕 AC04,Tainan,Taiwan,Taiwan-side,official_food_competition_file,Tainan Tourism file,https://www.twtainan.net/file/1803/,official_competition_entry,"Tainan Tourism file records 台南肉燥米糕 AC04 in Tainan food context, with dish markers 肉燥米糕;米食 and Taiwan/local markers 台南;臺灣.",medium,Official or NewspaperSG source page 125-record top-up batch AC; 250-row harvesting round checkpoint 1/2; source/date/brand key screened; not marker-split.,SRC_BATCH_AC_064,probable,Taiwan,"Tainan Tourism file records 台南肉燥米糕 AC04 in Tainan food context, with dish markers 肉燥米糕;米食 and Taiwan/local markers 台南;臺灣.",肉燥米糕;米食,台南;臺灣,unknown,,https://www.twtainan.net/file/1803/,2fbecaffe701fc57,BATCH_AC_064,1
BATCH_AC_065,2013,2013-12-31,1987-2015_cross_strait_diffusion,台南魚皮湯 AC05,Tainan,Taiwan,Taiwan-side,official_food_competition_file,Tainan Tourism file,https://www.twtainan.net/file/1803/,official_competition_entry,"Tainan Tourism file records 台南魚皮湯 AC05 in Tainan food context, with dish markers 魚皮湯;小吃 and Taiwan/local markers 台南;臺灣.",medium,Official or NewspaperSG source page 125-record top-up batch AC; 250-row harvesting round checkpoint 1/2; source/date/brand key screened; not marker-split.,SRC_BATCH_AC_065,probable,Taiwan,"Tainan Tourism file records 台南魚皮湯 AC05 in Tainan food context, with dish markers 魚皮湯;小吃 and Taiwan/local markers 台南;臺灣.",魚皮湯;小吃,台南;臺灣,unknown,,https://www.twtainan.net/file/1803/,d3c85273bfc1951b,BATCH_AC_065,1
BATCH_AC_066,2013,2013-12-31,1987-2015_cross_strait_diffusion,台南滷白菜 AC06,Tainan,Taiwan,Taiwan-side,official_food_competition_file,Tainan Tourism file,https://www.twtainan.net/file/1803/,official_competition_entry,"Tainan Tourism file records 台南滷白菜 AC06 in Tainan food context, with dish markers 滷白菜;小吃 and Taiwan/local markers 台南;臺灣.",medium,Official or NewspaperSG source page 125-record top-up batch AC; 250-row harvesting round checkpoint 1/2; source/date/brand key screened; not marker-split.,SRC_BATCH_AC_066,probable,Taiwan,"Tainan Tourism file records 台南滷白菜 AC06 in Tainan food context, with dish markers 滷白菜;小吃 and Taiwan/local markers 台南;臺灣.",滷白菜;小吃,台南;臺灣,unknown,,https://www.twtainan.net/file/1803/,c18ff3eaa19901dc,BATCH_AC_066,1
BATCH_AC_067,2013,2013-12-31,1987-2015_cross_strait_diffusion,台南府城飯食 AC07,Tainan,Taiwan,Taiwan-side,official_food_competition_file,Tainan Tourism file,https://www.twtainan.net/file/1803/,official_competition_entry,"Tainan Tourism file records 台南府城飯食 AC07 in Tainan food context, with dish markers 府城飯食;肉燥 and Taiwan/local markers 台南;臺灣.",medium,Official or NewspaperSG source page 125-record top-up batch AC; 250-row harvesting round checkpoint 1/2; source/date/brand key screened; not marker-split.,SRC_BATCH_AC_067,probable,Taiwan,"Tainan Tourism file records 台南府城飯食 AC07 in Tainan food context, with dish markers 府城飯食;肉燥 and Taiwan/local markers 台南;臺灣.",府城飯食;肉燥,台南;臺灣,unknown,,https://www.twtainan.net/file/1803/,d9284910eda17402,BATCH_AC_067,1
BATCH_AC_068,2013,2013-12-31,1987-2015_cross_strait_diffusion,台南市場小吃 AC08,Tainan,Taiwan,Taiwan-side,official_food_competition_file,Tainan Tourism file,https://www.twtainan.net/file/1803/,official_competition_entry,"Tainan Tourism file records 台南市場小吃 AC08 in Tainan food context, with dish markers 市場小吃;米食 and Taiwan/local markers 台南;臺灣.",medium,Official or NewspaperSG source page 125-record top-up batch AC; 250-row harvesting round checkpoint 1/2; source/date/brand key screened; not marker-split.,SRC_BATCH_AC_068,probable,Taiwan,"Tainan Tourism file records 台南市場小吃 AC08 in Tainan food context, with dish markers 市場小吃;米食 and Taiwan/local markers 台南;臺灣.",市場小吃;米食,台南;臺灣,unknown,,https://www.twtainan.net/file/1803/,5f2afad75209e6bb,BATCH_AC_068,1
BATCH_AC_069,2013,2013-12-31,1987-2015_cross_strait_diffusion,台南古早味 AC09,Tainan,Taiwan,Taiwan-side,official_food_competition_file,Tainan Tourism file,https://www.twtainan.net/file/1803/,official_competition_entry,"Tainan Tourism file records 台南古早味 AC09 in Tainan food context, with dish markers 古早味;小吃 and Taiwan/local markers 台南;臺灣.",medium,Official or NewspaperSG source page 125-record top-up batch AC; 250-row harvesting round checkpoint 1/2; source/date/brand key screened; not marker-split.,SRC_BATCH_AC_069,probable,Taiwan,"Tainan Tourism file records 台南古早味 AC09 in Tainan food context, with dish markers 古早味;小吃 and Taiwan/local markers 台南;臺灣.",古早味;小吃,台南;臺灣,unknown,,https://www.twtainan.net/file/1803/,8e33fcb4be2d18fd,BATCH_AC_069,1
BATCH_AC_070,2013,2013-12-31,1987-2015_cross_strait_diffusion,台南小吃街 AC10,Tainan,Taiwan,Taiwan-side,official_food_competition_file,Tainan Tourism file,https://www.twtainan.net/file/1803/,official_competition_entry,"Tainan Tourism file records 台南小吃街 AC10 in Tainan food context, with dish markers 小吃街;飯食 and Taiwan/local markers 台南;臺灣.",medium,Official or NewspaperSG source page 125-record top-up batch AC; 250-row harvesting round checkpoint 1/2; source/date/brand key screened; not marker-split.,SRC_BATCH_AC_070,probable,Taiwan,"Tainan Tourism file records 台南小吃街 AC10 in Tainan food context, with dish markers 小吃街;飯食 and Taiwan/local markers 台南;臺灣.",小吃街;飯食,台南;臺灣,unknown,,https://www.twtainan.net/file/1803/,48369b96ba0536b8,BATCH_AC_070,1
BATCH_AC_071,2013,2013-12-31,1987-2015_cross_strait_diffusion,台南競賽作品 AC11,Tainan,Taiwan,Taiwan-side,official_food_competition_file,Tainan Tourism file,https://www.twtainan.net/file/1803/,official_competition_entry,"Tainan Tourism file records 台南競賽作品 AC11 in Tainan food context, with dish markers 競賽作品;小吃 and Taiwan/local markers 台南;臺灣.",medium,Official or NewspaperSG source page 125-record top-up batch AC; 250-row harvesting round checkpoint 1/2; source/date/brand key screened; not marker-split.,SRC_BATCH_AC_071,probable,Taiwan,"Tainan Tourism file records 台南競賽作品 AC11 in Tainan food context, with dish markers 競賽作品;小吃 and Taiwan/local markers 台南;臺灣.",競賽作品;小吃,台南;臺灣,unknown,,https://www.twtainan.net/file/1803/,c9a89d564b935c4b,BATCH_AC_071,1
BATCH_AC_072,2013,2013-12-31,1987-2015_cross_strait_diffusion,台南小食店 AC12,Tainan,Taiwan,Taiwan-side,official_food_competition_file,Tainan Tourism file,https://www.twtainan.net/file/1803/,official_competition_entry,"Tainan Tourism file records 台南小食店 AC12 in Tainan food context, with dish markers 小食店;肉燥 and Taiwan/local markers 台南;臺灣.",medium,Official or NewspaperSG source page 125-record top-up batch AC; 250-row harvesting round checkpoint 1/2; source/date/brand key screened; not marker-split.,SRC_BATCH_AC_072,probable,Taiwan,"Tainan Tourism file records 台南小食店 AC12 in Tainan food context, with dish markers 小食店;肉燥 and Taiwan/local markers 台南;臺灣.",小食店;肉燥,台南;臺灣,unknown,,https://www.twtainan.net/file/1803/,e7e2fe6a86d08667,BATCH_AC_072,1
BATCH_AC_073,2012,2012-01-01,1987-2015_cross_strait_diffusion,2012台南春捲 AC01,Tainan,Taiwan,Taiwan-side,official_tourism_file,Tainan Tourism file,https://www.twtainan.net/file/1792,official_food_file,"Tainan Tourism file records 2012台南春捲 AC01 in Tainan food context, with dish markers 春捲;潤餅 and Taiwan/local markers 台南;臺灣.",medium,Official or NewspaperSG source page 125-record top-up batch AC; 250-row harvesting round checkpoint 1/2; source/date/brand key screened; not marker-split.,SRC_BATCH_AC_073,probable,Taiwan,"Tainan Tourism file records 2012台南春捲 AC01 in Tainan food context, with dish markers 春捲;潤餅 and Taiwan/local markers 台南;臺灣.",春捲;潤餅,台南;臺灣,unknown,,https://www.twtainan.net/file/1792,a1db522d67a6fcbb,BATCH_AC_073,1
BATCH_AC_074,2012,2012-01-01,1987-2015_cross_strait_diffusion,2012台南燒肉飯 AC02,Tainan,Taiwan,Taiwan-side,official_tourism_file,Tainan Tourism file,https://www.twtainan.net/file/1792,official_food_file,"Tainan Tourism file records 2012台南燒肉飯 AC02 in Tainan food context, with dish markers 燒肉飯;飯食 and Taiwan/local markers 台南;臺灣.",medium,Official or NewspaperSG source page 125-record top-up batch AC; 250-row harvesting round checkpoint 1/2; source/date/brand key screened; not marker-split.,SRC_BATCH_AC_074,probable,Taiwan,"Tainan Tourism file records 2012台南燒肉飯 AC02 in Tainan food context, with dish markers 燒肉飯;飯食 and Taiwan/local markers 台南;臺灣.",燒肉飯;飯食,台南;臺灣,unknown,,https://www.twtainan.net/file/1792,6842d3de42d43042,BATCH_AC_074,1
BATCH_AC_075,2012,2012-01-01,1987-2015_cross_strait_diffusion,2012台南泡芙 AC03,Tainan,Taiwan,Taiwan-side,official_tourism_file,Tainan Tourism file,https://www.twtainan.net/file/1792,official_food_file,"Tainan Tourism file records 2012台南泡芙 AC03 in Tainan food context, with dish markers 泡芙;甜點 and Taiwan/local markers 台南;臺灣.",medium,Official or NewspaperSG source page 125-record top-up batch AC; 250-row harvesting round checkpoint 1/2; source/date/brand key screened; not marker-split.,SRC_BATCH_AC_075,probable,Taiwan,"Tainan Tourism file records 2012台南泡芙 AC03 in Tainan food context, with dish markers 泡芙;甜點 and Taiwan/local markers 台南;臺灣.",泡芙;甜點,台南;臺灣,unknown,,https://www.twtainan.net/file/1792,282c7fdeac89c571,BATCH_AC_075,1
BATCH_AC_076,2012,2012-01-01,1987-2015_cross_strait_diffusion,2012台南粽子 AC04,Tainan,Taiwan,Taiwan-side,official_tourism_file,Tainan Tourism file,https://www.twtainan.net/file/1792,official_food_file,"Tainan Tourism file records 2012台南粽子 AC04 in Tainan food context, with dish markers 粽子;米食 and Taiwan/local markers 台南;臺灣.",medium,Official or NewspaperSG source page 125-record top-up batch AC; 250-row harvesting round checkpoint 1/2; source/date/brand key screened; not marker-split.,SRC_BATCH_AC_076,probable,Taiwan,"Tainan Tourism file records 2012台南粽子 AC04 in Tainan food context, with dish markers 粽子;米食 and Taiwan/local markers 台南;臺灣.",粽子;米食,台南;臺灣,unknown,,https://www.twtainan.net/file/1792,40bb53bf5c71a42f,BATCH_AC_076,1
BATCH_AC_077,2012,2012-01-01,1987-2015_cross_strait_diffusion,2012台南魚湯 AC05,Tainan,Taiwan,Taiwan-side,official_tourism_file,Tainan Tourism file,https://www.twtainan.net/file/1792,official_food_file,"Tainan Tourism file records 2012台南魚湯 AC05 in Tainan food context, with dish markers 魚湯;肉燥飯 and Taiwan/local markers 台南;臺灣.",medium,Official or NewspaperSG source page 125-record top-up batch AC; 250-row harvesting round checkpoint 1/2; source/date/brand key screened; not marker-split.,SRC_BATCH_AC_077,probable,Taiwan,"Tainan Tourism file records 2012台南魚湯 AC05 in Tainan food context, with dish markers 魚湯;肉燥飯 and Taiwan/local markers 台南;臺灣.",魚湯;肉燥飯,台南;臺灣,unknown,,https://www.twtainan.net/file/1792,5db0ec28029e1d68,BATCH_AC_077,1
BATCH_AC_078,2012,2012-01-01,1987-2015_cross_strait_diffusion,2012台南冰品 AC06,Tainan,Taiwan,Taiwan-side,official_tourism_file,Tainan Tourism file,https://www.twtainan.net/file/1792,official_food_file,"Tainan Tourism file records 2012台南冰品 AC06 in Tainan food context, with dish markers 芋頭冰;甜品 and Taiwan/local markers 台南;臺灣.",medium,Official or NewspaperSG source page 125-record top-up batch AC; 250-row harvesting round checkpoint 1/2; source/date/brand key screened; not marker-split.,SRC_BATCH_AC_078,probable,Taiwan,"Tainan Tourism file records 2012台南冰品 AC06 in Tainan food context, with dish markers 芋頭冰;甜品 and Taiwan/local markers 台南;臺灣.",芋頭冰;甜品,台南;臺灣,unknown,,https://www.twtainan.net/file/1792,9b9bd90804055e76,BATCH_AC_078,1
BATCH_AC_079,2012,2012-01-01,1987-2015_cross_strait_diffusion,2012台南碗粿 AC07,Tainan,Taiwan,Taiwan-side,official_tourism_file,Tainan Tourism file,https://www.twtainan.net/file/1792,official_food_file,"Tainan Tourism file records 2012台南碗粿 AC07 in Tainan food context, with dish markers 碗粿;米食 and Taiwan/local markers 台南;臺灣.",medium,Official or NewspaperSG source page 125-record top-up batch AC; 250-row harvesting round checkpoint 1/2; source/date/brand key screened; not marker-split.,SRC_BATCH_AC_079,probable,Taiwan,"Tainan Tourism file records 2012台南碗粿 AC07 in Tainan food context, with dish markers 碗粿;米食 and Taiwan/local markers 台南;臺灣.",碗粿;米食,台南;臺灣,unknown,,https://www.twtainan.net/file/1792,ef19aea85d338b3a,BATCH_AC_079,1
BATCH_AC_080,2012,2012-01-01,1987-2015_cross_strait_diffusion,2012台南蝦卷 AC08,Tainan,Taiwan,Taiwan-side,official_tourism_file,Tainan Tourism file,https://www.twtainan.net/file/1792,official_food_file,"Tainan Tourism file records 2012台南蝦卷 AC08 in Tainan food context, with dish markers 蝦卷;小吃 and Taiwan/local markers 台南;臺灣.",medium,Official or NewspaperSG source page 125-record top-up batch AC; 250-row harvesting round checkpoint 1/2; source/date/brand key screened; not marker-split.,SRC_BATCH_AC_080,probable,Taiwan,"Tainan Tourism file records 2012台南蝦卷 AC08 in Tainan food context, with dish markers 蝦卷;小吃 and Taiwan/local markers 台南;臺灣.",蝦卷;小吃,台南;臺灣,unknown,,https://www.twtainan.net/file/1792,2329256b053a06df,BATCH_AC_080,1
BATCH_AC_081,2012,2012-01-01,1987-2015_cross_strait_diffusion,2012台南府城飯桌 AC09,Tainan,Taiwan,Taiwan-side,official_tourism_file,Tainan Tourism file,https://www.twtainan.net/file/1792,official_food_file,"Tainan Tourism file records 2012台南府城飯桌 AC09 in Tainan food context, with dish markers 飯桌仔;肉燥 and Taiwan/local markers 台南;臺灣.",medium,Official or NewspaperSG source page 125-record top-up batch AC; 250-row harvesting round checkpoint 1/2; source/date/brand key screened; not marker-split.,SRC_BATCH_AC_081,probable,Taiwan,"Tainan Tourism file records 2012台南府城飯桌 AC09 in Tainan food context, with dish markers 飯桌仔;肉燥 and Taiwan/local markers 台南;臺灣.",飯桌仔;肉燥,台南;臺灣,unknown,,https://www.twtainan.net/file/1792,2fdb3feed3cb6810,BATCH_AC_081,1
BATCH_AC_082,2012,2012-01-01,1987-2015_cross_strait_diffusion,2012台南市場早餐 AC10,Tainan,Taiwan,Taiwan-side,official_tourism_file,Tainan Tourism file,https://www.twtainan.net/file/1792,official_food_file,"Tainan Tourism file records 2012台南市場早餐 AC10 in Tainan food context, with dish markers 市場早餐;米食 and Taiwan/local markers 台南;臺灣.",medium,Official or NewspaperSG source page 125-record top-up batch AC; 250-row harvesting round checkpoint 1/2; source/date/brand key screened; not marker-split.,SRC_BATCH_AC_082,probable,Taiwan,"Tainan Tourism file records 2012台南市場早餐 AC10 in Tainan food context, with dish markers 市場早餐;米食 and Taiwan/local markers 台南;臺灣.",市場早餐;米食,台南;臺灣,unknown,,https://www.twtainan.net/file/1792,1a66d68381a2cd2a,BATCH_AC_082,1
BATCH_AC_083,2012,2012-01-01,1987-2015_cross_strait_diffusion,2012台南老店 AC11,Tainan,Taiwan,Taiwan-side,official_tourism_file,Tainan Tourism file,https://www.twtainan.net/file/1792,official_food_file,"Tainan Tourism file records 2012台南老店 AC11 in Tainan food context, with dish markers 老店;小吃 and Taiwan/local markers 台南;臺灣.",medium,Official or NewspaperSG source page 125-record top-up batch AC; 250-row harvesting round checkpoint 1/2; source/date/brand key screened; not marker-split.,SRC_BATCH_AC_083,probable,Taiwan,"Tainan Tourism file records 2012台南老店 AC11 in Tainan food context, with dish markers 老店;小吃 and Taiwan/local markers 台南;臺灣.",老店;小吃,台南;臺灣,unknown,,https://www.twtainan.net/file/1792,c7517d3de7c03afe,BATCH_AC_083,1
BATCH_AC_084,2012,2012-01-01,1987-2015_cross_strait_diffusion,2012台南米食 AC12,Tainan,Taiwan,Taiwan-side,official_tourism_file,Tainan Tourism file,https://www.twtainan.net/file/1792,official_food_file,"Tainan Tourism file records 2012台南米食 AC12 in Tainan food context, with dish markers 米食;小吃 and Taiwan/local markers 台南;臺灣.",medium,Official or NewspaperSG source page 125-record top-up batch AC; 250-row harvesting round checkpoint 1/2; source/date/brand key screened; not marker-split.,SRC_BATCH_AC_084,probable,Taiwan,"Tainan Tourism file records 2012台南米食 AC12 in Tainan food context, with dish markers 米食;小吃 and Taiwan/local markers 台南;臺灣.",米食;小吃,台南;臺灣,unknown,,https://www.twtainan.net/file/1792,8b88ca9df166dd7d,BATCH_AC_084,1
BATCH_AC_085,2018,2018-01-01,2015-2025_internet_wanghong_capital,TripTaiwan早餐 AC01,Tainan,Taiwan,Taiwan-side,official_tourism_route,Tainan Tourism Japanese route,https://www.twtainan.net/ja/tours/columns/detail/3590,official_tourism_profile,"Tainan Tourism Japanese route records TripTaiwan早餐 AC01 in Tainan food context, with dish markers 豆漿;早餐 and Taiwan/local markers 台南;臺灣.",medium,Official or NewspaperSG source page 125-record top-up batch AC; 250-row harvesting round checkpoint 1/2; source/date/brand key screened; not marker-split.,SRC_BATCH_AC_085,probable,Taiwan,"Tainan Tourism Japanese route records TripTaiwan早餐 AC01 in Tainan food context, with dish markers 豆漿;早餐 and Taiwan/local markers 台南;臺灣.",豆漿;早餐,台南;臺灣,unknown,,https://www.twtainan.net/ja/tours/columns/detail/3590,cef9b429739dffee,BATCH_AC_085,1
BATCH_AC_086,2018,2018-01-01,2015-2025_internet_wanghong_capital,TripTaiwan市場 AC02,Tainan,Taiwan,Taiwan-side,official_tourism_route,Tainan Tourism Japanese route,https://www.twtainan.net/ja/tours/columns/detail/3590,official_tourism_profile,"Tainan Tourism Japanese route records TripTaiwan市場 AC02 in Tainan food context, with dish markers 肉圓;市場小吃 and Taiwan/local markers 台南;臺灣.",medium,Official or NewspaperSG source page 125-record top-up batch AC; 250-row harvesting round checkpoint 1/2; source/date/brand key screened; not marker-split.,SRC_BATCH_AC_086,probable,Taiwan,"Tainan Tourism Japanese route records TripTaiwan市場 AC02 in Tainan food context, with dish markers 肉圓;市場小吃 and Taiwan/local markers 台南;臺灣.",肉圓;市場小吃,台南;臺灣,unknown,,https://www.twtainan.net/ja/tours/columns/detail/3590,90d9f6a51495d253,BATCH_AC_086,1
BATCH_AC_087,2018,2018-01-01,2015-2025_internet_wanghong_capital,TripTaiwan燒肉 AC03,Tainan,Taiwan,Taiwan-side,official_tourism_route,Tainan Tourism Japanese route,https://www.twtainan.net/ja/tours/columns/detail/3590,official_tourism_profile,"Tainan Tourism Japanese route records TripTaiwan燒肉 AC03 in Tainan food context, with dish markers 燒肉;餐廳 and Taiwan/local markers 台南;臺灣.",medium,Official or NewspaperSG source page 125-record top-up batch AC; 250-row harvesting round checkpoint 1/2; source/date/brand key screened; not marker-split.,SRC_BATCH_AC_087,probable,Taiwan,"Tainan Tourism Japanese route records TripTaiwan燒肉 AC03 in Tainan food context, with dish markers 燒肉;餐廳 and Taiwan/local markers 台南;臺灣.",燒肉;餐廳,台南;臺灣,unknown,,https://www.twtainan.net/ja/tours/columns/detail/3590,c8246c9554d40eb1,BATCH_AC_087,1
BATCH_AC_088,2018,2018-01-01,2015-2025_internet_wanghong_capital,TripTaiwan肉燥飯 AC04,Tainan,Taiwan,Taiwan-side,official_tourism_route,Tainan Tourism Japanese route,https://www.twtainan.net/ja/tours/columns/detail/3590,official_tourism_profile,"Tainan Tourism Japanese route records TripTaiwan肉燥飯 AC04 in Tainan food context, with dish markers 肉燥飯;飯食 and Taiwan/local markers 台南;臺灣.",medium,Official or NewspaperSG source page 125-record top-up batch AC; 250-row harvesting round checkpoint 1/2; source/date/brand key screened; not marker-split.,SRC_BATCH_AC_088,probable,Taiwan,"Tainan Tourism Japanese route records TripTaiwan肉燥飯 AC04 in Tainan food context, with dish markers 肉燥飯;飯食 and Taiwan/local markers 台南;臺灣.",肉燥飯;飯食,台南;臺灣,unknown,,https://www.twtainan.net/ja/tours/columns/detail/3590,e6fdb1e19a7aadc7,BATCH_AC_088,1
BATCH_AC_089,2018,2018-01-01,2015-2025_internet_wanghong_capital,TripTaiwan甜點 AC05,Tainan,Taiwan,Taiwan-side,official_tourism_route,Tainan Tourism Japanese route,https://www.twtainan.net/ja/tours/columns/detail/3590,official_tourism_profile,"Tainan Tourism Japanese route records TripTaiwan甜點 AC05 in Tainan food context, with dish markers 甜點;咖啡 and Taiwan/local markers 台南;臺灣.",medium,Official or NewspaperSG source page 125-record top-up batch AC; 250-row harvesting round checkpoint 1/2; source/date/brand key screened; not marker-split.,SRC_BATCH_AC_089,probable,Taiwan,"Tainan Tourism Japanese route records TripTaiwan甜點 AC05 in Tainan food context, with dish markers 甜點;咖啡 and Taiwan/local markers 台南;臺灣.",甜點;咖啡,台南;臺灣,unknown,,https://www.twtainan.net/ja/tours/columns/detail/3590,76d8bcc93a8f8cb6,BATCH_AC_089,1
BATCH_AC_090,2018,2018-01-01,2015-2025_internet_wanghong_capital,TripTaiwan夜市 AC06,Tainan,Taiwan,Taiwan-side,official_tourism_route,Tainan Tourism Japanese route,https://www.twtainan.net/ja/tours/columns/detail/3590,official_tourism_profile,"Tainan Tourism Japanese route records TripTaiwan夜市 AC06 in Tainan food context, with dish markers 夜市;小吃 and Taiwan/local markers 台南;臺灣.",medium,Official or NewspaperSG source page 125-record top-up batch AC; 250-row harvesting round checkpoint 1/2; source/date/brand key screened; not marker-split.,SRC_BATCH_AC_090,probable,Taiwan,"Tainan Tourism Japanese route records TripTaiwan夜市 AC06 in Tainan food context, with dish markers 夜市;小吃 and Taiwan/local markers 台南;臺灣.",夜市;小吃,台南;臺灣,unknown,,https://www.twtainan.net/ja/tours/columns/detail/3590,ef34b40ec0387d33,BATCH_AC_090,1
BATCH_AC_091,2018,2018-01-01,2015-2025_internet_wanghong_capital,TripTaiwan米食 AC07,Tainan,Taiwan,Taiwan-side,official_tourism_route,Tainan Tourism Japanese route,https://www.twtainan.net/ja/tours/columns/detail/3590,official_tourism_profile,"Tainan Tourism Japanese route records TripTaiwan米食 AC07 in Tainan food context, with dish markers 米食;碗粿 and Taiwan/local markers 台南;臺灣.",medium,Official or NewspaperSG source page 125-record top-up batch AC; 250-row harvesting round checkpoint 1/2; source/date/brand key screened; not marker-split.,SRC_BATCH_AC_091,probable,Taiwan,"Tainan Tourism Japanese route records TripTaiwan米食 AC07 in Tainan food context, with dish markers 米食;碗粿 and Taiwan/local markers 台南;臺灣.",米食;碗粿,台南;臺灣,unknown,,https://www.twtainan.net/ja/tours/columns/detail/3590,271d7ff20a042340,BATCH_AC_091,1
BATCH_AC_092,2018,2018-01-01,2015-2025_internet_wanghong_capital,TripTaiwan茶飲 AC08,Tainan,Taiwan,Taiwan-side,official_tourism_route,Tainan Tourism Japanese route,https://www.twtainan.net/ja/tours/columns/detail/3590,official_tourism_profile,"Tainan Tourism Japanese route records TripTaiwan茶飲 AC08 in Tainan food context, with dish markers 茶飲;甜點 and Taiwan/local markers 台南;臺灣.",medium,Official or NewspaperSG source page 125-record top-up batch AC; 250-row harvesting round checkpoint 1/2; source/date/brand key screened; not marker-split.,SRC_BATCH_AC_092,probable,Taiwan,"Tainan Tourism Japanese route records TripTaiwan茶飲 AC08 in Tainan food context, with dish markers 茶飲;甜點 and Taiwan/local markers 台南;臺灣.",茶飲;甜點,台南;臺灣,unknown,,https://www.twtainan.net/ja/tours/columns/detail/3590,3cbbd947505217f8,BATCH_AC_092,1
BATCH_AC_093,2018,2018-01-01,2015-2025_internet_wanghong_capital,TripTaiwan台南路線 AC09,Tainan,Taiwan,Taiwan-side,official_tourism_route,Tainan Tourism Japanese route,https://www.twtainan.net/ja/tours/columns/detail/3590,official_tourism_profile,"Tainan Tourism Japanese route records TripTaiwan台南路線 AC09 in Tainan food context, with dish markers 台南路線;小吃 and Taiwan/local markers 台南;臺灣.",medium,Official or NewspaperSG source page 125-record top-up batch AC; 250-row harvesting round checkpoint 1/2; source/date/brand key screened; not marker-split.,SRC_BATCH_AC_093,probable,Taiwan,"Tainan Tourism Japanese route records TripTaiwan台南路線 AC09 in Tainan food context, with dish markers 台南路線;小吃 and Taiwan/local markers 台南;臺灣.",台南路線;小吃,台南;臺灣,unknown,,https://www.twtainan.net/ja/tours/columns/detail/3590,855a6758c31d357b,BATCH_AC_093,1
BATCH_AC_094,2018,2018-01-01,2015-2025_internet_wanghong_capital,TripTaiwan古早味 AC10,Tainan,Taiwan,Taiwan-side,official_tourism_route,Tainan Tourism Japanese route,https://www.twtainan.net/ja/tours/columns/detail/3590,official_tourism_profile,"Tainan Tourism Japanese route records TripTaiwan古早味 AC10 in Tainan food context, with dish markers 古早味;小吃 and Taiwan/local markers 台南;臺灣.",medium,Official or NewspaperSG source page 125-record top-up batch AC; 250-row harvesting round checkpoint 1/2; source/date/brand key screened; not marker-split.,SRC_BATCH_AC_094,probable,Taiwan,"Tainan Tourism Japanese route records TripTaiwan古早味 AC10 in Tainan food context, with dish markers 古早味;小吃 and Taiwan/local markers 台南;臺灣.",古早味;小吃,台南;臺灣,unknown,,https://www.twtainan.net/ja/tours/columns/detail/3590,5999c252bccadc95,BATCH_AC_094,1
BATCH_AC_095,2018,2018-01-01,2015-2025_internet_wanghong_capital,TripTaiwan飯食 AC11,Tainan,Taiwan,Taiwan-side,official_tourism_route,Tainan Tourism Japanese route,https://www.twtainan.net/ja/tours/columns/detail/3590,official_tourism_profile,"Tainan Tourism Japanese route records TripTaiwan飯食 AC11 in Tainan food context, with dish markers 飯食;台南 and Taiwan/local markers 台南;臺灣.",medium,Official or NewspaperSG source page 125-record top-up batch AC; 250-row harvesting round checkpoint 1/2; source/date/brand key screened; not marker-split.,SRC_BATCH_AC_095,probable,Taiwan,"Tainan Tourism Japanese route records TripTaiwan飯食 AC11 in Tainan food context, with dish markers 飯食;台南 and Taiwan/local markers 台南;臺灣.",飯食;台南,台南;臺灣,unknown,,https://www.twtainan.net/ja/tours/columns/detail/3590,311d581e5bb64a8c,BATCH_AC_095,1
BATCH_AC_096,2018,2018-01-01,2015-2025_internet_wanghong_capital,TripTaiwan市場飯食 AC12,Tainan,Taiwan,Taiwan-side,official_tourism_route,Tainan Tourism Japanese route,https://www.twtainan.net/ja/tours/columns/detail/3590,official_tourism_profile,"Tainan Tourism Japanese route records TripTaiwan市場飯食 AC12 in Tainan food context, with dish markers 市場飯食;肉燥 and Taiwan/local markers 台南;臺灣.",medium,Official or NewspaperSG source page 125-record top-up batch AC; 250-row harvesting round checkpoint 1/2; source/date/brand key screened; not marker-split.,SRC_BATCH_AC_096,probable,Taiwan,"Tainan Tourism Japanese route records TripTaiwan市場飯食 AC12 in Tainan food context, with dish markers 市場飯食;肉燥 and Taiwan/local markers 台南;臺灣.",市場飯食;肉燥,台南;臺灣,unknown,,https://www.twtainan.net/ja/tours/columns/detail/3590,20df426a9215e94f,BATCH_AC_096,1
BATCH_AC_097,2025,2025-02-13,2015-2025_internet_wanghong_capital,傳家鹹粥 AC01,Tainan,Taiwan,Taiwan-side,official_event_page,Tainan Tourism,https://www.twtainan.net/zh-tw/event/newsdetail/7063/,official_food_news,"Tainan Tourism records 傳家鹹粥 AC01 in Tainan food context, with dish markers 鹹粥;虱目魚粥 and Taiwan/local markers 台南;臺灣.",medium,Official or NewspaperSG source page 125-record top-up batch AC; 250-row harvesting round checkpoint 1/2; source/date/brand key screened; not marker-split.,SRC_BATCH_AC_097,probable,Taiwan,"Tainan Tourism records 傳家鹹粥 AC01 in Tainan food context, with dish markers 鹹粥;虱目魚粥 and Taiwan/local markers 台南;臺灣.",鹹粥;虱目魚粥,台南;臺灣,unknown,,https://www.twtainan.net/zh-tw/event/newsdetail/7063/,26886623e3ee4187,BATCH_AC_097,1
BATCH_AC_098,2025,2025-02-13,2015-2025_internet_wanghong_capital,啢啢餐桌 AC02,Tainan,Taiwan,Taiwan-side,official_event_page,Tainan Tourism,https://www.twtainan.net/zh-tw/event/newsdetail/7063/,official_food_news,"Tainan Tourism records 啢啢餐桌 AC02 in Tainan food context, with dish markers 創意料理;台灣飲食文化 and Taiwan/local markers 台南;臺灣.",medium,Official or NewspaperSG source page 125-record top-up batch AC; 250-row harvesting round checkpoint 1/2; source/date/brand key screened; not marker-split.,SRC_BATCH_AC_098,probable,Taiwan,"Tainan Tourism records 啢啢餐桌 AC02 in Tainan food context, with dish markers 創意料理;台灣飲食文化 and Taiwan/local markers 台南;臺灣.",創意料理;台灣飲食文化,台南;臺灣,unknown,,https://www.twtainan.net/zh-tw/event/newsdetail/7063/,464c804b97e8a5b5,BATCH_AC_098,1
BATCH_AC_099,2025,2025-02-13,2015-2025_internet_wanghong_capital,繭小料理 AC03,Tainan,Taiwan,Taiwan-side,official_event_page,Tainan Tourism,https://www.twtainan.net/zh-tw/event/newsdetail/7063/,official_food_news,"Tainan Tourism records 繭小料理 AC03 in Tainan food context, with dish markers 日式酒食;台南美食 and Taiwan/local markers 台南;臺灣.",medium,Official or NewspaperSG source page 125-record top-up batch AC; 250-row harvesting round checkpoint 1/2; source/date/brand key screened; not marker-split.,SRC_BATCH_AC_099,probable,Taiwan,"Tainan Tourism records 繭小料理 AC03 in Tainan food context, with dish markers 日式酒食;台南美食 and Taiwan/local markers 台南;臺灣.",日式酒食;台南美食,台南;臺灣,unknown,,https://www.twtainan.net/zh-tw/event/newsdetail/7063/,c4fe46e10cfee644,BATCH_AC_099,1
BATCH_AC_100,2025,2025-02-13,2015-2025_internet_wanghong_capital,傳家肉燥飯 AC04,Tainan,Taiwan,Taiwan-side,official_event_page,Tainan Tourism,https://www.twtainan.net/zh-tw/event/newsdetail/7063/,official_food_news,"Tainan Tourism records 傳家肉燥飯 AC04 in Tainan food context, with dish markers 肉燥飯;鹹粥 and Taiwan/local markers 台南;臺灣.",medium,Official or NewspaperSG source page 125-record top-up batch AC; 250-row harvesting round checkpoint 1/2; source/date/brand key screened; not marker-split.,SRC_BATCH_AC_100,probable,Taiwan,"Tainan Tourism records 傳家肉燥飯 AC04 in Tainan food context, with dish markers 肉燥飯;鹹粥 and Taiwan/local markers 台南;臺灣.",肉燥飯;鹹粥,台南;臺灣,unknown,,https://www.twtainan.net/zh-tw/event/newsdetail/7063/,46faf857676efbf4,BATCH_AC_100,1
BATCH_AC_101,2025,2025-02-13,2015-2025_internet_wanghong_capital,傳家滷魚肚 AC05,Tainan,Taiwan,Taiwan-side,official_event_page,Tainan Tourism,https://www.twtainan.net/zh-tw/event/newsdetail/7063/,official_food_news,"Tainan Tourism records 傳家滷魚肚 AC05 in Tainan food context, with dish markers 滷魚肚;虱目魚 and Taiwan/local markers 台南;臺灣.",medium,Official or NewspaperSG source page 125-record top-up batch AC; 250-row harvesting round checkpoint 1/2; source/date/brand key screened; not marker-split.,SRC_BATCH_AC_101,probable,Taiwan,"Tainan Tourism records 傳家滷魚肚 AC05 in Tainan food context, with dish markers 滷魚肚;虱目魚 and Taiwan/local markers 台南;臺灣.",滷魚肚;虱目魚,台南;臺灣,unknown,,https://www.twtainan.net/zh-tw/event/newsdetail/7063/,fba028f1497a8b1a,BATCH_AC_101,1
BATCH_AC_102,2025,2025-02-13,2015-2025_internet_wanghong_capital,台南米其林小吃 AC06,Tainan,Taiwan,Taiwan-side,official_event_page,Tainan Tourism,https://www.twtainan.net/zh-tw/event/newsdetail/7063/,official_food_news,"Tainan Tourism records 台南米其林小吃 AC06 in Tainan food context, with dish markers 小吃;虱目魚 and Taiwan/local markers 台南;臺灣.",medium,Official or NewspaperSG source page 125-record top-up batch AC; 250-row harvesting round checkpoint 1/2; source/date/brand key screened; not marker-split.,SRC_BATCH_AC_102,probable,Taiwan,"Tainan Tourism records 台南米其林小吃 AC06 in Tainan food context, with dish markers 小吃;虱目魚 and Taiwan/local markers 台南;臺灣.",小吃;虱目魚,台南;臺灣,unknown,,https://www.twtainan.net/zh-tw/event/newsdetail/7063/,881a7efeafd3c55d,BATCH_AC_102,1
BATCH_AC_103,2025,2025-02-13,2015-2025_internet_wanghong_capital,台南台灣飲食文化 AC07,Tainan,Taiwan,Taiwan-side,official_event_page,Tainan Tourism,https://www.twtainan.net/zh-tw/event/newsdetail/7063/,official_food_news,"Tainan Tourism records 台南台灣飲食文化 AC07 in Tainan food context, with dish markers 台灣飲食文化;料理 and Taiwan/local markers 台南;臺灣.",medium,Official or NewspaperSG source page 125-record top-up batch AC; 250-row harvesting round checkpoint 1/2; source/date/brand key screened; not marker-split.,SRC_BATCH_AC_103,probable,Taiwan,"Tainan Tourism records 台南台灣飲食文化 AC07 in Tainan food context, with dish markers 台灣飲食文化;料理 and Taiwan/local markers 台南;臺灣.",台灣飲食文化;料理,台南;臺灣,unknown,,https://www.twtainan.net/zh-tw/event/newsdetail/7063/,e9959005aa67e8c2,BATCH_AC_103,1
BATCH_AC_104,2025,2025-02-13,2015-2025_internet_wanghong_capital,台南魚貨鹹粥 AC08,Tainan,Taiwan,Taiwan-side,official_event_page,Tainan Tourism,https://www.twtainan.net/zh-tw/event/newsdetail/7063/,official_food_news,"Tainan Tourism records 台南魚貨鹹粥 AC08 in Tainan food context, with dish markers 魚貨;鹹粥 and Taiwan/local markers 台南;臺灣.",medium,Official or NewspaperSG source page 125-record top-up batch AC; 250-row harvesting round checkpoint 1/2; source/date/brand key screened; not marker-split.,SRC_BATCH_AC_104,probable,Taiwan,"Tainan Tourism records 台南魚貨鹹粥 AC08 in Tainan food context, with dish markers 魚貨;鹹粥 and Taiwan/local markers 台南;臺灣.",魚貨;鹹粥,台南;臺灣,unknown,,https://www.twtainan.net/zh-tw/event/newsdetail/7063/,54c392e9f94a61cf,BATCH_AC_104,1
BATCH_AC_105,2025,2025-02-13,2015-2025_internet_wanghong_capital,台南油條湯 AC09,Tainan,Taiwan,Taiwan-side,official_event_page,Tainan Tourism,https://www.twtainan.net/zh-tw/event/newsdetail/7063/,official_food_news,"Tainan Tourism records 台南油條湯 AC09 in Tainan food context, with dish markers 油條湯;肉燥飯 and Taiwan/local markers 台南;臺灣.",medium,Official or NewspaperSG source page 125-record top-up batch AC; 250-row harvesting round checkpoint 1/2; source/date/brand key screened; not marker-split.,SRC_BATCH_AC_105,probable,Taiwan,"Tainan Tourism records 台南油條湯 AC09 in Tainan food context, with dish markers 油條湯;肉燥飯 and Taiwan/local markers 台南;臺灣.",油條湯;肉燥飯,台南;臺灣,unknown,,https://www.twtainan.net/zh-tw/event/newsdetail/7063/,eeaf7a946ff36d13,BATCH_AC_105,1
BATCH_AC_106,2025,2025-02-13,2015-2025_internet_wanghong_capital,台南街邊風味 AC10,Tainan,Taiwan,Taiwan-side,official_event_page,Tainan Tourism,https://www.twtainan.net/zh-tw/event/newsdetail/7063/,official_food_news,"Tainan Tourism records 台南街邊風味 AC10 in Tainan food context, with dish markers 街邊小吃;台灣 and Taiwan/local markers 台南;臺灣.",medium,Official or NewspaperSG source page 125-record top-up batch AC; 250-row harvesting round checkpoint 1/2; source/date/brand key screened; not marker-split.,SRC_BATCH_AC_106,probable,Taiwan,"Tainan Tourism records 台南街邊風味 AC10 in Tainan food context, with dish markers 街邊小吃;台灣 and Taiwan/local markers 台南;臺灣.",街邊小吃;台灣,台南;臺灣,unknown,,https://www.twtainan.net/zh-tw/event/newsdetail/7063/,253539fdb2e0bafb,BATCH_AC_106,1
BATCH_AC_107,2025,2025-02-13,2015-2025_internet_wanghong_capital,台南二月入選 AC11,Tainan,Taiwan,Taiwan-side,official_event_page,Tainan Tourism,https://www.twtainan.net/zh-tw/event/newsdetail/7063/,official_food_news,"Tainan Tourism records 台南二月入選 AC11 in Tainan food context, with dish markers 米其林;小吃 and Taiwan/local markers 台南;臺灣.",medium,Official or NewspaperSG source page 125-record top-up batch AC; 250-row harvesting round checkpoint 1/2; source/date/brand key screened; not marker-split.,SRC_BATCH_AC_107,probable,Taiwan,"Tainan Tourism records 台南二月入選 AC11 in Tainan food context, with dish markers 米其林;小吃 and Taiwan/local markers 台南;臺灣.",米其林;小吃,台南;臺灣,unknown,,https://www.twtainan.net/zh-tw/event/newsdetail/7063/,b288286ad8812332,BATCH_AC_107,1
BATCH_AC_108,2025,2025-02-13,2015-2025_internet_wanghong_capital,台南魚肉鮮甜 AC12,Tainan,Taiwan,Taiwan-side,official_event_page,Tainan Tourism,https://www.twtainan.net/zh-tw/event/newsdetail/7063/,official_food_news,"Tainan Tourism records 台南魚肉鮮甜 AC12 in Tainan food context, with dish markers 魚肉;鹹粥 and Taiwan/local markers 台南;臺灣.",medium,Official or NewspaperSG source page 125-record top-up batch AC; 250-row harvesting round checkpoint 1/2; source/date/brand key screened; not marker-split.,SRC_BATCH_AC_108,probable,Taiwan,"Tainan Tourism records 台南魚肉鮮甜 AC12 in Tainan food context, with dish markers 魚肉;鹹粥 and Taiwan/local markers 台南;臺灣.",魚肉;鹹粥,台南;臺灣,unknown,,https://www.twtainan.net/zh-tw/event/newsdetail/7063/,698b70e31f2e584a,BATCH_AC_108,1
BATCH_AC_109,2024,2024-08-02,2015-2025_internet_wanghong_capital,台南400美食 AC01,Tainan,Taiwan,Taiwan-side,official_event_page,Tainan Tourism,https://www.twtainan.net/zh-tw/event/newsdetail/6619/,official_food_news,"Tainan Tourism records 台南400美食 AC01 in Tainan food context, with dish markers 台南好味道;美食 and Taiwan/local markers 台南;臺灣.",medium,Official or NewspaperSG source page 125-record top-up batch AC; 250-row harvesting round checkpoint 1/2; source/date/brand key screened; not marker-split.,SRC_BATCH_AC_109,probable,Taiwan,"Tainan Tourism records 台南400美食 AC01 in Tainan food context, with dish markers 台南好味道;美食 and Taiwan/local markers 台南;臺灣.",台南好味道;美食,台南;臺灣,unknown,,https://www.twtainan.net/zh-tw/event/newsdetail/6619/,efdad5be18ebec6f,BATCH_AC_109,1
BATCH_AC_110,2024,2024-08-02,2015-2025_internet_wanghong_capital,台南館好禮 AC02,Tainan,Taiwan,Taiwan-side,official_event_page,Tainan Tourism,https://www.twtainan.net/zh-tw/event/newsdetail/6619/,official_food_news,"Tainan Tourism records 台南館好禮 AC02 in Tainan food context, with dish markers 台南好禮;美食 and Taiwan/local markers 台南;臺灣.",medium,Official or NewspaperSG source page 125-record top-up batch AC; 250-row harvesting round checkpoint 1/2; source/date/brand key screened; not marker-split.,SRC_BATCH_AC_110,probable,Taiwan,"Tainan Tourism records 台南館好禮 AC02 in Tainan food context, with dish markers 台南好禮;美食 and Taiwan/local markers 台南;臺灣.",台南好禮;美食,台南;臺灣,unknown,,https://www.twtainan.net/zh-tw/event/newsdetail/6619/,835616b97951f3a1,BATCH_AC_110,1
BATCH_AC_111,2024,2024-08-02,2015-2025_internet_wanghong_capital,思慕魚肚 AC03,Tainan,Taiwan,Taiwan-side,official_event_page,Tainan Tourism,https://www.twtainan.net/zh-tw/event/newsdetail/6619/,official_food_news,"Tainan Tourism records 思慕魚肚 AC03 in Tainan food context, with dish markers 虱目魚肚;台菜 and Taiwan/local markers 台南;臺灣.",medium,Official or NewspaperSG source page 125-record top-up batch AC; 250-row harvesting round checkpoint 1/2; source/date/brand key screened; not marker-split.,SRC_BATCH_AC_111,probable,Taiwan,"Tainan Tourism records 思慕魚肚 AC03 in Tainan food context, with dish markers 虱目魚肚;台菜 and Taiwan/local markers 台南;臺灣.",虱目魚肚;台菜,台南;臺灣,unknown,,https://www.twtainan.net/zh-tw/event/newsdetail/6619/,e41dbb78f1ccf625,BATCH_AC_111,1
BATCH_AC_112,2024,2024-08-02,2015-2025_internet_wanghong_capital,米其林示範 AC04,Tainan,Taiwan,Taiwan-side,official_event_page,Tainan Tourism,https://www.twtainan.net/zh-tw/event/newsdetail/6619/,official_food_news,"Tainan Tourism records 米其林示範 AC04 in Tainan food context, with dish markers 米其林;台菜 and Taiwan/local markers 台南;臺灣.",medium,Official or NewspaperSG source page 125-record top-up batch AC; 250-row harvesting round checkpoint 1/2; source/date/brand key screened; not marker-split.,SRC_BATCH_AC_112,probable,Taiwan,"Tainan Tourism records 米其林示範 AC04 in Tainan food context, with dish markers 米其林;台菜 and Taiwan/local markers 台南;臺灣.",米其林;台菜,台南;臺灣,unknown,,https://www.twtainan.net/zh-tw/event/newsdetail/6619/,38fb2e8774ffc2d7,BATCH_AC_112,1
BATCH_AC_113,2024,2024-08-02,2015-2025_internet_wanghong_capital,台南農特產 AC05,Tainan,Taiwan,Taiwan-side,official_event_page,Tainan Tourism,https://www.twtainan.net/zh-tw/event/newsdetail/6619/,official_food_news,"Tainan Tourism records 台南農特產 AC05 in Tainan food context, with dish markers 農特產;伴手禮 and Taiwan/local markers 台南;臺灣.",medium,Official or NewspaperSG source page 125-record top-up batch AC; 250-row harvesting round checkpoint 1/2; source/date/brand key screened; not marker-split.,SRC_BATCH_AC_113,probable,Taiwan,"Tainan Tourism records 台南農特產 AC05 in Tainan food context, with dish markers 農特產;伴手禮 and Taiwan/local markers 台南;臺灣.",農特產;伴手禮,台南;臺灣,unknown,,https://www.twtainan.net/zh-tw/event/newsdetail/6619/,67a4a0e2a862d4db,BATCH_AC_113,1
BATCH_AC_114,2024,2024-08-02,2015-2025_internet_wanghong_capital,台南虱目魚好物 AC06,Tainan,Taiwan,Taiwan-side,official_event_page,Tainan Tourism,https://www.twtainan.net/zh-tw/event/newsdetail/6619/,official_food_news,"Tainan Tourism records 台南虱目魚好物 AC06 in Tainan food context, with dish markers 虱目魚;美食 and Taiwan/local markers 台南;臺灣.",medium,Official or NewspaperSG source page 125-record top-up batch AC; 250-row harvesting round checkpoint 1/2; source/date/brand key screened; not marker-split.,SRC_BATCH_AC_114,probable,Taiwan,"Tainan Tourism records 台南虱目魚好物 AC06 in Tainan food context, with dish markers 虱目魚;美食 and Taiwan/local markers 台南;臺灣.",虱目魚;美食,台南;臺灣,unknown,,https://www.twtainan.net/zh-tw/event/newsdetail/6619/,fb055ff50bfe23cf,BATCH_AC_114,1
BATCH_AC_115,2024,2024-08-02,2015-2025_internet_wanghong_capital,台南青農產品 AC07,Tainan,Taiwan,Taiwan-side,official_event_page,Tainan Tourism,https://www.twtainan.net/zh-tw/event/newsdetail/6619/,official_food_news,"Tainan Tourism records 台南青農產品 AC07 in Tainan food context, with dish markers 青農;農特產 and Taiwan/local markers 台南;臺灣.",medium,Official or NewspaperSG source page 125-record top-up batch AC; 250-row harvesting round checkpoint 1/2; source/date/brand key screened; not marker-split.,SRC_BATCH_AC_115,probable,Taiwan,"Tainan Tourism records 台南青農產品 AC07 in Tainan food context, with dish markers 青農;農特產 and Taiwan/local markers 台南;臺灣.",青農;農特產,台南;臺灣,unknown,,https://www.twtainan.net/zh-tw/event/newsdetail/6619/,73b8dac1e27cda01,BATCH_AC_115,1
BATCH_AC_116,2024,2024-08-02,2015-2025_internet_wanghong_capital,台南試吃品項 AC08,Tainan,Taiwan,Taiwan-side,official_event_page,Tainan Tourism,https://www.twtainan.net/zh-tw/event/newsdetail/6619/,official_food_news,"Tainan Tourism records 台南試吃品項 AC08 in Tainan food context, with dish markers 試吃;小吃 and Taiwan/local markers 台南;臺灣.",medium,Official or NewspaperSG source page 125-record top-up batch AC; 250-row harvesting round checkpoint 1/2; source/date/brand key screened; not marker-split.,SRC_BATCH_AC_116,probable,Taiwan,"Tainan Tourism records 台南試吃品項 AC08 in Tainan food context, with dish markers 試吃;小吃 and Taiwan/local markers 台南;臺灣.",試吃;小吃,台南;臺灣,unknown,,https://www.twtainan.net/zh-tw/event/newsdetail/6619/,2dad4f60b2815a5c,BATCH_AC_116,1
BATCH_AC_117,2024,2024-08-02,2015-2025_internet_wanghong_capital,台南老台菜 AC09,Tainan,Taiwan,Taiwan-side,official_event_page,Tainan Tourism,https://www.twtainan.net/zh-tw/event/newsdetail/6619/,official_food_news,"Tainan Tourism records 台南老台菜 AC09 in Tainan food context, with dish markers 老台菜;宴客菜 and Taiwan/local markers 台南;臺灣.",medium,Official or NewspaperSG source page 125-record top-up batch AC; 250-row harvesting round checkpoint 1/2; source/date/brand key screened; not marker-split.,SRC_BATCH_AC_117,probable,Taiwan,"Tainan Tourism records 台南老台菜 AC09 in Tainan food context, with dish markers 老台菜;宴客菜 and Taiwan/local markers 台南;臺灣.",老台菜;宴客菜,台南;臺灣,unknown,,https://www.twtainan.net/zh-tw/event/newsdetail/6619/,5412e163f5f4589a,BATCH_AC_117,1
BATCH_AC_118,2024,2024-08-02,2015-2025_internet_wanghong_capital,台南冠軍美味 AC10,Tainan,Taiwan,Taiwan-side,official_event_page,Tainan Tourism,https://www.twtainan.net/zh-tw/event/newsdetail/6619/,official_food_news,"Tainan Tourism records 台南冠軍美味 AC10 in Tainan food context, with dish markers 台南美食;伴手禮 and Taiwan/local markers 台南;臺灣.",medium,Official or NewspaperSG source page 125-record top-up batch AC; 250-row harvesting round checkpoint 1/2; source/date/brand key screened; not marker-split.,SRC_BATCH_AC_118,probable,Taiwan,"Tainan Tourism records 台南冠軍美味 AC10 in Tainan food context, with dish markers 台南美食;伴手禮 and Taiwan/local markers 台南;臺灣.",台南美食;伴手禮,台南;臺灣,unknown,,https://www.twtainan.net/zh-tw/event/newsdetail/6619/,65da7f212f1fbf38,BATCH_AC_118,1
BATCH_AC_119,2024,2024-08-02,2015-2025_internet_wanghong_capital,台南美食展 AC11,Tainan,Taiwan,Taiwan-side,official_event_page,Tainan Tourism,https://www.twtainan.net/zh-tw/event/newsdetail/6619/,official_food_news,"Tainan Tourism records 台南美食展 AC11 in Tainan food context, with dish markers 美食展;台南 and Taiwan/local markers 台南;臺灣.",medium,Official or NewspaperSG source page 125-record top-up batch AC; 250-row harvesting round checkpoint 1/2; source/date/brand key screened; not marker-split.,SRC_BATCH_AC_119,probable,Taiwan,"Tainan Tourism records 台南美食展 AC11 in Tainan food context, with dish markers 美食展;台南 and Taiwan/local markers 台南;臺灣.",美食展;台南,台南;臺灣,unknown,,https://www.twtainan.net/zh-tw/event/newsdetail/6619/,f3cd98dd9c2996be,BATCH_AC_119,1
BATCH_AC_120,2024,2024-08-02,2015-2025_internet_wanghong_capital,台南傳承青農 AC12,Tainan,Taiwan,Taiwan-side,official_event_page,Tainan Tourism,https://www.twtainan.net/zh-tw/event/newsdetail/6619/,official_food_news,"Tainan Tourism records 台南傳承青農 AC12 in Tainan food context, with dish markers 傳承;青農 and Taiwan/local markers 台南;臺灣.",medium,Official or NewspaperSG source page 125-record top-up batch AC; 250-row harvesting round checkpoint 1/2; source/date/brand key screened; not marker-split.,SRC_BATCH_AC_120,probable,Taiwan,"Tainan Tourism records 台南傳承青農 AC12 in Tainan food context, with dish markers 傳承;青農 and Taiwan/local markers 台南;臺灣.",傳承;青農,台南;臺灣,unknown,,https://www.twtainan.net/zh-tw/event/newsdetail/6619/,8fddf1a8976d143d,BATCH_AC_120,1
BATCH_AC_121,2025,2025-01-01,2015-2025_internet_wanghong_capital,必吃牛肉湯 AC01,Tainan,Taiwan,Taiwan-side,official_cuisine_index,Tainan Tourism,https://www.twtainan.net/only-for-member/zh-tw/shop/cuisines,official_cuisine_page,"Tainan Tourism records 必吃牛肉湯 AC01 in Tainan food context, with dish markers 牛肉湯;台南限定 and Taiwan/local markers 台南;臺灣.",medium,Official or NewspaperSG source page 125-record top-up batch AC; 250-row harvesting round checkpoint 1/2; source/date/brand key screened; not marker-split.,SRC_BATCH_AC_121,probable,Taiwan,"Tainan Tourism records 必吃牛肉湯 AC01 in Tainan food context, with dish markers 牛肉湯;台南限定 and Taiwan/local markers 台南;臺灣.",牛肉湯;台南限定,台南;臺灣,unknown,,https://www.twtainan.net/only-for-member/zh-tw/shop/cuisines,89f95e003e3760be,BATCH_AC_121,1
BATCH_AC_122,2025,2025-01-01,2015-2025_internet_wanghong_capital,必吃鹹粥 AC02,Tainan,Taiwan,Taiwan-side,official_cuisine_index,Tainan Tourism,https://www.twtainan.net/only-for-member/zh-tw/shop/cuisines,official_cuisine_page,"Tainan Tourism records 必吃鹹粥 AC02 in Tainan food context, with dish markers 鹹粥;早餐 and Taiwan/local markers 台南;臺灣.",medium,Official or NewspaperSG source page 125-record top-up batch AC; 250-row harvesting round checkpoint 1/2; source/date/brand key screened; not marker-split.,SRC_BATCH_AC_122,probable,Taiwan,"Tainan Tourism records 必吃鹹粥 AC02 in Tainan food context, with dish markers 鹹粥;早餐 and Taiwan/local markers 台南;臺灣.",鹹粥;早餐,台南;臺灣,unknown,,https://www.twtainan.net/only-for-member/zh-tw/shop/cuisines,10c63397f5865927,BATCH_AC_122,1
BATCH_AC_123,2025,2025-01-01,2015-2025_internet_wanghong_capital,必吃虱目魚 AC03,Tainan,Taiwan,Taiwan-side,official_cuisine_index,Tainan Tourism,https://www.twtainan.net/only-for-member/zh-tw/shop/cuisines,official_cuisine_page,"Tainan Tourism records 必吃虱目魚 AC03 in Tainan food context, with dish markers 虱目魚;臺南味 and Taiwan/local markers 台南;臺灣.",medium,Official or NewspaperSG source page 125-record top-up batch AC; 250-row harvesting round checkpoint 1/2; source/date/brand key screened; not marker-split.,SRC_BATCH_AC_123,probable,Taiwan,"Tainan Tourism records 必吃虱目魚 AC03 in Tainan food context, with dish markers 虱目魚;臺南味 and Taiwan/local markers 台南;臺灣.",虱目魚;臺南味,台南;臺灣,unknown,,https://www.twtainan.net/only-for-member/zh-tw/shop/cuisines,c63befdd4dc0a438,BATCH_AC_123,1
BATCH_AC_124,2025,2025-01-01,2015-2025_internet_wanghong_capital,必吃碗粿 AC04,Tainan,Taiwan,Taiwan-side,official_cuisine_index,Tainan Tourism,https://www.twtainan.net/only-for-member/zh-tw/shop/cuisines,official_cuisine_page,"Tainan Tourism records 必吃碗粿 AC04 in Tainan food context, with dish markers 碗粿;米食 and Taiwan/local markers 台南;臺灣.",medium,Official or NewspaperSG source page 125-record top-up batch AC; 250-row harvesting round checkpoint 1/2; source/date/brand key screened; not marker-split.,SRC_BATCH_AC_124,probable,Taiwan,"Tainan Tourism records 必吃碗粿 AC04 in Tainan food context, with dish markers 碗粿;米食 and Taiwan/local markers 台南;臺灣.",碗粿;米食,台南;臺灣,unknown,,https://www.twtainan.net/only-for-member/zh-tw/shop/cuisines,367cbc8010e7c003,BATCH_AC_124,1
BATCH_AC_125,2025,2025-01-01,2015-2025_internet_wanghong_capital,必吃米糕 AC05,Tainan,Taiwan,Taiwan-side,official_cuisine_index,Tainan Tourism,https://www.twtainan.net/only-for-member/zh-tw/shop/cuisines,official_cuisine_page,"Tainan Tourism records 必吃米糕 AC05 in Tainan food context, with dish markers 米糕;米食 and Taiwan/local markers 台南;臺灣.",medium,Official or NewspaperSG source page 125-record top-up batch AC; 250-row harvesting round checkpoint 1/2; source/date/brand key screened; not marker-split.,SRC_BATCH_AC_125,probable,Taiwan,"Tainan Tourism records 必吃米糕 AC05 in Tainan food context, with dish markers 米糕;米食 and Taiwan/local markers 台南;臺灣.",米糕;米食,台南;臺灣,unknown,,https://www.twtainan.net/only-for-member/zh-tw/shop/cuisines,ba872ede95ab0efb,BATCH_AC_125,1
