source_1,source_2,source_type_1,source_type_2,count_1,count_2,similarity
https://khh.travel/zh-tw/event/news/4784/,https://aball.tw/shi-sesame-chicken/,official_event_page,food_blog_retrospective,46,1,0.3038
https://khh.travel/zh-tw/event/news/4784/,https://ciaoz.tw/yungtung-milkfish/,official_event_page,food_blog_retrospective,46,1,0.3347
https://khh.travel/zh-tw/event/news/4784/,https://foodintainan.com.tw/uprichdishes/,official_event_page,local_food_media,46,1,0.3508
https://khh.travel/zh-tw/event/news/4784/,https://i17fun.tw/fengshan-salty-rice-moss/,official_event_page,food_media_retrospective,46,1,0.3379
https://khh.travel/zh-tw/event/news/4784/,https://ifoodie.tw/en/post/60b7b416a6272846a04cdde3,official_event_page,food_media_retrospective,46,1,0.3197
https://khh.travel/zh-tw/event/news/4784/,https://ihappyday.tw/blog/post/old-mother-noodle,official_event_page,food_media_retrospective,46,1,0.3366
https://khh.travel/zh-tw/event/news/4784/,https://inmap.tw/archives/69040,official_event_page,food_media_retrospective,46,1,0.3640
https://khh.travel/zh-tw/event/news/4784/,https://journey.tw/chous/,official_event_page,travel_food_retrospective,46,1,0.3027
https://khh.travel/zh-tw/event/news/4784/,https://khh.travel/zh-tw/shop/gourmet/788/,official_event_page,municipal_tourism,46,1,0.3235
https://khh.travel/zh-tw/event/news/4784/,https://nigi33.tw/2014-01-07-387/,official_event_page,food_blog_retrospective,46,1,0.3151
https://www.twtainan.net/file/1792,https://www.twtainan.net/zh-tw/shop/consume/6504/,official_tourism_file,municipal_profile,40,2,0.3061
https://www.twtainan.net/file/1792,https://udn.com/news/story/121721/7331063,official_tourism_file,news_feature,40,2,0.3024
https://www.twtainan.net/file/1792,https://eresources.nlb.gov.sg/newspapers/digitised/issue/straitstimes19870129-1,official_tourism_file,newspaper_archive,40,1,0.4016
https://eresources.nlb.gov.sg/newspapers/digitised/issue/today20110418-2,https://eresources.nlb.gov.sg/newspapers/digitised/issue/newnation19780804-1,newspaper_issue,newspaper_archive,36,2,0.3083
https://eresources.nlb.gov.sg/newspapers/digitised/issue/today20110418-2,https://eresources.nlb.gov.sg/newspapers/digitised/issue/straitstimes19751011-1,newspaper_issue,newspaper_archive,36,2,0.3880
https://eresources.nlb.gov.sg/newspapers/digitised/issue/today20110418-2,https://eresources.nlb.gov.sg/newspapers/digitised/issue/straitstimes19951123-1,newspaper_issue,newspaper_archive,36,2,0.3955
https://eresources.nlb.gov.sg/newspapers/digitised/issue/today20110418-2,https://eresources.nlb.gov.sg/newspapers/digitised/issue/straitstimes20160619-1,newspaper_issue,newspaper_archive,36,2,0.3426
https://eresources.nlb.gov.sg/newspapers/digitised/issue/straitstimes20100601-1,https://eresources.nlb.gov.sg/newspapers/digitised/issue/straitstimes20121019-1,newspaper_issue,newspaper_issue,34,34,0.3318
https://eresources.nlb.gov.sg/newspapers/digitised/issue/straitstimes20100601-1,https://eresources.nlb.gov.sg/newspapers/digitised/issue/straitstimes20140523-1,newspaper_issue,newspaper_issue,34,34,0.6505
https://eresources.nlb.gov.sg/newspapers/digitised/issue/straitstimes20100601-1,https://khh.travel/file/35/,newspaper_issue,official_food_file,34,10,0.3246
https://eresources.nlb.gov.sg/newspapers/digitised/issue/straitstimes20100601-1,https://eresources.nlb.gov.sg/newspapers/Digitised/Issue/newpaper20081215-1,newspaper_issue,newspaper_issue,34,2,0.3107
https://eresources.nlb.gov.sg/newspapers/digitised/issue/straitstimes20121019-1,https://eresources.nlb.gov.sg/newspapers/digitised/issue/straitstimes20140523-1,newspaper_issue,newspaper_issue,34,34,0.7046
https://eresources.nlb.gov.sg/newspapers/digitised/issue/straitstimes20121019-1,https://www.twtainan.net/file/1803/,newspaper_issue,official_food_competition_file,34,32,0.3293
https://eresources.nlb.gov.sg/newspapers/digitised/issue/straitstimes20121019-1,https://twtainan.net/file/29163/,newspaper_issue,official_promotion_file,34,20,0.3321
https://eresources.nlb.gov.sg/newspapers/digitised/issue/straitstimes20121019-1,https://eresources.nlb.gov.sg/newspapers/digitised/issue/straitstimes19890131-1,newspaper_issue,newspaper_issue,34,13,0.3115
https://eresources.nlb.gov.sg/newspapers/digitised/issue/straitstimes20121019-1,https://www.twtainan.net/file/705/,newspaper_issue,official_itinerary_file,34,10,0.3230
https://eresources.nlb.gov.sg/newspapers/digitised/issue/straitstimes20121019-1,https://khh.travel/file/35/,newspaper_issue,official_food_file,34,10,0.3285
https://eresources.nlb.gov.sg/newspapers/digitised/issue/straitstimes20121019-1,https://eresources.nlb.gov.sg/newspapers/digitised/issue/straitstimes19951123-1,newspaper_issue,newspaper_archive,34,2,0.3449
https://eresources.nlb.gov.sg/newspapers/digitised/issue/straitstimes20121019-1,https://eresources.nlb.gov.sg/newspapers/Digitised/Issue/newpaper20081215-1,newspaper_issue,newspaper_issue,34,2,0.3363
https://eresources.nlb.gov.sg/newspapers/digitised/issue/straitstimes20140523-1,https://www.twtainan.net/file/1803/,newspaper_issue,official_food_competition_file,34,32,0.3234
https://eresources.nlb.gov.sg/newspapers/digitised/issue/straitstimes20140523-1,https://twtainan.net/file/29163/,newspaper_issue,official_promotion_file,34,20,0.3261
https://eresources.nlb.gov.sg/newspapers/digitised/issue/straitstimes20140523-1,https://www.twtainan.net/file/705/,newspaper_issue,official_itinerary_file,34,10,0.3174
https://eresources.nlb.gov.sg/newspapers/digitised/issue/straitstimes20140523-1,https://khh.travel/file/35/,newspaper_issue,official_food_file,34,10,0.3227
https://eresources.nlb.gov.sg/newspapers/digitised/issue/straitstimes20140523-1,https://eresources.nlb.gov.sg/newspapers/digitised/issue/straitstimes19951123-1,newspaper_issue,newspaper_archive,34,2,0.3338
https://eresources.nlb.gov.sg/newspapers/digitised/issue/straitstimes20140523-1,https://eresources.nlb.gov.sg/newspapers/Digitised/Issue/newpaper20081215-1,newspaper_issue,newspaper_issue,34,2,0.3084
https://www.twtainan.net/file/1803/,https://www.twtainan.net/zh-tw/event/newsdetail/6619/,official_food_competition_file,official_event_page,32,22,0.5087
https://www.twtainan.net/file/1803/,https://twtainan.net/file/29163/,official_food_competition_file,official_promotion_file,32,20,0.8178
https://www.twtainan.net/file/1803/,https://www.twtainan.net/only-for-member/zh-tw/shop/cuisines,official_food_competition_file,official_cuisine_index,32,15,0.4502
https://www.twtainan.net/file/1803/,https://www.twtainan.net/zh-tw/shop/consume/1161/,official_food_competition_file,official_tourism_profile,32,12,0.3439
https://www.twtainan.net/file/1803/,https://www.taipeitimes.com/News/biz/archives/2001/08/24/0000099981,official_food_competition_file,newspaper_article,32,12,0.4767
https://www.twtainan.net/file/1803/,https://www.twtainan.net/zh-tw/event/newsdetail/7851/,official_food_competition_file,official_event_page,32,11,0.4810
https://www.twtainan.net/file/1803/,https://www.twtainan.net/zh-tw/shop/consume/1589/,official_food_competition_file,official_tourism_profile,32,11,0.6532
https://www.twtainan.net/file/1803/,https://www.twtainan.net/zh-tw/shop/consume/1061/,official_food_competition_file,official_tourism_profile,32,11,0.5202
https://www.twtainan.net/file/1803/,https://www.twtainan.net/zh-tw/shop/consume/1670/,official_food_competition_file,official_tourism_profile,32,11,0.7507
https://www.twtainan.net/file/1803/,https://twtainan.net/zh-tw/shop/consume/8408/,official_food_competition_file,official_tourism_profile,32,11,0.6307
https://www.twtainan.net/file/1803/,https://www.twtainan.net/file/705/,official_food_competition_file,official_itinerary_file,32,10,0.5903
https://www.twtainan.net/file/1803/,https://khh.travel/file/35/,official_food_competition_file,official_food_file,32,10,0.4352
https://www.twtainan.net/file/1803/,https://www.twtainan.net/only-for-member/zh-tw/shop/consume/8378,official_food_competition_file,official_tourism_profile,32,10,0.6223
https://www.twtainan.net/file/1803/,https://www.twtainan.net/zh-tw/event/newsdetail/6623/,official_food_competition_file,official_event_page,32,10,0.7919
https://www.twtainan.net/file/1803/,https://www.twtainan.net/zh-tw/event/newsdetail/6117/,official_food_competition_file,official_event_page,32,10,0.3666
https://www.twtainan.net/file/1803/,https://www.twtainan.net/zh-tw/event/newsdetail/6201/,official_food_competition_file,official_event_page,32,10,0.3686
https://www.twtainan.net/file/1803/,https://khh.travel/zh-tw/shop/gourmet/1138,official_food_competition_file,official_tourism_profile,32,10,0.5314
https://www.twtainan.net/file/1803/,https://www.twtainan.net/zh-tw/attractions/detail/6051/,official_food_competition_file,official_attraction_profile,32,10,0.4858
https://www.twtainan.net/file/1803/,https://www.twtainan.net/zh-tw/district/1/,official_food_competition_file,official_district_page,32,10,0.3694
https://www.twtainan.net/zh-tw/event/newsdetail/4452/,https://i17fun.tw/fengshan-salty-rice-moss/,official_event_page,food_media_retrospective,28,1,0.3117
https://www.twtainan.net/zh-tw/event/newsdetail/4452/,https://ifoodie.tw/en/post/60b7b416a6272846a04cdde3,official_event_page,food_media_retrospective,28,1,0.3087
https://www.twtainan.net/zh-tw/event/newsdetail/4452/,https://khguide.com/%E9%98%BF%E8%8B%B1%E6%8E%92%E9%AA%A8%E9%A3%AF/,official_event_page,food_blog_retrospective,28,1,0.3187
https://www.twtainan.net/zh-tw/event/newsdetail/7063/,https://eresources.nlb.gov.sg/newspapers/digitised/issue/newpaper20081215-1,official_event_page,newspaper_issue,27,23,0.3404
https://www.twtainan.net/zh-tw/event/newsdetail/7063/,https://twtainan.net/file/29163/,official_event_page,official_promotion_file,27,20,0.7319
https://www.twtainan.net/zh-tw/event/newsdetail/7063/,https://eresources.nlb.gov.sg/newspapers/digitised/issue/straitstimes19890131-1,official_event_page,newspaper_issue,27,13,0.3585
https://www.twtainan.net/zh-tw/event/newsdetail/7063/,https://www.twtainan.net/zh-tw/shop/consume/1161/,official_event_page,official_tourism_profile,27,12,0.4899
https://www.twtainan.net/zh-tw/event/newsdetail/7063/,https://sh-streetfood.org/shou-zhua-bing-hand-grabbed-pancake-%E6%89%8B%E6%8A%93%E5%B9%B6/,official_event_page,street_food_history_article,27,12,0.4588
https://www.twtainan.net/zh-tw/event/newsdetail/7063/,https://www.uni-president.com.cn/download/en_20140530202453.pdf,official_event_page,corporate_prospectus,27,12,0.4518
https://www.twtainan.net/zh-tw/event/newsdetail/7063/,https://www.want-want.com/en/about/,official_event_page,corporate_history,27,12,0.4745
https://www.twtainan.net/zh-tw/event/newsdetail/7063/,https://www.taipeitimes.com/News/biz/archives/2001/08/24/0000099981,official_event_page,newspaper_article,27,12,0.5440
https://www.twtainan.net/zh-tw/event/newsdetail/7063/,https://snackemp.com/wp-content/uploads/2019/09/EW01843_IPO.pdf,official_event_page,corporate_prospectus,27,12,0.4583
https://www.twtainan.net/zh-tw/event/newsdetail/7063/,https://www.twtainan.net/only-for-member/zh-tw/shop/consume/1118,official_event_page,official_tourism_profile,27,11,0.6351
https://www.twtainan.net/zh-tw/event/newsdetail/7063/,https://www.twtainan.net/zh-tw/event/newsdetail/7851/,official_event_page,official_event_page,27,11,0.5229
https://www.twtainan.net/zh-tw/event/newsdetail/7063/,https://www.twtainan.net/zh-tw/shop/consume/1589/,official_event_page,official_tourism_profile,27,11,0.4724
https://www.twtainan.net/zh-tw/event/newsdetail/7063/,https://www.twtainan.net/zh-tw/shop/consume/1061/,official_event_page,official_tourism_profile,27,11,0.8221
https://www.twtainan.net/zh-tw/event/newsdetail/7063/,https://www.twtainan.net/zh-tw/shop/consume/1670/,official_event_page,official_tourism_profile,27,11,0.5964
https://www.twtainan.net/zh-tw/event/newsdetail/7063/,https://twtainan.net/zh-tw/shop/consume/8408/,official_event_page,official_tourism_profile,27,11,0.8221
https://www.twtainan.net/zh-tw/event/newsdetail/7063/,https://www.twtainan.net/file/705/,official_event_page,official_itinerary_file,27,10,0.4889
https://www.twtainan.net/zh-tw/event/newsdetail/7063/,https://khh.travel/file/35/,official_event_page,official_food_file,27,10,0.5139
https://www.twtainan.net/zh-tw/event/newsdetail/7063/,https://www.twtainan.net/only-for-member/zh-tw/shop/consume/8378,official_event_page,official_tourism_profile,27,10,0.5633
https://www.twtainan.net/zh-tw/event/newsdetail/7063/,https://www.twtainan.net/zh-tw/event/newsdetail/6623/,official_event_page,official_event_page,27,10,0.8544
https://www.twtainan.net/zh-tw/event/newsdetail/7063/,https://www.twtainan.net/zh-tw/event/newsdetail/6201/,official_event_page,official_event_page,27,10,0.8655
https://www.twtainan.net/zh-tw/event/newsdetail/7063/,https://khh.travel/zh-tw/shop/gourmet/1138,official_event_page,official_tourism_profile,27,10,0.5710
https://www.twtainan.net/zh-tw/event/newsdetail/7063/,https://www.twtainan.net/zh-tw/attractions/detail/6051/,official_event_page,official_attraction_profile,27,10,0.8417
https://www.twtainan.net/zh-tw/Event/NewsDetail/2089,https://www.twtainan.net/zh-tw/shop/consume/6504/,official_event_page,municipal_profile,26,2,0.3782
https://www.twtainan.net/zh-tw/Event/NewsDetail/2089,https://eresources.nlb.gov.sg/newspapers/digitised/issue/weekendeast19941111-1,official_event_page,newspaper_archive,26,1,0.3092
https://www.twtainan.net/ja/tours/columns/detail/3590,https://enlifesun.com/2021-04-23-1955/,official_tourism_route,food_blog_retrospective,25,1,0.3446
https://www.twtainan.net/ja/tours/columns/detail/3590,https://eresources.nlb.gov.sg/newspapers/digitised/issue/biztimes19870612-1,official_tourism_route,newspaper_archive,25,1,0.3056
https://www.twtainan.net/ja/tours/columns/detail/3590,https://khh.travel/zh-tw/shop/gourmet/788/,official_tourism_route,municipal_tourism,25,1,0.3564
https://www.twtainan.net/file/703/,https://www.twtainan.net/zh-tw/event/newsdetail/7851/,official_itinerary_file,official_event_page,24,11,0.3084
https://www.twtainan.net/file/703/,https://eresources.nlb.gov.sg/newspapers/digitised/issue/straitstimes20101031-1,official_itinerary_file,newspaper_archive,24,2,0.3348
https://www.twtainan.net/file/703/,https://eresources.nlb.gov.sg/newspapers/digitised/issue/straitstimes20160619-1,official_itinerary_file,newspaper_archive,24,2,0.3284
https://www.twtainan.net/file/703/,https://eresources.nlb.gov.sg/newspapers/digitised/issue/straitstimes19861207-1,official_itinerary_file,newspaper_archive,24,1,0.3356
https://www.twtainan.net/file/703/,https://eresources.nlb.gov.sg/newspapers/digitised/issue/straitstimes19870129-1,official_itinerary_file,newspaper_archive,24,1,0.3307
https://www.twtainan.net/file/703/,https://eresources.nlb.gov.sg/newspapers/digitised/issue/straitstimes19870814-1,official_itinerary_file,newspaper_archive,24,1,0.3408
https://www.twtainan.net/file/703/,https://i17fun.tw/fengshan-salty-rice-moss/,official_itinerary_file,food_media_retrospective,24,1,0.3030
https://www.twtainan.net/only-for-member/zh-tw/event/newsdetail/4342,https://friendlystore.taipei/index.php/property/7552/tw,official_event_page,municipal_accessibility_listing,24,1,0.3368
https://eresources.nlb.gov.sg/newspapers/digitised/issue/newpaper20081215-1,https://www.twtainan.net/only-for-member/zh-tw/shop/cuisines,newspaper_issue,official_cuisine_index,23,15,0.3465
https://eresources.nlb.gov.sg/newspapers/digitised/issue/newpaper20081215-1,https://eresources.nlb.gov.sg/newspapers/digitised/issue/straitstimes19890131-1,newspaper_issue,newspaper_issue,23,13,0.4635
https://eresources.nlb.gov.sg/newspapers/digitised/issue/newpaper20081215-1,https://sh-streetfood.org/shou-zhua-bing-hand-grabbed-pancake-%E6%89%8B%E6%8A%93%E5%B9%B6/,newspaper_issue,street_food_history_article,23,12,0.3020
https://eresources.nlb.gov.sg/newspapers/digitised/issue/newpaper20081215-1,https://www.want-want.com/en/about/,newspaper_issue,corporate_history,23,12,0.3408
https://eresources.nlb.gov.sg/newspapers/digitised/issue/newpaper20081215-1,https://www.taipeitimes.com/News/biz/archives/2001/08/24/0000099981,newspaper_issue,newspaper_article,23,12,0.3001
https://eresources.nlb.gov.sg/newspapers/digitised/issue/newpaper20081215-1,https://snackemp.com/wp-content/uploads/2019/09/EW01843_IPO.pdf,newspaper_issue,corporate_prospectus,23,12,0.3099
https://eresources.nlb.gov.sg/newspapers/digitised/issue/newpaper20081215-1,https://www.twtainan.net/only-for-member/zh-tw/shop/consume/1118,newspaper_issue,official_tourism_profile,23,11,0.3812
https://eresources.nlb.gov.sg/newspapers/digitised/issue/newpaper20081215-1,https://www.twtainan.net/zh-tw/event/newsdetail/7851/,newspaper_issue,official_event_page,23,11,0.3553
https://eresources.nlb.gov.sg/newspapers/digitised/issue/newpaper20081215-1,https://www.twtainan.net/zh-tw/shop/consume/1589/,newspaper_issue,official_tourism_profile,23,11,0.3430
https://eresources.nlb.gov.sg/newspapers/digitised/issue/newpaper20081215-1,https://www.twtainan.net/zh-tw/shop/consume/1061/,newspaper_issue,official_tourism_profile,23,11,0.3426
https://eresources.nlb.gov.sg/newspapers/digitised/issue/newpaper20081215-1,https://www.twtainan.net/zh-tw/shop/consume/1670/,newspaper_issue,official_tourism_profile,23,11,0.3443
https://eresources.nlb.gov.sg/newspapers/digitised/issue/newpaper20081215-1,https://twtainan.net/zh-tw/shop/consume/8408/,newspaper_issue,official_tourism_profile,23,11,0.3426
https://eresources.nlb.gov.sg/newspapers/digitised/issue/newpaper20081215-1,https://khh.travel/file/35/,newspaper_issue,official_food_file,23,10,0.3034
https://eresources.nlb.gov.sg/newspapers/digitised/issue/newpaper20081215-1,https://www.twtainan.net/only-for-member/zh-tw/shop/consume/8378,newspaper_issue,official_tourism_profile,23,10,0.3458
https://eresources.nlb.gov.sg/newspapers/digitised/issue/newpaper20081215-1,https://www.twtainan.net/zh-tw/event/newsdetail/6623/,newspaper_issue,official_event_page,23,10,0.3413
https://eresources.nlb.gov.sg/newspapers/digitised/issue/newpaper20081215-1,https://www.twtainan.net/zh-tw/event/newsdetail/6117/,newspaper_issue,official_event_page,23,10,0.3426
https://eresources.nlb.gov.sg/newspapers/digitised/issue/newpaper20081215-1,https://www.twtainan.net/zh-tw/event/newsdetail/6201/,newspaper_issue,official_event_page,23,10,0.3443
https://eresources.nlb.gov.sg/newspapers/digitised/issue/newpaper20081215-1,https://khh.travel/zh-tw/shop/gourmet/1138,newspaper_issue,official_tourism_profile,23,10,0.3371
https://eresources.nlb.gov.sg/newspapers/digitised/issue/newpaper20081215-1,https://www.twtainan.net/zh-tw/attractions/detail/6051/,newspaper_issue,official_attraction_profile,23,10,0.3447
https://eresources.nlb.gov.sg/newspapers/digitised/issue/newpaper20081215-1,https://www.twtainan.net/zh-tw/district/1/,newspaper_issue,official_district_page,23,10,0.3474
https://eresources.nlb.gov.sg/newspapers/digitised/issue/newpaper20081215-1,https://eresources.nlb.gov.sg/newspapers/digitised/issue/straitstimes19751011-1,newspaper_issue,newspaper_archive,23,2,0.3216
https://eresources.nlb.gov.sg/newspapers/digitised/issue/newpaper20081215-1,https://eresources.nlb.gov.sg/newspapers/digitised/issue/straitstimes19760410-1,newspaper_issue,newspaper_archive,23,2,0.3149
https://eresources.nlb.gov.sg/newspapers/digitised/issue/newpaper20081215-1,https://eresources.nlb.gov.sg/newspapers/digitised/issue/straitstimes19800815-1,newspaper_issue,newspaper_archive,23,2,0.3019
https://eresources.nlb.gov.sg/newspapers/digitised/issue/newpaper20081215-1,https://eresources.nlb.gov.sg/newspapers/digitised/issue/newpaper19951024-1,newspaper_issue,newspaper_archive,23,2,0.3269
https://eresources.nlb.gov.sg/newspapers/digitised/issue/newpaper20081215-1,https://eresources.nlb.gov.sg/newspapers/Digitised/Issue/newpaper20081215-1,newspaper_issue,newspaper_issue,23,2,0.3686
https://khh.travel/zh-tw/shop/gourmet/789/,https://khh.travel/zh-tw/shop/gourmet/788/,official_tourism_profile,municipal_tourism,22,1,0.3091
https://www.twtainan.net/zh-tw/event/newsdetail/6619/,https://twtainan.net/file/29163/,official_event_page,official_promotion_file,22,20,0.7473
https://www.twtainan.net/zh-tw/event/newsdetail/6619/,https://www.twtainan.net/only-for-member/zh-tw/shop/cuisines,official_event_page,official_cuisine_index,22,15,0.7479
https://www.twtainan.net/zh-tw/event/newsdetail/6619/,https://eresources.nlb.gov.sg/newspapers/digitised/issue/straitstimes19890131-1,official_event_page,newspaper_issue,22,13,0.3632
https://www.twtainan.net/zh-tw/event/newsdetail/6619/,https://www.twtainan.net/zh-tw/shop/consume/1161/,official_event_page,official_tourism_profile,22,12,0.4966
https://www.twtainan.net/zh-tw/event/newsdetail/6619/,https://sh-streetfood.org/shou-zhua-bing-hand-grabbed-pancake-%E6%89%8B%E6%8A%93%E5%B9%B6/,official_event_page,street_food_history_article,22,12,0.4640
https://www.twtainan.net/zh-tw/event/newsdetail/6619/,https://www.uni-president.com.cn/download/en_20140530202453.pdf,official_event_page,corporate_prospectus,22,12,0.4568
https://www.twtainan.net/zh-tw/event/newsdetail/6619/,https://www.want-want.com/en/about/,official_event_page,corporate_history,22,12,0.4801
https://www.twtainan.net/zh-tw/event/newsdetail/6619/,https://www.taipeitimes.com/News/biz/archives/2001/08/24/0000099981,official_event_page,newspaper_article,22,12,0.5504
https://www.twtainan.net/zh-tw/event/newsdetail/6619/,https://snackemp.com/wp-content/uploads/2019/09/EW01843_IPO.pdf,official_event_page,corporate_prospectus,22,12,0.3127
https://www.twtainan.net/zh-tw/event/newsdetail/6619/,https://www.twtainan.net/only-for-member/zh-tw/shop/consume/1118,official_event_page,official_tourism_profile,22,11,0.6388
https://www.twtainan.net/zh-tw/event/newsdetail/6619/,https://www.twtainan.net/zh-tw/event/newsdetail/7851/,official_event_page,official_event_page,22,11,0.5331
https://www.twtainan.net/zh-tw/event/newsdetail/6619/,https://www.twtainan.net/zh-tw/shop/consume/1589/,official_event_page,official_tourism_profile,22,11,0.8375
https://www.twtainan.net/zh-tw/event/newsdetail/6619/,https://www.twtainan.net/zh-tw/shop/consume/1061/,official_event_page,official_tourism_profile,22,11,0.8336
https://www.twtainan.net/zh-tw/event/newsdetail/6619/,https://www.twtainan.net/zh-tw/shop/consume/1670/,official_event_page,official_tourism_profile,22,11,0.8383
https://www.twtainan.net/zh-tw/event/newsdetail/6619/,https://twtainan.net/zh-tw/shop/consume/8408/,official_event_page,official_tourism_profile,22,11,0.8336
https://www.twtainan.net/zh-tw/event/newsdetail/6619/,https://www.twtainan.net/file/705/,official_event_page,official_itinerary_file,22,10,0.6087
https://www.twtainan.net/zh-tw/event/newsdetail/6619/,https://khh.travel/file/35/,official_event_page,official_food_file,22,10,0.5262
https://www.twtainan.net/zh-tw/event/newsdetail/6619/,https://www.twtainan.net/only-for-member/zh-tw/shop/consume/8378,official_event_page,official_tourism_profile,22,10,0.8497
https://www.twtainan.net/zh-tw/event/newsdetail/6619/,https://www.twtainan.net/zh-tw/event/newsdetail/6623/,official_event_page,official_event_page,22,10,0.8886
https://www.twtainan.net/zh-tw/event/newsdetail/6619/,https://www.twtainan.net/zh-tw/event/newsdetail/6117/,official_event_page,official_event_page,22,10,0.8783
https://www.twtainan.net/zh-tw/event/newsdetail/6619/,https://www.twtainan.net/zh-tw/event/newsdetail/6201/,official_event_page,official_event_page,22,10,0.8917
https://www.twtainan.net/zh-tw/event/newsdetail/6619/,https://khh.travel/zh-tw/shop/gourmet/1138,official_event_page,official_tourism_profile,22,10,0.5789
https://www.twtainan.net/zh-tw/event/newsdetail/6619/,https://www.twtainan.net/zh-tw/attractions/detail/6051/,official_event_page,official_attraction_profile,22,10,0.8676
https://www.twtainan.net/zh-tw/event/newsdetail/6619/,https://www.twtainan.net/zh-tw/district/1/,official_event_page,official_district_page,22,10,0.7443
https://twtainan.net/file/29163/,https://www.twtainan.net/only-for-member/zh-tw/shop/cuisines,official_promotion_file,official_cuisine_index,20,15,0.6612
https://twtainan.net/file/29163/,https://www.twtainan.net/zh-tw/shop/consume/1161/,official_promotion_file,official_tourism_profile,20,12,0.4486
https://twtainan.net/file/29163/,https://www.taipeitimes.com/News/biz/archives/2001/08/24/0000099981,official_promotion_file,newspaper_article,20,12,0.4760
https://twtainan.net/file/29163/,https://www.twtainan.net/only-for-member/zh-tw/shop/consume/1118,official_promotion_file,official_tourism_profile,20,11,0.5444
https://twtainan.net/file/29163/,https://www.twtainan.net/zh-tw/event/newsdetail/7851/,official_promotion_file,official_event_page,20,11,0.4801
https://twtainan.net/file/29163/,https://www.twtainan.net/zh-tw/shop/consume/1589/,official_promotion_file,official_tourism_profile,20,11,0.7439
https://twtainan.net/file/29163/,https://www.twtainan.net/zh-tw/shop/consume/1061/,official_promotion_file,official_tourism_profile,20,11,0.7401
https://twtainan.net/file/29163/,https://www.twtainan.net/zh-tw/shop/consume/1670/,official_promotion_file,official_tourism_profile,20,11,0.7442
https://twtainan.net/file/29163/,https://twtainan.net/zh-tw/shop/consume/8408/,official_promotion_file,official_tourism_profile,20,11,0.7401
https://twtainan.net/file/29163/,https://www.twtainan.net/file/705/,official_promotion_file,official_itinerary_file,20,10,0.6906
https://twtainan.net/file/29163/,https://khh.travel/file/35/,official_promotion_file,official_food_file,20,10,0.4993
https://twtainan.net/file/29163/,https://www.twtainan.net/only-for-member/zh-tw/shop/consume/8378,official_promotion_file,official_tourism_profile,20,10,0.7356
https://twtainan.net/file/29163/,https://www.twtainan.net/zh-tw/event/newsdetail/6623/,official_promotion_file,official_event_page,20,10,0.4743
https://twtainan.net/file/29163/,https://www.twtainan.net/zh-tw/event/newsdetail/6117/,official_promotion_file,official_event_page,20,10,0.6503
https://twtainan.net/file/29163/,https://www.twtainan.net/zh-tw/event/newsdetail/6201/,official_promotion_file,official_event_page,20,10,0.6539
https://twtainan.net/file/29163/,https://khh.travel/zh-tw/shop/gourmet/1138,official_promotion_file,official_tourism_profile,20,10,0.5148
https://twtainan.net/file/29163/,https://www.twtainan.net/zh-tw/attractions/detail/6051/,official_promotion_file,official_attraction_profile,20,10,0.4795
https://twtainan.net/file/29163/,https://www.twtainan.net/zh-tw/district/1/,official_promotion_file,official_district_page,20,10,0.5801
https://eresources.nlb.gov.sg/newspapers/digitised/issue/newpaper19940720-1,https://eresources.nlb.gov.sg/newspapers/Digitised/Issue/newpaper20081215-1,newspaper_issue,newspaper_issue,15,2,0.3863
https://eresources.nlb.gov.sg/newspapers/digitised/issue/newpaper19940720-1,https://eresources.nlb.gov.sg/newspapers/digitised/issue/straitstimes19861207-1,newspaper_issue,newspaper_archive,15,1,0.4130
https://eresources.nlb.gov.sg/newspapers/digitised/issue/newpaper19940720-1,https://eresources.nlb.gov.sg/newspapers/digitised/issue/straitstimes19870814-1,newspaper_issue,newspaper_archive,15,1,0.3182
https://www.twtainan.net/only-for-member/zh-tw/shop/cuisines,https://eresources.nlb.gov.sg/newspapers/digitised/issue/straitstimes19890131-1,official_cuisine_index,newspaper_issue,15,13,0.3732
https://www.twtainan.net/only-for-member/zh-tw/shop/cuisines,https://www.twtainan.net/zh-tw/shop/consume/1161/,official_cuisine_index,official_tourism_profile,15,12,0.3783
https://www.twtainan.net/only-for-member/zh-tw/shop/cuisines,https://sh-streetfood.org/shou-zhua-bing-hand-grabbed-pancake-%E6%89%8B%E6%8A%93%E5%B9%B6/,official_cuisine_index,street_food_history_article,15,12,0.4761
https://www.twtainan.net/only-for-member/zh-tw/shop/cuisines,https://www.uni-president.com.cn/download/en_20140530202453.pdf,official_cuisine_index,corporate_prospectus,15,12,0.4686
https://www.twtainan.net/only-for-member/zh-tw/shop/cuisines,https://www.want-want.com/en/about/,official_cuisine_index,corporate_history,15,12,0.4929
https://www.twtainan.net/only-for-member/zh-tw/shop/cuisines,https://www.taipeitimes.com/News/biz/archives/2001/08/24/0000099981,official_cuisine_index,newspaper_article,15,12,0.5640
https://www.twtainan.net/only-for-member/zh-tw/shop/cuisines,https://snackemp.com/wp-content/uploads/2019/09/EW01843_IPO.pdf,official_cuisine_index,corporate_prospectus,15,12,0.4755
https://www.twtainan.net/only-for-member/zh-tw/shop/cuisines,https://www.twtainan.net/only-for-member/zh-tw/shop/consume/1118,official_cuisine_index,official_tourism_profile,15,11,0.6362
https://www.twtainan.net/only-for-member/zh-tw/shop/cuisines,https://www.twtainan.net/zh-tw/event/newsdetail/7851/,official_cuisine_index,official_event_page,15,11,0.5522
https://www.twtainan.net/only-for-member/zh-tw/shop/cuisines,https://www.twtainan.net/zh-tw/shop/consume/1589/,official_cuisine_index,official_tourism_profile,15,11,0.7415
https://www.twtainan.net/only-for-member/zh-tw/shop/cuisines,https://www.twtainan.net/zh-tw/shop/consume/1061/,official_cuisine_index,official_tourism_profile,15,11,0.8511
https://www.twtainan.net/only-for-member/zh-tw/shop/cuisines,https://www.twtainan.net/zh-tw/shop/consume/1670/,official_cuisine_index,official_tourism_profile,15,11,0.8559
https://www.twtainan.net/only-for-member/zh-tw/shop/cuisines,https://twtainan.net/zh-tw/shop/consume/8408/,official_cuisine_index,official_tourism_profile,15,11,0.7319
https://www.twtainan.net/only-for-member/zh-tw/shop/cuisines,https://www.twtainan.net/file/705/,official_cuisine_index,official_itinerary_file,15,10,0.6275
https://www.twtainan.net/only-for-member/zh-tw/shop/cuisines,https://khh.travel/file/35/,official_cuisine_index,official_food_file,15,10,0.5197
https://www.twtainan.net/only-for-member/zh-tw/shop/cuisines,https://www.twtainan.net/only-for-member/zh-tw/shop/consume/8378,official_cuisine_index,official_tourism_profile,15,10,0.8448
https://www.twtainan.net/only-for-member/zh-tw/shop/cuisines,https://www.twtainan.net/zh-tw/event/newsdetail/6623/,official_cuisine_index,official_event_page,15,10,0.8785
https://www.twtainan.net/only-for-member/zh-tw/shop/cuisines,https://www.twtainan.net/zh-tw/event/newsdetail/6117/,official_cuisine_index,official_event_page,15,10,0.8794
https://www.twtainan.net/only-for-member/zh-tw/shop/cuisines,https://www.twtainan.net/zh-tw/event/newsdetail/6201/,official_cuisine_index,official_event_page,15,10,0.8816
https://www.twtainan.net/only-for-member/zh-tw/shop/cuisines,https://khh.travel/zh-tw/shop/gourmet/1138,official_cuisine_index,official_tourism_profile,15,10,0.5871
https://www.twtainan.net/only-for-member/zh-tw/shop/cuisines,https://www.twtainan.net/zh-tw/attractions/detail/6051/,official_cuisine_index,official_attraction_profile,15,10,0.8914
https://www.twtainan.net/only-for-member/zh-tw/shop/cuisines,https://www.twtainan.net/zh-tw/district/1/,official_cuisine_index,official_district_page,15,10,0.9107
https://twtainan.net/zh-tw/event/newsdetail/7164/,https://www.twtainan.net/zh-tw/shop/consume/6504/,official_event_page,municipal_profile,14,2,0.3617
https://twtainan.net/zh-tw/event/newsdetail/7164/,https://eresources.nlb.gov.sg/newspapers/digitised/issue/straitstimes20160619-1,official_event_page,newspaper_archive,14,2,0.3060
https://www.twtainan.net/zh-tw/event/newsdetail/6129/,https://ihappyday.tw/blog/post/old-mother-noodle,official_event_page,food_media_retrospective,14,1,0.3050
https://eresources.nlb.gov.sg/newspapers/digitised/issue/biztimes19920111-1,https://khh.travel/file/35/,newspaper_issue,official_food_file,14,10,0.3166
https://eresources.nlb.gov.sg/newspapers/digitised/issue/biztimes19920111-1,https://eresources.nlb.gov.sg/newspapers/digitised/issue/straitstimes19751011-1,newspaper_issue,newspaper_archive,14,2,0.3023
https://eresources.nlb.gov.sg/newspapers/digitised/issue/biztimes19920111-1,https://eresources.nlb.gov.sg/newspapers/Digitised/Issue/newpaper20081215-1,newspaper_issue,newspaper_issue,14,2,0.4101
https://eresources.nlb.gov.sg/newspapers/digitised/issue/biztimes19920111-1,https://eresources.nlb.gov.sg/newspapers/digitised/issue/straitstimes19870814-1,newspaper_issue,newspaper_archive,14,1,0.3085
https://eresources.nlb.gov.sg/newspapers/digitised/issue/straitstimes19890131-1,https://sh-streetfood.org/shou-zhua-bing-hand-grabbed-pancake-%E6%89%8B%E6%8A%93%E5%B9%B6/,newspaper_issue,street_food_history_article,13,12,0.3372
https://eresources.nlb.gov.sg/newspapers/digitised/issue/straitstimes19890131-1,https://www.taipeitimes.com/News/biz/archives/2001/08/24/0000099981,newspaper_issue,newspaper_article,13,12,0.3278
https://eresources.nlb.gov.sg/newspapers/digitised/issue/straitstimes19890131-1,https://snackemp.com/wp-content/uploads/2019/09/EW01843_IPO.pdf,newspaper_issue,corporate_prospectus,13,12,0.3178
https://eresources.nlb.gov.sg/newspapers/digitised/issue/straitstimes19890131-1,https://www.twtainan.net/only-for-member/zh-tw/shop/consume/1118,newspaper_issue,official_tourism_profile,13,11,0.3914
https://eresources.nlb.gov.sg/newspapers/digitised/issue/straitstimes19890131-1,https://www.twtainan.net/zh-tw/event/newsdetail/7851/,newspaper_issue,official_event_page,13,11,0.3874
https://eresources.nlb.gov.sg/newspapers/digitised/issue/straitstimes19890131-1,https://www.twtainan.net/zh-tw/shop/consume/1589/,newspaper_issue,official_tourism_profile,13,11,0.3719
https://eresources.nlb.gov.sg/newspapers/digitised/issue/straitstimes19890131-1,https://www.twtainan.net/zh-tw/shop/consume/1061/,newspaper_issue,official_tourism_profile,13,11,0.3714
https://eresources.nlb.gov.sg/newspapers/digitised/issue/straitstimes19890131-1,https://www.twtainan.net/zh-tw/shop/consume/1670/,newspaper_issue,official_tourism_profile,13,11,0.3734
https://eresources.nlb.gov.sg/newspapers/digitised/issue/straitstimes19890131-1,https://twtainan.net/zh-tw/shop/consume/8408/,newspaper_issue,official_tourism_profile,13,11,0.3714
https://eresources.nlb.gov.sg/newspapers/digitised/issue/straitstimes19890131-1,https://khh.travel/file/35/,newspaper_issue,official_food_file,13,10,0.3075
https://eresources.nlb.gov.sg/newspapers/digitised/issue/straitstimes19890131-1,https://www.twtainan.net/only-for-member/zh-tw/shop/consume/8378,newspaper_issue,official_tourism_profile,13,10,0.3615
https://eresources.nlb.gov.sg/newspapers/digitised/issue/straitstimes19890131-1,https://www.twtainan.net/zh-tw/event/newsdetail/6623/,newspaper_issue,official_event_page,13,10,0.3596
https://eresources.nlb.gov.sg/newspapers/digitised/issue/straitstimes19890131-1,https://www.twtainan.net/zh-tw/event/newsdetail/6117/,newspaper_issue,official_event_page,13,10,0.3610
https://eresources.nlb.gov.sg/newspapers/digitised/issue/straitstimes19890131-1,https://www.twtainan.net/zh-tw/event/newsdetail/6201/,newspaper_issue,official_event_page,13,10,0.3629
https://eresources.nlb.gov.sg/newspapers/digitised/issue/straitstimes19890131-1,https://khh.travel/zh-tw/shop/gourmet/1138,newspaper_issue,official_tourism_profile,13,10,0.3423
https://eresources.nlb.gov.sg/newspapers/digitised/issue/straitstimes19890131-1,https://www.twtainan.net/zh-tw/attractions/detail/6051/,newspaper_issue,official_attraction_profile,13,10,0.3686
https://eresources.nlb.gov.sg/newspapers/digitised/issue/straitstimes19890131-1,https://www.twtainan.net/zh-tw/district/1/,newspaper_issue,official_district_page,13,10,0.3715
https://eresources.nlb.gov.sg/newspapers/digitised/issue/straitstimes19890131-1,https://eresources.nlb.gov.sg/newspapers/digitised/issue/newnation19780804-1,newspaper_issue,newspaper_archive,13,2,0.3005
https://eresources.nlb.gov.sg/newspapers/digitised/issue/straitstimes19890131-1,https://eresources.nlb.gov.sg/newspapers/digitised/issue/straitstimes19800815-1,newspaper_issue,newspaper_archive,13,2,0.3041
https://eresources.nlb.gov.sg/newspapers/digitised/issue/straitstimes19890131-1,https://eresources.nlb.gov.sg/newspapers/digitised/issue/straitstimes20160619-1,newspaper_issue,newspaper_archive,13,2,0.3115
https://eresources.nlb.gov.sg/newspapers/digitised/issue/straitstimes19890131-1,https://eresources.nlb.gov.sg/newspapers/Digitised/Issue/newpaper20081215-1,newspaper_issue,newspaper_issue,13,2,0.4734
https://www.twtainan.net/zh-tw/event/activitydetail/7562/,https://en.wikipedia.org/wiki/Taiwanese_cuisine,official_activity_page,encyclopedic_secondary,13,1,0.3022
https://www.twtainan.net/zh-tw/shop/consume/1161/,https://www.taipeitimes.com/News/biz/archives/2001/08/24/0000099981,official_tourism_profile,newspaper_article,12,12,0.3137
https://www.twtainan.net/zh-tw/shop/consume/1161/,https://www.twtainan.net/only-for-member/zh-tw/shop/consume/1118,official_tourism_profile,official_tourism_profile,12,11,0.6049
https://www.twtainan.net/zh-tw/shop/consume/1161/,https://www.twtainan.net/zh-tw/event/newsdetail/7851/,official_tourism_profile,official_event_page,12,11,0.4100
https://www.twtainan.net/zh-tw/shop/consume/1161/,https://www.twtainan.net/zh-tw/shop/consume/1589/,official_tourism_profile,official_tourism_profile,12,11,0.4264
https://www.twtainan.net/zh-tw/shop/consume/1161/,https://www.twtainan.net/zh-tw/shop/consume/1061/,official_tourism_profile,official_tourism_profile,12,11,0.5330
https://www.twtainan.net/zh-tw/shop/consume/1161/,https://twtainan.net/zh-tw/shop/consume/8408/,official_tourism_profile,official_tourism_profile,12,11,0.5330
https://www.twtainan.net/zh-tw/shop/consume/1161/,https://www.twtainan.net/file/705/,official_tourism_profile,official_itinerary_file,12,10,0.3264
https://www.twtainan.net/zh-tw/shop/consume/1161/,https://khh.travel/file/35/,official_tourism_profile,official_food_file,12,10,0.3641
https://www.twtainan.net/zh-tw/shop/consume/1161/,https://www.twtainan.net/only-for-member/zh-tw/shop/consume/8378,official_tourism_profile,official_tourism_profile,12,10,0.5176
https://www.twtainan.net/zh-tw/shop/consume/1161/,https://www.twtainan.net/zh-tw/event/newsdetail/6623/,official_tourism_profile,official_event_page,12,10,0.4542
https://www.twtainan.net/zh-tw/shop/consume/1161/,https://www.twtainan.net/zh-tw/event/newsdetail/6117/,official_tourism_profile,official_event_page,12,10,0.4588
https://www.twtainan.net/zh-tw/shop/consume/1161/,https://www.twtainan.net/zh-tw/event/newsdetail/6201/,official_tourism_profile,official_event_page,12,10,0.4613
https://www.twtainan.net/zh-tw/shop/consume/1161/,https://khh.travel/zh-tw/shop/gourmet/1138,official_tourism_profile,official_tourism_profile,12,10,0.3401
https://www.twtainan.net/zh-tw/shop/consume/1161/,https://www.twtainan.net/zh-tw/attractions/detail/6051/,official_tourism_profile,official_attraction_profile,12,10,0.4232
https://www.twtainan.net/zh-tw/shop/consume/1161/,https://www.twtainan.net/zh-tw/district/1/,official_tourism_profile,official_district_page,12,10,0.4240
https://sh-streetfood.org/shou-zhua-bing-hand-grabbed-pancake-%E6%89%8B%E6%8A%93%E5%B9%B6/,https://www.uni-president.com.cn/download/en_20140530202453.pdf,street_food_history_article,corporate_prospectus,12,12,0.4544
https://sh-streetfood.org/shou-zhua-bing-hand-grabbed-pancake-%E6%89%8B%E6%8A%93%E5%B9%B6/,https://www.want-want.com/en/about/,street_food_history_article,corporate_history,12,12,0.5127
https://sh-streetfood.org/shou-zhua-bing-hand-grabbed-pancake-%E6%89%8B%E6%8A%93%E5%B9%B6/,https://www.taipeitimes.com/News/biz/archives/2001/08/24/0000099981,street_food_history_article,newspaper_article,12,12,0.4133
https://sh-streetfood.org/shou-zhua-bing-hand-grabbed-pancake-%E6%89%8B%E6%8A%93%E5%B9%B6/,https://snackemp.com/wp-content/uploads/2019/09/EW01843_IPO.pdf,street_food_history_article,corporate_prospectus,12,12,0.4204
https://sh-streetfood.org/shou-zhua-bing-hand-grabbed-pancake-%E6%89%8B%E6%8A%93%E5%B9%B6/,https://www.twtainan.net/only-for-member/zh-tw/shop/consume/1118,street_food_history_article,official_tourism_profile,12,11,0.3305
https://sh-streetfood.org/shou-zhua-bing-hand-grabbed-pancake-%E6%89%8B%E6%8A%93%E5%B9%B6/,https://www.twtainan.net/zh-tw/event/newsdetail/7851/,street_food_history_article,official_event_page,12,11,0.3178
https://sh-streetfood.org/shou-zhua-bing-hand-grabbed-pancake-%E6%89%8B%E6%8A%93%E5%B9%B6/,https://www.twtainan.net/zh-tw/shop/consume/1589/,street_food_history_article,official_tourism_profile,12,11,0.3138
https://sh-streetfood.org/shou-zhua-bing-hand-grabbed-pancake-%E6%89%8B%E6%8A%93%E5%B9%B6/,https://www.twtainan.net/zh-tw/shop/consume/1061/,street_food_history_article,official_tourism_profile,12,11,0.3134
https://sh-streetfood.org/shou-zhua-bing-hand-grabbed-pancake-%E6%89%8B%E6%8A%93%E5%B9%B6/,https://www.twtainan.net/zh-tw/shop/consume/1670/,street_food_history_article,official_tourism_profile,12,11,0.3148
https://sh-streetfood.org/shou-zhua-bing-hand-grabbed-pancake-%E6%89%8B%E6%8A%93%E5%B9%B6/,https://twtainan.net/zh-tw/shop/consume/8408/,street_food_history_article,official_tourism_profile,12,11,0.3134
https://sh-streetfood.org/shou-zhua-bing-hand-grabbed-pancake-%E6%89%8B%E6%8A%93%E5%B9%B6/,https://khh.travel/file/35/,street_food_history_article,official_food_file,12,10,0.4035
https://sh-streetfood.org/shou-zhua-bing-hand-grabbed-pancake-%E6%89%8B%E6%8A%93%E5%B9%B6/,https://www.twtainan.net/only-for-member/zh-tw/shop/consume/8378,street_food_history_article,official_tourism_profile,12,10,0.4526
https://sh-streetfood.org/shou-zhua-bing-hand-grabbed-pancake-%E6%89%8B%E6%8A%93%E5%B9%B6/,https://www.twtainan.net/zh-tw/event/newsdetail/6623/,street_food_history_article,official_event_page,12,10,0.4562
https://sh-streetfood.org/shou-zhua-bing-hand-grabbed-pancake-%E6%89%8B%E6%8A%93%E5%B9%B6/,https://www.twtainan.net/zh-tw/event/newsdetail/6117/,street_food_history_article,official_event_page,12,10,0.4577
https://sh-streetfood.org/shou-zhua-bing-hand-grabbed-pancake-%E6%89%8B%E6%8A%93%E5%B9%B6/,https://www.twtainan.net/zh-tw/event/newsdetail/6201/,street_food_history_article,official_event_page,12,10,0.4598
https://sh-streetfood.org/shou-zhua-bing-hand-grabbed-pancake-%E6%89%8B%E6%8A%93%E5%B9%B6/,https://khh.travel/zh-tw/shop/gourmet/1138,street_food_history_article,official_tourism_profile,12,10,0.4541
https://sh-streetfood.org/shou-zhua-bing-hand-grabbed-pancake-%E6%89%8B%E6%8A%93%E5%B9%B6/,https://www.twtainan.net/zh-tw/attractions/detail/6051/,street_food_history_article,official_attraction_profile,12,10,0.4671
https://sh-streetfood.org/shou-zhua-bing-hand-grabbed-pancake-%E6%89%8B%E6%8A%93%E5%B9%B6/,https://www.twtainan.net/zh-tw/district/1/,street_food_history_article,official_district_page,12,10,0.4703
https://www.uni-president.com.cn/download/en_20140530202453.pdf,https://www.want-want.com/en/about/,corporate_prospectus,corporate_history,12,12,0.5288
https://www.uni-president.com.cn/download/en_20140530202453.pdf,https://www.taipeitimes.com/News/biz/archives/2001/08/24/0000099981,corporate_prospectus,newspaper_article,12,12,0.4115
https://www.uni-president.com.cn/download/en_20140530202453.pdf,https://snackemp.com/wp-content/uploads/2019/09/EW01843_IPO.pdf,corporate_prospectus,corporate_prospectus,12,12,0.4800
https://www.uni-president.com.cn/download/en_20140530202453.pdf,https://www.twtainan.net/zh-tw/event/newsdetail/7851/,corporate_prospectus,official_event_page,12,11,0.3151
https://www.uni-president.com.cn/download/en_20140530202453.pdf,https://www.twtainan.net/only-for-member/zh-tw/shop/consume/8378,corporate_prospectus,official_tourism_profile,12,10,0.3886
https://www.uni-president.com.cn/download/en_20140530202453.pdf,https://www.twtainan.net/zh-tw/event/newsdetail/6623/,corporate_prospectus,official_event_page,12,10,0.3872
https://www.uni-president.com.cn/download/en_20140530202453.pdf,https://www.twtainan.net/zh-tw/event/newsdetail/6117/,corporate_prospectus,official_event_page,12,10,0.3885
https://www.uni-president.com.cn/download/en_20140530202453.pdf,https://www.twtainan.net/zh-tw/event/newsdetail/6201/,corporate_prospectus,official_event_page,12,10,0.3902
https://www.uni-president.com.cn/download/en_20140530202453.pdf,https://khh.travel/zh-tw/shop/gourmet/1138,corporate_prospectus,official_tourism_profile,12,10,0.3833
https://www.uni-president.com.cn/download/en_20140530202453.pdf,https://www.twtainan.net/zh-tw/attractions/detail/6051/,corporate_prospectus,official_attraction_profile,12,10,0.3973
https://www.uni-president.com.cn/download/en_20140530202453.pdf,https://www.twtainan.net/zh-tw/district/1/,corporate_prospectus,official_district_page,12,10,0.4000
https://www.want-want.com/en/about/,https://www.taipeitimes.com/News/biz/archives/2001/08/24/0000099981,corporate_history,newspaper_article,12,12,0.4355
https://www.want-want.com/en/about/,https://snackemp.com/wp-content/uploads/2019/09/EW01843_IPO.pdf,corporate_history,corporate_prospectus,12,12,0.4206
https://www.want-want.com/en/about/,https://www.twtainan.net/only-for-member/zh-tw/shop/consume/1118,corporate_history,official_tourism_profile,12,11,0.3448
https://www.want-want.com/en/about/,https://www.twtainan.net/zh-tw/shop/consume/1589/,corporate_history,official_tourism_profile,12,11,0.3263
https://www.want-want.com/en/about/,https://www.twtainan.net/zh-tw/shop/consume/1061/,corporate_history,official_tourism_profile,12,11,0.3259
https://www.want-want.com/en/about/,https://www.twtainan.net/zh-tw/shop/consume/1670/,corporate_history,official_tourism_profile,12,11,0.3274
https://www.want-want.com/en/about/,https://twtainan.net/zh-tw/shop/consume/8408/,corporate_history,official_tourism_profile,12,11,0.3259
https://www.want-want.com/en/about/,https://khh.travel/file/35/,corporate_history,official_food_file,12,10,0.4122
https://www.want-want.com/en/about/,https://www.twtainan.net/only-for-member/zh-tw/shop/consume/8378,corporate_history,official_tourism_profile,12,10,0.4681
https://www.want-want.com/en/about/,https://www.twtainan.net/zh-tw/event/newsdetail/6623/,corporate_history,official_event_page,12,10,0.4720
https://www.want-want.com/en/about/,https://www.twtainan.net/zh-tw/event/newsdetail/6117/,corporate_history,official_event_page,12,10,0.4736
https://www.want-want.com/en/about/,https://www.twtainan.net/zh-tw/event/newsdetail/6201/,corporate_history,official_event_page,12,10,0.4759
https://www.want-want.com/en/about/,https://khh.travel/zh-tw/shop/gourmet/1138,corporate_history,official_tourism_profile,12,10,0.4651
https://www.want-want.com/en/about/,https://www.twtainan.net/zh-tw/attractions/detail/6051/,corporate_history,official_attraction_profile,12,10,0.4835
https://www.want-want.com/en/about/,https://www.twtainan.net/zh-tw/district/1/,corporate_history,official_district_page,12,10,0.4869
https://www.taipeitimes.com/News/biz/archives/2001/08/24/0000099981,https://snackemp.com/wp-content/uploads/2019/09/EW01843_IPO.pdf,newspaper_article,corporate_prospectus,12,12,0.3856
https://www.taipeitimes.com/News/biz/archives/2001/08/24/0000099981,https://www.twtainan.net/only-for-member/zh-tw/shop/consume/1118,newspaper_article,official_tourism_profile,12,11,0.3908
https://www.taipeitimes.com/News/biz/archives/2001/08/24/0000099981,https://www.twtainan.net/zh-tw/event/newsdetail/7851/,newspaper_article,official_event_page,12,11,0.3802
https://www.taipeitimes.com/News/biz/archives/2001/08/24/0000099981,https://www.twtainan.net/zh-tw/shop/consume/1589/,newspaper_article,official_tourism_profile,12,11,0.5000
https://www.taipeitimes.com/News/biz/archives/2001/08/24/0000099981,https://www.twtainan.net/zh-tw/shop/consume/1061/,newspaper_article,official_tourism_profile,12,11,0.4994
https://www.taipeitimes.com/News/biz/archives/2001/08/24/0000099981,https://www.twtainan.net/zh-tw/shop/consume/1670/,newspaper_article,official_tourism_profile,12,11,0.5018
https://www.taipeitimes.com/News/biz/archives/2001/08/24/0000099981,https://twtainan.net/zh-tw/shop/consume/8408/,newspaper_article,official_tourism_profile,12,11,0.4994
https://www.taipeitimes.com/News/biz/archives/2001/08/24/0000099981,https://www.twtainan.net/file/705/,newspaper_article,official_itinerary_file,12,10,0.4638
https://www.taipeitimes.com/News/biz/archives/2001/08/24/0000099981,https://khh.travel/file/35/,newspaper_article,official_food_file,12,10,0.4326
https://www.taipeitimes.com/News/biz/archives/2001/08/24/0000099981,https://www.twtainan.net/only-for-member/zh-tw/shop/consume/8378,newspaper_article,official_tourism_profile,12,10,0.5469
https://www.taipeitimes.com/News/biz/archives/2001/08/24/0000099981,https://www.twtainan.net/zh-tw/event/newsdetail/6623/,newspaper_article,official_event_page,12,10,0.5491
https://www.taipeitimes.com/News/biz/archives/2001/08/24/0000099981,https://www.twtainan.net/zh-tw/event/newsdetail/6117/,newspaper_article,official_event_page,12,10,0.5510
https://www.taipeitimes.com/News/biz/archives/2001/08/24/0000099981,https://www.twtainan.net/zh-tw/event/newsdetail/6201/,newspaper_article,official_event_page,12,10,0.5536
https://www.taipeitimes.com/News/biz/archives/2001/08/24/0000099981,https://khh.travel/zh-tw/shop/gourmet/1138,newspaper_article,official_tourism_profile,12,10,0.4860
https://www.taipeitimes.com/News/biz/archives/2001/08/24/0000099981,https://www.twtainan.net/zh-tw/attractions/detail/6051/,newspaper_article,official_attraction_profile,12,10,0.5613
https://www.taipeitimes.com/News/biz/archives/2001/08/24/0000099981,https://www.twtainan.net/zh-tw/district/1/,newspaper_article,official_district_page,12,10,0.5653
https://snackemp.com/wp-content/uploads/2019/09/EW01843_IPO.pdf,https://www.twtainan.net/only-for-member/zh-tw/shop/consume/1118,corporate_prospectus,official_tourism_profile,12,11,0.3325
https://snackemp.com/wp-content/uploads/2019/09/EW01843_IPO.pdf,https://www.twtainan.net/zh-tw/shop/consume/1589/,corporate_prospectus,official_tourism_profile,12,11,0.3112
https://snackemp.com/wp-content/uploads/2019/09/EW01843_IPO.pdf,https://www.twtainan.net/zh-tw/shop/consume/1061/,corporate_prospectus,official_tourism_profile,12,11,0.3108
https://snackemp.com/wp-content/uploads/2019/09/EW01843_IPO.pdf,https://www.twtainan.net/zh-tw/shop/consume/1670/,corporate_prospectus,official_tourism_profile,12,11,0.3122
https://snackemp.com/wp-content/uploads/2019/09/EW01843_IPO.pdf,https://twtainan.net/zh-tw/shop/consume/8408/,corporate_prospectus,official_tourism_profile,12,11,0.3108
https://snackemp.com/wp-content/uploads/2019/09/EW01843_IPO.pdf,https://www.twtainan.net/only-for-member/zh-tw/shop/consume/8378,corporate_prospectus,official_tourism_profile,12,10,0.3007
https://snackemp.com/wp-content/uploads/2019/09/EW01843_IPO.pdf,https://www.twtainan.net/zh-tw/event/newsdetail/6623/,corporate_prospectus,official_event_page,12,10,0.3075
https://snackemp.com/wp-content/uploads/2019/09/EW01843_IPO.pdf,https://www.twtainan.net/zh-tw/event/newsdetail/6117/,corporate_prospectus,official_event_page,12,10,0.3086
https://snackemp.com/wp-content/uploads/2019/09/EW01843_IPO.pdf,https://www.twtainan.net/zh-tw/event/newsdetail/6201/,corporate_prospectus,official_event_page,12,10,0.3100
https://snackemp.com/wp-content/uploads/2019/09/EW01843_IPO.pdf,https://www.twtainan.net/zh-tw/attractions/detail/6051/,corporate_prospectus,official_attraction_profile,12,10,0.3126
https://snackemp.com/wp-content/uploads/2019/09/EW01843_IPO.pdf,https://www.twtainan.net/zh-tw/district/1/,corporate_prospectus,official_district_page,12,10,0.3147
https://snackemp.com/wp-content/uploads/2019/09/EW01843_IPO.pdf,https://eresources.nlb.gov.sg/newspapers/digitised/issue/straitstimes19951123-1,corporate_prospectus,newspaper_archive,12,2,0.3019
https://www.twtainan.net/only-for-member/zh-tw/shop/consume/1118,https://www.twtainan.net/zh-tw/event/newsdetail/7851/,official_tourism_profile,official_event_page,11,11,0.5737
https://www.twtainan.net/only-for-member/zh-tw/shop/consume/1118,https://www.twtainan.net/zh-tw/shop/consume/1061/,official_tourism_profile,official_tourism_profile,11,11,0.4161
https://www.twtainan.net/only-for-member/zh-tw/shop/consume/1118,https://twtainan.net/zh-tw/shop/consume/8408/,official_tourism_profile,official_tourism_profile,11,11,0.5994
https://www.twtainan.net/only-for-member/zh-tw/shop/consume/1118,https://www.twtainan.net/file/705/,official_tourism_profile,official_itinerary_file,11,10,0.4070
https://www.twtainan.net/only-for-member/zh-tw/shop/consume/1118,https://khh.travel/file/35/,official_tourism_profile,official_food_file,11,10,0.4036
https://www.twtainan.net/only-for-member/zh-tw/shop/consume/1118,https://www.twtainan.net/only-for-member/zh-tw/shop/consume/8378,official_tourism_profile,official_tourism_profile,11,10,0.6697
https://www.twtainan.net/only-for-member/zh-tw/shop/consume/1118,https://www.twtainan.net/zh-tw/event/newsdetail/6623/,official_tourism_profile,official_event_page,11,10,0.6337
https://www.twtainan.net/only-for-member/zh-tw/shop/consume/1118,https://www.twtainan.net/zh-tw/event/newsdetail/6117/,official_tourism_profile,official_event_page,11,10,0.6398
https://www.twtainan.net/only-for-member/zh-tw/shop/consume/1118,https://www.twtainan.net/zh-tw/event/newsdetail/6201/,official_tourism_profile,official_event_page,11,10,0.5719
https://www.twtainan.net/only-for-member/zh-tw/shop/consume/1118,https://khh.travel/zh-tw/shop/gourmet/1138,official_tourism_profile,official_tourism_profile,11,10,0.4270
https://www.twtainan.net/only-for-member/zh-tw/shop/consume/1118,https://www.twtainan.net/zh-tw/attractions/detail/6051/,official_tourism_profile,official_attraction_profile,11,10,0.6322
https://www.twtainan.net/only-for-member/zh-tw/shop/consume/1118,https://www.twtainan.net/zh-tw/district/1/,official_tourism_profile,official_district_page,11,10,0.6351
https://www.twtainan.net/only-for-member/zh-tw/shop/consume/1118,https://www.twtainan.net/zh-tw/shop/consume/2059/,official_tourism_profile,official_tourism_profile,11,3,0.3490
https://www.twtainan.net/only-for-member/zh-tw/shop/consume/1118,https://eresources.nlb.gov.sg/newspapers/digitised/issue/newnation19780804-1,official_tourism_profile,newspaper_archive,11,2,0.3002
https://www.twtainan.net/zh-tw/event/newsdetail/7851/,https://www.twtainan.net/zh-tw/shop/consume/1589/,official_event_page,official_tourism_profile,11,11,0.5290
https://www.twtainan.net/zh-tw/event/newsdetail/7851/,https://www.twtainan.net/zh-tw/shop/consume/1061/,official_event_page,official_tourism_profile,11,11,0.5282
https://www.twtainan.net/zh-tw/event/newsdetail/7851/,https://www.twtainan.net/zh-tw/shop/consume/1670/,official_event_page,official_tourism_profile,11,11,0.5312
https://www.twtainan.net/zh-tw/event/newsdetail/7851/,https://twtainan.net/zh-tw/shop/consume/8408/,official_event_page,official_tourism_profile,11,11,0.5282
https://www.twtainan.net/zh-tw/event/newsdetail/7851/,https://www.twtainan.net/file/705/,official_event_page,official_itinerary_file,11,10,0.4654
https://www.twtainan.net/zh-tw/event/newsdetail/7851/,https://khh.travel/file/35/,official_event_page,official_food_file,11,10,0.3442
https://www.twtainan.net/zh-tw/event/newsdetail/7851/,https://www.twtainan.net/only-for-member/zh-tw/shop/consume/8378,official_event_page,official_tourism_profile,11,10,0.5265
https://www.twtainan.net/zh-tw/event/newsdetail/7851/,https://www.twtainan.net/zh-tw/event/newsdetail/6623/,official_event_page,official_event_page,11,10,0.5316
https://www.twtainan.net/zh-tw/event/newsdetail/7851/,https://www.twtainan.net/zh-tw/event/newsdetail/6117/,official_event_page,official_event_page,11,10,0.5282
https://www.twtainan.net/zh-tw/event/newsdetail/7851/,https://www.twtainan.net/zh-tw/event/newsdetail/6201/,official_event_page,official_event_page,11,10,0.5312
https://www.twtainan.net/zh-tw/event/newsdetail/7851/,https://khh.travel/zh-tw/shop/gourmet/1138,official_event_page,official_tourism_profile,11,10,0.3888
https://www.twtainan.net/zh-tw/event/newsdetail/7851/,https://www.twtainan.net/zh-tw/attractions/detail/6051/,official_event_page,official_attraction_profile,11,10,0.5434
https://www.twtainan.net/zh-tw/event/newsdetail/7851/,https://www.twtainan.net/zh-tw/district/1/,official_event_page,official_district_page,11,10,0.5481
https://www.twtainan.net/zh-tw/event/newsdetail/7851/,https://eresources.nlb.gov.sg/newspapers/digitised/issue/newnation19780804-1,official_event_page,newspaper_archive,11,2,0.3288
https://www.twtainan.net/zh-tw/shop/consume/1589/,https://www.twtainan.net/zh-tw/shop/consume/1061/,official_tourism_profile,official_tourism_profile,11,11,0.9229
https://www.twtainan.net/zh-tw/shop/consume/1589/,https://www.twtainan.net/zh-tw/shop/consume/1670/,official_tourism_profile,official_tourism_profile,11,11,0.9168
https://www.twtainan.net/zh-tw/shop/consume/1589/,https://twtainan.net/zh-tw/shop/consume/8408/,official_tourism_profile,official_tourism_profile,11,11,0.9173
https://www.twtainan.net/zh-tw/shop/consume/1589/,https://www.twtainan.net/file/705/,official_tourism_profile,official_itinerary_file,11,10,0.6235
https://www.twtainan.net/zh-tw/shop/consume/1589/,https://khh.travel/file/35/,official_tourism_profile,official_food_file,11,10,0.5357
https://www.twtainan.net/zh-tw/shop/consume/1589/,https://www.twtainan.net/only-for-member/zh-tw/shop/consume/8378,official_tourism_profile,official_tourism_profile,11,10,0.8631
https://www.twtainan.net/zh-tw/shop/consume/1589/,https://www.twtainan.net/zh-tw/event/newsdetail/6623/,official_tourism_profile,official_event_page,11,10,0.8017
https://www.twtainan.net/zh-tw/shop/consume/1589/,https://www.twtainan.net/zh-tw/event/newsdetail/6117/,official_tourism_profile,official_event_page,11,10,0.8079
https://www.twtainan.net/zh-tw/shop/consume/1589/,https://www.twtainan.net/zh-tw/event/newsdetail/6201/,official_tourism_profile,official_event_page,11,10,0.8152
https://www.twtainan.net/zh-tw/shop/consume/1589/,https://khh.travel/zh-tw/shop/gourmet/1138,official_tourism_profile,official_tourism_profile,11,10,0.5500
https://www.twtainan.net/zh-tw/shop/consume/1589/,https://www.twtainan.net/zh-tw/attractions/detail/6051/,official_tourism_profile,official_attraction_profile,11,10,0.8192
https://www.twtainan.net/zh-tw/shop/consume/1589/,https://www.twtainan.net/zh-tw/district/1/,official_tourism_profile,official_district_page,11,10,0.8234
https://www.twtainan.net/zh-tw/shop/consume/1061/,https://www.twtainan.net/zh-tw/shop/consume/1670/,official_tourism_profile,official_tourism_profile,11,11,0.9099
https://www.twtainan.net/zh-tw/shop/consume/1061/,https://twtainan.net/zh-tw/shop/consume/8408/,official_tourism_profile,official_tourism_profile,11,11,0.9160
https://www.twtainan.net/zh-tw/shop/consume/1061/,https://www.twtainan.net/file/705/,official_tourism_profile,official_itinerary_file,11,10,0.7203
https://www.twtainan.net/zh-tw/shop/consume/1061/,https://khh.travel/file/35/,official_tourism_profile,official_food_file,11,10,0.5323
https://www.twtainan.net/zh-tw/shop/consume/1061/,https://www.twtainan.net/only-for-member/zh-tw/shop/consume/8378,official_tourism_profile,official_tourism_profile,11,10,0.8619
https://www.twtainan.net/zh-tw/shop/consume/1061/,https://www.twtainan.net/zh-tw/event/newsdetail/6623/,official_tourism_profile,official_event_page,11,10,0.8006
https://www.twtainan.net/zh-tw/shop/consume/1061/,https://www.twtainan.net/zh-tw/event/newsdetail/6117/,official_tourism_profile,official_event_page,11,10,0.8039
https://www.twtainan.net/zh-tw/shop/consume/1061/,https://www.twtainan.net/zh-tw/event/newsdetail/6201/,official_tourism_profile,official_event_page,11,10,0.8085
https://www.twtainan.net/zh-tw/shop/consume/1061/,https://khh.travel/zh-tw/shop/gourmet/1138,official_tourism_profile,official_tourism_profile,11,10,0.5492
https://www.twtainan.net/zh-tw/shop/consume/1061/,https://www.twtainan.net/zh-tw/attractions/detail/6051/,official_tourism_profile,official_attraction_profile,11,10,0.8152
https://www.twtainan.net/zh-tw/shop/consume/1061/,https://www.twtainan.net/zh-tw/district/1/,official_tourism_profile,official_district_page,11,10,0.8222
https://www.twtainan.net/zh-tw/shop/consume/1670/,https://twtainan.net/zh-tw/shop/consume/8408/,official_tourism_profile,official_tourism_profile,11,11,0.7493
https://www.twtainan.net/zh-tw/shop/consume/1670/,https://www.twtainan.net/file/705/,official_tourism_profile,official_itinerary_file,11,10,0.7241
https://www.twtainan.net/zh-tw/shop/consume/1670/,https://khh.travel/file/35/,official_tourism_profile,official_food_file,11,10,0.4405
https://www.twtainan.net/zh-tw/shop/consume/1670/,https://www.twtainan.net/only-for-member/zh-tw/shop/consume/8378,official_tourism_profile,official_tourism_profile,11,10,0.8667
https://www.twtainan.net/zh-tw/shop/consume/1670/,https://www.twtainan.net/zh-tw/event/newsdetail/6623/,official_tourism_profile,official_event_page,11,10,0.8050
https://www.twtainan.net/zh-tw/shop/consume/1670/,https://www.twtainan.net/zh-tw/event/newsdetail/6117/,official_tourism_profile,official_event_page,11,10,0.8113
https://www.twtainan.net/zh-tw/shop/consume/1670/,https://www.twtainan.net/zh-tw/event/newsdetail/6201/,official_tourism_profile,official_event_page,11,10,0.8130
https://www.twtainan.net/zh-tw/shop/consume/1670/,https://khh.travel/zh-tw/shop/gourmet/1138,official_tourism_profile,official_tourism_profile,11,10,0.5551
https://www.twtainan.net/zh-tw/shop/consume/1670/,https://www.twtainan.net/zh-tw/attractions/detail/6051/,official_tourism_profile,official_attraction_profile,11,10,0.8199
https://www.twtainan.net/zh-tw/shop/consume/1670/,https://www.twtainan.net/zh-tw/district/1/,official_tourism_profile,official_district_page,11,10,0.8269
https://twtainan.net/zh-tw/shop/consume/8408/,https://www.twtainan.net/file/705/,official_tourism_profile,official_itinerary_file,11,10,0.7230
https://twtainan.net/zh-tw/shop/consume/8408/,https://khh.travel/file/35/,official_tourism_profile,official_food_file,11,10,0.5323
https://twtainan.net/zh-tw/shop/consume/8408/,https://www.twtainan.net/only-for-member/zh-tw/shop/consume/8378,official_tourism_profile,official_tourism_profile,11,10,0.8619
https://twtainan.net/zh-tw/shop/consume/8408/,https://www.twtainan.net/zh-tw/event/newsdetail/6623/,official_tourism_profile,official_event_page,11,10,0.8006
https://twtainan.net/zh-tw/shop/consume/8408/,https://www.twtainan.net/zh-tw/event/newsdetail/6117/,official_tourism_profile,official_event_page,11,10,0.8039
https://twtainan.net/zh-tw/shop/consume/8408/,https://www.twtainan.net/zh-tw/event/newsdetail/6201/,official_tourism_profile,official_event_page,11,10,0.8085
https://twtainan.net/zh-tw/shop/consume/8408/,https://khh.travel/zh-tw/shop/gourmet/1138,official_tourism_profile,official_tourism_profile,11,10,0.5492
https://twtainan.net/zh-tw/shop/consume/8408/,https://www.twtainan.net/zh-tw/attractions/detail/6051/,official_tourism_profile,official_attraction_profile,11,10,0.8152
https://twtainan.net/zh-tw/shop/consume/8408/,https://www.twtainan.net/zh-tw/district/1/,official_tourism_profile,official_district_page,11,10,0.8222
https://www.twtainan.net/file/705/,https://khh.travel/file/35/,official_itinerary_file,official_food_file,10,10,0.4848
https://www.twtainan.net/file/705/,https://www.twtainan.net/only-for-member/zh-tw/shop/consume/8378,official_itinerary_file,official_tourism_profile,10,10,0.7083
https://www.twtainan.net/file/705/,https://www.twtainan.net/zh-tw/event/newsdetail/6623/,official_itinerary_file,official_event_page,10,10,0.6307
https://www.twtainan.net/file/705/,https://www.twtainan.net/zh-tw/event/newsdetail/6117/,official_itinerary_file,official_event_page,10,10,0.6332
https://www.twtainan.net/file/705/,https://www.twtainan.net/zh-tw/event/newsdetail/6201/,official_itinerary_file,official_event_page,10,10,0.6340
https://www.twtainan.net/file/705/,https://khh.travel/zh-tw/shop/gourmet/1138,official_itinerary_file,official_tourism_profile,10,10,0.4993
https://www.twtainan.net/file/705/,https://www.twtainan.net/zh-tw/attractions/detail/6051/,official_itinerary_file,official_attraction_profile,10,10,0.5578
https://www.twtainan.net/file/705/,https://www.twtainan.net/zh-tw/district/1/,official_itinerary_file,official_district_page,10,10,0.6399
https://khh.travel/file/35/,https://www.twtainan.net/only-for-member/zh-tw/shop/consume/8378,official_food_file,official_tourism_profile,10,10,0.5172
https://khh.travel/file/35/,https://www.twtainan.net/zh-tw/event/newsdetail/6623/,official_food_file,official_event_page,10,10,0.5301
https://khh.travel/file/35/,https://www.twtainan.net/zh-tw/event/newsdetail/6117/,official_food_file,official_event_page,10,10,0.5215
https://khh.travel/file/35/,https://www.twtainan.net/zh-tw/event/newsdetail/6201/,official_food_file,official_event_page,10,10,0.4486
https://khh.travel/file/35/,https://khh.travel/zh-tw/shop/gourmet/1138,official_food_file,official_tourism_profile,10,10,0.7084
https://khh.travel/file/35/,https://www.twtainan.net/zh-tw/attractions/detail/6051/,official_food_file,official_attraction_profile,10,10,0.3627
https://khh.travel/file/35/,https://www.twtainan.net/zh-tw/district/1/,official_food_file,official_district_page,10,10,0.5293
https://www.twtainan.net/only-for-member/zh-tw/shop/consume/8378,https://www.twtainan.net/zh-tw/event/newsdetail/6117/,official_tourism_profile,official_event_page,10,10,0.5884
https://www.twtainan.net/only-for-member/zh-tw/shop/consume/8378,https://www.twtainan.net/zh-tw/event/newsdetail/6201/,official_tourism_profile,official_event_page,10,10,0.5833
https://www.twtainan.net/only-for-member/zh-tw/shop/consume/8378,https://khh.travel/zh-tw/shop/gourmet/1138,official_tourism_profile,official_tourism_profile,10,10,0.5773
https://www.twtainan.net/only-for-member/zh-tw/shop/consume/8378,https://www.twtainan.net/zh-tw/district/1/,official_tourism_profile,official_district_page,10,10,0.5778
https://www.twtainan.net/zh-tw/event/newsdetail/6623/,https://www.twtainan.net/zh-tw/event/newsdetail/6117/,official_event_page,official_event_page,10,10,0.5969
https://www.twtainan.net/zh-tw/event/newsdetail/6623/,https://www.twtainan.net/zh-tw/event/newsdetail/6201/,official_event_page,official_event_page,10,10,0.6031
https://www.twtainan.net/zh-tw/event/newsdetail/6623/,https://khh.travel/zh-tw/shop/gourmet/1138,official_event_page,official_tourism_profile,10,10,0.5801
https://www.twtainan.net/zh-tw/event/newsdetail/6623/,https://www.twtainan.net/zh-tw/attractions/detail/6051/,official_event_page,official_attraction_profile,10,10,0.8933
https://www.twtainan.net/zh-tw/event/newsdetail/6117/,https://www.twtainan.net/zh-tw/event/newsdetail/6201/,official_event_page,official_event_page,10,10,0.8986
https://www.twtainan.net/zh-tw/event/newsdetail/6117/,https://khh.travel/zh-tw/shop/gourmet/1138,official_event_page,official_tourism_profile,10,10,0.5798
https://www.twtainan.net/zh-tw/event/newsdetail/6117/,https://www.twtainan.net/zh-tw/attractions/detail/6051/,official_event_page,official_attraction_profile,10,10,0.8632
https://www.twtainan.net/zh-tw/event/newsdetail/6201/,https://khh.travel/zh-tw/shop/gourmet/1138,official_event_page,official_tourism_profile,10,10,0.5830
https://www.twtainan.net/zh-tw/event/newsdetail/6201/,https://www.twtainan.net/zh-tw/attractions/detail/6051/,official_event_page,official_attraction_profile,10,10,0.8851
https://www.twtainan.net/zh-tw/event/newsdetail/6201/,https://www.twtainan.net/zh-tw/district/1/,official_event_page,official_district_page,10,10,0.3033
https://khh.travel/zh-tw/shop/gourmet/1138,https://www.twtainan.net/zh-tw/attractions/detail/6051/,official_tourism_profile,official_attraction_profile,10,10,0.6006
https://khh.travel/zh-tw/shop/gourmet/1138,https://www.twtainan.net/zh-tw/district/1/,official_tourism_profile,official_district_page,10,10,0.6056
https://www.twtainan.net/zh-tw/attractions/detail/6051/,https://www.twtainan.net/zh-tw/district/1/,official_attraction_profile,official_district_page,10,10,0.7450
https://pdf.dfcfw.com/pdf/H3_AP202104091482896954_1.pdf?1617963200000.pdf=,https://m.tech.china.com/hea/hea/20250219/202502191638717.html,industry_report,media_report,9,2,0.3714
https://pdf.dfcfw.com/pdf/H3_AP202104091482896954_1.pdf?1617963200000.pdf=,https://www.chinatimes.com/amp/newspapers/20100430000926-260301,industry_report,newspaper_report,9,2,0.3587
https://pdf.dfcfw.com/pdf/H3_AP202104091482896954_1.pdf?1617963200000.pdf=,https://ameblo.jp/musuiteisyujinn/entry-12849342808.html,industry_report,food_media_retrospective,9,1,0.3463
https://pdf.dfcfw.com/pdf/H3_AP202104091482896954_1.pdf?1617963200000.pdf=,https://ciaoz.tw/yungtung-milkfish/,industry_report,food_blog_retrospective,9,1,0.3030
https://pdf.dfcfw.com/pdf/H3_AP202104091482896954_1.pdf?1617963200000.pdf=,https://cn.govopendata.com/renminribao/1987/8/11/2/,industry_report,newspaper_archive,9,1,0.3232
https://pdf.dfcfw.com/pdf/H3_AP202104091482896954_1.pdf?1617963200000.pdf=,https://friendlystore.taipei/index.php/property/7552/tw,industry_report,municipal_accessibility_listing,9,1,0.3498
https://pdf.dfcfw.com/pdf/H3_AP202104091482896954_1.pdf?1617963200000.pdf=,https://ifoodie.tw/en/post/60b7b416a6272846a04cdde3,industry_report,food_media_retrospective,9,1,0.3067
https://pdf.dfcfw.com/pdf/H3_AP202104091482896954_1.pdf?1617963200000.pdf=,https://m.918canyin.com/gxstwrrf/,industry_report,franchise_portal,9,1,0.3466
https://pdf.dfcfw.com/pdf/H3_AP202104091482896954_1.pdf?1617963200000.pdf=,https://m.zhms.cn/jmzs/39475/,industry_report,franchise_portal,9,1,0.3211
https://pdf.dfcfw.com/pdf/H3_AP202104091482896954_1.pdf?1617963200000.pdf=,https://pbear.tw/%E6%B0%B8%E9%80%9A%E8%99%B1%E7%9B%AE%E9%AD%9A%E7%B2%A5/,industry_report,food_blog_retrospective,9,1,0.3452
https://www.cna.com.tw/news/acn/202501140120.aspx,https://eresources.nlb.gov.sg/newspapers/digitised/issue/newnation19780804-1,news_report,newspaper_archive,9,2,0.3037
https://www.cna.com.tw/news/acn/202501140120.aspx,https://www.chinatimes.com/amp/newspapers/20100430000926-260301,news_report,newspaper_report,9,2,0.3492
https://www.cna.com.tw/news/acn/202501140120.aspx,https://forbesjapan.com/articles/detail/46596/page2,news_report,food_media_secondary,9,1,0.3156
https://www.cna.com.tw/news/acn/202501140120.aspx,https://m.zhms.cn/jmzs/39475/,news_report,franchise_portal,9,1,0.3114
https://www.easteat.com/case_detail.php?id=4097,https://www.jiemian.com/article/13682740.html,business_case,food_industry_media,9,2,0.3162
https://www.easteat.com/case_detail.php?id=4097,https://h5.awsprod.99ranch.com/about-us,business_case,official_company_profile,9,1,0.3044
https://www.easteat.com/case_detail.php?id=4097,https://m.ccas.com.cn/site/content/95431.html,business_case,industry_association_report,9,1,0.3103
https://cn.chinadaily.com.cn/a/202008/21/WS5f3f451ba310a859d09df17e.html,https://eresources.nlb.gov.sg/newspapers/digitised/issue/straitstimes19760410-1,retail_media,newspaper_archive,6,2,0.3145
https://cn.chinadaily.com.cn/a/202008/21/WS5f3f451ba310a859d09df17e.html,https://eresources.nlb.gov.sg/newspapers/digitised/issue/straitstimes19951123-1,retail_media,newspaper_archive,6,2,0.3055
https://cn.chinadaily.com.cn/a/202008/21/WS5f3f451ba310a859d09df17e.html,https://eresources.nlb.gov.sg/newspapers/digitised/issue/straitstimes20101031-1,retail_media,newspaper_archive,6,2,0.3073
https://cn.chinadaily.com.cn/a/202008/21/WS5f3f451ba310a859d09df17e.html,https://m.zhms.cn/jmzs/39475/,retail_media,franchise_portal,6,1,0.3081
https://yabamisen.jp/history/,https://m.tech.china.com/hea/hea/20250219/202502191638717.html,brand_history,media_report,5,2,0.3404
https://yabamisen.jp/history/,https://www.chinatimes.com/amp/newspapers/20100430000926-260301,brand_history,newspaper_report,5,2,0.3134
https://yabamisen.jp/history/,https://eresources.nlb.gov.sg/newspapers/digitised/issue/streats20030819-1,brand_history,newspaper_archive,5,2,0.3527
https://yabamisen.jp/history/,https://en.wikipedia.org/wiki/Taiwanese_cuisine,brand_history,encyclopedic_secondary,5,1,0.3081
https://yabamisen.jp/history/,https://h5.awsprod.99ranch.com/about-us,brand_history,official_company_profile,5,1,0.3128
https://yabamisen.jp/history/,https://i17fun.tw/fengshan-salty-rice-moss/,brand_history,food_media_retrospective,5,1,0.3587
https://yabamisen.jp/history/,https://linyu.tw/thirdgeneration/,brand_history,food_blog_retrospective,5,1,0.3524
https://yabamisen.jp/history/,https://m.zhms.cn/jmzs/39475/,brand_history,franchise_portal,5,1,0.3118
https://yabamisen.jp/history/,https://newsdig.tbs.co.jp/articles/cbc/409918?display=1,brand_history,media_obituary,5,1,0.3110
https://yabamisen.jp/history/,https://paper.udn.com/udnpaper/POD0004/306283/web/,brand_history,municipal_media,5,1,0.3061
https://eresources.nlb.gov.sg/newspapers/digitised/issue/straitstimes19820923-1,https://eresources.nlb.gov.sg/newspapers/digitised/issue/newnation19780804-1,newspaper_archive,newspaper_archive,4,2,0.3641
https://eresources.nlb.gov.sg/newspapers/digitised/issue/straitstimes19820923-1,https://eresources.nlb.gov.sg/newspapers/digitised/issue/straitstimes19751011-1,newspaper_archive,newspaper_archive,4,2,0.3501
https://eresources.nlb.gov.sg/newspapers/digitised/issue/straitstimes19820923-1,https://eresources.nlb.gov.sg/newspapers/digitised/issue/straitstimes19760410-1,newspaper_archive,newspaper_archive,4,2,0.3716
https://eresources.nlb.gov.sg/newspapers/digitised/issue/straitstimes19820923-1,https://eresources.nlb.gov.sg/newspapers/digitised/issue/straitstimes19800815-1,newspaper_archive,newspaper_archive,4,2,0.3670
https://eresources.nlb.gov.sg/newspapers/digitised/issue/straitstimes19820923-1,https://eresources.nlb.gov.sg/newspapers/digitised/issue/straitstimes19951123-1,newspaper_archive,newspaper_archive,4,2,0.3571
https://eresources.nlb.gov.sg/newspapers/digitised/issue/straitstimes19820923-1,https://eresources.nlb.gov.sg/newspapers/digitised/issue/streats20030819-1,newspaper_archive,newspaper_archive,4,2,0.3207
https://eresources.nlb.gov.sg/newspapers/digitised/issue/straitstimes19820923-1,https://eresources.nlb.gov.sg/newspapers/digitised/issue/straitstimes20101031-1,newspaper_archive,newspaper_archive,4,2,0.3508
https://eresources.nlb.gov.sg/newspapers/digitised/issue/straitstimes19820923-1,https://eresources.nlb.gov.sg/newspapers/digitised/issue/straitstimes20160619-1,newspaper_archive,newspaper_archive,4,2,0.3128
https://eresources.nlb.gov.sg/newspapers/digitised/issue/straitstimes19820923-1,https://eresources.nlb.gov.sg/newspapers/digitised/issue/biztimes19870320-1,newspaper_archive,newspaper_archive,4,1,0.3008
https://eresources.nlb.gov.sg/newspapers/digitised/issue/straitstimes19820923-1,https://eresources.nlb.gov.sg/newspapers/digitised/issue/biztimes19870612-1,newspaper_archive,newspaper_archive,4,1,0.3000
https://eresources.nlb.gov.sg/newspapers/digitised/issue/straitstimes19820923-1,https://eresources.nlb.gov.sg/newspapers/digitised/issue/straitstimes19750419-1,newspaper_archive,newspaper_archive,4,1,0.3481
https://eresources.nlb.gov.sg/newspapers/digitised/issue/straitstimes19851001-1,https://eresources.nlb.gov.sg/newspapers/digitised/issue/straitstimes19760410-1,newspaper_archive,newspaper_archive,4,2,0.3960
https://eresources.nlb.gov.sg/newspapers/digitised/issue/straitstimes19851001-1,https://eresources.nlb.gov.sg/newspapers/digitised/issue/straitstimes19800815-1,newspaper_archive,newspaper_archive,4,2,0.4000
https://eresources.nlb.gov.sg/newspapers/digitised/issue/straitstimes19851001-1,https://eresources.nlb.gov.sg/newspapers/digitised/issue/newpaper19951024-1,newspaper_archive,newspaper_archive,4,2,0.3701
https://eresources.nlb.gov.sg/newspapers/digitised/issue/straitstimes19851001-1,https://eresources.nlb.gov.sg/newspapers/digitised/issue/streats20030819-1,newspaper_archive,newspaper_archive,4,2,0.3353
https://eresources.nlb.gov.sg/newspapers/digitised/issue/straitstimes19851001-1,https://eresources.nlb.gov.sg/newspapers/digitised/issue/straitstimes20160619-1,newspaper_archive,newspaper_archive,4,2,0.3359
https://cn.govopendata.com/renminribao/1987/10/20/4/,https://cn.govopendata.com/renminribao/1987/11/5/3/,newspaper_archive,newspaper_archive,3,1,0.3101
https://creativetainan.culture.tainan.gov.tw/index.php?id=1398&index=2&lang=cht&option=event&task=dfile,https://i17fun.tw/fengshan-salty-rice-moss/,cultural_file,food_media_retrospective,3,1,0.3028
https://creativetainan.culture.tainan.gov.tw/index.php?id=1398&index=2&lang=cht&option=event&task=dfile,https://ikachalife.com/34729,cultural_file,food_blog_retrospective,3,1,0.3184
https://creativetainan.culture.tainan.gov.tw/index.php?id=1398&index=2&lang=cht&option=event&task=dfile,https://khh.travel/zh-tw/shop/gourmet/788/,cultural_file,municipal_tourism,3,1,0.3389
https://creativetainan.culture.tainan.gov.tw/index.php?id=1398&index=2&lang=cht&option=event&task=dfile,https://linyu.tw/thirdgeneration/,cultural_file,food_blog_retrospective,3,1,0.3012
https://creativetainan.culture.tainan.gov.tw/index.php?id=1398&index=2&lang=cht&option=event&task=dfile,https://rainieis.tw/2017-08-29-307/,cultural_file,food_blog_retrospective,3,1,0.3312
https://deep-china.tokyo/restaurant-info/6706/,https://h5.awsprod.99ranch.com/about-us,food_history_feature,official_company_profile,3,1,0.3009
https://eresources.nlb.gov.sg/newspapers/digitised/issue/newnation19770529-1,https://eresources.nlb.gov.sg/newspapers/digitised/issue/straitstimes19751011-1,newspaper_archive,newspaper_archive,3,2,0.3059
https://eresources.nlb.gov.sg/newspapers/digitised/issue/newnation19770529-1,https://eresources.nlb.gov.sg/newspapers/digitised/issue/straitstimes19760410-1,newspaper_archive,newspaper_archive,3,2,0.4158
https://eresources.nlb.gov.sg/newspapers/digitised/issue/newnation19770529-1,https://eresources.nlb.gov.sg/newspapers/digitised/issue/straitstimes19800815-1,newspaper_archive,newspaper_archive,3,2,0.4464
https://eresources.nlb.gov.sg/newspapers/digitised/issue/newnation19770529-1,https://eresources.nlb.gov.sg/newspapers/digitised/issue/streats20030819-1,newspaper_archive,newspaper_archive,3,2,0.3362
https://eresources.nlb.gov.sg/newspapers/digitised/issue/newnation19770529-1,https://eresources.nlb.gov.sg/newspapers/digitised/issue/straitstimes20101031-1,newspaper_archive,newspaper_archive,3,2,0.3087
https://eresources.nlb.gov.sg/newspapers/digitised/issue/newnation19770529-1,https://eresources.nlb.gov.sg/newspapers/digitised/issue/biztimes19870320-1,newspaper_archive,newspaper_archive,3,1,0.3000
https://eresources.nlb.gov.sg/newspapers/digitised/issue/singmonitor19850415-2,https://eresources.nlb.gov.sg/newspapers/digitised/issue/newnation19780804-1,newspaper_archive,newspaper_archive,3,2,0.3077
https://eresources.nlb.gov.sg/newspapers/digitised/issue/singmonitor19850415-2,https://eresources.nlb.gov.sg/newspapers/digitised/issue/straitstimes19751011-1,newspaper_archive,newspaper_archive,3,2,0.3730
https://eresources.nlb.gov.sg/newspapers/digitised/issue/singmonitor19850415-2,https://eresources.nlb.gov.sg/newspapers/digitised/issue/straitstimes19951123-1,newspaper_archive,newspaper_archive,3,2,0.4046
https://eresources.nlb.gov.sg/newspapers/digitised/issue/singmonitor19850415-2,https://eresources.nlb.gov.sg/newspapers/digitised/issue/biztimes19851018-1,newspaper_archive,newspaper_archive,3,1,0.3212
https://eresources.nlb.gov.sg/newspapers/digitised/issue/singmonitor19850612-1,https://eresources.nlb.gov.sg/newspapers/digitised/issue/straitstimes19751011-1,newspaper_archive,newspaper_archive,3,2,0.3402
https://eresources.nlb.gov.sg/newspapers/digitised/issue/singmonitor19850612-1,https://eresources.nlb.gov.sg/newspapers/digitised/issue/straitstimes19951123-1,newspaper_archive,newspaper_archive,3,2,0.3237
https://eresources.nlb.gov.sg/newspapers/digitised/issue/singmonitor19850612-1,https://eresources.nlb.gov.sg/newspapers/digitised/issue/streats20030819-1,newspaper_archive,newspaper_archive,3,2,0.3231
https://eresources.nlb.gov.sg/newspapers/digitised/issue/singmonitor19850612-1,https://eresources.nlb.gov.sg/newspapers/digitised/issue/straitstimes19860123-1,newspaper_archive,newspaper_archive,3,1,0.3059
https://eresources.nlb.gov.sg/newspapers/digitised/issue/straitstimes19800720-1,https://eresources.nlb.gov.sg/newspapers/digitised/issue/straitstimes19800726-1,newspaper_archive,newspaper_archive,3,3,0.6504
https://eresources.nlb.gov.sg/newspapers/digitised/issue/straitstimes19800720-1,https://eresources.nlb.gov.sg/newspapers/digitised/issue/straitstimes19830730-1,newspaper_archive,newspaper_archive,3,3,0.4066
https://eresources.nlb.gov.sg/newspapers/digitised/issue/straitstimes19800720-1,https://eresources.nlb.gov.sg/newspapers/digitised/issue/straitstimes19751011-1,newspaper_archive,newspaper_archive,3,2,0.3991
https://eresources.nlb.gov.sg/newspapers/digitised/issue/straitstimes19800720-1,https://eresources.nlb.gov.sg/newspapers/digitised/issue/straitstimes19760410-1,newspaper_archive,newspaper_archive,3,2,0.4348
https://eresources.nlb.gov.sg/newspapers/digitised/issue/straitstimes19800720-1,https://eresources.nlb.gov.sg/newspapers/digitised/issue/straitstimes19800815-1,newspaper_archive,newspaper_archive,3,2,0.6174
https://eresources.nlb.gov.sg/newspapers/digitised/issue/straitstimes19800720-1,https://eresources.nlb.gov.sg/newspapers/digitised/issue/straitstimes19951123-1,newspaper_archive,newspaper_archive,3,2,0.4958
https://eresources.nlb.gov.sg/newspapers/digitised/issue/straitstimes19800720-1,https://eresources.nlb.gov.sg/newspapers/digitised/issue/newpaper19951024-1,newspaper_archive,newspaper_archive,3,2,0.3419
https://eresources.nlb.gov.sg/newspapers/digitised/issue/straitstimes19800720-1,https://eresources.nlb.gov.sg/newspapers/digitised/issue/streats20030819-1,newspaper_archive,newspaper_archive,3,2,0.3044
https://eresources.nlb.gov.sg/newspapers/digitised/issue/straitstimes19800720-1,https://eresources.nlb.gov.sg/newspapers/digitised/issue/biztimes19851018-1,newspaper_archive,newspaper_archive,3,1,0.3476
https://eresources.nlb.gov.sg/newspapers/digitised/issue/straitstimes19800720-1,https://eresources.nlb.gov.sg/newspapers/digitised/issue/biztimes19870320-1,newspaper_archive,newspaper_archive,3,1,0.3708
https://eresources.nlb.gov.sg/newspapers/digitised/issue/straitstimes19800720-1,https://eresources.nlb.gov.sg/newspapers/digitised/issue/biztimes19870612-1,newspaper_archive,newspaper_archive,3,1,0.3022
https://eresources.nlb.gov.sg/newspapers/digitised/issue/straitstimes19800720-1,https://eresources.nlb.gov.sg/newspapers/digitised/issue/straitstimes19750419-1,newspaper_archive,newspaper_archive,3,1,0.3306
https://eresources.nlb.gov.sg/newspapers/digitised/issue/straitstimes19800720-1,https://eresources.nlb.gov.sg/newspapers/digitised/issue/straitstimes19870905-1,newspaper_archive,newspaper_archive,3,1,0.3468
https://eresources.nlb.gov.sg/newspapers/digitised/issue/straitstimes19800720-1,https://i17fun.tw/fengshan-salty-rice-moss/,newspaper_archive,food_media_retrospective,3,1,0.3241
https://eresources.nlb.gov.sg/newspapers/digitised/issue/straitstimes19800720-1,https://news.pchome.com.tw/public/pronews/20260527/index-77989075490386353016.html,newspaper_archive,local_news_food_business,3,1,0.3568
https://eresources.nlb.gov.sg/newspapers/digitised/issue/straitstimes19800726-1,https://eresources.nlb.gov.sg/newspapers/digitised/issue/straitstimes19751011-1,newspaper_archive,newspaper_archive,3,2,0.3921
https://eresources.nlb.gov.sg/newspapers/digitised/issue/straitstimes19800726-1,https://eresources.nlb.gov.sg/newspapers/digitised/issue/straitstimes19760410-1,newspaper_archive,newspaper_archive,3,2,0.3848
https://eresources.nlb.gov.sg/newspapers/digitised/issue/straitstimes19800726-1,https://eresources.nlb.gov.sg/newspapers/digitised/issue/straitstimes19800815-1,newspaper_archive,newspaper_archive,3,2,0.6385
https://eresources.nlb.gov.sg/newspapers/digitised/issue/straitstimes19800726-1,https://eresources.nlb.gov.sg/newspapers/digitised/issue/straitstimes19951123-1,newspaper_archive,newspaper_archive,3,2,0.3876
https://eresources.nlb.gov.sg/newspapers/digitised/issue/straitstimes19800726-1,https://eresources.nlb.gov.sg/newspapers/digitised/issue/newpaper19951024-1,newspaper_archive,newspaper_archive,3,2,0.3950
https://eresources.nlb.gov.sg/newspapers/digitised/issue/straitstimes19800726-1,https://eresources.nlb.gov.sg/newspapers/digitised/issue/straitstimes20101031-1,newspaper_archive,newspaper_archive,3,2,0.3613
https://eresources.nlb.gov.sg/newspapers/digitised/issue/straitstimes19800726-1,https://eresources.nlb.gov.sg/newspapers/digitised/issue/straitstimes20160619-1,newspaper_archive,newspaper_archive,3,2,0.3747
https://eresources.nlb.gov.sg/newspapers/digitised/issue/straitstimes19800726-1,https://eresources.nlb.gov.sg/newspapers/digitised/issue/biztimes19851018-1,newspaper_archive,newspaper_archive,3,1,0.3141
https://eresources.nlb.gov.sg/newspapers/digitised/issue/straitstimes19800726-1,https://eresources.nlb.gov.sg/newspapers/digitised/issue/newpaper19990421-1,newspaper_archive,newspaper_archive,3,1,0.3013
https://eresources.nlb.gov.sg/newspapers/digitised/issue/straitstimes19800726-1,https://eresources.nlb.gov.sg/newspapers/digitised/issue/straitstimes19861207-1,newspaper_archive,newspaper_archive,3,1,0.3282
https://eresources.nlb.gov.sg/newspapers/digitised/issue/straitstimes19800726-1,https://eresources.nlb.gov.sg/newspapers/digitised/issue/straitstimes19870814-1,newspaper_archive,newspaper_archive,3,1,0.3247
https://eresources.nlb.gov.sg/newspapers/digitised/issue/straitstimes19800726-1,https://eresources.nlb.gov.sg/newspapers/digitised/issue/straitstimes19870905-1,newspaper_archive,newspaper_archive,3,1,0.3041
https://eresources.nlb.gov.sg/newspapers/digitised/issue/straitstimes19800726-1,https://news.pchome.com.tw/public/pronews/20260527/index-77989075490386353016.html,newspaper_archive,local_news_food_business,3,1,0.3383
https://eresources.nlb.gov.sg/newspapers/digitised/issue/straitstimes19800726-1,https://paper.people.com.cn/rmrbhwb/page/2019-05/17/11/rmrbhwb2019051711.pdf,newspaper_archive,newspaper_archive,3,1,0.3081
https://eresources.nlb.gov.sg/newspapers/digitised/issue/straitstimes19820321-1,https://eresources.nlb.gov.sg/newspapers/digitised/issue/straitstimes19820419-1,newspaper_archive,newspaper_archive,3,3,0.3552
https://eresources.nlb.gov.sg/newspapers/digitised/issue/straitstimes19820321-1,https://eresources.nlb.gov.sg/newspapers/digitised/issue/straitstimes19751011-1,newspaper_archive,newspaper_archive,3,2,0.3284
https://eresources.nlb.gov.sg/newspapers/digitised/issue/straitstimes19820321-1,https://eresources.nlb.gov.sg/newspapers/digitised/issue/straitstimes19951123-1,newspaper_archive,newspaper_archive,3,2,0.4510
https://eresources.nlb.gov.sg/newspapers/digitised/issue/straitstimes19820321-1,https://eresources.nlb.gov.sg/newspapers/digitised/issue/streats20030819-1,newspaper_archive,newspaper_archive,3,2,0.3045
https://eresources.nlb.gov.sg/newspapers/digitised/issue/straitstimes19820321-1,https://journey.tw/chous/,newspaper_archive,travel_food_retrospective,3,1,0.3219
https://eresources.nlb.gov.sg/newspapers/digitised/issue/straitstimes19820321-1,https://m.zhms.cn/jmzs/39475/,newspaper_archive,franchise_portal,3,1,0.3132
https://eresources.nlb.gov.sg/newspapers/digitised/issue/straitstimes19820321-1,https://newsdig.tbs.co.jp/articles/cbc/409918?display=1,newspaper_archive,media_obituary,3,1,0.3123
https://eresources.nlb.gov.sg/newspapers/digitised/issue/straitstimes19820419-1,https://eresources.nlb.gov.sg/newspapers/digitised/issue/straitstimes19820428-1,newspaper_archive,newspaper_archive,3,3,0.3178
https://eresources.nlb.gov.sg/newspapers/digitised/issue/straitstimes19820419-1,https://eresources.nlb.gov.sg/newspapers/digitised/issue/newnation19780804-1,newspaper_archive,newspaper_archive,3,2,0.3285
https://eresources.nlb.gov.sg/newspapers/digitised/issue/straitstimes19820419-1,https://eresources.nlb.gov.sg/newspapers/digitised/issue/straitstimes19751011-1,newspaper_archive,newspaper_archive,3,2,0.3747
https://eresources.nlb.gov.sg/newspapers/digitised/issue/straitstimes19820419-1,https://eresources.nlb.gov.sg/newspapers/digitised/issue/straitstimes19820424-1,newspaper_archive,newspaper_archive,3,2,0.4477
https://eresources.nlb.gov.sg/newspapers/digitised/issue/straitstimes19820419-1,https://eresources.nlb.gov.sg/newspapers/digitised/issue/straitstimes19951123-1,newspaper_archive,newspaper_archive,3,2,0.4704
https://eresources.nlb.gov.sg/newspapers/digitised/issue/straitstimes19820419-1,https://eresources.nlb.gov.sg/newspapers/digitised/issue/newpaper19990421-1,newspaper_archive,newspaper_archive,3,1,0.3005
https://eresources.nlb.gov.sg/newspapers/digitised/issue/straitstimes19820428-1,https://eresources.nlb.gov.sg/newspapers/digitised/issue/straitstimes19751011-1,newspaper_archive,newspaper_archive,3,2,0.3803
https://eresources.nlb.gov.sg/newspapers/digitised/issue/straitstimes19820428-1,https://eresources.nlb.gov.sg/newspapers/digitised/issue/straitstimes19820424-1,newspaper_archive,newspaper_archive,3,2,0.4497
https://eresources.nlb.gov.sg/newspapers/digitised/issue/straitstimes19820428-1,https://eresources.nlb.gov.sg/newspapers/digitised/issue/straitstimes19951123-1,newspaper_archive,newspaper_archive,3,2,0.4529
https://eresources.nlb.gov.sg/newspapers/digitised/issue/straitstimes19830730-1,https://eresources.nlb.gov.sg/newspapers/digitised/issue/straitstimes19751011-1,newspaper_archive,newspaper_archive,3,2,0.3845
https://eresources.nlb.gov.sg/newspapers/digitised/issue/straitstimes19830730-1,https://eresources.nlb.gov.sg/newspapers/digitised/issue/straitstimes19760410-1,newspaper_archive,newspaper_archive,3,2,0.3583
https://eresources.nlb.gov.sg/newspapers/digitised/issue/straitstimes19830730-1,https://eresources.nlb.gov.sg/newspapers/digitised/issue/straitstimes19800815-1,newspaper_archive,newspaper_archive,3,2,0.3819
https://eresources.nlb.gov.sg/newspapers/digitised/issue/straitstimes19830730-1,https://eresources.nlb.gov.sg/newspapers/digitised/issue/straitstimes19951123-1,newspaper_archive,newspaper_archive,3,2,0.3769
https://eresources.nlb.gov.sg/newspapers/digitised/issue/straitstimes19830730-1,https://eresources.nlb.gov.sg/newspapers/digitised/issue/newpaper19951024-1,newspaper_archive,newspaper_archive,3,2,0.3450
https://eresources.nlb.gov.sg/newspapers/digitised/issue/straitstimes19830730-1,https://eresources.nlb.gov.sg/newspapers/digitised/issue/streats20030819-1,newspaper_archive,newspaper_archive,3,2,0.3186
https://eresources.nlb.gov.sg/newspapers/digitised/issue/straitstimes19830730-1,https://eresources.nlb.gov.sg/newspapers/digitised/issue/straitstimes20101031-1,newspaper_archive,newspaper_archive,3,2,0.3366
https://eresources.nlb.gov.sg/newspapers/digitised/issue/straitstimes19830730-1,https://eresources.nlb.gov.sg/newspapers/digitised/issue/straitstimes19861207-1,newspaper_archive,newspaper_archive,3,1,0.3496
https://eresources.nlb.gov.sg/newspapers/digitised/issue/straitstimes19830730-1,https://eresources.nlb.gov.sg/newspapers/digitised/issue/straitstimes19870814-1,newspaper_archive,newspaper_archive,3,1,0.3662
https://eresources.nlb.gov.sg/newspapers/digitised/issue/straitstimes19830730-1,https://forbesjapan.com/articles/detail/46596/page2,newspaper_archive,food_media_secondary,3,1,0.3221
https://eresources.nlb.gov.sg/newspapers/digitised/issue/straitstimes19860926-1,https://eresources.nlb.gov.sg/newspapers/digitised/issue/newnation19780804-1,newspaper_archive,newspaper_archive,3,2,0.3737
https://eresources.nlb.gov.sg/newspapers/digitised/issue/straitstimes19860926-1,https://eresources.nlb.gov.sg/newspapers/digitised/issue/straitstimes19760410-1,newspaper_archive,newspaper_archive,3,2,0.3058
https://eresources.nlb.gov.sg/newspapers/digitised/issue/straitstimes19860926-1,https://eresources.nlb.gov.sg/newspapers/digitised/issue/straitstimes19951123-1,newspaper_archive,newspaper_archive,3,2,0.3468
https://eresources.nlb.gov.sg/newspapers/digitised/issue/straitstimes19860926-1,https://eresources.nlb.gov.sg/newspapers/digitised/issue/straitstimes20101031-1,newspaper_archive,newspaper_archive,3,2,0.3244
https://eresources.nlb.gov.sg/newspapers/digitised/issue/straitstimes19860926-1,https://eresources.nlb.gov.sg/newspapers/digitised/issue/straitstimes19721024-1,newspaper_archive,newspaper_archive,3,1,0.3219
https://news.tvbs.com.tw/world/327709,https://www.jiemian.com/article/13682740.html,news_report,food_industry_media,3,2,0.3489
https://news.tvbs.com.tw/world/327709,https://eresources.nlb.gov.sg/newspapers/digitised/issue/streats20030819-1,news_report,newspaper_archive,3,2,0.3484
https://news.tvbs.com.tw/world/327709,https://eresources.nlb.gov.sg/newspapers/digitised/issue/straitstimes19740505-1,news_report,newspaper_archive,3,1,0.3038
https://news.tvbs.com.tw/world/327709,https://ihappyday.tw/blog/post/old-mother-noodle,news_report,food_media_retrospective,3,1,0.3369
https://news.tvbs.com.tw/world/327709,https://m.ccas.com.cn/site/content/95431.html,news_report,industry_association_report,3,1,0.3245
https://pitchhub.36kr.com/project/2317968512764420,https://ihappyday.tw/blog/post/old-mother-noodle,company_intelligence,food_media_retrospective,3,1,0.3065
https://tastecooking.com/new-york-citys-taiwanese-food-boom-its-about-damn-time/,https://en.wikipedia.org/wiki/Taiwanese_cuisine,food_culture_article,encyclopedic_secondary,3,1,0.3288
https://tastecooking.com/new-york-citys-taiwanese-food-boom-its-about-damn-time/,https://forbesjapan.com/articles/detail/46596/page2,food_culture_article,food_media_secondary,3,1,0.3194
https://www.85cafe.com/file/original/yearreport/2010annual%20report.pdf,https://eresources.nlb.gov.sg/newspapers/digitised/issue/straitstimes19951123-1,official_company_report,newspaper_archive,3,2,0.3146
https://www.85cafe.com/file/original/yearreport/2010annual%20report.pdf,https://m.tech.china.com/hea/hea/20250219/202502191638717.html,official_company_report,media_report,3,2,0.3373
https://www.85cafe.com/file/original/yearreport/2010annual%20report.pdf,https://eresources.nlb.gov.sg/newspapers/digitised/issue/straitstimes19870129-1,official_company_report,newspaper_archive,3,1,0.3020
https://www.85cafe.com/file/original/yearreport/2010annual%20report.pdf,https://foodintainan.com.tw/uprichdishes/,official_company_report,local_food_media,3,1,0.3385
https://www.85cafe.com/file/original/yearreport/2010annual%20report.pdf,https://forbesjapan.com/articles/detail/46596/page2,official_company_report,food_media_secondary,3,1,0.3178
https://www.85cafe.com/file/original/yearreport/2010annual%20report.pdf,https://linyu.tw/thirdgeneration/,official_company_report,food_blog_retrospective,3,1,0.3042
https://www.85cafe.com/file/original/yearreport/2010annual%20report.pdf,https://m.zhms.cn/jmzs/39475/,official_company_report,franchise_portal,3,1,0.3027
https://www.85cafe.com/file/original/yearreport/2010annual%20report.pdf,https://paper.people.com.cn/rmrbhwb/page/2019-05/17/11/rmrbhwb2019051711.pdf,official_company_report,newspaper_archive,3,1,0.3198
https://www.85cafe.com/file/original/yearreport/2010annual%20report.pdf,https://paper.udn.com/udnpaper/PIA0028/355829/web,official_company_report,media_report,3,1,0.3046
https://www.85cafe.com/file/original/yearreport/2010annual%20report.pdf,https://pbear.tw/%E6%B0%B8%E9%80%9A%E8%99%B1%E7%9B%AE%E9%AD%9A%E7%B2%A5/,official_company_report,food_blog_retrospective,3,1,0.3342
https://www.chinabiz.org.tw/company/show?cat_id=560&id=344&pid=47,https://m.tech.china.com/hea/hea/20250219/202502191638717.html,Taiwan_business_directory,media_report,3,2,0.3922
https://www.chinabiz.org.tw/company/show?cat_id=560&id=344&pid=47,https://m.ccas.com.cn/site/content/95431.html,Taiwan_business_directory,industry_association_report,3,1,0.3626
https://www.chinadaily.com.cn/dfpd/expo2010/2010-06/07/content_9943283.htm,https://m.tech.china.com/hea/hea/20250219/202502191638717.html,news_report,media_report,3,2,0.3628
https://www.chinadaily.com.cn/dfpd/expo2010/2010-06/07/content_9943283.htm,https://www.chinatimes.com/amp/newspapers/20100430000926-260301,news_report,newspaper_report,3,2,0.3521
https://www.chinadaily.com.cn/dfpd/expo2010/2010-06/07/content_9943283.htm,https://eresources.nlb.gov.sg/newspapers/digitised/issue/straitstimes19861207-1,news_report,newspaper_archive,3,1,0.3146
https://www.chinadaily.com.cn/dfpd/expo2010/2010-06/07/content_9943283.htm,https://eresources.nlb.gov.sg/newspapers/digitised/issue/straitstimes19870814-1,news_report,newspaper_archive,3,1,0.3109
https://www.chinadaily.com.cn/dfpd/expo2010/2010-06/07/content_9943283.htm,https://m.ccas.com.cn/site/content/95431.html,news_report,industry_association_report,3,1,0.3093
https://www.chinyeh-fandan.com.tw/pages/about,https://eresources.nlb.gov.sg/newspapers/digitised/issue/newnation19780804-1,official_brand_history,newspaper_archive,3,2,0.3128
https://www.chinyeh-fandan.com.tw/pages/about,https://eresources.nlb.gov.sg/newspapers/digitised/issue/streats20030819-1,official_brand_history,newspaper_archive,3,2,0.3086
https://www.chinyeh-fandan.com.tw/pages/about,https://h5.awsprod.99ranch.com/about-us,official_brand_history,official_company_profile,3,1,0.3086
https://www.chinyeh-fandan.com.tw/pages/about,https://i17fun.tw/fengshan-salty-rice-moss/,official_brand_history,food_media_retrospective,3,1,0.3482
https://www.chinyeh-fandan.com.tw/pages/about,https://inmap.tw/archives/69040,official_brand_history,food_media_retrospective,3,1,0.3425
https://www.chinyeh-fandan.com.tw/pages/about,https://khh.travel/zh-tw/shop/gourmet/788/,official_brand_history,municipal_tourism,3,1,0.3004
https://www.chinyeh-fandan.com.tw/pages/about,https://m.zhms.cn/jmzs/39475/,official_brand_history,franchise_portal,3,1,0.3211
https://www.zzshangye.com/detail/12381.html,https://eresources.nlb.gov.sg/newspapers/digitised/issue/straitstimes19861207-1,local_business_media,newspaper_archive,3,1,0.3074
https://www.zzshangye.com/detail/12381.html,https://foodintainan.com.tw/uprichdishes/,local_business_media,local_food_media,3,1,0.3115
https://www.twtainan.net/zh-tw/shop/consume/2059/,https://www.twtainan.net/zh-tw/shop/consume/6504/,official_tourism_profile,municipal_profile,3,2,0.4346
https://www.twtainan.net/zh-tw/shop/consume/2059/,https://linyu.tw/thirdgeneration/,official_tourism_profile,food_blog_retrospective,3,1,0.3095
https://www.twtainan.net/zh-tw/shop/consume/2059/,https://pbear.tw/%E6%B0%B8%E9%80%9A%E8%99%B1%E7%9B%AE%E9%AD%9A%E7%B2%A5/,official_tourism_profile,food_blog_retrospective,3,1,0.3326
https://archive.ncafroc.org.tw/upload/result/21083-A1001/%E7%8E%8B%E5%BA%AD%E7%8F%8A%E3%80%8C%E5%86%8D%E7%8F%BE%E6%88%B0%E5%BE%8C%E9%9B%99%E9%80%A3%E5%9C%A8%E5%9C%B0%E8%A8%98%E6%86%B6%E5%8F%A3%E8%BF%B0%E6%AD%B7%E5%8F%B2%E8%AA%BF%E6%9F%A5%E8%A8%88%E7%95%AB%E3%80%8D%E8%87%AA%E9%81%B8%E9%83%A8%E5%88%86%E7%AB%A0%E7%AF%80_1655188846159.pdf,https://enlifesun.com/2021-04-23-1955/,oral_history_project,food_blog_retrospective,2,1,0.3041
https://archive.ncafroc.org.tw/upload/result/21083-A1001/%E7%8E%8B%E5%BA%AD%E7%8F%8A%E3%80%8C%E5%86%8D%E7%8F%BE%E6%88%B0%E5%BE%8C%E9%9B%99%E9%80%A3%E5%9C%A8%E5%9C%B0%E8%A8%98%E6%86%B6%E5%8F%A3%E8%BF%B0%E6%AD%B7%E5%8F%B2%E8%AA%BF%E6%9F%A5%E8%A8%88%E7%95%AB%E3%80%8D%E8%87%AA%E9%81%B8%E9%83%A8%E5%88%86%E7%AB%A0%E7%AF%80_1655188846159.pdf,https://inmap.tw/archives/69040,oral_history_project,food_media_retrospective,2,1,0.3042
https://archive.ncafroc.org.tw/upload/result/21083-A1001/%E7%8E%8B%E5%BA%AD%E7%8F%8A%E3%80%8C%E5%86%8D%E7%8F%BE%E6%88%B0%E5%BE%8C%E9%9B%99%E9%80%A3%E5%9C%A8%E5%9C%B0%E8%A8%98%E6%86%B6%E5%8F%A3%E8%BF%B0%E6%AD%B7%E5%8F%B2%E8%AA%BF%E6%9F%A5%E8%A8%88%E7%95%AB%E3%80%8D%E8%87%AA%E9%81%B8%E9%83%A8%E5%88%86%E7%AB%A0%E7%AF%80_1655188846159.pdf,https://journey.tw/chous/,oral_history_project,travel_food_retrospective,2,1,0.3144
https://archive.ncafroc.org.tw/upload/result/21083-A1001/%E7%8E%8B%E5%BA%AD%E7%8F%8A%E3%80%8C%E5%86%8D%E7%8F%BE%E6%88%B0%E5%BE%8C%E9%9B%99%E9%80%A3%E5%9C%A8%E5%9C%B0%E8%A8%98%E6%86%B6%E5%8F%A3%E8%BF%B0%E6%AD%B7%E5%8F%B2%E8%AA%BF%E6%9F%A5%E8%A8%88%E7%95%AB%E3%80%8D%E8%87%AA%E9%81%B8%E9%83%A8%E5%88%86%E7%AB%A0%E7%AF%80_1655188846159.pdf,https://khh.travel/zh-tw/shop/gourmet/788/,oral_history_project,municipal_tourism,2,1,0.3080
https://archive.ncafroc.org.tw/upload/result/21083-A1001/%E7%8E%8B%E5%BA%AD%E7%8F%8A%E3%80%8C%E5%86%8D%E7%8F%BE%E6%88%B0%E5%BE%8C%E9%9B%99%E9%80%A3%E5%9C%A8%E5%9C%B0%E8%A8%98%E6%86%B6%E5%8F%A3%E8%BF%B0%E6%AD%B7%E5%8F%B2%E8%AA%BF%E6%9F%A5%E8%A8%88%E7%95%AB%E3%80%8D%E8%87%AA%E9%81%B8%E9%83%A8%E5%88%86%E7%AB%A0%E7%AF%80_1655188846159.pdf,https://m.zhms.cn/jmzs/39475/,oral_history_project,franchise_portal,2,1,0.3205
https://chillaxing-life.com/yelaixiang/,https://eresources.nlb.gov.sg/newspapers/digitised/issue/newnation19780804-1,food_media_retrospective,newspaper_archive,2,2,0.3077
https://chillaxing-life.com/yelaixiang/,https://eresources.nlb.gov.sg/newspapers/digitised/issue/straitstimes19951123-1,food_media_retrospective,newspaper_archive,2,2,0.3085
https://chillaxing-life.com/yelaixiang/,https://www.jiemian.com/article/13682740.html,food_media_retrospective,food_industry_media,2,2,0.3376
https://chillaxing-life.com/yelaixiang/,https://www.twtainan.net/zh-tw/shop/consume/6504/,food_media_retrospective,municipal_profile,2,2,0.3116
https://chillaxing-life.com/yelaixiang/,https://ameblo.jp/karin0321/entry-12620231263.html,food_media_retrospective,food_media_retrospective,2,1,0.3082
https://chillaxing-life.com/yelaixiang/,https://ameblo.jp/musuiteisyujinn/entry-12849342808.html,food_media_retrospective,food_media_retrospective,2,1,0.3794
https://chillaxing-life.com/yelaixiang/,https://cn.govopendata.com/renminribao/1987/8/11/2/,food_media_retrospective,newspaper_archive,2,1,0.3138
https://chillaxing-life.com/yelaixiang/,https://eresources.nlb.gov.sg/newspapers/digitised/issue/biztimes19851018-1,food_media_retrospective,newspaper_archive,2,1,0.3029
https://chillaxing-life.com/yelaixiang/,https://eresources.nlb.gov.sg/newspapers/digitised/issue/straitstimes19861207-1,food_media_retrospective,newspaper_archive,2,1,0.3155
https://chillaxing-life.com/yelaixiang/,https://eresources.nlb.gov.sg/newspapers/digitised/issue/straitstimes19870814-1,food_media_retrospective,newspaper_archive,2,1,0.3166
https://chillaxing-life.com/yelaixiang/,https://eresources.nlb.gov.sg/newspapers/digitised/issue/weekendeast19941111-1,food_media_retrospective,newspaper_archive,2,1,0.3182
https://chillaxing-life.com/yelaixiang/,https://foodintainan.com.tw/uprichdishes/,food_media_retrospective,local_food_media,2,1,0.3005
https://chillaxing-life.com/yelaixiang/,https://inmap.tw/archives/69040,food_media_retrospective,food_media_retrospective,2,1,0.3022
https://chillaxing-life.com/yelaixiang/,https://khh.travel/zh-tw/shop/gourmet/796/,food_media_retrospective,official_tourism_profile,2,1,0.3082
https://chillaxing-life.com/yelaixiang/,https://kiichiroyoshimoto.jp/2025/06/05/%E9%BA%97%E9%83%B7%E3%83%BB%E6%B8%8B%E8%B0%B7%E9%81%93%E7%8E%84%E5%9D%82%E5%B0%8F%E8%B7%AF-1984%E2%87%942025/,food_media_retrospective,food_media_retrospective,2,1,0.3345
https://chillaxing-life.com/yelaixiang/,https://lordcat.net/archives/365,food_media_retrospective,food_media_retrospective,2,1,0.3113
https://chillaxing-life.com/yelaixiang/,https://m.zhms.cn/jmzs/39475/,food_media_retrospective,franchise_portal,2,1,0.3119
https://chillaxing-life.com/yelaixiang/,https://pbear.tw/%E6%B0%B8%E9%80%9A%E8%99%B1%E7%9B%AE%E9%AD%9A%E7%B2%A5/,food_media_retrospective,food_blog_retrospective,2,1,0.3077
https://chillaxing-life.com/yelaixiang/,https://rainieis.tw/2017-08-29-307/,food_media_retrospective,food_blog_retrospective,2,1,0.3027
https://dokumen.pub/from-canton-restaurant-to-panda-express-a-history-of-chinese-food-in-the-united-states-9780813574776.html,https://eresources.nlb.gov.sg/newspapers/digitised/issue/straitstimes19751011-1,book_secondary,newspaper_archive,2,2,0.3206
https://dokumen.pub/from-canton-restaurant-to-panda-express-a-history-of-chinese-food-in-the-united-states-9780813574776.html,https://eresources.nlb.gov.sg/newspapers/digitised/issue/newpaper19951024-1,book_secondary,newspaper_archive,2,2,0.3190
https://dokumen.pub/from-canton-restaurant-to-panda-express-a-history-of-chinese-food-in-the-united-states-9780813574776.html,https://eresources.nlb.gov.sg/newspapers/digitised/issue/streats20030819-1,book_secondary,newspaper_archive,2,2,0.3388
https://dokumen.pub/from-canton-restaurant-to-panda-express-a-history-of-chinese-food-in-the-united-states-9780813574776.html,https://en.wikipedia.org/wiki/Taiwanese_Americans,book_secondary,encyclopedic_secondary,2,1,0.3547
https://dokumen.pub/from-canton-restaurant-to-panda-express-a-history-of-chinese-food-in-the-united-states-9780813574776.html,https://eresources.nlb.gov.sg/newspapers/digitised/issue/straitstimes19861207-1,book_secondary,newspaper_archive,2,1,0.3182
https://dokumen.pub/from-canton-restaurant-to-panda-express-a-history-of-chinese-food-in-the-united-states-9780813574776.html,https://eresources.nlb.gov.sg/newspapers/digitised/issue/straitstimes19870814-1,book_secondary,newspaper_archive,2,1,0.3092
https://dokumen.pub/from-canton-restaurant-to-panda-express-a-history-of-chinese-food-in-the-united-states-9780813574776.html,https://forbesjapan.com/articles/detail/46596/page2,book_secondary,food_media_secondary,2,1,0.3587
https://dokumen.pub/from-canton-restaurant-to-panda-express-a-history-of-chinese-food-in-the-united-states-9780813574776.html,https://journey.tw/chous/,book_secondary,travel_food_retrospective,2,1,0.3077
https://dokumen.pub/from-canton-restaurant-to-panda-express-a-history-of-chinese-food-in-the-united-states-9780813574776.html,https://kiichiroyoshimoto.jp/2025/06/05/%E9%BA%97%E9%83%B7%E3%83%BB%E6%B8%8B%E8%B0%B7%E9%81%93%E7%8E%84%E5%9D%82%E5%B0%8F%E8%B7%AF-1984%E2%87%942025/,book_secondary,food_media_retrospective,2,1,0.3107
https://eresources.nlb.gov.sg/newspapers/Digitised/Issue/straitstimes19860316-1,https://eresources.nlb.gov.sg/newspapers/digitised/issue/straitstimes19760410-1,newspaper_archive,newspaper_archive,2,2,0.4211
https://eresources.nlb.gov.sg/newspapers/Digitised/Issue/straitstimes19860316-1,https://eresources.nlb.gov.sg/newspapers/digitised/issue/straitstimes19951123-1,newspaper_archive,newspaper_archive,2,2,0.4439
https://eresources.nlb.gov.sg/newspapers/Digitised/Issue/straitstimes19860316-1,https://eresources.nlb.gov.sg/newspapers/digitised/issue/streats20030819-1,newspaper_archive,newspaper_archive,2,2,0.3053
https://eresources.nlb.gov.sg/newspapers/Digitised/Issue/straitstimes19860316-1,https://eresources.nlb.gov.sg/newspapers/digitised/issue/straitstimes20101031-1,newspaper_archive,newspaper_archive,2,2,0.3133
https://eresources.nlb.gov.sg/newspapers/Digitised/Issue/straitstimes19860316-1,https://eresources.nlb.gov.sg/newspapers/digitised/issue/straitstimes20160619-1,newspaper_archive,newspaper_archive,2,2,0.3417
https://eresources.nlb.gov.sg/newspapers/Digitised/Issue/straitstimes19860316-1,https://udn.com/news/story/121721/7331063,newspaper_archive,news_feature,2,2,0.4000
https://eresources.nlb.gov.sg/newspapers/Digitised/Issue/straitstimes19860316-1,https://en.wikipedia.org/wiki/Taiwanese_Americans,newspaper_archive,encyclopedic_secondary,2,1,0.3077
https://eresources.nlb.gov.sg/newspapers/Digitised/Issue/straitstimes19860316-1,https://eresources.nlb.gov.sg/newspapers/digitised/issue/biztimes19851018-1,newspaper_archive,newspaper_archive,2,1,0.3059
https://eresources.nlb.gov.sg/newspapers/Digitised/Issue/straitstimes19860316-1,https://eresources.nlb.gov.sg/newspapers/digitised/issue/straitstimes19721024-1,newspaper_archive,newspaper_archive,2,1,0.3273
https://eresources.nlb.gov.sg/newspapers/Digitised/Issue/straitstimes19860316-1,https://eresources.nlb.gov.sg/newspapers/digitised/issue/straitstimes19740505-1,newspaper_archive,newspaper_archive,2,1,0.3241
https://eresources.nlb.gov.sg/newspapers/Digitised/Issue/straitstimes19860316-1,https://eresources.nlb.gov.sg/newspapers/digitised/issue/straitstimes19870129-1,newspaper_archive,newspaper_archive,2,1,0.3423
https://eresources.nlb.gov.sg/newspapers/Digitised/Issue/straitstimes19860316-1,https://forbesjapan.com/articles/detail/46596/page2,newspaper_archive,food_media_secondary,2,1,0.3093
https://eresources.nlb.gov.sg/newspapers/Digitised/Issue/straitstimes19860316-1,https://nigi33.tw/2014-01-07-387/,newspaper_archive,food_blog_retrospective,2,1,0.3197
https://eresources.nlb.gov.sg/newspapers/digitised/issue/biztimes19870328-1,https://eresources.nlb.gov.sg/newspapers/digitised/issue/straitstimes19751011-1,newspaper_archive,newspaper_archive,2,2,0.3278
https://eresources.nlb.gov.sg/newspapers/digitised/issue/biztimes19870328-1,https://eresources.nlb.gov.sg/newspapers/digitised/issue/straitstimes19800815-1,newspaper_archive,newspaper_archive,2,2,0.3799
https://eresources.nlb.gov.sg/newspapers/digitised/issue/biztimes19870328-1,https://eresources.nlb.gov.sg/newspapers/digitised/issue/straitstimes19951123-1,newspaper_archive,newspaper_archive,2,2,0.4246
https://eresources.nlb.gov.sg/newspapers/digitised/issue/biztimes19870328-1,https://eresources.nlb.gov.sg/newspapers/digitised/issue/newpaper19951024-1,newspaper_archive,newspaper_archive,2,2,0.3669
https://eresources.nlb.gov.sg/newspapers/digitised/issue/biztimes19870328-1,https://eresources.nlb.gov.sg/newspapers/digitised/issue/straitstimes20160619-1,newspaper_archive,newspaper_archive,2,2,0.3174
https://eresources.nlb.gov.sg/newspapers/digitised/issue/biztimes19870328-1,https://en.wikipedia.org/wiki/Taiwanese_cuisine,newspaper_archive,encyclopedic_secondary,2,1,0.3176
https://eresources.nlb.gov.sg/newspapers/digitised/issue/biztimes19870328-1,https://enlifesun.com/2021-04-23-1955/,newspaper_archive,food_blog_retrospective,2,1,0.3062
https://eresources.nlb.gov.sg/newspapers/digitised/issue/biztimes19870328-1,https://eresources.nlb.gov.sg/newspapers/digitised/issue/biztimes19851018-1,newspaper_archive,newspaper_archive,2,1,0.3717
https://eresources.nlb.gov.sg/newspapers/digitised/issue/biztimes19870328-1,https://eresources.nlb.gov.sg/newspapers/digitised/issue/biztimes19870320-1,newspaper_archive,newspaper_archive,2,1,0.5894
https://eresources.nlb.gov.sg/newspapers/digitised/issue/biztimes19870328-1,https://eresources.nlb.gov.sg/newspapers/digitised/issue/biztimes19870612-1,newspaper_archive,newspaper_archive,2,1,0.5371
https://eresources.nlb.gov.sg/newspapers/digitised/issue/biztimes19870328-1,https://eresources.nlb.gov.sg/newspapers/digitised/issue/newpaper19990421-1,newspaper_archive,newspaper_archive,2,1,0.3780
https://eresources.nlb.gov.sg/newspapers/digitised/issue/biztimes19870328-1,https://eresources.nlb.gov.sg/newspapers/digitised/issue/straitstimes19810124-1,newspaper_archive,newspaper_archive,2,1,0.3699
https://eresources.nlb.gov.sg/newspapers/digitised/issue/biztimes19870328-1,https://eresources.nlb.gov.sg/newspapers/digitised/issue/straitstimes19860619-1,newspaper_archive,newspaper_archive,2,1,0.3663
https://eresources.nlb.gov.sg/newspapers/digitised/issue/biztimes19870328-1,https://eresources.nlb.gov.sg/newspapers/digitised/issue/straitstimes19861207-1,newspaper_archive,newspaper_archive,2,1,0.5510
https://eresources.nlb.gov.sg/newspapers/digitised/issue/biztimes19870328-1,https://eresources.nlb.gov.sg/newspapers/digitised/issue/straitstimes19870129-1,newspaper_archive,newspaper_archive,2,1,0.3098
https://eresources.nlb.gov.sg/newspapers/digitised/issue/biztimes19870328-1,https://eresources.nlb.gov.sg/newspapers/digitised/issue/straitstimes19870814-1,newspaper_archive,newspaper_archive,2,1,0.5489
https://eresources.nlb.gov.sg/newspapers/digitised/issue/biztimes19870328-1,https://eresources.nlb.gov.sg/newspapers/digitised/issue/straitstimes19870905-1,newspaper_archive,newspaper_archive,2,1,0.5412
https://eresources.nlb.gov.sg/newspapers/digitised/issue/biztimes19870328-1,https://eresources.nlb.gov.sg/newspapers/digitised/issue/weekendeast19941111-1,newspaper_archive,newspaper_archive,2,1,0.3434
https://eresources.nlb.gov.sg/newspapers/digitised/issue/biztimes19870328-1,https://pbear.tw/%E6%B0%B8%E9%80%9A%E8%99%B1%E7%9B%AE%E9%AD%9A%E7%B2%A5/,newspaper_archive,food_blog_retrospective,2,1,0.3116
https://eresources.nlb.gov.sg/newspapers/digitised/issue/newnation19711119-1,https://www.chinatimes.com/amp/newspapers/20100430000926-260301,newspaper_archive,newspaper_report,2,2,0.3000
https://eresources.nlb.gov.sg/newspapers/digitised/issue/newnation19711119-1,https://www.jiemian.com/article/13682740.html,newspaper_archive,food_industry_media,2,2,0.3249
https://eresources.nlb.gov.sg/newspapers/digitised/issue/newnation19711119-1,https://eresources.nlb.gov.sg/newspapers/digitised/issue/streats20030819-1,newspaper_archive,newspaper_archive,2,2,0.3054
https://eresources.nlb.gov.sg/newspapers/digitised/issue/newnation19711119-1,https://eresources.nlb.gov.sg/newspapers/digitised/issue/straitstimes20101031-1,newspaper_archive,newspaper_archive,2,2,0.3384
https://eresources.nlb.gov.sg/newspapers/digitised/issue/newnation19711119-1,https://cn.govopendata.com/renminribao/1987/11/5/3/,newspaper_archive,newspaper_archive,2,1,0.3324
https://eresources.nlb.gov.sg/newspapers/digitised/issue/newnation19711119-1,https://en.wikipedia.org/wiki/Taiwanese_Americans,newspaper_archive,encyclopedic_secondary,2,1,0.3569
https://eresources.nlb.gov.sg/newspapers/digitised/issue/newnation19711119-1,https://eresources.nlb.gov.sg/newspapers/digitised/issue/biztimes19870320-1,newspaper_archive,newspaper_archive,2,1,0.3291
https://eresources.nlb.gov.sg/newspapers/digitised/issue/newnation19711119-1,https://eresources.nlb.gov.sg/newspapers/digitised/issue/straitstimes19750419-1,newspaper_archive,newspaper_archive,2,1,0.3041
https://eresources.nlb.gov.sg/newspapers/digitised/issue/newnation19711119-1,https://eresources.nlb.gov.sg/newspapers/digitised/issue/straitstimes19870905-1,newspaper_archive,newspaper_archive,2,1,0.3220
https://eresources.nlb.gov.sg/newspapers/digitised/issue/newnation19711119-1,https://eresources.nlb.gov.sg/newspapers/digitised/issue/weekendeast19941111-1,newspaper_archive,newspaper_archive,2,1,0.3087
https://eresources.nlb.gov.sg/newspapers/digitised/issue/newnation19711119-1,https://forbesjapan.com/articles/detail/46596/page2,newspaper_archive,food_media_secondary,2,1,0.3299
https://eresources.nlb.gov.sg/newspapers/digitised/issue/newnation19711119-1,https://lordcat.net/archives/365,newspaper_archive,food_media_retrospective,2,1,0.3279
https://eresources.nlb.gov.sg/newspapers/digitised/issue/newnation19711119-1,https://m.zhms.cn/jmzs/39475/,newspaper_archive,franchise_portal,2,1,0.3273
https://eresources.nlb.gov.sg/newspapers/digitised/issue/newnation19780804-1,https://eresources.nlb.gov.sg/newspapers/digitised/issue/straitstimes19751011-1,newspaper_archive,newspaper_archive,2,2,0.4540
https://eresources.nlb.gov.sg/newspapers/digitised/issue/newnation19780804-1,https://eresources.nlb.gov.sg/newspapers/digitised/issue/straitstimes19760410-1,newspaper_archive,newspaper_archive,2,2,0.3826
https://eresources.nlb.gov.sg/newspapers/digitised/issue/newnation19780804-1,https://eresources.nlb.gov.sg/newspapers/digitised/issue/straitstimes19951123-1,newspaper_archive,newspaper_archive,2,2,0.4146
https://eresources.nlb.gov.sg/newspapers/digitised/issue/newnation19780804-1,https://www.jiemian.com/article/13682740.html,newspaper_archive,food_industry_media,2,2,0.3064
https://eresources.nlb.gov.sg/newspapers/digitised/issue/newnation19780804-1,https://eresources.nlb.gov.sg/newspapers/digitised/issue/newpaper19951024-1,newspaper_archive,newspaper_archive,2,2,0.3229
https://eresources.nlb.gov.sg/newspapers/digitised/issue/newnation19780804-1,https://eresources.nlb.gov.sg/newspapers/digitised/issue/streats20030819-1,newspaper_archive,newspaper_archive,2,2,0.4190
https://eresources.nlb.gov.sg/newspapers/digitised/issue/newnation19780804-1,https://eresources.nlb.gov.sg/newspapers/digitised/issue/straitstimes20101031-1,newspaper_archive,newspaper_archive,2,2,0.4138
https://eresources.nlb.gov.sg/newspapers/digitised/issue/newnation19780804-1,https://cn.govopendata.com/renminribao/1987/11/5/3/,newspaper_archive,newspaper_archive,2,1,0.3051
https://eresources.nlb.gov.sg/newspapers/digitised/issue/newnation19780804-1,https://eresources.nlb.gov.sg/newspapers/digitised/issue/biztimes19870612-1,newspaper_archive,newspaper_archive,2,1,0.3293
https://eresources.nlb.gov.sg/newspapers/digitised/issue/newnation19780804-1,https://eresources.nlb.gov.sg/newspapers/digitised/issue/newpaper19990421-1,newspaper_archive,newspaper_archive,2,1,0.3424
https://eresources.nlb.gov.sg/newspapers/digitised/issue/newnation19780804-1,https://eresources.nlb.gov.sg/newspapers/digitised/issue/straitstimes19810124-1,newspaper_archive,newspaper_archive,2,1,0.3088
https://eresources.nlb.gov.sg/newspapers/digitised/issue/newnation19780804-1,https://eresources.nlb.gov.sg/newspapers/digitised/issue/straitstimes19861207-1,newspaper_archive,newspaper_archive,2,1,0.3404
https://eresources.nlb.gov.sg/newspapers/digitised/issue/newnation19780804-1,https://eresources.nlb.gov.sg/newspapers/digitised/issue/straitstimes19870129-1,newspaper_archive,newspaper_archive,2,1,0.3574
https://eresources.nlb.gov.sg/newspapers/digitised/issue/newnation19780804-1,https://eresources.nlb.gov.sg/newspapers/digitised/issue/weekendeast19941111-1,newspaper_archive,newspaper_archive,2,1,0.3118
https://eresources.nlb.gov.sg/newspapers/digitised/issue/newnation19780804-1,https://m.ccas.com.cn/site/content/95431.html,newspaper_archive,industry_association_report,2,1,0.3453
https://eresources.nlb.gov.sg/newspapers/digitised/issue/newnation19780804-1,https://m.zhms.cn/jmzs/39475/,newspaper_archive,franchise_portal,2,1,0.3191
https://eresources.nlb.gov.sg/newspapers/digitised/issue/newnation19780804-1,https://newsdig.tbs.co.jp/articles/cbc/409918?display=1,newspaper_archive,media_obituary,2,1,0.3039
https://eresources.nlb.gov.sg/newspapers/digitised/issue/newpaper19961003-1,https://eresources.nlb.gov.sg/newspapers/digitised/issue/straitstimes19751011-1,newspaper_archive,newspaper_archive,2,2,0.3797
https://eresources.nlb.gov.sg/newspapers/digitised/issue/newpaper19961003-1,https://eresources.nlb.gov.sg/newspapers/digitised/issue/straitstimes19760410-1,newspaper_archive,newspaper_archive,2,2,0.4348
https://eresources.nlb.gov.sg/newspapers/digitised/issue/newpaper19961003-1,https://eresources.nlb.gov.sg/newspapers/digitised/issue/straitstimes19800815-1,newspaper_archive,newspaper_archive,2,2,0.4493
https://eresources.nlb.gov.sg/newspapers/digitised/issue/newpaper19961003-1,https://m.tech.china.com/hea/hea/20250219/202502191638717.html,newspaper_archive,media_report,2,2,0.3234
https://eresources.nlb.gov.sg/newspapers/digitised/issue/newpaper19961003-1,https://eresources.nlb.gov.sg/newspapers/digitised/issue/newpaper19951024-1,newspaper_archive,newspaper_archive,2,2,0.4265
https://eresources.nlb.gov.sg/newspapers/digitised/issue/newpaper19961003-1,https://eresources.nlb.gov.sg/newspapers/digitised/issue/streats20030819-1,newspaper_archive,newspaper_archive,2,2,0.3747
https://eresources.nlb.gov.sg/newspapers/digitised/issue/newpaper19961003-1,https://eresources.nlb.gov.sg/newspapers/digitised/issue/straitstimes20101031-1,newspaper_archive,newspaper_archive,2,2,0.3597
https://eresources.nlb.gov.sg/newspapers/digitised/issue/newpaper19961003-1,https://eresources.nlb.gov.sg/newspapers/digitised/issue/straitstimes20160619-1,newspaper_archive,newspaper_archive,2,2,0.3426
https://eresources.nlb.gov.sg/newspapers/digitised/issue/newpaper19961003-1,https://en.wikipedia.org/wiki/Taiwanese_cuisine,newspaper_archive,encyclopedic_secondary,2,1,0.3200
https://eresources.nlb.gov.sg/newspapers/digitised/issue/newpaper19961003-1,https://eresources.nlb.gov.sg/newspapers/digitised/issue/biztimes19851018-1,newspaper_archive,newspaper_archive,2,1,0.3102
https://eresources.nlb.gov.sg/newspapers/digitised/issue/newpaper19961003-1,https://eresources.nlb.gov.sg/newspapers/digitised/issue/biztimes19870320-1,newspaper_archive,newspaper_archive,2,1,0.3145
https://eresources.nlb.gov.sg/newspapers/digitised/issue/newpaper19961003-1,https://eresources.nlb.gov.sg/newspapers/digitised/issue/biztimes19870612-1,newspaper_archive,newspaper_archive,2,1,0.3333
https://eresources.nlb.gov.sg/newspapers/digitised/issue/newpaper19961003-1,https://eresources.nlb.gov.sg/newspapers/digitised/issue/newpaper19990421-1,newspaper_archive,newspaper_archive,2,1,0.3620
https://eresources.nlb.gov.sg/newspapers/digitised/issue/newpaper19961003-1,https://eresources.nlb.gov.sg/newspapers/digitised/issue/straitstimes19721024-1,newspaper_archive,newspaper_archive,2,1,0.3495
https://eresources.nlb.gov.sg/newspapers/digitised/issue/newpaper19961003-1,https://eresources.nlb.gov.sg/newspapers/digitised/issue/straitstimes19750419-1,newspaper_archive,newspaper_archive,2,1,0.3407
https://eresources.nlb.gov.sg/newspapers/digitised/issue/newpaper19961003-1,https://eresources.nlb.gov.sg/newspapers/digitised/issue/straitstimes19860123-1,newspaper_archive,newspaper_archive,2,1,0.3420
https://eresources.nlb.gov.sg/newspapers/digitised/issue/newpaper19961003-1,https://eresources.nlb.gov.sg/newspapers/digitised/issue/straitstimes19861207-1,newspaper_archive,newspaper_archive,2,1,0.4573
https://eresources.nlb.gov.sg/newspapers/digitised/issue/newpaper19961003-1,https://eresources.nlb.gov.sg/newspapers/digitised/issue/straitstimes19870814-1,newspaper_archive,newspaper_archive,2,1,0.4020
https://eresources.nlb.gov.sg/newspapers/digitised/issue/newpaper19961003-1,https://eresources.nlb.gov.sg/newspapers/digitised/issue/straitstimes19870905-1,newspaper_archive,newspaper_archive,2,1,0.3093
https://eresources.nlb.gov.sg/newspapers/digitised/issue/newpaper19961003-1,https://forbesjapan.com/articles/detail/46596/page2,newspaper_archive,food_media_secondary,2,1,0.3032
https://eresources.nlb.gov.sg/newspapers/digitised/issue/newpaper19961003-1,https://newsdig.tbs.co.jp/articles/cbc/409918?display=1,newspaper_archive,media_obituary,2,1,0.3125
https://eresources.nlb.gov.sg/newspapers/digitised/issue/newpaper19961003-1,https://paper.people.com.cn/rmrbhwb/page/2019-05/17/11/rmrbhwb2019051711.pdf,newspaper_archive,newspaper_archive,2,1,0.3600
https://eresources.nlb.gov.sg/newspapers/digitised/issue/straitstimes19720926-1,https://eresources.nlb.gov.sg/newspapers/digitised/issue/straitstimes19751011-1,newspaper_archive,newspaper_archive,2,2,0.4640
https://eresources.nlb.gov.sg/newspapers/digitised/issue/straitstimes19720926-1,https://eresources.nlb.gov.sg/newspapers/digitised/issue/straitstimes19760410-1,newspaper_archive,newspaper_archive,2,2,0.5330
https://eresources.nlb.gov.sg/newspapers/digitised/issue/straitstimes19720926-1,https://eresources.nlb.gov.sg/newspapers/digitised/issue/straitstimes19800815-1,newspaper_archive,newspaper_archive,2,2,0.4264
https://eresources.nlb.gov.sg/newspapers/digitised/issue/straitstimes19720926-1,https://www.jiemian.com/article/13682740.html,newspaper_archive,food_industry_media,2,2,0.3595
https://eresources.nlb.gov.sg/newspapers/digitised/issue/straitstimes19720926-1,https://eresources.nlb.gov.sg/newspapers/digitised/issue/streats20030819-1,newspaper_archive,newspaper_archive,2,2,0.4324
https://eresources.nlb.gov.sg/newspapers/digitised/issue/straitstimes19720926-1,https://eresources.nlb.gov.sg/newspapers/digitised/issue/straitstimes20101031-1,newspaper_archive,newspaper_archive,2,2,0.3879
https://eresources.nlb.gov.sg/newspapers/digitised/issue/straitstimes19720926-1,https://eresources.nlb.gov.sg/newspapers/digitised/issue/straitstimes20160619-1,newspaper_archive,newspaper_archive,2,2,0.3641
https://eresources.nlb.gov.sg/newspapers/digitised/issue/straitstimes19720926-1,https://eresources.nlb.gov.sg/newspapers/digitised/issue/biztimes19851018-1,newspaper_archive,newspaper_archive,2,1,0.3503
https://eresources.nlb.gov.sg/newspapers/digitised/issue/straitstimes19720926-1,https://eresources.nlb.gov.sg/newspapers/digitised/issue/newpaper19990421-1,newspaper_archive,newspaper_archive,2,1,0.3922
https://eresources.nlb.gov.sg/newspapers/digitised/issue/straitstimes19720926-1,https://eresources.nlb.gov.sg/newspapers/digitised/issue/straitstimes19721024-1,newspaper_archive,newspaper_archive,2,1,0.4360
https://eresources.nlb.gov.sg/newspapers/digitised/issue/straitstimes19720926-1,https://eresources.nlb.gov.sg/newspapers/digitised/issue/straitstimes19750419-1,newspaper_archive,newspaper_archive,2,1,0.3973
https://eresources.nlb.gov.sg/newspapers/digitised/issue/straitstimes19720926-1,https://eresources.nlb.gov.sg/newspapers/digitised/issue/straitstimes19870905-1,newspaper_archive,newspaper_archive,2,1,0.3042
https://eresources.nlb.gov.sg/newspapers/digitised/issue/straitstimes19720926-1,https://forbesjapan.com/articles/detail/46596/page2,newspaper_archive,food_media_secondary,2,1,0.3445
https://eresources.nlb.gov.sg/newspapers/digitised/issue/straitstimes19720926-1,https://m.zhms.cn/jmzs/39475/,newspaper_archive,franchise_portal,2,1,0.3384
https://eresources.nlb.gov.sg/newspapers/digitised/issue/straitstimes19751011-1,https://eresources.nlb.gov.sg/newspapers/digitised/issue/straitstimes19760410-1,newspaper_archive,newspaper_archive,2,2,0.5015
https://eresources.nlb.gov.sg/newspapers/digitised/issue/straitstimes19751011-1,https://eresources.nlb.gov.sg/newspapers/digitised/issue/straitstimes19951123-1,newspaper_archive,newspaper_archive,2,2,0.5299
https://eresources.nlb.gov.sg/newspapers/digitised/issue/straitstimes19751011-1,https://eresources.nlb.gov.sg/newspapers/digitised/issue/streats20030819-1,newspaper_archive,newspaper_archive,2,2,0.3182
https://eresources.nlb.gov.sg/newspapers/digitised/issue/straitstimes19751011-1,https://eresources.nlb.gov.sg/newspapers/digitised/issue/straitstimes20101031-1,newspaper_archive,newspaper_archive,2,2,0.3509
https://eresources.nlb.gov.sg/newspapers/digitised/issue/straitstimes19751011-1,https://eresources.nlb.gov.sg/newspapers/digitised/issue/straitstimes20160619-1,newspaper_archive,newspaper_archive,2,2,0.3529
https://eresources.nlb.gov.sg/newspapers/digitised/issue/straitstimes19751011-1,https://cn.govopendata.com/renminribao/1987/11/5/3/,newspaper_archive,newspaper_archive,2,1,0.3322
https://eresources.nlb.gov.sg/newspapers/digitised/issue/straitstimes19751011-1,https://en.wikipedia.org/wiki/Taiwanese_Americans,newspaper_archive,encyclopedic_secondary,2,1,0.3542
https://eresources.nlb.gov.sg/newspapers/digitised/issue/straitstimes19751011-1,https://en.wikipedia.org/wiki/Taiwanese_cuisine,newspaper_archive,encyclopedic_secondary,2,1,0.3867
https://eresources.nlb.gov.sg/newspapers/digitised/issue/straitstimes19751011-1,https://eresources.nlb.gov.sg/newspapers/digitised/issue/biztimes19851018-1,newspaper_archive,newspaper_archive,2,1,0.3880
https://eresources.nlb.gov.sg/newspapers/digitised/issue/straitstimes19751011-1,https://eresources.nlb.gov.sg/newspapers/digitised/issue/biztimes19870320-1,newspaper_archive,newspaper_archive,2,1,0.4962
https://eresources.nlb.gov.sg/newspapers/digitised/issue/straitstimes19751011-1,https://eresources.nlb.gov.sg/newspapers/digitised/issue/biztimes19870612-1,newspaper_archive,newspaper_archive,2,1,0.4774
https://eresources.nlb.gov.sg/newspapers/digitised/issue/straitstimes19751011-1,https://eresources.nlb.gov.sg/newspapers/digitised/issue/straitstimes19721024-1,newspaper_archive,newspaper_archive,2,1,0.3675
https://eresources.nlb.gov.sg/newspapers/digitised/issue/straitstimes19751011-1,https://eresources.nlb.gov.sg/newspapers/digitised/issue/straitstimes19750419-1,newspaper_archive,newspaper_archive,2,1,0.4215
https://eresources.nlb.gov.sg/newspapers/digitised/issue/straitstimes19751011-1,https://eresources.nlb.gov.sg/newspapers/digitised/issue/straitstimes19860123-1,newspaper_archive,newspaper_archive,2,1,0.4444
https://eresources.nlb.gov.sg/newspapers/digitised/issue/straitstimes19751011-1,https://eresources.nlb.gov.sg/newspapers/digitised/issue/straitstimes19861207-1,newspaper_archive,newspaper_archive,2,1,0.4149
https://eresources.nlb.gov.sg/newspapers/digitised/issue/straitstimes19751011-1,https://eresources.nlb.gov.sg/newspapers/digitised/issue/straitstimes19870129-1,newspaper_archive,newspaper_archive,2,1,0.3813
https://eresources.nlb.gov.sg/newspapers/digitised/issue/straitstimes19751011-1,https://eresources.nlb.gov.sg/newspapers/digitised/issue/straitstimes19870814-1,newspaper_archive,newspaper_archive,2,1,0.3841
https://eresources.nlb.gov.sg/newspapers/digitised/issue/straitstimes19751011-1,https://eresources.nlb.gov.sg/newspapers/digitised/issue/weekendeast19941111-1,newspaper_archive,newspaper_archive,2,1,0.3035
https://eresources.nlb.gov.sg/newspapers/digitised/issue/straitstimes19751011-1,https://forbesjapan.com/articles/detail/46596/page2,newspaper_archive,food_media_secondary,2,1,0.4012
https://eresources.nlb.gov.sg/newspapers/digitised/issue/straitstimes19751011-1,https://i17fun.tw/fengshan-salty-rice-moss/,newspaper_archive,food_media_retrospective,2,1,0.3023
https://eresources.nlb.gov.sg/newspapers/digitised/issue/straitstimes19751011-1,https://m.ccas.com.cn/site/content/95431.html,newspaper_archive,industry_association_report,2,1,0.3235
https://eresources.nlb.gov.sg/newspapers/digitised/issue/straitstimes19751011-1,https://m.zhms.cn/jmzs/39475/,newspaper_archive,franchise_portal,2,1,0.3043
https://eresources.nlb.gov.sg/newspapers/digitised/issue/straitstimes19760410-1,https://eresources.nlb.gov.sg/newspapers/digitised/issue/straitstimes19800815-1,newspaper_archive,newspaper_archive,2,2,0.4804
https://eresources.nlb.gov.sg/newspapers/digitised/issue/straitstimes19760410-1,https://m.tech.china.com/hea/hea/20250219/202502191638717.html,newspaper_archive,media_report,2,2,0.3121
https://eresources.nlb.gov.sg/newspapers/digitised/issue/straitstimes19760410-1,https://eresources.nlb.gov.sg/newspapers/digitised/issue/newpaper19951024-1,newspaper_archive,newspaper_archive,2,2,0.4426
https://eresources.nlb.gov.sg/newspapers/digitised/issue/straitstimes19760410-1,https://eresources.nlb.gov.sg/newspapers/digitised/issue/streats20030819-1,newspaper_archive,newspaper_archive,2,2,0.4528
https://eresources.nlb.gov.sg/newspapers/digitised/issue/straitstimes19760410-1,https://eresources.nlb.gov.sg/newspapers/digitised/issue/straitstimes20160619-1,newspaper_archive,newspaper_archive,2,2,0.3617
https://eresources.nlb.gov.sg/newspapers/digitised/issue/straitstimes19760410-1,https://ameblo.jp/karin0321/entry-12620231263.html,newspaper_archive,food_media_retrospective,2,1,0.3077
https://eresources.nlb.gov.sg/newspapers/digitised/issue/straitstimes19760410-1,https://en.wikipedia.org/wiki/Taiwanese_cuisine,newspaper_archive,encyclopedic_secondary,2,1,0.3448
https://eresources.nlb.gov.sg/newspapers/digitised/issue/straitstimes19760410-1,https://enlifesun.com/2021-04-23-1955/,newspaper_archive,food_blog_retrospective,2,1,0.3007
https://eresources.nlb.gov.sg/newspapers/digitised/issue/straitstimes19760410-1,https://eresources.nlb.gov.sg/newspapers/digitised/issue/biztimes19851018-1,newspaper_archive,newspaper_archive,2,1,0.4025
https://eresources.nlb.gov.sg/newspapers/digitised/issue/straitstimes19760410-1,https://eresources.nlb.gov.sg/newspapers/digitised/issue/biztimes19870612-1,newspaper_archive,newspaper_archive,2,1,0.4046
https://eresources.nlb.gov.sg/newspapers/digitised/issue/straitstimes19760410-1,https://eresources.nlb.gov.sg/newspapers/digitised/issue/newpaper19990421-1,newspaper_archive,newspaper_archive,2,1,0.3333
https://eresources.nlb.gov.sg/newspapers/digitised/issue/straitstimes19760410-1,https://eresources.nlb.gov.sg/newspapers/digitised/issue/straitstimes19721024-1,newspaper_archive,newspaper_archive,2,1,0.3399
https://eresources.nlb.gov.sg/newspapers/digitised/issue/straitstimes19760410-1,https://eresources.nlb.gov.sg/newspapers/digitised/issue/straitstimes19750419-1,newspaper_archive,newspaper_archive,2,1,0.5134
https://eresources.nlb.gov.sg/newspapers/digitised/issue/straitstimes19760410-1,https://eresources.nlb.gov.sg/newspapers/digitised/issue/straitstimes19861207-1,newspaper_archive,newspaper_archive,2,1,0.3392
https://eresources.nlb.gov.sg/newspapers/digitised/issue/straitstimes19760410-1,https://eresources.nlb.gov.sg/newspapers/digitised/issue/straitstimes19870129-1,newspaper_archive,newspaper_archive,2,1,0.3043
https://eresources.nlb.gov.sg/newspapers/digitised/issue/straitstimes19760410-1,https://eresources.nlb.gov.sg/newspapers/digitised/issue/straitstimes19870814-1,newspaper_archive,newspaper_archive,2,1,0.3516
https://eresources.nlb.gov.sg/newspapers/digitised/issue/straitstimes19760410-1,https://eresources.nlb.gov.sg/newspapers/digitised/issue/straitstimes19870905-1,newspaper_archive,newspaper_archive,2,1,0.3197
https://eresources.nlb.gov.sg/newspapers/digitised/issue/straitstimes19760410-1,https://forbesjapan.com/articles/detail/46596/page2,newspaper_archive,food_media_secondary,2,1,0.3513
https://eresources.nlb.gov.sg/newspapers/digitised/issue/straitstimes19760410-1,https://ifoodie.tw/en/post/60b7b416a6272846a04cdde3,newspaper_archive,food_media_retrospective,2,1,0.3042
https://eresources.nlb.gov.sg/newspapers/digitised/issue/straitstimes19760410-1,https://journey.tw/chous/,newspaper_archive,travel_food_retrospective,2,1,0.3226
https://eresources.nlb.gov.sg/newspapers/digitised/issue/straitstimes19760410-1,https://khh.travel/zh-tw/shop/gourmet/788/,newspaper_archive,municipal_tourism,2,1,0.3233
https://eresources.nlb.gov.sg/newspapers/digitised/issue/straitstimes19760410-1,https://linyu.tw/thirdgeneration/,newspaper_archive,food_blog_retrospective,2,1,0.3190
https://eresources.nlb.gov.sg/newspapers/digitised/issue/straitstimes19760410-1,https://lordcat.net/archives/365,newspaper_archive,food_media_retrospective,2,1,0.3037
https://eresources.nlb.gov.sg/newspapers/digitised/issue/straitstimes19760410-1,https://m.zhms.cn/jmzs/39475/,newspaper_archive,franchise_portal,2,1,0.3254
https://eresources.nlb.gov.sg/newspapers/digitised/issue/straitstimes19760410-1,https://news.pchome.com.tw/public/pronews/20260527/index-77989075490386353016.html,newspaper_archive,local_news_food_business,2,1,0.3466
https://eresources.nlb.gov.sg/newspapers/digitised/issue/straitstimes19760410-1,https://newsdig.tbs.co.jp/articles/cbc/409918?display=1,newspaper_archive,media_obituary,2,1,0.3716
https://eresources.nlb.gov.sg/newspapers/digitised/issue/straitstimes19760410-1,https://paper.people.com.cn/rmrbhwb/page/2019-05/17/11/rmrbhwb2019051711.pdf,newspaper_archive,newspaper_archive,2,1,0.3537
https://eresources.nlb.gov.sg/newspapers/digitised/issue/straitstimes19760410-1,https://pbear.tw/%E6%B0%B8%E9%80%9A%E8%99%B1%E7%9B%AE%E9%AD%9A%E7%B2%A5/,newspaper_archive,food_blog_retrospective,2,1,0.3614
https://eresources.nlb.gov.sg/newspapers/digitised/issue/straitstimes19800815-1,https://eresources.nlb.gov.sg/newspapers/digitised/issue/newpaper19951024-1,newspaper_archive,newspaper_archive,2,2,0.4098
https://eresources.nlb.gov.sg/newspapers/digitised/issue/straitstimes19800815-1,https://eresources.nlb.gov.sg/newspapers/digitised/issue/straitstimes20101031-1,newspaper_archive,newspaper_archive,2,2,0.4543
https://eresources.nlb.gov.sg/newspapers/digitised/issue/straitstimes19800815-1,https://eresources.nlb.gov.sg/newspapers/digitised/issue/straitstimes20160619-1,newspaper_archive,newspaper_archive,2,2,0.3351
https://eresources.nlb.gov.sg/newspapers/digitised/issue/straitstimes19800815-1,https://cn.govopendata.com/renminribao/1987/11/5/3/,newspaper_archive,newspaper_archive,2,1,0.3182
https://eresources.nlb.gov.sg/newspapers/digitised/issue/straitstimes19800815-1,https://eresources.nlb.gov.sg/newspapers/digitised/issue/biztimes19851018-1,newspaper_archive,newspaper_archive,2,1,0.4403
https://eresources.nlb.gov.sg/newspapers/digitised/issue/straitstimes19800815-1,https://eresources.nlb.gov.sg/newspapers/digitised/issue/biztimes19870612-1,newspaper_archive,newspaper_archive,2,1,0.3511
https://eresources.nlb.gov.sg/newspapers/digitised/issue/straitstimes19800815-1,https://eresources.nlb.gov.sg/newspapers/digitised/issue/newpaper19990421-1,newspaper_archive,newspaper_archive,2,1,0.3630
https://eresources.nlb.gov.sg/newspapers/digitised/issue/straitstimes19800815-1,https://eresources.nlb.gov.sg/newspapers/digitised/issue/straitstimes19740505-1,newspaper_archive,newspaper_archive,2,1,0.3955
https://eresources.nlb.gov.sg/newspapers/digitised/issue/straitstimes19800815-1,https://eresources.nlb.gov.sg/newspapers/digitised/issue/straitstimes19750419-1,newspaper_archive,newspaper_archive,2,1,0.3908
https://eresources.nlb.gov.sg/newspapers/digitised/issue/straitstimes19800815-1,https://eresources.nlb.gov.sg/newspapers/digitised/issue/straitstimes19810124-1,newspaper_archive,newspaper_archive,2,1,0.3490
https://eresources.nlb.gov.sg/newspapers/digitised/issue/straitstimes19800815-1,https://eresources.nlb.gov.sg/newspapers/digitised/issue/straitstimes19860619-1,newspaper_archive,newspaper_archive,2,1,0.3333
https://eresources.nlb.gov.sg/newspapers/digitised/issue/straitstimes19800815-1,https://eresources.nlb.gov.sg/newspapers/digitised/issue/straitstimes19861207-1,newspaper_archive,newspaper_archive,2,1,0.4737
https://eresources.nlb.gov.sg/newspapers/digitised/issue/straitstimes19800815-1,https://eresources.nlb.gov.sg/newspapers/digitised/issue/straitstimes19870129-1,newspaper_archive,newspaper_archive,2,1,0.3116
https://eresources.nlb.gov.sg/newspapers/digitised/issue/straitstimes19800815-1,https://eresources.nlb.gov.sg/newspapers/digitised/issue/straitstimes19870814-1,newspaper_archive,newspaper_archive,2,1,0.4669
https://eresources.nlb.gov.sg/newspapers/digitised/issue/straitstimes19800815-1,https://eresources.nlb.gov.sg/newspapers/digitised/issue/straitstimes19870905-1,newspaper_archive,newspaper_archive,2,1,0.4389
https://eresources.nlb.gov.sg/newspapers/digitised/issue/straitstimes19800815-1,https://linyu.tw/thirdgeneration/,newspaper_archive,food_blog_retrospective,2,1,0.3006
https://eresources.nlb.gov.sg/newspapers/digitised/issue/straitstimes19800815-1,https://m.zhms.cn/jmzs/39475/,newspaper_archive,franchise_portal,2,1,0.3186
https://eresources.nlb.gov.sg/newspapers/digitised/issue/straitstimes19800815-1,https://news.pchome.com.tw/public/pronews/20260527/index-77989075490386353016.html,newspaper_archive,local_news_food_business,2,1,0.3352
https://eresources.nlb.gov.sg/newspapers/digitised/issue/straitstimes19820424-1,https://eresources.nlb.gov.sg/newspapers/digitised/issue/straitstimes19951123-1,newspaper_archive,newspaper_archive,2,2,0.3023
https://eresources.nlb.gov.sg/newspapers/digitised/issue/straitstimes19820424-1,https://eresources.nlb.gov.sg/newspapers/digitised/issue/newpaper19951024-1,newspaper_archive,newspaper_archive,2,2,0.3427
https://eresources.nlb.gov.sg/newspapers/digitised/issue/straitstimes19820424-1,https://en.wikipedia.org/wiki/Taiwanese_cuisine,newspaper_archive,encyclopedic_secondary,2,1,0.3008
https://eresources.nlb.gov.sg/newspapers/digitised/issue/straitstimes19820424-1,https://eresources.nlb.gov.sg/newspapers/digitised/issue/biztimes19851018-1,newspaper_archive,newspaper_archive,2,1,0.3810
https://eresources.nlb.gov.sg/newspapers/digitised/issue/straitstimes19820424-1,https://eresources.nlb.gov.sg/newspapers/digitised/issue/straitstimes19721024-1,newspaper_archive,newspaper_archive,2,1,0.3706
https://eresources.nlb.gov.sg/newspapers/digitised/issue/straitstimes19820424-1,https://eresources.nlb.gov.sg/newspapers/digitised/issue/straitstimes19740505-1,newspaper_archive,newspaper_archive,2,1,0.3841
https://eresources.nlb.gov.sg/newspapers/digitised/issue/straitstimes19820424-1,https://eresources.nlb.gov.sg/newspapers/digitised/issue/straitstimes19750419-1,newspaper_archive,newspaper_archive,2,1,0.3240
https://eresources.nlb.gov.sg/newspapers/digitised/issue/straitstimes19820424-1,https://eresources.nlb.gov.sg/newspapers/digitised/issue/straitstimes19810124-1,newspaper_archive,newspaper_archive,2,1,0.3687
https://eresources.nlb.gov.sg/newspapers/digitised/issue/straitstimes19820424-1,https://eresources.nlb.gov.sg/newspapers/digitised/issue/straitstimes19860123-1,newspaper_archive,newspaper_archive,2,1,0.3037
https://eresources.nlb.gov.sg/newspapers/digitised/issue/straitstimes19820424-1,https://forbesjapan.com/articles/detail/46596/page2,newspaper_archive,food_media_secondary,2,1,0.3293
https://eresources.nlb.gov.sg/newspapers/digitised/issue/straitstimes19850826-1,https://eresources.nlb.gov.sg/newspapers/digitised/issue/straitstimes19850928-1,newspaper_archive,newspaper_archive,2,2,0.7361
https://eresources.nlb.gov.sg/newspapers/digitised/issue/straitstimes19850826-1,https://eresources.nlb.gov.sg/newspapers/digitised/issue/straitstimes19851018-1,newspaper_archive,newspaper_archive,2,2,0.3575
https://eresources.nlb.gov.sg/newspapers/digitised/issue/straitstimes19850826-1,https://www.jiemian.com/article/13682740.html,newspaper_archive,food_industry_media,2,2,0.3077
https://eresources.nlb.gov.sg/newspapers/digitised/issue/straitstimes19850826-1,https://eresources.nlb.gov.sg/newspapers/digitised/issue/straitstimes20101031-1,newspaper_archive,newspaper_archive,2,2,0.3147
https://eresources.nlb.gov.sg/newspapers/digitised/issue/straitstimes19850826-1,https://en.wikipedia.org/wiki/Taiwanese_cuisine,newspaper_archive,encyclopedic_secondary,2,1,0.3129
https://eresources.nlb.gov.sg/newspapers/digitised/issue/straitstimes19850826-1,https://enlifesun.com/2021-04-23-1955/,newspaper_archive,food_blog_retrospective,2,1,0.3186
https://eresources.nlb.gov.sg/newspapers/digitised/issue/straitstimes19850826-1,https://eresources.nlb.gov.sg/newspapers/digitised/issue/straitstimes19810124-1,newspaper_archive,newspaper_archive,2,1,0.3190
https://eresources.nlb.gov.sg/newspapers/digitised/issue/straitstimes19850826-1,https://eresources.nlb.gov.sg/newspapers/digitised/issue/straitstimes19861207-1,newspaper_archive,newspaper_archive,2,1,0.4569
https://eresources.nlb.gov.sg/newspapers/digitised/issue/straitstimes19850826-1,https://eresources.nlb.gov.sg/newspapers/digitised/issue/straitstimes19870814-1,newspaper_archive,newspaper_archive,2,1,0.4307
https://eresources.nlb.gov.sg/newspapers/digitised/issue/straitstimes19850826-1,https://eresources.nlb.gov.sg/newspapers/digitised/issue/straitstimes19870905-1,newspaper_archive,newspaper_archive,2,1,0.3900
https://eresources.nlb.gov.sg/newspapers/digitised/issue/straitstimes19850826-1,https://foodintainan.com.tw/uprichdishes/,newspaper_archive,local_food_media,2,1,0.3629
https://eresources.nlb.gov.sg/newspapers/digitised/issue/straitstimes19850928-1,https://eresources.nlb.gov.sg/newspapers/digitised/issue/straitstimes19851018-1,newspaper_archive,newspaper_archive,2,2,0.3866
https://eresources.nlb.gov.sg/newspapers/digitised/issue/straitstimes19850928-1,https://www.jiemian.com/article/13682740.html,newspaper_archive,food_industry_media,2,2,0.3341
https://eresources.nlb.gov.sg/newspapers/digitised/issue/straitstimes19850928-1,https://eresources.nlb.gov.sg/newspapers/digitised/issue/straitstimes20101031-1,newspaper_archive,newspaper_archive,2,2,0.3545
https://eresources.nlb.gov.sg/newspapers/digitised/issue/straitstimes19850928-1,https://en.wikipedia.org/wiki/Taiwanese_cuisine,newspaper_archive,encyclopedic_secondary,2,1,0.3325
https://eresources.nlb.gov.sg/newspapers/digitised/issue/straitstimes19850928-1,https://enlifesun.com/2021-04-23-1955/,newspaper_archive,food_blog_retrospective,2,1,0.3246
https://eresources.nlb.gov.sg/newspapers/digitised/issue/straitstimes19850928-1,https://eresources.nlb.gov.sg/newspapers/digitised/issue/biztimes19870320-1,newspaper_archive,newspaper_archive,2,1,0.3501
https://eresources.nlb.gov.sg/newspapers/digitised/issue/straitstimes19850928-1,https://eresources.nlb.gov.sg/newspapers/digitised/issue/biztimes19870612-1,newspaper_archive,newspaper_archive,2,1,0.3073
https://eresources.nlb.gov.sg/newspapers/digitised/issue/straitstimes19850928-1,https://eresources.nlb.gov.sg/newspapers/digitised/issue/straitstimes19740505-1,newspaper_archive,newspaper_archive,2,1,0.3022
https://eresources.nlb.gov.sg/newspapers/digitised/issue/straitstimes19850928-1,https://eresources.nlb.gov.sg/newspapers/digitised/issue/straitstimes19810124-1,newspaper_archive,newspaper_archive,2,1,0.3401
https://eresources.nlb.gov.sg/newspapers/digitised/issue/straitstimes19850928-1,https://eresources.nlb.gov.sg/newspapers/digitised/issue/straitstimes19861207-1,newspaper_archive,newspaper_archive,2,1,0.4886
https://eresources.nlb.gov.sg/newspapers/digitised/issue/straitstimes19850928-1,https://eresources.nlb.gov.sg/newspapers/digitised/issue/straitstimes19870814-1,newspaper_archive,newspaper_archive,2,1,0.4921
https://eresources.nlb.gov.sg/newspapers/digitised/issue/straitstimes19850928-1,https://eresources.nlb.gov.sg/newspapers/digitised/issue/straitstimes19870905-1,newspaper_archive,newspaper_archive,2,1,0.4578
https://eresources.nlb.gov.sg/newspapers/digitised/issue/straitstimes19850928-1,https://journey.tw/chous/,newspaper_archive,travel_food_retrospective,2,1,0.3005
https://eresources.nlb.gov.sg/newspapers/digitised/issue/straitstimes19850928-1,https://khh.travel/zh-tw/shop/gourmet/788/,newspaper_archive,municipal_tourism,2,1,0.3080
https://eresources.nlb.gov.sg/newspapers/digitised/issue/straitstimes19850928-1,https://pbear.tw/%E6%B0%B8%E9%80%9A%E8%99%B1%E7%9B%AE%E9%AD%9A%E7%B2%A5/,newspaper_archive,food_blog_retrospective,2,1,0.3271
https://eresources.nlb.gov.sg/newspapers/digitised/issue/straitstimes19851018-1,https://eresources.nlb.gov.sg/newspapers/digitised/issue/straitstimes19860613-1,newspaper_archive,newspaper_archive,2,2,0.3469
https://eresources.nlb.gov.sg/newspapers/digitised/issue/straitstimes19851018-1,https://eresources.nlb.gov.sg/newspapers/digitised/issue/straitstimes20101031-1,newspaper_archive,newspaper_archive,2,2,0.3426
https://eresources.nlb.gov.sg/newspapers/digitised/issue/straitstimes19851018-1,https://eresources.nlb.gov.sg/newspapers/digitised/issue/straitstimes19860123-1,newspaper_archive,newspaper_archive,2,1,0.3349
https://eresources.nlb.gov.sg/newspapers/digitised/issue/straitstimes19851018-1,https://eresources.nlb.gov.sg/newspapers/digitised/issue/straitstimes19861207-1,newspaper_archive,newspaper_archive,2,1,0.4431
https://eresources.nlb.gov.sg/newspapers/digitised/issue/straitstimes19851018-1,https://eresources.nlb.gov.sg/newspapers/digitised/issue/straitstimes19870814-1,newspaper_archive,newspaper_archive,2,1,0.4057
https://eresources.nlb.gov.sg/newspapers/digitised/issue/straitstimes19851018-1,https://eresources.nlb.gov.sg/newspapers/digitised/issue/straitstimes19870905-1,newspaper_archive,newspaper_archive,2,1,0.4391
https://eresources.nlb.gov.sg/newspapers/digitised/issue/straitstimes19860613-1,https://eresources.nlb.gov.sg/newspapers/digitised/issue/straitstimes19951123-1,newspaper_archive,newspaper_archive,2,2,0.3408
https://eresources.nlb.gov.sg/newspapers/digitised/issue/straitstimes19860613-1,https://eresources.nlb.gov.sg/newspapers/digitised/issue/straitstimes20160619-1,newspaper_archive,newspaper_archive,2,2,0.3111
https://eresources.nlb.gov.sg/newspapers/digitised/issue/straitstimes19860613-1,https://en.wikipedia.org/wiki/Taiwanese_cuisine,newspaper_archive,encyclopedic_secondary,2,1,0.3230
https://eresources.nlb.gov.sg/newspapers/digitised/issue/straitstimes19860613-1,https://eresources.nlb.gov.sg/newspapers/digitised/issue/biztimes19870320-1,newspaper_archive,newspaper_archive,2,1,0.3416
https://eresources.nlb.gov.sg/newspapers/digitised/issue/straitstimes19860613-1,https://eresources.nlb.gov.sg/newspapers/digitised/issue/straitstimes19861207-1,newspaper_archive,newspaper_archive,2,1,0.3953
https://eresources.nlb.gov.sg/newspapers/digitised/issue/straitstimes19860613-1,https://eresources.nlb.gov.sg/newspapers/digitised/issue/straitstimes19870814-1,newspaper_archive,newspaper_archive,2,1,0.3875
https://eresources.nlb.gov.sg/newspapers/digitised/issue/straitstimes19860613-1,https://eresources.nlb.gov.sg/newspapers/digitised/issue/straitstimes19870905-1,newspaper_archive,newspaper_archive,2,1,0.3685
https://eresources.nlb.gov.sg/newspapers/digitised/issue/straitstimes19860613-1,https://news.pchome.com.tw/public/pronews/20260527/index-77989075490386353016.html,newspaper_archive,local_news_food_business,2,1,0.3411
https://eresources.nlb.gov.sg/newspapers/digitised/issue/straitstimes19861115-1,https://eresources.nlb.gov.sg/newspapers/digitised/issue/straitstimes19951123-1,newspaper_archive,newspaper_archive,2,2,0.3597
https://eresources.nlb.gov.sg/newspapers/digitised/issue/straitstimes19861115-1,https://eresources.nlb.gov.sg/newspapers/digitised/issue/straitstimes20101031-1,newspaper_archive,newspaper_archive,2,2,0.3362
https://eresources.nlb.gov.sg/newspapers/digitised/issue/straitstimes19861115-1,https://eresources.nlb.gov.sg/newspapers/digitised/issue/straitstimes20160619-1,newspaper_archive,newspaper_archive,2,2,0.3975
https://eresources.nlb.gov.sg/newspapers/digitised/issue/straitstimes19861115-1,https://eresources.nlb.gov.sg/newspapers/digitised/issue/biztimes19851018-1,newspaper_archive,newspaper_archive,2,1,0.3711
https://eresources.nlb.gov.sg/newspapers/digitised/issue/straitstimes19861115-1,https://eresources.nlb.gov.sg/newspapers/digitised/issue/biztimes19870320-1,newspaper_archive,newspaper_archive,2,1,0.3651
https://eresources.nlb.gov.sg/newspapers/digitised/issue/straitstimes19861115-1,https://eresources.nlb.gov.sg/newspapers/digitised/issue/biztimes19870612-1,newspaper_archive,newspaper_archive,2,1,0.3343
https://eresources.nlb.gov.sg/newspapers/digitised/issue/straitstimes19861115-1,https://eresources.nlb.gov.sg/newspapers/digitised/issue/straitstimes19810124-1,newspaper_archive,newspaper_archive,2,1,0.3291
https://eresources.nlb.gov.sg/newspapers/digitised/issue/straitstimes19861115-1,https://eresources.nlb.gov.sg/newspapers/digitised/issue/straitstimes19860619-1,newspaper_archive,newspaper_archive,2,1,0.3152
https://eresources.nlb.gov.sg/newspapers/digitised/issue/straitstimes19861115-1,https://eresources.nlb.gov.sg/newspapers/digitised/issue/straitstimes19861207-1,newspaper_archive,newspaper_archive,2,1,0.6560
https://eresources.nlb.gov.sg/newspapers/digitised/issue/straitstimes19861115-1,https://eresources.nlb.gov.sg/newspapers/digitised/issue/straitstimes19870814-1,newspaper_archive,newspaper_archive,2,1,0.6216
https://eresources.nlb.gov.sg/newspapers/digitised/issue/straitstimes19861115-1,https://eresources.nlb.gov.sg/newspapers/digitised/issue/straitstimes19870905-1,newspaper_archive,newspaper_archive,2,1,0.6250
https://eresources.nlb.gov.sg/newspapers/digitised/issue/straitstimes19861115-1,https://m.zhms.cn/jmzs/39475/,newspaper_archive,franchise_portal,2,1,0.3010
https://eresources.nlb.gov.sg/newspapers/digitised/issue/straitstimes19951123-1,https://eresources.nlb.gov.sg/newspapers/digitised/issue/streats20030819-1,newspaper_archive,newspaper_archive,2,2,0.3342
https://eresources.nlb.gov.sg/newspapers/digitised/issue/straitstimes19951123-1,https://eresources.nlb.gov.sg/newspapers/digitised/issue/straitstimes20101031-1,newspaper_archive,newspaper_archive,2,2,0.4343
https://eresources.nlb.gov.sg/newspapers/digitised/issue/straitstimes19951123-1,https://eresources.nlb.gov.sg/newspapers/digitised/issue/straitstimes20160619-1,newspaper_archive,newspaper_archive,2,2,0.3814
https://eresources.nlb.gov.sg/newspapers/digitised/issue/straitstimes19951123-1,https://cn.govopendata.com/renminribao/1987/11/5/3/,newspaper_archive,newspaper_archive,2,1,0.3500
https://eresources.nlb.gov.sg/newspapers/digitised/issue/straitstimes19951123-1,https://eresources.nlb.gov.sg/newspapers/digitised/issue/biztimes19851018-1,newspaper_archive,newspaper_archive,2,1,0.3818
https://eresources.nlb.gov.sg/newspapers/digitised/issue/straitstimes19951123-1,https://eresources.nlb.gov.sg/newspapers/digitised/issue/straitstimes19740505-1,newspaper_archive,newspaper_archive,2,1,0.3071
https://eresources.nlb.gov.sg/newspapers/digitised/issue/straitstimes19951123-1,https://eresources.nlb.gov.sg/newspapers/digitised/issue/straitstimes19870129-1,newspaper_archive,newspaper_archive,2,1,0.3125
https://eresources.nlb.gov.sg/newspapers/digitised/issue/straitstimes19951123-1,https://eresources.nlb.gov.sg/newspapers/digitised/issue/weekendeast19941111-1,newspaper_archive,newspaper_archive,2,1,0.3681
https://eresources.nlb.gov.sg/newspapers/digitised/issue/straitstimes19951123-1,https://i17fun.tw/fengshan-salty-rice-moss/,newspaper_archive,food_media_retrospective,2,1,0.3275
https://eresources.nlb.gov.sg/newspapers/digitised/issue/straitstimes19951123-1,https://news.pchome.com.tw/public/pronews/20260527/index-77989075490386353016.html,newspaper_archive,local_news_food_business,2,1,0.3022
https://eresources.nlb.gov.sg/newspapers/digitised/issue/straitstimes19951123-1,https://newsdig.tbs.co.jp/articles/cbc/409918?display=1,newspaper_archive,media_obituary,2,1,0.3052
https://hobblecreek.us/blog/entry/din-tai-fung-sightings,https://m.tech.china.com/hea/hea/20250219/202502191638717.html,restaurant_history_secondary,media_report,2,2,0.3098
https://hobblecreek.us/blog/entry/din-tai-fung-sightings,https://en.wikipedia.org/wiki/Taiwanese_Americans,restaurant_history_secondary,encyclopedic_secondary,2,1,0.3333
https://hobblecreek.us/blog/entry/din-tai-fung-sightings,https://en.wikipedia.org/wiki/Taiwanese_cuisine,restaurant_history_secondary,encyclopedic_secondary,2,1,0.3284
https://hobblecreek.us/blog/entry/din-tai-fung-sightings,https://enlifesun.com/2021-04-23-1955/,restaurant_history_secondary,food_blog_retrospective,2,1,0.3247
https://hobblecreek.us/blog/entry/din-tai-fung-sightings,https://eresources.nlb.gov.sg/newspapers/digitised/issue/biztimes19870320-1,restaurant_history_secondary,newspaper_archive,2,1,0.3036
https://hobblecreek.us/blog/entry/din-tai-fung-sightings,https://foodintainan.com.tw/uprichdishes/,restaurant_history_secondary,local_food_media,2,1,0.3182
https://hobblecreek.us/blog/entry/din-tai-fung-sightings,https://i17fun.tw/fengshan-salty-rice-moss/,restaurant_history_secondary,food_media_retrospective,2,1,0.3068
https://hobblecreek.us/blog/entry/din-tai-fung-sightings,https://ifoodie.tw/en/post/60b7b416a6272846a04cdde3,restaurant_history_secondary,food_media_retrospective,2,1,0.3202
https://hobblecreek.us/blog/entry/din-tai-fung-sightings,https://matadornetwork.com/read/chinatown-nyc-restaurants/,restaurant_history_secondary,travel_history_article,2,1,0.3630
https://hobblecreek.us/blog/entry/din-tai-fung-sightings,https://paper.people.com.cn/rmrbhwb/page/2019-05/17/11/rmrbhwb2019051711.pdf,restaurant_history_secondary,newspaper_archive,2,1,0.3418
https://hobblecreek.us/blog/entry/din-tai-fung-sightings,https://paper.udn.com/udnpaper/POD0004/306283/web/,restaurant_history_secondary,municipal_media,2,1,0.3395
https://hub.tmu.edu.tw/en/publications/when-little-island-cuisine-encountered-chinese-food-the-evolution-2/,https://www.chinatimes.com/amp/newspapers/20100430000926-260301,academic_secondary,newspaper_report,2,2,0.3588
https://hub.tmu.edu.tw/en/publications/when-little-island-cuisine-encountered-chinese-food-the-evolution-2/,https://eresources.nlb.gov.sg/newspapers/digitised/issue/newpaper19951024-1,academic_secondary,newspaper_archive,2,2,0.3048
https://hub.tmu.edu.tw/en/publications/when-little-island-cuisine-encountered-chinese-food-the-evolution-2/,https://eresources.nlb.gov.sg/newspapers/digitised/issue/straitstimes20101031-1,academic_secondary,newspaper_archive,2,2,0.3229
https://hub.tmu.edu.tw/en/publications/when-little-island-cuisine-encountered-chinese-food-the-evolution-2/,https://eresources.nlb.gov.sg/newspapers/digitised/issue/straitstimes20160619-1,academic_secondary,newspaper_archive,2,2,0.3535
https://hub.tmu.edu.tw/en/publications/when-little-island-cuisine-encountered-chinese-food-the-evolution-2/,https://cn.govopendata.com/renminribao/1987/11/5/3/,academic_secondary,newspaper_archive,2,1,0.3315
https://hub.tmu.edu.tw/en/publications/when-little-island-cuisine-encountered-chinese-food-the-evolution-2/,https://en.wikipedia.org/wiki/Taiwanese_cuisine,academic_secondary,encyclopedic_secondary,2,1,0.3324
https://hub.tmu.edu.tw/en/publications/when-little-island-cuisine-encountered-chinese-food-the-evolution-2/,https://eresources.nlb.gov.sg/newspapers/digitised/issue/biztimes19870320-1,academic_secondary,newspaper_archive,2,1,0.3224
https://hub.tmu.edu.tw/en/publications/when-little-island-cuisine-encountered-chinese-food-the-evolution-2/,https://eresources.nlb.gov.sg/newspapers/digitised/issue/biztimes19870612-1,academic_secondary,newspaper_archive,2,1,0.3165
https://hub.tmu.edu.tw/en/publications/when-little-island-cuisine-encountered-chinese-food-the-evolution-2/,https://eresources.nlb.gov.sg/newspapers/digitised/issue/straitstimes19861207-1,academic_secondary,newspaper_archive,2,1,0.3182
https://hub.tmu.edu.tw/en/publications/when-little-island-cuisine-encountered-chinese-food-the-evolution-2/,https://eresources.nlb.gov.sg/newspapers/digitised/issue/straitstimes19870905-1,academic_secondary,newspaper_archive,2,1,0.3217
https://hub.tmu.edu.tw/en/publications/when-little-island-cuisine-encountered-chinese-food-the-evolution-2/,https://forbesjapan.com/articles/detail/46596/page2,academic_secondary,food_media_secondary,2,1,0.3047
https://m.tech.china.com/hea/hea/20250219/202502191638717.html,https://ameblo.jp/karin0321/entry-12620231263.html,media_report,food_media_retrospective,2,1,0.3145
https://m.tech.china.com/hea/hea/20250219/202502191638717.html,https://ameblo.jp/musuiteisyujinn/entry-12849342808.html,media_report,food_media_retrospective,2,1,0.3596
https://m.tech.china.com/hea/hea/20250219/202502191638717.html,https://ciaoz.tw/yungtung-milkfish/,media_report,food_blog_retrospective,2,1,0.3345
https://m.tech.china.com/hea/hea/20250219/202502191638717.html,https://cn.govopendata.com/renminribao/1987/8/11/2/,media_report,newspaper_archive,2,1,0.3345
https://m.tech.china.com/hea/hea/20250219/202502191638717.html,https://en.wikipedia.org/wiki/Taiwanese_cuisine,media_report,encyclopedic_secondary,2,1,0.3192
https://m.tech.china.com/hea/hea/20250219/202502191638717.html,https://forbesjapan.com/articles/detail/46596/page2,media_report,food_media_secondary,2,1,0.3578
https://m.tech.china.com/hea/hea/20250219/202502191638717.html,https://friendlystore.taipei/index.php/property/7552/tw,media_report,municipal_accessibility_listing,2,1,0.3484
https://m.tech.china.com/hea/hea/20250219/202502191638717.html,https://h5.awsprod.99ranch.com/about-us,media_report,official_company_profile,2,1,0.3544
https://m.tech.china.com/hea/hea/20250219/202502191638717.html,https://i17fun.tw/fengshan-salty-rice-moss/,media_report,food_media_retrospective,2,1,0.3899
https://m.tech.china.com/hea/hea/20250219/202502191638717.html,https://ifoodie.tw/en/post/60b7b416a6272846a04cdde3,media_report,food_media_retrospective,2,1,0.3165
https://m.tech.china.com/hea/hea/20250219/202502191638717.html,https://ihappyday.tw/blog/post/old-mother-noodle,media_report,food_media_retrospective,2,1,0.3885
https://m.tech.china.com/hea/hea/20250219/202502191638717.html,https://ikachalife.com/34729,media_report,food_blog_retrospective,2,1,0.3007
https://m.tech.china.com/hea/hea/20250219/202502191638717.html,https://inmap.tw/archives/69040,media_report,food_media_retrospective,2,1,0.3438
https://m.tech.china.com/hea/hea/20250219/202502191638717.html,https://khguide.com/%E9%98%BF%E8%8B%B1%E6%8E%92%E9%AA%A8%E9%A3%AF/,media_report,food_blog_retrospective,2,1,0.3123
https://m.tech.china.com/hea/hea/20250219/202502191638717.html,https://khh.travel/zh-tw/shop/gourmet/778/,media_report,official_tourism_profile,2,1,0.3150
https://m.tech.china.com/hea/hea/20250219/202502191638717.html,https://kiichiroyoshimoto.jp/2025/06/05/%E9%BA%97%E9%83%B7%E3%83%BB%E6%B8%8B%E8%B0%B7%E9%81%93%E7%8E%84%E5%9D%82%E5%B0%8F%E8%B7%AF-1984%E2%87%942025/,media_report,food_media_retrospective,2,1,0.3045
https://m.tech.china.com/hea/hea/20250219/202502191638717.html,https://lordcat.net/archives/365,media_report,food_media_retrospective,2,1,0.3023
https://m.tech.china.com/hea/hea/20250219/202502191638717.html,https://m.918canyin.com/gxstwrrf/,media_report,franchise_portal,2,1,0.3831
https://m.tech.china.com/hea/hea/20250219/202502191638717.html,https://m.ccas.com.cn/site/content/95431.html,media_report,industry_association_report,2,1,0.3297
https://m.tech.china.com/hea/hea/20250219/202502191638717.html,https://pbear.tw/%E6%B0%B8%E9%80%9A%E8%99%B1%E7%9B%AE%E9%AD%9A%E7%B2%A5/,media_report,food_blog_retrospective,2,1,0.3125
https://m.tech.china.com/hea/hea/20250219/202502191638717.html,https://rainieis.tw/2017-08-29-307/,media_report,food_blog_retrospective,2,1,0.3140
https://muzi.com.tw/streetfood-newtaipei-5dengjiang/,https://aball.tw/shi-sesame-chicken/,food_media_retrospective,food_blog_retrospective,2,1,0.3881
https://muzi.com.tw/streetfood-newtaipei-5dengjiang/,https://ciaoz.tw/yungtung-milkfish/,food_media_retrospective,food_blog_retrospective,2,1,0.3360
https://muzi.com.tw/streetfood-newtaipei-5dengjiang/,https://cn.govopendata.com/renminribao/1987/11/5/3/,food_media_retrospective,newspaper_archive,2,1,0.3125
https://muzi.com.tw/streetfood-newtaipei-5dengjiang/,https://foodintainan.com.tw/uprichdishes/,food_media_retrospective,local_food_media,2,1,0.3511
https://muzi.com.tw/streetfood-newtaipei-5dengjiang/,https://i17fun.tw/fengshan-salty-rice-moss/,food_media_retrospective,food_media_retrospective,2,1,0.3399
https://muzi.com.tw/streetfood-newtaipei-5dengjiang/,https://ifoodie.tw/en/post/60b7b416a6272846a04cdde3,food_media_retrospective,food_media_retrospective,2,1,0.3117
https://muzi.com.tw/streetfood-newtaipei-5dengjiang/,https://inmap.tw/archives/69040,food_media_retrospective,food_media_retrospective,2,1,0.3824
https://muzi.com.tw/streetfood-newtaipei-5dengjiang/,https://journey.tw/chous/,food_media_retrospective,travel_food_retrospective,2,1,0.3109
https://muzi.com.tw/streetfood-newtaipei-5dengjiang/,https://khh.travel/zh-tw/shop/gourmet/788/,food_media_retrospective,municipal_tourism,2,1,0.3583
https://muzi.com.tw/streetfood-newtaipei-5dengjiang/,https://rainieis.tw/2017-08-29-307/,food_media_retrospective,food_blog_retrospective,2,1,0.3255
https://paper.udn.com/udnpaper/PIA0028/355829/web/,https://udn.com/news/story/121721/7331063,media_report,news_feature,2,2,0.3810
https://paper.udn.com/udnpaper/PIA0028/355829/web/,https://aball.tw/shi-sesame-chicken/,media_report,food_blog_retrospective,2,1,0.3174
https://paper.udn.com/udnpaper/PIA0028/355829/web/,https://ciaoz.tw/yungtung-milkfish/,media_report,food_blog_retrospective,2,1,0.3675
https://paper.udn.com/udnpaper/PIA0028/355829/web/,https://cn.govopendata.com/renminribao/1987/11/5/3/,media_report,newspaper_archive,2,1,0.3343
https://paper.udn.com/udnpaper/PIA0028/355829/web/,https://en.wikipedia.org/wiki/Taiwanese_cuisine,media_report,encyclopedic_secondary,2,1,0.3017
https://paper.udn.com/udnpaper/PIA0028/355829/web/,https://forbesjapan.com/articles/detail/46596/page2,media_report,food_media_secondary,2,1,0.3265
https://paper.udn.com/udnpaper/PIA0028/355829/web/,https://h5.awsprod.99ranch.com/about-us,media_report,official_company_profile,2,1,0.3125
https://paper.udn.com/udnpaper/PIA0028/355829/web/,https://i17fun.tw/fengshan-salty-rice-moss/,media_report,food_media_retrospective,2,1,0.3144
https://paper.udn.com/udnpaper/PIA0028/355829/web/,https://ifoodie.tw/en/post/60b7b416a6272846a04cdde3,media_report,food_media_retrospective,2,1,0.3391
https://paper.udn.com/udnpaper/PIA0028/355829/web/,https://ihappyday.tw/blog/post/old-mother-noodle,media_report,food_media_retrospective,2,1,0.3233
https://paper.udn.com/udnpaper/PIA0028/355829/web/,https://ikachalife.com/34729,media_report,food_blog_retrospective,2,1,0.3361
https://paper.udn.com/udnpaper/PIA0028/355829/web/,https://journey.tw/chous/,media_report,travel_food_retrospective,2,1,0.3095
https://paper.udn.com/udnpaper/PIA0028/355829/web/,https://khguide.com/%E9%98%BF%E8%8B%B1%E6%8E%92%E9%AA%A8%E9%A3%AF/,media_report,food_blog_retrospective,2,1,0.3750
https://paper.udn.com/udnpaper/PIA0028/355829/web/,https://khh.travel/zh-tw/shop/gourmet/778/,media_report,official_tourism_profile,2,1,0.3025
https://paper.udn.com/udnpaper/PIA0028/355829/web/,https://m.918canyin.com/gxstwrrf/,media_report,franchise_portal,2,1,0.3077
https://paper.udn.com/udnpaper/PIA0028/355829/web/,https://m.ccas.com.cn/site/content/95431.html,media_report,industry_association_report,2,1,0.3576
https://paper.udn.com/udnpaper/PIA0028/355829/web/,https://m.zhms.cn/jmzs/39475/,media_report,franchise_portal,2,1,0.3114
https://paper.udn.com/udnpaper/PIA0028/355829/web/,https://paper.people.com.cn/rmrbhwb/page/2019-05/17/11/rmrbhwb2019051711.pdf,media_report,newspaper_archive,2,1,0.3063
https://paper.udn.com/udnpaper/PIA0028/355829/web/,https://pbear.tw/%E6%B0%B8%E9%80%9A%E8%99%B1%E7%9B%AE%E9%AD%9A%E7%B2%A5/,media_report,food_blog_retrospective,2,1,0.3127
https://paper.udn.com/udnpaper/PIA0028/355829/web/,https://rainieis.tw/2017-08-29-307/,media_report,food_blog_retrospective,2,1,0.3256
https://smiletaiwan.cw.com.tw/article/5185,https://enlifesun.com/2021-04-23-1955/,travel_feature,food_blog_retrospective,2,1,0.3116
https://smiletaiwan.cw.com.tw/article/5185,https://i17fun.tw/fengshan-salty-rice-moss/,travel_feature,food_media_retrospective,2,1,0.3394
https://smiletaiwan.cw.com.tw/article/5185,https://ifoodie.tw/en/post/60b7b416a6272846a04cdde3,travel_feature,food_media_retrospective,2,1,0.3088
https://smiletaiwan.cw.com.tw/article/5185,https://ihappyday.tw/blog/post/old-mother-noodle,travel_feature,food_media_retrospective,2,1,0.3151
https://smiletaiwan.cw.com.tw/article/5185,https://khguide.com/%E9%98%BF%E8%8B%B1%E6%8E%92%E9%AA%A8%E9%A3%AF/,travel_feature,food_blog_retrospective,2,1,0.3059
https://smiletaiwan.cw.com.tw/article/5185,https://m.zhms.cn/jmzs/39475/,travel_feature,franchise_portal,2,1,0.3047
https://smiletaiwan.cw.com.tw/article/5185,https://news.pchome.com.tw/public/pronews/20260527/index-77989075490386353016.html,travel_feature,local_news_food_business,2,1,0.3017
https://smiletaiwan.cw.com.tw/article/5185,https://rainieis.tw/2017-08-29-307/,travel_feature,food_blog_retrospective,2,1,0.3501
https://supertaste.tvbs.com.tw/infocard/7196,https://udn.com/news/story/121721/7331063,food_tv_listing,news_feature,2,2,0.3353
https://supertaste.tvbs.com.tw/infocard/7196,https://en.wikipedia.org/wiki/Taiwanese_Americans,food_tv_listing,encyclopedic_secondary,2,1,0.3082
https://supertaste.tvbs.com.tw/infocard/7196,https://foodintainan.com.tw/uprichdishes/,food_tv_listing,local_food_media,2,1,0.3831
https://supertaste.tvbs.com.tw/infocard/7196,https://friendlystore.taipei/index.php/property/7552/tw,food_tv_listing,municipal_accessibility_listing,2,1,0.3547
https://supertaste.tvbs.com.tw/infocard/7196,https://i17fun.tw/fengshan-salty-rice-moss/,food_tv_listing,food_media_retrospective,2,1,0.3352
https://supertaste.tvbs.com.tw/infocard/7196,https://ifoodie.tw/en/post/60b7b416a6272846a04cdde3,food_tv_listing,food_media_retrospective,2,1,0.3323
https://supertaste.tvbs.com.tw/infocard/7196,https://ihappyday.tw/blog/post/old-mother-noodle,food_tv_listing,food_media_retrospective,2,1,0.3277
https://supertaste.tvbs.com.tw/infocard/7196,https://ikachalife.com/34729,food_tv_listing,food_blog_retrospective,2,1,0.3064
https://supertaste.tvbs.com.tw/infocard/7196,https://inmap.tw/archives/69040,food_tv_listing,food_media_retrospective,2,1,0.4167
https://supertaste.tvbs.com.tw/infocard/7196,https://journey.tw/chous/,food_tv_listing,travel_food_retrospective,2,1,0.3609
https://supertaste.tvbs.com.tw/infocard/7196,https://khguide.com/%E9%98%BF%E8%8B%B1%E6%8E%92%E9%AA%A8%E9%A3%AF/,food_tv_listing,food_blog_retrospective,2,1,0.3343
https://supertaste.tvbs.com.tw/infocard/7196,https://khh.travel/zh-tw/shop/gourmet/778/,food_tv_listing,official_tourism_profile,2,1,0.3259
https://supertaste.tvbs.com.tw/infocard/7196,https://m.zhms.cn/jmzs/39475/,food_tv_listing,franchise_portal,2,1,0.3096
https://supertaste.tvbs.com.tw/infocard/7196,https://news.pchome.com.tw/public/pronews/20260527/index-77989075490386353016.html,food_tv_listing,local_news_food_business,2,1,0.3000
https://supertaste.tvbs.com.tw/infocard/7196,https://newsdig.tbs.co.jp/articles/cbc/409918?display=1,food_tv_listing,media_obituary,2,1,0.3086
https://supertaste.tvbs.com.tw/infocard/7196,https://nigi33.tw/2014-01-07-387/,food_tv_listing,food_blog_retrospective,2,1,0.3631
https://supertaste.tvbs.com.tw/infocard/7196,https://rainieis.tw/2017-08-29-307/,food_tv_listing,food_blog_retrospective,2,1,0.3544
https://www.cbsnews.com/losangeles/news/best-taiwanese-restaurants-in-the-san-gabriel-valley/,https://eresources.nlb.gov.sg/newspapers/digitised/issue/newpaper19951024-1,local_news_food_guide,newspaper_archive,2,2,0.3237
https://www.cbsnews.com/losangeles/news/best-taiwanese-restaurants-in-the-san-gabriel-valley/,https://eresources.nlb.gov.sg/newspapers/digitised/issue/streats20030819-1,local_news_food_guide,newspaper_archive,2,2,0.3026
https://www.cbsnews.com/losangeles/news/best-taiwanese-restaurants-in-the-san-gabriel-valley/,https://eresources.nlb.gov.sg/newspapers/digitised/issue/straitstimes20160619-1,local_news_food_guide,newspaper_archive,2,2,0.3341
https://www.cbsnews.com/losangeles/news/best-taiwanese-restaurants-in-the-san-gabriel-valley/,https://aball.tw/shi-sesame-chicken/,local_news_food_guide,food_blog_retrospective,2,1,0.3105
https://www.cbsnews.com/losangeles/news/best-taiwanese-restaurants-in-the-san-gabriel-valley/,https://ameblo.jp/musuiteisyujinn/entry-12849342808.html,local_news_food_guide,food_media_retrospective,2,1,0.3297
https://www.cbsnews.com/losangeles/news/best-taiwanese-restaurants-in-the-san-gabriel-valley/,https://en.wikipedia.org/wiki/Taiwanese_cuisine,local_news_food_guide,encyclopedic_secondary,2,1,0.3366
https://www.cbsnews.com/losangeles/news/best-taiwanese-restaurants-in-the-san-gabriel-valley/,https://eresources.nlb.gov.sg/newspapers/digitised/issue/biztimes19851018-1,local_news_food_guide,newspaper_archive,2,1,0.3077
https://www.cbsnews.com/losangeles/news/best-taiwanese-restaurants-in-the-san-gabriel-valley/,https://foodintainan.com.tw/uprichdishes/,local_news_food_guide,local_food_media,2,1,0.3399
https://www.cbsnews.com/losangeles/news/best-taiwanese-restaurants-in-the-san-gabriel-valley/,https://forbesjapan.com/articles/detail/46596/page2,local_news_food_guide,food_media_secondary,2,1,0.3196
https://www.cbsnews.com/losangeles/news/best-taiwanese-restaurants-in-the-san-gabriel-valley/,https://h5.awsprod.99ranch.com/about-us,local_news_food_guide,official_company_profile,2,1,0.3256
https://www.cbsnews.com/losangeles/news/best-taiwanese-restaurants-in-the-san-gabriel-valley/,https://journey.tw/chous/,local_news_food_guide,travel_food_retrospective,2,1,0.3089
https://www.cbsnews.com/losangeles/news/best-taiwanese-restaurants-in-the-san-gabriel-valley/,https://linyu.tw/thirdgeneration/,local_news_food_guide,food_blog_retrospective,2,1,0.3406
https://www.cbsnews.com/losangeles/news/best-taiwanese-restaurants-in-the-san-gabriel-valley/,https://m.zhms.cn/jmzs/39475/,local_news_food_guide,franchise_portal,2,1,0.3158
https://www.cbsnews.com/losangeles/news/best-taiwanese-restaurants-in-the-san-gabriel-valley/,https://news.pchome.com.tw/public/pronews/20260527/index-77989075490386353016.html,local_news_food_guide,local_news_food_business,2,1,0.3341
https://www.chinatimes.com/amp/newspapers/20100430000926-260301,https://eresources.nlb.gov.sg/newspapers/digitised/issue/straitstimes20160619-1,newspaper_report,newspaper_archive,2,2,0.3090
https://www.chinatimes.com/amp/newspapers/20100430000926-260301,https://udn.com/news/story/121721/7331063,newspaper_report,news_feature,2,2,0.3088
https://www.chinatimes.com/amp/newspapers/20100430000926-260301,https://eresources.nlb.gov.sg/newspapers/digitised/issue/biztimes19870612-1,newspaper_report,newspaper_archive,2,1,0.3231
https://www.chinatimes.com/amp/newspapers/20100430000926-260301,https://eresources.nlb.gov.sg/newspapers/digitised/issue/straitstimes19870905-1,newspaper_report,newspaper_archive,2,1,0.3217
https://www.chinatimes.com/amp/newspapers/20100430000926-260301,https://khh.travel/zh-tw/shop/gourmet/1143,newspaper_report,official_tourism_profile,2,1,0.3307
https://www.chinatimes.com/amp/newspapers/20100430000926-260301,https://m.ccas.com.cn/site/content/95431.html,newspaper_report,industry_association_report,2,1,0.3333
https://www.chinatimes.com/amp/newspapers/20100430000926-260301,https://paper.udn.com/udnpaper/PIA0028/355829/web,newspaper_report,media_report,2,1,0.3167
https://www.chunshuitang.com.tw/drink/innovation/,https://eresources.nlb.gov.sg/newspapers/digitised/issue/streats20030819-1,official_product_history,newspaper_archive,2,2,0.3144
https://www.chunshuitang.com.tw/drink/innovation/,https://forbesjapan.com/articles/detail/46596/page2,official_product_history,food_media_secondary,2,1,0.3420
https://www.chunshuitang.com.tw/drink/innovation/,https://khh.travel/zh-tw/shop/gourmet/788/,official_product_history,municipal_tourism,2,1,0.3048
https://www.chunshuitang.com.tw/drink/innovation/,https://lordcat.net/archives/365,official_product_history,food_media_retrospective,2,1,0.3254
https://www.city.minato.tokyo.jp/shibachikusei/shiba/koho/documents/shiba45.pdf,https://ameblo.jp/musuiteisyujinn/entry-12849342808.html,local_government_magazine,food_media_retrospective,2,1,0.3283
https://www.city.minato.tokyo.jp/shibachikusei/shiba/koho/documents/shiba45.pdf,https://h5.awsprod.99ranch.com/about-us,local_government_magazine,official_company_profile,2,1,0.3117
https://www.city.minato.tokyo.jp/shibachikusei/shiba/koho/documents/shiba45.pdf,https://ifoodie.tw/en/post/60b7b416a6272846a04cdde3,local_government_magazine,food_media_retrospective,2,1,0.3146
https://www.city.minato.tokyo.jp/shibachikusei/shiba/koho/documents/shiba45.pdf,https://ihappyday.tw/blog/post/old-mother-noodle,local_government_magazine,food_media_retrospective,2,1,0.3296
https://www.city.minato.tokyo.jp/shibachikusei/shiba/koho/documents/shiba45.pdf,https://ikachalife.com/34729,local_government_magazine,food_blog_retrospective,2,1,0.3034
https://www.jiemian.com/article/13682740.html,https://eresources.nlb.gov.sg/newspapers/digitised/issue/newpaper19951024-1,food_industry_media,newspaper_archive,2,2,0.3161
https://www.jiemian.com/article/13682740.html,https://cn.govopendata.com/renminribao/1987/8/11/2/,food_industry_media,newspaper_archive,2,1,0.3061
https://www.jiemian.com/article/13682740.html,https://enlifesun.com/2021-04-23-1955/,food_industry_media,food_blog_retrospective,2,1,0.3275
https://www.jiemian.com/article/13682740.html,https://eresources.nlb.gov.sg/newspapers/digitised/issue/straitstimes19861207-1,food_industry_media,newspaper_archive,2,1,0.3207
https://www.jiemian.com/article/13682740.html,https://eresources.nlb.gov.sg/newspapers/digitised/issue/straitstimes19870814-1,food_industry_media,newspaper_archive,2,1,0.3218
https://www.jiemian.com/article/13682740.html,https://eresources.nlb.gov.sg/newspapers/digitised/issue/straitstimes19870905-1,food_industry_media,newspaper_archive,2,1,0.3063
https://www.jiemian.com/article/13682740.html,https://h5.awsprod.99ranch.com/about-us,food_industry_media,official_company_profile,2,1,0.3006
https://www.jiemian.com/article/13682740.html,https://ihappyday.tw/blog/post/old-mother-noodle,food_industry_media,food_media_retrospective,2,1,0.3853
https://www.jiemian.com/article/13682740.html,https://m.ccas.com.cn/site/content/95431.html,food_industry_media,industry_association_report,2,1,0.3082
https://www.jiemian.com/article/13682740.html,https://m.zhms.cn/jmzs/39475/,food_industry_media,franchise_portal,2,1,0.4662
https://www.jiemian.com/article/13682740.html,https://news.pchome.com.tw/public/pronews/20260527/index-77989075490386353016.html,food_industry_media,local_news_food_business,2,1,0.3626
https://www.jiemian.com/article/13682740.html,https://newsdig.tbs.co.jp/articles/cbc/409918?display=1,food_industry_media,media_obituary,2,1,0.3367
https://www.jiemian.com/article/13682740.html,https://paper.udn.com/udnpaper/POD0004/306283/web/,food_industry_media,municipal_media,2,1,0.3762
https://www.jiemian.com/article/13682740.html,https://rainieis.tw/2017-08-29-307/,food_industry_media,food_blog_retrospective,2,1,0.3137
https://www.laweekly.com/10-best-taiwanese-restaurants-in-los-angeles/,https://en.wikipedia.org/wiki/Taiwanese_cuisine,food_guide,encyclopedic_secondary,2,1,0.3628
https://www.laweekly.com/10-best-taiwanese-restaurants-in-los-angeles/,https://forbesjapan.com/articles/detail/46596/page2,food_guide,food_media_secondary,2,1,0.4569
https://www.laweekly.com/10-best-taiwanese-restaurants-in-los-angeles/,https://linyu.tw/thirdgeneration/,food_guide,food_blog_retrospective,2,1,0.3021
https://www.walkerland.com.tw/article/view/190745,https://aball.tw/shi-sesame-chicken/,food_media_retrospective,food_blog_retrospective,2,1,0.3192
https://www.walkerland.com.tw/article/view/190745,https://forbesjapan.com/articles/detail/46596/page2,food_media_retrospective,food_media_secondary,2,1,0.3007
https://www.walkerland.com.tw/article/view/190745,https://inmap.tw/archives/69040,food_media_retrospective,food_media_retrospective,2,1,0.3105
https://www.walkerland.com.tw/article/view/190745,https://journey.tw/chous/,food_media_retrospective,travel_food_retrospective,2,1,0.3173
https://www.walkerland.com.tw/article/view/190745,https://khh.travel/zh-tw/shop/gourmet/788/,food_media_retrospective,municipal_tourism,2,1,0.3100
https://www.walkerland.com.tw/article/view/190745,https://linyu.tw/thirdgeneration/,food_media_retrospective,food_blog_retrospective,2,1,0.3704
https://www.walkerland.com.tw/article/view/190745,https://lordcat.net/archives/365,food_media_retrospective,food_media_retrospective,2,1,0.3191
https://www.walkerland.com.tw/article/view/190745,https://pbear.tw/%E6%B0%B8%E9%80%9A%E8%99%B1%E7%9B%AE%E9%AD%9A%E7%B2%A5/,food_media_retrospective,food_blog_retrospective,2,1,0.3242
https://eresources.nlb.gov.sg/newspapers/digitised/issue/straitstimes19931001-1,https://eresources.nlb.gov.sg/newspapers/digitised/issue/newpaper19951024-1,newspaper_archive,newspaper_archive,2,2,0.3607
https://eresources.nlb.gov.sg/newspapers/digitised/issue/straitstimes19931001-1,https://eresources.nlb.gov.sg/newspapers/digitised/issue/streats20030819-1,newspaper_archive,newspaper_archive,2,2,0.4537
https://eresources.nlb.gov.sg/newspapers/digitised/issue/straitstimes19931001-1,https://eresources.nlb.gov.sg/newspapers/digitised/issue/straitstimes20101031-1,newspaper_archive,newspaper_archive,2,2,0.3081
https://eresources.nlb.gov.sg/newspapers/digitised/issue/straitstimes19931001-1,https://eresources.nlb.gov.sg/newspapers/digitised/issue/straitstimes20160619-1,newspaper_archive,newspaper_archive,2,2,0.3707
https://eresources.nlb.gov.sg/newspapers/digitised/issue/straitstimes19931001-1,https://en.wikipedia.org/wiki/Taiwanese_cuisine,newspaper_archive,encyclopedic_secondary,2,1,0.3368
https://eresources.nlb.gov.sg/newspapers/digitised/issue/straitstimes19931001-1,https://eresources.nlb.gov.sg/newspapers/digitised/issue/biztimes19851018-1,newspaper_archive,newspaper_archive,2,1,0.3483
https://eresources.nlb.gov.sg/newspapers/digitised/issue/straitstimes19931001-1,https://eresources.nlb.gov.sg/newspapers/digitised/issue/biztimes19870320-1,newspaper_archive,newspaper_archive,2,1,0.3099
https://eresources.nlb.gov.sg/newspapers/digitised/issue/straitstimes19931001-1,https://eresources.nlb.gov.sg/newspapers/digitised/issue/biztimes19870612-1,newspaper_archive,newspaper_archive,2,1,0.3034
https://eresources.nlb.gov.sg/newspapers/digitised/issue/straitstimes19931001-1,https://eresources.nlb.gov.sg/newspapers/digitised/issue/newpaper19990421-1,newspaper_archive,newspaper_archive,2,1,0.3323
https://eresources.nlb.gov.sg/newspapers/digitised/issue/straitstimes19931001-1,https://eresources.nlb.gov.sg/newspapers/digitised/issue/straitstimes19740505-1,newspaper_archive,newspaper_archive,2,1,0.3222
https://eresources.nlb.gov.sg/newspapers/digitised/issue/straitstimes19931001-1,https://eresources.nlb.gov.sg/newspapers/digitised/issue/straitstimes19861207-1,newspaper_archive,newspaper_archive,2,1,0.3524
https://eresources.nlb.gov.sg/newspapers/digitised/issue/straitstimes19931001-1,https://eresources.nlb.gov.sg/newspapers/digitised/issue/straitstimes19870814-1,newspaper_archive,newspaper_archive,2,1,0.3578
https://eresources.nlb.gov.sg/newspapers/digitised/issue/straitstimes19931001-1,https://eresources.nlb.gov.sg/newspapers/digitised/issue/straitstimes19870905-1,newspaper_archive,newspaper_archive,2,1,0.3632
https://eresources.nlb.gov.sg/newspapers/digitised/issue/straitstimes19931001-1,https://h5.awsprod.99ranch.com/about-us,newspaper_archive,official_company_profile,2,1,0.3103
https://eresources.nlb.gov.sg/newspapers/digitised/issue/straitstimes19931001-1,https://newsdig.tbs.co.jp/articles/cbc/409918?display=1,newspaper_archive,media_obituary,2,1,0.3025
https://eresources.nlb.gov.sg/newspapers/digitised/issue/citywkly19950106-1,https://eresources.nlb.gov.sg/newspapers/digitised/issue/straitstimes20160619-1,newspaper_archive,newspaper_archive,2,2,0.3140
https://eresources.nlb.gov.sg/newspapers/digitised/issue/citywkly19950106-1,https://ciaoz.tw/yungtung-milkfish/,newspaper_archive,food_blog_retrospective,2,1,0.3202
https://eresources.nlb.gov.sg/newspapers/digitised/issue/citywkly19950106-1,https://cn.govopendata.com/renminribao/1987/11/5/3/,newspaper_archive,newspaper_archive,2,1,0.3757
https://eresources.nlb.gov.sg/newspapers/digitised/issue/citywkly19950106-1,https://eresources.nlb.gov.sg/newspapers/digitised/issue/straitstimes19740505-1,newspaper_archive,newspaper_archive,2,1,0.3007
https://eresources.nlb.gov.sg/newspapers/digitised/issue/citywkly19950106-1,https://eresources.nlb.gov.sg/newspapers/digitised/issue/straitstimes19860619-1,newspaper_archive,newspaper_archive,2,1,0.3172
https://eresources.nlb.gov.sg/newspapers/digitised/issue/citywkly19950106-1,https://i17fun.tw/fengshan-salty-rice-moss/,newspaper_archive,food_media_retrospective,2,1,0.3478
https://eresources.nlb.gov.sg/newspapers/digitised/issue/citywkly19950106-1,https://journey.tw/chous/,newspaper_archive,travel_food_retrospective,2,1,0.3276
https://eresources.nlb.gov.sg/newspapers/digitised/issue/citywkly19950106-1,https://m.zhms.cn/jmzs/39475/,newspaper_archive,franchise_portal,2,1,0.3664
https://eresources.nlb.gov.sg/newspapers/digitised/issue/newpaper19951024-1,https://eresources.nlb.gov.sg/newspapers/digitised/issue/streats20030819-1,newspaper_archive,newspaper_archive,2,2,0.3166
https://eresources.nlb.gov.sg/newspapers/digitised/issue/newpaper19951024-1,https://eresources.nlb.gov.sg/newspapers/digitised/issue/straitstimes20101031-1,newspaper_archive,newspaper_archive,2,2,0.3306
https://eresources.nlb.gov.sg/newspapers/digitised/issue/newpaper19951024-1,https://eresources.nlb.gov.sg/newspapers/digitised/issue/straitstimes20160619-1,newspaper_archive,newspaper_archive,2,2,0.3333
https://eresources.nlb.gov.sg/newspapers/digitised/issue/newpaper19951024-1,https://eresources.nlb.gov.sg/newspapers/digitised/issue/biztimes19851018-1,newspaper_archive,newspaper_archive,2,1,0.3313
https://eresources.nlb.gov.sg/newspapers/digitised/issue/newpaper19951024-1,https://eresources.nlb.gov.sg/newspapers/digitised/issue/biztimes19870612-1,newspaper_archive,newspaper_archive,2,1,0.3111
https://eresources.nlb.gov.sg/newspapers/digitised/issue/newpaper19951024-1,https://eresources.nlb.gov.sg/newspapers/digitised/issue/newpaper19990421-1,newspaper_archive,newspaper_archive,2,1,0.3453
https://eresources.nlb.gov.sg/newspapers/digitised/issue/newpaper19951024-1,https://eresources.nlb.gov.sg/newspapers/digitised/issue/straitstimes19870129-1,newspaper_archive,newspaper_archive,2,1,0.3592
https://eresources.nlb.gov.sg/newspapers/digitised/issue/newpaper19951024-1,https://eresources.nlb.gov.sg/newspapers/digitised/issue/weekendeast19941111-1,newspaper_archive,newspaper_archive,2,1,0.3592
https://eresources.nlb.gov.sg/newspapers/digitised/issue/newpaper19951024-1,https://foodintainan.com.tw/uprichdishes/,newspaper_archive,local_food_media,2,1,0.3351
https://eresources.nlb.gov.sg/newspapers/digitised/issue/newpaper19951024-1,https://h5.awsprod.99ranch.com/about-us,newspaper_archive,official_company_profile,2,1,0.3399
https://eresources.nlb.gov.sg/newspapers/digitised/issue/newpaper19951024-1,https://i17fun.tw/fengshan-salty-rice-moss/,newspaper_archive,food_media_retrospective,2,1,0.3373
https://eresources.nlb.gov.sg/newspapers/digitised/issue/newpaper19951024-1,https://ifoodie.tw/en/post/60b7b416a6272846a04cdde3,newspaper_archive,food_media_retrospective,2,1,0.3155
https://eresources.nlb.gov.sg/newspapers/digitised/issue/newpaper19951024-1,https://lordcat.net/archives/365,newspaper_archive,food_media_retrospective,2,1,0.3022
https://eresources.nlb.gov.sg/newspapers/digitised/issue/newpaper19951024-1,https://m.zhms.cn/jmzs/39475/,newspaper_archive,franchise_portal,2,1,0.3498
https://eresources.nlb.gov.sg/newspapers/digitised/issue/biztimes19960308-1,https://eresources.nlb.gov.sg/newspapers/digitised/issue/streats20030819-1,newspaper_archive,newspaper_archive,2,2,0.4662
https://eresources.nlb.gov.sg/newspapers/digitised/issue/biztimes19960308-1,https://eresources.nlb.gov.sg/newspapers/digitised/issue/straitstimes20101031-1,newspaper_archive,newspaper_archive,2,2,0.4216
https://eresources.nlb.gov.sg/newspapers/digitised/issue/biztimes19960308-1,https://eresources.nlb.gov.sg/newspapers/digitised/issue/straitstimes20160619-1,newspaper_archive,newspaper_archive,2,2,0.3911
https://eresources.nlb.gov.sg/newspapers/digitised/issue/biztimes19960308-1,https://eresources.nlb.gov.sg/newspapers/digitised/issue/biztimes19851018-1,newspaper_archive,newspaper_archive,2,1,0.3584
https://eresources.nlb.gov.sg/newspapers/digitised/issue/biztimes19960308-1,https://eresources.nlb.gov.sg/newspapers/digitised/issue/straitstimes19721024-1,newspaper_archive,newspaper_archive,2,1,0.3203
https://eresources.nlb.gov.sg/newspapers/digitised/issue/biztimes19960308-1,https://eresources.nlb.gov.sg/newspapers/digitised/issue/straitstimes19861207-1,newspaper_archive,newspaper_archive,2,1,0.3081
https://eresources.nlb.gov.sg/newspapers/digitised/issue/biztimes19960308-1,https://eresources.nlb.gov.sg/newspapers/digitised/issue/straitstimes19870905-1,newspaper_archive,newspaper_archive,2,1,0.3055
https://eresources.nlb.gov.sg/newspapers/digitised/issue/biztimes19960308-1,https://m.zhms.cn/jmzs/39475/,newspaper_archive,franchise_portal,2,1,0.3220
https://eresources.nlb.gov.sg/newspapers/digitised/issue/biztimes19960308-1,https://news.pchome.com.tw/public/pronews/20260527/index-77989075490386353016.html,newspaper_archive,local_news_food_business,2,1,0.3263
https://eresources.nlb.gov.sg/newspapers/digitised/issue/biztimes19960308-1,https://newsdig.tbs.co.jp/articles/cbc/409918?display=1,newspaper_archive,media_obituary,2,1,0.3395
https://eresources.nlb.gov.sg/newspapers/digitised/issue/straitstimes20020506-1,https://eresources.nlb.gov.sg/newspapers/digitised/issue/streats20030819-1,newspaper_archive,newspaper_archive,2,2,0.3214
https://eresources.nlb.gov.sg/newspapers/digitised/issue/straitstimes20020506-1,https://eresources.nlb.gov.sg/newspapers/digitised/issue/straitstimes20160619-1,newspaper_archive,newspaper_archive,2,2,0.4534
https://eresources.nlb.gov.sg/newspapers/digitised/issue/straitstimes20020506-1,https://eresources.nlb.gov.sg/newspapers/digitised/issue/biztimes19851018-1,newspaper_archive,newspaper_archive,2,1,0.3245
https://eresources.nlb.gov.sg/newspapers/digitised/issue/straitstimes20020506-1,https://eresources.nlb.gov.sg/newspapers/digitised/issue/straitstimes19740505-1,newspaper_archive,newspaper_archive,2,1,0.3253
https://eresources.nlb.gov.sg/newspapers/digitised/issue/straitstimes20020506-1,https://eresources.nlb.gov.sg/newspapers/digitised/issue/straitstimes19810124-1,newspaper_archive,newspaper_archive,2,1,0.3197
https://eresources.nlb.gov.sg/newspapers/digitised/issue/straitstimes20020506-1,https://eresources.nlb.gov.sg/newspapers/digitised/issue/straitstimes19870129-1,newspaper_archive,newspaper_archive,2,1,0.3367
https://eresources.nlb.gov.sg/newspapers/digitised/issue/straitstimes20020506-1,https://m.zhms.cn/jmzs/39475/,newspaper_archive,franchise_portal,2,1,0.3481
https://eresources.nlb.gov.sg/newspapers/digitised/issue/straitstimes20020506-1,https://newsdig.tbs.co.jp/articles/cbc/409918?display=1,newspaper_archive,media_obituary,2,1,0.3155
https://eresources.nlb.gov.sg/newspapers/digitised/issue/streats20030819-1,https://eresources.nlb.gov.sg/newspapers/digitised/issue/straitstimes20101031-1,newspaper_archive,newspaper_archive,2,2,0.3904
https://eresources.nlb.gov.sg/newspapers/digitised/issue/streats20030819-1,https://eresources.nlb.gov.sg/newspapers/digitised/issue/straitstimes20160619-1,newspaper_archive,newspaper_archive,2,2,0.3290
https://eresources.nlb.gov.sg/newspapers/digitised/issue/streats20030819-1,https://ameblo.jp/musuiteisyujinn/entry-12849342808.html,newspaper_archive,food_media_retrospective,2,1,0.3082
https://eresources.nlb.gov.sg/newspapers/digitised/issue/streats20030819-1,https://en.wikipedia.org/wiki/Taiwanese_Americans,newspaper_archive,encyclopedic_secondary,2,1,0.3498
https://eresources.nlb.gov.sg/newspapers/digitised/issue/streats20030819-1,https://en.wikipedia.org/wiki/Taiwanese_cuisine,newspaper_archive,encyclopedic_secondary,2,1,0.3253
https://eresources.nlb.gov.sg/newspapers/digitised/issue/streats20030819-1,https://enlifesun.com/2021-04-23-1955/,newspaper_archive,food_blog_retrospective,2,1,0.3478
https://eresources.nlb.gov.sg/newspapers/digitised/issue/streats20030819-1,https://eresources.nlb.gov.sg/newspapers/digitised/issue/biztimes19851018-1,newspaper_archive,newspaper_archive,2,1,0.3686
https://eresources.nlb.gov.sg/newspapers/digitised/issue/streats20030819-1,https://eresources.nlb.gov.sg/newspapers/digitised/issue/newpaper19990421-1,newspaper_archive,newspaper_archive,2,1,0.3534
https://eresources.nlb.gov.sg/newspapers/digitised/issue/streats20030819-1,https://eresources.nlb.gov.sg/newspapers/digitised/issue/straitstimes19721024-1,newspaper_archive,newspaper_archive,2,1,0.3459
https://eresources.nlb.gov.sg/newspapers/digitised/issue/streats20030819-1,https://eresources.nlb.gov.sg/newspapers/digitised/issue/straitstimes19740505-1,newspaper_archive,newspaper_archive,2,1,0.3416
https://eresources.nlb.gov.sg/newspapers/digitised/issue/streats20030819-1,https://eresources.nlb.gov.sg/newspapers/digitised/issue/straitstimes19750419-1,newspaper_archive,newspaper_archive,2,1,0.4307
https://eresources.nlb.gov.sg/newspapers/digitised/issue/streats20030819-1,https://eresources.nlb.gov.sg/newspapers/digitised/issue/straitstimes19810124-1,newspaper_archive,newspaper_archive,2,1,0.3087
https://eresources.nlb.gov.sg/newspapers/digitised/issue/streats20030819-1,https://eresources.nlb.gov.sg/newspapers/digitised/issue/straitstimes19861207-1,newspaper_archive,newspaper_archive,2,1,0.3155
https://eresources.nlb.gov.sg/newspapers/digitised/issue/streats20030819-1,https://eresources.nlb.gov.sg/newspapers/digitised/issue/straitstimes19870905-1,newspaper_archive,newspaper_archive,2,1,0.3193
https://eresources.nlb.gov.sg/newspapers/digitised/issue/streats20030819-1,https://foodintainan.com.tw/uprichdishes/,newspaper_archive,local_food_media,2,1,0.3204
https://eresources.nlb.gov.sg/newspapers/digitised/issue/streats20030819-1,https://forbesjapan.com/articles/detail/46596/page2,newspaper_archive,food_media_secondary,2,1,0.3770
https://eresources.nlb.gov.sg/newspapers/digitised/issue/streats20030819-1,https://friendlystore.taipei/index.php/property/7552/tw,newspaper_archive,municipal_accessibility_listing,2,1,0.3462
https://eresources.nlb.gov.sg/newspapers/digitised/issue/streats20030819-1,https://h5.awsprod.99ranch.com/about-us,newspaper_archive,official_company_profile,2,1,0.3799
https://eresources.nlb.gov.sg/newspapers/digitised/issue/streats20030819-1,https://journey.tw/chous/,newspaper_archive,travel_food_retrospective,2,1,0.3220
https://eresources.nlb.gov.sg/newspapers/digitised/issue/streats20030819-1,https://kiichiroyoshimoto.jp/2025/06/05/%E9%BA%97%E9%83%B7%E3%83%BB%E6%B8%8B%E8%B0%B7%E9%81%93%E7%8E%84%E5%9D%82%E5%B0%8F%E8%B7%AF-1984%E2%87%942025/,newspaper_archive,food_media_retrospective,2,1,0.3060
https://eresources.nlb.gov.sg/newspapers/digitised/issue/streats20030819-1,https://m.zhms.cn/jmzs/39475/,newspaper_archive,franchise_portal,2,1,0.3506
https://eresources.nlb.gov.sg/newspapers/digitised/issue/streats20030819-1,https://matadornetwork.com/read/chinatown-nyc-restaurants/,newspaper_archive,travel_history_article,2,1,0.3061
https://eresources.nlb.gov.sg/newspapers/digitised/issue/streats20030819-1,https://paper.people.com.cn/rmrbhwb/page/2019-05/17/11/rmrbhwb2019051711.pdf,newspaper_archive,newspaper_archive,2,1,0.3453
https://www.twtainan.net/zh-tw/shop/consume/6504/,https://eresources.nlb.gov.sg/newspapers/digitised/issue/biztimes19870612-1,municipal_profile,newspaper_archive,2,1,0.3111
https://www.twtainan.net/zh-tw/shop/consume/6504/,https://eresources.nlb.gov.sg/newspapers/digitised/issue/weekendeast19941111-1,municipal_profile,newspaper_archive,2,1,0.3180
https://www.twtainan.net/zh-tw/shop/consume/6504/,https://foodintainan.com.tw/uprichdishes/,municipal_profile,local_food_media,2,1,0.3027
https://www.twtainan.net/zh-tw/shop/consume/6504/,https://i17fun.tw/fengshan-salty-rice-moss/,municipal_profile,food_media_retrospective,2,1,0.3345
https://www.twtainan.net/zh-tw/shop/consume/6504/,https://journey.tw/chous/,municipal_profile,travel_food_retrospective,2,1,0.3004
https://www.twtainan.net/zh-tw/shop/consume/6504/,https://khguide.com/%E9%98%BF%E8%8B%B1%E6%8E%92%E9%AA%A8%E9%A3%AF/,municipal_profile,food_blog_retrospective,2,1,0.3261
https://www.twtainan.net/zh-tw/shop/consume/6504/,https://khh.travel/zh-tw/shop/gourmet/796/,municipal_profile,official_tourism_profile,2,1,0.3729
https://www.twtainan.net/zh-tw/shop/consume/6504/,https://paper.people.com.cn/rmrbhwb/page/2019-05/17/11/rmrbhwb2019051711.pdf,municipal_profile,newspaper_archive,2,1,0.3113
https://www.twtainan.net/zh-tw/shop/consume/6504/,https://pbear.tw/%E6%B0%B8%E9%80%9A%E8%99%B1%E7%9B%AE%E9%AD%9A%E7%B2%A5/,municipal_profile,food_blog_retrospective,2,1,0.3661
https://eresources.nlb.gov.sg/newspapers/digitised/issue/biztimes19911218-1,https://eresources.nlb.gov.sg/newspapers/digitised/issue/straitstimes20101031-1,newspaper_archive,newspaper_archive,2,2,0.3131
https://eresources.nlb.gov.sg/newspapers/digitised/issue/biztimes19911218-1,https://en.wikipedia.org/wiki/Taiwanese_Americans,newspaper_archive,encyclopedic_secondary,2,1,0.3569
https://eresources.nlb.gov.sg/newspapers/digitised/issue/biztimes19911218-1,https://en.wikipedia.org/wiki/Taiwanese_cuisine,newspaper_archive,encyclopedic_secondary,2,1,0.3333
https://eresources.nlb.gov.sg/newspapers/digitised/issue/biztimes19911218-1,https://eresources.nlb.gov.sg/newspapers/digitised/issue/biztimes19851018-1,newspaper_archive,newspaper_archive,2,1,0.3059
https://eresources.nlb.gov.sg/newspapers/digitised/issue/biztimes19911218-1,https://eresources.nlb.gov.sg/newspapers/digitised/issue/biztimes19870320-1,newspaper_archive,newspaper_archive,2,1,0.3734
https://eresources.nlb.gov.sg/newspapers/digitised/issue/biztimes19911218-1,https://eresources.nlb.gov.sg/newspapers/digitised/issue/biztimes19870612-1,newspaper_archive,newspaper_archive,2,1,0.3973
https://eresources.nlb.gov.sg/newspapers/digitised/issue/biztimes19911218-1,https://eresources.nlb.gov.sg/newspapers/digitised/issue/newpaper19990421-1,newspaper_archive,newspaper_archive,2,1,0.3148
https://eresources.nlb.gov.sg/newspapers/digitised/issue/biztimes19911218-1,https://eresources.nlb.gov.sg/newspapers/digitised/issue/straitstimes19750419-1,newspaper_archive,newspaper_archive,2,1,0.3716
https://eresources.nlb.gov.sg/newspapers/digitised/issue/biztimes19911218-1,https://eresources.nlb.gov.sg/newspapers/digitised/issue/straitstimes19860619-1,newspaper_archive,newspaper_archive,2,1,0.3415
https://eresources.nlb.gov.sg/newspapers/digitised/issue/biztimes19911218-1,https://eresources.nlb.gov.sg/newspapers/digitised/issue/straitstimes19861207-1,newspaper_archive,newspaper_archive,2,1,0.3714
https://eresources.nlb.gov.sg/newspapers/digitised/issue/biztimes19911218-1,https://eresources.nlb.gov.sg/newspapers/digitised/issue/straitstimes19870129-1,newspaper_archive,newspaper_archive,2,1,0.3344
https://eresources.nlb.gov.sg/newspapers/digitised/issue/biztimes19911218-1,https://eresources.nlb.gov.sg/newspapers/digitised/issue/straitstimes19870814-1,newspaper_archive,newspaper_archive,2,1,0.3665
https://eresources.nlb.gov.sg/newspapers/digitised/issue/biztimes19911218-1,https://eresources.nlb.gov.sg/newspapers/digitised/issue/straitstimes19870905-1,newspaper_archive,newspaper_archive,2,1,0.3559
https://eresources.nlb.gov.sg/newspapers/digitised/issue/biztimes19911218-1,https://forbesjapan.com/articles/detail/46596/page2,newspaper_archive,food_media_secondary,2,1,0.3608
https://eresources.nlb.gov.sg/newspapers/digitised/issue/biztimes19911218-1,https://m.918canyin.com/gxstwrrf/,newspaper_archive,franchise_portal,2,1,0.3052
https://eresources.nlb.gov.sg/newspapers/digitised/issue/biztimes19911218-1,https://pbear.tw/%E6%B0%B8%E9%80%9A%E8%99%B1%E7%9B%AE%E9%AD%9A%E7%B2%A5/,newspaper_archive,food_blog_retrospective,2,1,0.3161
https://eresources.nlb.gov.sg/newspapers/digitised/issue/straitstimes20101031-1,https://eresources.nlb.gov.sg/newspapers/digitised/issue/straitstimes20160619-1,newspaper_archive,newspaper_archive,2,2,0.4222
https://eresources.nlb.gov.sg/newspapers/digitised/issue/straitstimes20101031-1,https://cn.govopendata.com/renminribao/1987/8/11/2/,newspaper_archive,newspaper_archive,2,1,0.3041
https://eresources.nlb.gov.sg/newspapers/digitised/issue/straitstimes20101031-1,https://en.wikipedia.org/wiki/Taiwanese_cuisine,newspaper_archive,encyclopedic_secondary,2,1,0.3416
https://eresources.nlb.gov.sg/newspapers/digitised/issue/straitstimes20101031-1,https://eresources.nlb.gov.sg/newspapers/digitised/issue/biztimes19851018-1,newspaper_archive,newspaper_archive,2,1,0.3427
https://eresources.nlb.gov.sg/newspapers/digitised/issue/straitstimes20101031-1,https://eresources.nlb.gov.sg/newspapers/digitised/issue/newpaper19990421-1,newspaper_archive,newspaper_archive,2,1,0.3077
https://eresources.nlb.gov.sg/newspapers/digitised/issue/straitstimes20101031-1,https://eresources.nlb.gov.sg/newspapers/digitised/issue/straitstimes19750419-1,newspaper_archive,newspaper_archive,2,1,0.3258
https://eresources.nlb.gov.sg/newspapers/digitised/issue/straitstimes20101031-1,https://eresources.nlb.gov.sg/newspapers/digitised/issue/straitstimes19860619-1,newspaper_archive,newspaper_archive,2,1,0.3373
https://eresources.nlb.gov.sg/newspapers/digitised/issue/straitstimes20101031-1,https://eresources.nlb.gov.sg/newspapers/digitised/issue/straitstimes19861207-1,newspaper_archive,newspaper_archive,2,1,0.4406
https://eresources.nlb.gov.sg/newspapers/digitised/issue/straitstimes20101031-1,https://eresources.nlb.gov.sg/newspapers/digitised/issue/straitstimes19870129-1,newspaper_archive,newspaper_archive,2,1,0.4229
https://eresources.nlb.gov.sg/newspapers/digitised/issue/straitstimes20101031-1,https://eresources.nlb.gov.sg/newspapers/digitised/issue/straitstimes19870814-1,newspaper_archive,newspaper_archive,2,1,0.3886
https://eresources.nlb.gov.sg/newspapers/digitised/issue/straitstimes20101031-1,https://eresources.nlb.gov.sg/newspapers/digitised/issue/straitstimes19870905-1,newspaper_archive,newspaper_archive,2,1,0.3727
https://eresources.nlb.gov.sg/newspapers/digitised/issue/straitstimes20101031-1,https://forbesjapan.com/articles/detail/46596/page2,newspaper_archive,food_media_secondary,2,1,0.3876
https://eresources.nlb.gov.sg/newspapers/digitised/issue/straitstimes20101031-1,https://m.zhms.cn/jmzs/39475/,newspaper_archive,franchise_portal,2,1,0.3289
https://eresources.nlb.gov.sg/newspapers/digitised/issue/straitstimes20160619-1,https://eresources.nlb.gov.sg/newspapers/digitised/issue/biztimes19851018-1,newspaper_archive,newspaper_archive,2,1,0.3750
https://eresources.nlb.gov.sg/newspapers/digitised/issue/straitstimes20160619-1,https://eresources.nlb.gov.sg/newspapers/digitised/issue/biztimes19870320-1,newspaper_archive,newspaper_archive,2,1,0.3478
https://eresources.nlb.gov.sg/newspapers/digitised/issue/straitstimes20160619-1,https://eresources.nlb.gov.sg/newspapers/digitised/issue/straitstimes19740505-1,newspaper_archive,newspaper_archive,2,1,0.3077
https://eresources.nlb.gov.sg/newspapers/digitised/issue/straitstimes20160619-1,https://eresources.nlb.gov.sg/newspapers/digitised/issue/straitstimes19860619-1,newspaper_archive,newspaper_archive,2,1,0.3407
https://eresources.nlb.gov.sg/newspapers/digitised/issue/straitstimes20160619-1,https://eresources.nlb.gov.sg/newspapers/digitised/issue/straitstimes19870129-1,newspaper_archive,newspaper_archive,2,1,0.3946
https://eresources.nlb.gov.sg/newspapers/digitised/issue/straitstimes20160619-1,https://forbesjapan.com/articles/detail/46596/page2,newspaper_archive,food_media_secondary,2,1,0.3019
https://eresources.nlb.gov.sg/newspapers/digitised/issue/straitstimes20160619-1,https://m.ccas.com.cn/site/content/95431.html,newspaper_archive,industry_association_report,2,1,0.3301
https://eresources.nlb.gov.sg/newspapers/digitised/issue/straitstimes20160619-1,https://newsdig.tbs.co.jp/articles/cbc/409918?display=1,newspaper_archive,media_obituary,2,1,0.3057
https://eresources.nlb.gov.sg/newspapers/digitised/issue/straitstimes20160619-1,https://paper.people.com.cn/rmrbhwb/page/2019-05/17/11/rmrbhwb2019051711.pdf,newspaper_archive,newspaper_archive,2,1,0.3205
https://eresources.nlb.gov.sg/newspapers/Digitised/Issue/newpaper20081215-1,https://m.zhms.cn/jmzs/39475/,newspaper_issue,franchise_portal,2,1,0.3050
https://udn.com/news/story/121721/7331063,https://cn.govopendata.com/renminribao/1987/8/11/2/,news_feature,newspaper_archive,2,1,0.3715
https://udn.com/news/story/121721/7331063,https://en.wikipedia.org/wiki/Taiwanese_Americans,news_feature,encyclopedic_secondary,2,1,0.3600
https://udn.com/news/story/121721/7331063,https://eresources.nlb.gov.sg/newspapers/digitised/issue/biztimes19870612-1,news_feature,newspaper_archive,2,1,0.3063
https://udn.com/news/story/121721/7331063,https://eresources.nlb.gov.sg/newspapers/digitised/issue/straitstimes19721024-1,news_feature,newspaper_archive,2,1,0.3380
https://udn.com/news/story/121721/7331063,https://eresources.nlb.gov.sg/newspapers/digitised/issue/straitstimes19740505-1,news_feature,newspaper_archive,2,1,0.3421
https://udn.com/news/story/121721/7331063,https://eresources.nlb.gov.sg/newspapers/digitised/issue/straitstimes19750419-1,news_feature,newspaper_archive,2,1,0.3529
https://udn.com/news/story/121721/7331063,https://eresources.nlb.gov.sg/newspapers/digitised/issue/straitstimes19860123-1,news_feature,newspaper_archive,2,1,0.3373
https://udn.com/news/story/121721/7331063,https://eresources.nlb.gov.sg/newspapers/digitised/issue/straitstimes19870129-1,news_feature,newspaper_archive,2,1,0.3220
https://udn.com/news/story/121721/7331063,https://i17fun.tw/fengshan-salty-rice-moss/,news_feature,food_media_retrospective,2,1,0.3448
https://udn.com/news/story/121721/7331063,https://ifoodie.tw/en/post/60b7b416a6272846a04cdde3,news_feature,food_media_retrospective,2,1,0.3792
https://udn.com/news/story/121721/7331063,https://nigi33.tw/2014-01-07-387/,news_feature,food_blog_retrospective,2,1,0.3580
https://udn.com/news/story/121721/7331063,https://paper.people.com.cn/rmrbhwb/page/2019-05/17/11/rmrbhwb2019051711.pdf,news_feature,newspaper_archive,2,1,0.3386
https://udn.com/news/story/121721/7331063,https://paper.udn.com/udnpaper/PIA0028/355829/web,news_feature,media_report,2,1,0.3433
https://udn.com/news/story/121721/7331063,https://pbear.tw/%E6%B0%B8%E9%80%9A%E8%99%B1%E7%9B%AE%E9%AD%9A%E7%B2%A5/,news_feature,food_blog_retrospective,2,1,0.3356
https://eresources.nlb.gov.sg/newspapers/digitised/issue/straitstimes19810321-1,https://cn.govopendata.com/renminribao/1987/11/5/3/,newspaper_issue,newspaper_archive,2,1,0.3227
https://eresources.nlb.gov.sg/newspapers/digitised/issue/straitstimes20160108-1,https://eresources.nlb.gov.sg/newspapers/digitised/issue/straitstimes20181130-1,newspaper_issue,newspaper_issue,2,2,0.3371
https://eresources.nlb.gov.sg/newspapers/digitised/issue/straitstimes20160108-1,https://cn.govopendata.com/renminribao/1987/11/5/3/,newspaper_issue,newspaper_archive,2,1,0.3134
https://eresources.nlb.gov.sg/newspapers/digitised/issue/straitstimes20160108-1,https://eresources.nlb.gov.sg/newspapers/digitised/issue/biztimes19870320-1,newspaper_issue,newspaper_archive,2,1,0.3093
https://eresources.nlb.gov.sg/newspapers/digitised/issue/straitstimes20160108-1,https://eresources.nlb.gov.sg/newspapers/digitised/issue/straitstimes19861207-1,newspaper_issue,newspaper_archive,2,1,0.3165
https://eresources.nlb.gov.sg/newspapers/digitised/issue/straitstimes20160108-1,https://eresources.nlb.gov.sg/newspapers/digitised/issue/straitstimes19870814-1,newspaper_issue,newspaper_archive,2,1,0.3129
https://eresources.nlb.gov.sg/newspapers/digitised/issue/straitstimes20181130-1,https://cn.govopendata.com/renminribao/1987/11/5/3/,newspaper_issue,newspaper_archive,2,1,0.3490
https://eresources.nlb.gov.sg/newspapers/digitised/issue/straitstimes20181130-1,https://en.wikipedia.org/wiki/Taiwanese_Americans,newspaper_issue,encyclopedic_secondary,2,1,0.3005
https://eresources.nlb.gov.sg/newspapers/digitised/issue/straitstimes20181130-1,https://eresources.nlb.gov.sg/newspapers/digitised/issue/straitstimes19861207-1,newspaper_issue,newspaper_archive,2,1,0.3110
https://eresources.nlb.gov.sg/newspapers/digitised/issue/straitstimes20181130-1,https://eresources.nlb.gov.sg/newspapers/digitised/issue/straitstimes19870814-1,newspaper_issue,newspaper_archive,2,1,0.3073
https://eresources.nlb.gov.sg/newspapers/digitised/issue/straitstimes20181130-1,https://m.zhms.cn/jmzs/39475/,newspaper_issue,franchise_portal,2,1,0.3127
https://aball.tw/shi-sesame-chicken/,https://ameblo.jp/musuiteisyujinn/entry-12849342808.html,food_blog_retrospective,food_media_retrospective,1,1,0.3333
https://aball.tw/shi-sesame-chicken/,https://ciaoz.tw/yungtung-milkfish/,food_blog_retrospective,food_blog_retrospective,1,1,0.4609
https://aball.tw/shi-sesame-chicken/,https://cn.govopendata.com/renminribao/1987/11/5/3/,food_blog_retrospective,newspaper_archive,1,1,0.3265
https://aball.tw/shi-sesame-chicken/,https://en.wikipedia.org/wiki/Taiwanese_Americans,food_blog_retrospective,encyclopedic_secondary,1,1,0.3524
https://aball.tw/shi-sesame-chicken/,https://eresources.nlb.gov.sg/newspapers/digitised/issue/straitstimes19810124-1,food_blog_retrospective,newspaper_archive,1,1,0.3149
https://aball.tw/shi-sesame-chicken/,https://eresources.nlb.gov.sg/newspapers/digitised/issue/straitstimes19860123-1,food_blog_retrospective,newspaper_archive,1,1,0.3363
https://aball.tw/shi-sesame-chicken/,https://eresources.nlb.gov.sg/newspapers/digitised/issue/straitstimes19861207-1,food_blog_retrospective,newspaper_archive,1,1,0.3082
https://aball.tw/shi-sesame-chicken/,https://eresources.nlb.gov.sg/newspapers/digitised/issue/straitstimes19870814-1,food_blog_retrospective,newspaper_archive,1,1,0.3239
https://aball.tw/shi-sesame-chicken/,https://foodintainan.com.tw/uprichdishes/,food_blog_retrospective,local_food_media,1,1,0.3666
https://aball.tw/shi-sesame-chicken/,https://friendlystore.taipei/index.php/property/7552/tw,food_blog_retrospective,municipal_accessibility_listing,1,1,0.3729
https://aball.tw/shi-sesame-chicken/,https://h5.awsprod.99ranch.com/about-us,food_blog_retrospective,official_company_profile,1,1,0.3191
https://aball.tw/shi-sesame-chicken/,https://i17fun.tw/fengshan-salty-rice-moss/,food_blog_retrospective,food_media_retrospective,1,1,0.3521
https://aball.tw/shi-sesame-chicken/,https://ifoodie.tw/en/post/60b7b416a6272846a04cdde3,food_blog_retrospective,food_media_retrospective,1,1,0.4309
https://aball.tw/shi-sesame-chicken/,https://ihappyday.tw/blog/post/old-mother-noodle,food_blog_retrospective,food_media_retrospective,1,1,0.3878
https://aball.tw/shi-sesame-chicken/,https://ikachalife.com/34729,food_blog_retrospective,food_blog_retrospective,1,1,0.4314
https://aball.tw/shi-sesame-chicken/,https://inmap.tw/archives/69040,food_blog_retrospective,food_media_retrospective,1,1,0.4015
https://aball.tw/shi-sesame-chicken/,https://journey.tw/chous/,food_blog_retrospective,travel_food_retrospective,1,1,0.3887
https://aball.tw/shi-sesame-chicken/,https://khguide.com/%E9%98%BF%E8%8B%B1%E6%8E%92%E9%AA%A8%E9%A3%AF/,food_blog_retrospective,food_blog_retrospective,1,1,0.4640
https://aball.tw/shi-sesame-chicken/,https://khh.travel/zh-tw/shop/gourmet/778/,food_blog_retrospective,official_tourism_profile,1,1,0.3514
https://aball.tw/shi-sesame-chicken/,https://khh.travel/zh-tw/shop/gourmet/788/,food_blog_retrospective,municipal_tourism,1,1,0.3775
https://aball.tw/shi-sesame-chicken/,https://linyu.tw/thirdgeneration/,food_blog_retrospective,food_blog_retrospective,1,1,0.4030
https://aball.tw/shi-sesame-chicken/,https://lordcat.net/archives/365,food_blog_retrospective,food_media_retrospective,1,1,0.4541
https://aball.tw/shi-sesame-chicken/,https://m.ccas.com.cn/site/content/95431.html,food_blog_retrospective,industry_association_report,1,1,0.3158
https://aball.tw/shi-sesame-chicken/,https://news.pchome.com.tw/public/pronews/20260527/index-77989075490386353016.html,food_blog_retrospective,local_news_food_business,1,1,0.4152
https://aball.tw/shi-sesame-chicken/,https://nigi33.tw/2014-01-07-387/,food_blog_retrospective,food_blog_retrospective,1,1,0.4103
https://aball.tw/shi-sesame-chicken/,https://paper.people.com.cn/rmrbhwb/page/2019-05/17/11/rmrbhwb2019051711.pdf,food_blog_retrospective,newspaper_archive,1,1,0.3377
https://aball.tw/shi-sesame-chicken/,https://paper.udn.com/udnpaper/POD0004/306283/web/,food_blog_retrospective,municipal_media,1,1,0.3515
https://aball.tw/shi-sesame-chicken/,https://pbear.tw/%E6%B0%B8%E9%80%9A%E8%99%B1%E7%9B%AE%E9%AD%9A%E7%B2%A5/,food_blog_retrospective,food_blog_retrospective,1,1,0.4089
https://aball.tw/shi-sesame-chicken/,https://rainieis.tw/2017-08-29-307/,food_blog_retrospective,food_blog_retrospective,1,1,0.3471
https://ameblo.jp/karin0321/entry-12620231263.html,https://ameblo.jp/musuiteisyujinn/entry-12849342808.html,food_media_retrospective,food_media_retrospective,1,1,0.5304
https://ameblo.jp/karin0321/entry-12620231263.html,https://en.wikipedia.org/wiki/Taiwanese_Americans,food_media_retrospective,encyclopedic_secondary,1,1,0.3438
https://ameblo.jp/karin0321/entry-12620231263.html,https://eresources.nlb.gov.sg/newspapers/digitised/issue/biztimes19851018-1,food_media_retrospective,newspaper_archive,1,1,0.3545
https://ameblo.jp/karin0321/entry-12620231263.html,https://eresources.nlb.gov.sg/newspapers/digitised/issue/biztimes19870612-1,food_media_retrospective,newspaper_archive,1,1,0.3293
https://ameblo.jp/karin0321/entry-12620231263.html,https://eresources.nlb.gov.sg/newspapers/digitised/issue/straitstimes19721024-1,food_media_retrospective,newspaper_archive,1,1,0.3484
https://ameblo.jp/karin0321/entry-12620231263.html,https://eresources.nlb.gov.sg/newspapers/digitised/issue/straitstimes19750419-1,food_media_retrospective,newspaper_archive,1,1,0.3558
https://ameblo.jp/karin0321/entry-12620231263.html,https://eresources.nlb.gov.sg/newspapers/digitised/issue/straitstimes19860619-1,food_media_retrospective,newspaper_archive,1,1,0.3117
https://ameblo.jp/karin0321/entry-12620231263.html,https://eresources.nlb.gov.sg/newspapers/digitised/issue/straitstimes19870129-1,food_media_retrospective,newspaper_archive,1,1,0.3258
https://ameblo.jp/karin0321/entry-12620231263.html,https://eresources.nlb.gov.sg/newspapers/digitised/issue/weekendeast19941111-1,food_media_retrospective,newspaper_archive,1,1,0.3371
https://ameblo.jp/karin0321/entry-12620231263.html,https://friendlystore.taipei/index.php/property/7552/tw,food_media_retrospective,municipal_accessibility_listing,1,1,0.4279
https://ameblo.jp/karin0321/entry-12620231263.html,https://ifoodie.tw/en/post/60b7b416a6272846a04cdde3,food_media_retrospective,food_media_retrospective,1,1,0.4265
https://ameblo.jp/karin0321/entry-12620231263.html,https://ihappyday.tw/blog/post/old-mother-noodle,food_media_retrospective,food_media_retrospective,1,1,0.3596
https://ameblo.jp/karin0321/entry-12620231263.html,https://ikachalife.com/34729,food_media_retrospective,food_blog_retrospective,1,1,0.3182
https://ameblo.jp/karin0321/entry-12620231263.html,https://khh.travel/zh-tw/file/478/,food_media_retrospective,official_tourism_pdf,1,1,0.3418
https://ameblo.jp/karin0321/entry-12620231263.html,https://khh.travel/zh-tw/shop/gourmet/778/,food_media_retrospective,official_tourism_profile,1,1,0.3209
https://ameblo.jp/karin0321/entry-12620231263.html,https://kiichiroyoshimoto.jp/2025/06/05/%E9%BA%97%E9%83%B7%E3%83%BB%E6%B8%8B%E8%B0%B7%E9%81%93%E7%8E%84%E5%9D%82%E5%B0%8F%E8%B7%AF-1984%E2%87%942025/,food_media_retrospective,food_media_retrospective,1,1,0.4713
https://ameblo.jp/karin0321/entry-12620231263.html,https://lordcat.net/archives/365,food_media_retrospective,food_media_retrospective,1,1,0.3372
https://ameblo.jp/karin0321/entry-12620231263.html,https://m.918canyin.com/gxstwrrf/,food_media_retrospective,franchise_portal,1,1,0.3314
https://ameblo.jp/karin0321/entry-12620231263.html,https://matadornetwork.com/read/chinatown-nyc-restaurants/,food_media_retrospective,travel_history_article,1,1,0.3497
https://ameblo.jp/karin0321/entry-12620231263.html,https://nagoya-meshi.jp/cms/nagoyameshi-search/detail/%E4%B8%AD%E5%9B%BD%E5%8F%B0%E6%B9%BE%E6%96%99%E7%90%86-%E5%91%B3%E4%BB%99-%E6%9C%AC%E5%BA%97/,food_media_retrospective,official_tourism_listing,1,1,0.3515
https://ameblo.jp/karin0321/entry-12620231263.html,https://nigi33.tw/2014-01-07-387/,food_media_retrospective,food_blog_retrospective,1,1,0.3719
https://ameblo.jp/karin0321/entry-12620231263.html,https://rainieis.tw/2017-08-29-307/,food_media_retrospective,food_blog_retrospective,1,1,0.3285
https://ameblo.jp/musuiteisyujinn/entry-12849342808.html,https://en.wikipedia.org/wiki/Taiwanese_Americans,food_media_retrospective,encyclopedic_secondary,1,1,0.3412
https://ameblo.jp/musuiteisyujinn/entry-12849342808.html,https://eresources.nlb.gov.sg/newspapers/digitised/issue/biztimes19851018-1,food_media_retrospective,newspaper_archive,1,1,0.3347
https://ameblo.jp/musuiteisyujinn/entry-12849342808.html,https://eresources.nlb.gov.sg/newspapers/digitised/issue/biztimes19870320-1,food_media_retrospective,newspaper_archive,1,1,0.3069
https://ameblo.jp/musuiteisyujinn/entry-12849342808.html,https://eresources.nlb.gov.sg/newspapers/digitised/issue/biztimes19870612-1,food_media_retrospective,newspaper_archive,1,1,0.3497
https://ameblo.jp/musuiteisyujinn/entry-12849342808.html,https://eresources.nlb.gov.sg/newspapers/digitised/issue/straitstimes19721024-1,food_media_retrospective,newspaper_archive,1,1,0.3678
https://ameblo.jp/musuiteisyujinn/entry-12849342808.html,https://eresources.nlb.gov.sg/newspapers/digitised/issue/straitstimes19740505-1,food_media_retrospective,newspaper_archive,1,1,0.3915
https://ameblo.jp/musuiteisyujinn/entry-12849342808.html,https://eresources.nlb.gov.sg/newspapers/digitised/issue/straitstimes19750419-1,food_media_retrospective,newspaper_archive,1,1,0.3846
https://ameblo.jp/musuiteisyujinn/entry-12849342808.html,https://eresources.nlb.gov.sg/newspapers/digitised/issue/straitstimes19860619-1,food_media_retrospective,newspaper_archive,1,1,0.3121
https://ameblo.jp/musuiteisyujinn/entry-12849342808.html,https://eresources.nlb.gov.sg/newspapers/digitised/issue/straitstimes19861207-1,food_media_retrospective,newspaper_archive,1,1,0.3574
https://ameblo.jp/musuiteisyujinn/entry-12849342808.html,https://eresources.nlb.gov.sg/newspapers/digitised/issue/straitstimes19870129-1,food_media_retrospective,newspaper_archive,1,1,0.3350
https://ameblo.jp/musuiteisyujinn/entry-12849342808.html,https://eresources.nlb.gov.sg/newspapers/digitised/issue/straitstimes19870814-1,food_media_retrospective,newspaper_archive,1,1,0.3284
https://ameblo.jp/musuiteisyujinn/entry-12849342808.html,https://eresources.nlb.gov.sg/newspapers/digitised/issue/straitstimes19870905-1,food_media_retrospective,newspaper_archive,1,1,0.3167
https://ameblo.jp/musuiteisyujinn/entry-12849342808.html,https://friendlystore.taipei/index.php/property/7552/tw,food_media_retrospective,municipal_accessibility_listing,1,1,0.4000
https://ameblo.jp/musuiteisyujinn/entry-12849342808.html,https://h5.awsprod.99ranch.com/about-us,food_media_retrospective,official_company_profile,1,1,0.3383
https://ameblo.jp/musuiteisyujinn/entry-12849342808.html,https://i17fun.tw/fengshan-salty-rice-moss/,food_media_retrospective,food_media_retrospective,1,1,0.3347
https://ameblo.jp/musuiteisyujinn/entry-12849342808.html,https://ifoodie.tw/en/post/60b7b416a6272846a04cdde3,food_media_retrospective,food_media_retrospective,1,1,0.3652
https://ameblo.jp/musuiteisyujinn/entry-12849342808.html,https://ihappyday.tw/blog/post/old-mother-noodle,food_media_retrospective,food_media_retrospective,1,1,0.3563
https://ameblo.jp/musuiteisyujinn/entry-12849342808.html,https://ikachalife.com/34729,food_media_retrospective,food_blog_retrospective,1,1,0.3849
https://ameblo.jp/musuiteisyujinn/entry-12849342808.html,https://inmap.tw/archives/69040,food_media_retrospective,food_media_retrospective,1,1,0.3399
https://ameblo.jp/musuiteisyujinn/entry-12849342808.html,https://kiichiroyoshimoto.jp/2025/06/05/%E9%BA%97%E9%83%B7%E3%83%BB%E6%B8%8B%E8%B0%B7%E9%81%93%E7%8E%84%E5%9D%82%E5%B0%8F%E8%B7%AF-1984%E2%87%942025/,food_media_retrospective,food_media_retrospective,1,1,0.5114
https://ameblo.jp/musuiteisyujinn/entry-12849342808.html,https://linyu.tw/thirdgeneration/,food_media_retrospective,food_blog_retrospective,1,1,0.3239
https://ameblo.jp/musuiteisyujinn/entry-12849342808.html,https://lordcat.net/archives/365,food_media_retrospective,food_media_retrospective,1,1,0.3141
https://ameblo.jp/musuiteisyujinn/entry-12849342808.html,https://m.918canyin.com/gxstwrrf/,food_media_retrospective,franchise_portal,1,1,0.3608
https://ameblo.jp/musuiteisyujinn/entry-12849342808.html,https://m.ccas.com.cn/site/content/95431.html,food_media_retrospective,industry_association_report,1,1,0.3774
https://ameblo.jp/musuiteisyujinn/entry-12849342808.html,https://matadornetwork.com/read/chinatown-nyc-restaurants/,food_media_retrospective,travel_history_article,1,1,0.3960
https://ameblo.jp/musuiteisyujinn/entry-12849342808.html,https://nagoya-meshi.jp/cms/nagoyameshi-search/detail/%E4%B8%AD%E5%9B%BD%E5%8F%B0%E6%B9%BE%E6%96%99%E7%90%86-%E5%91%B3%E4%BB%99-%E6%9C%AC%E5%BA%97/,food_media_retrospective,official_tourism_listing,1,1,0.3261
https://ameblo.jp/musuiteisyujinn/entry-12849342808.html,https://rainieis.tw/2017-08-29-307/,food_media_retrospective,food_blog_retrospective,1,1,0.3363
https://autos.yahoo.com.tw/1965-%E5%B9%B4%E5%89%B5%E5%A7%8B%E5%9C%A8%E5%9C%B0%E8%80%81%E5%BA%97%E3%80%8C%E9%98%BF%E6%98%9F%E9%B9%B9%E7%B2%A5%E3%80%8D%E9%AD%9A%E7%B2%A5%E8%B1%90%E5%8E%9A%E9%AE%AE%E7%BE%8E%EF%BC%8C%E6%90%AD%E9%85%8D%E8%82%89%E7%87%A5%E6%B2%B9%E6%A2%9D%E6%98%AF%E5%8F%B0%E5%8D%97%E6%9C%80%E6%A3%92%E6%97%A9%E9%A4%90%EF%BC%81-055001246.html,https://ciaoz.tw/yungtung-milkfish/,food_media_retrospective,food_blog_retrospective,1,1,0.3802
https://autos.yahoo.com.tw/1965-%E5%B9%B4%E5%89%B5%E5%A7%8B%E5%9C%A8%E5%9C%B0%E8%80%81%E5%BA%97%E3%80%8C%E9%98%BF%E6%98%9F%E9%B9%B9%E7%B2%A5%E3%80%8D%E9%AD%9A%E7%B2%A5%E8%B1%90%E5%8E%9A%E9%AE%AE%E7%BE%8E%EF%BC%8C%E6%90%AD%E9%85%8D%E8%82%89%E7%87%A5%E6%B2%B9%E6%A2%9D%E6%98%AF%E5%8F%B0%E5%8D%97%E6%9C%80%E6%A3%92%E6%97%A9%E9%A4%90%EF%BC%81-055001246.html,https://eresources.nlb.gov.sg/newspapers/digitised/issue/weekendeast19941111-1,food_media_retrospective,newspaper_archive,1,1,0.3161
https://autos.yahoo.com.tw/1965-%E5%B9%B4%E5%89%B5%E5%A7%8B%E5%9C%A8%E5%9C%B0%E8%80%81%E5%BA%97%E3%80%8C%E9%98%BF%E6%98%9F%E9%B9%B9%E7%B2%A5%E3%80%8D%E9%AD%9A%E7%B2%A5%E8%B1%90%E5%8E%9A%E9%AE%AE%E7%BE%8E%EF%BC%8C%E6%90%AD%E9%85%8D%E8%82%89%E7%87%A5%E6%B2%B9%E6%A2%9D%E6%98%AF%E5%8F%B0%E5%8D%97%E6%9C%80%E6%A3%92%E6%97%A9%E9%A4%90%EF%BC%81-055001246.html,https://friendlystore.taipei/index.php/property/7552/tw,food_media_retrospective,municipal_accessibility_listing,1,1,0.3026
https://autos.yahoo.com.tw/1965-%E5%B9%B4%E5%89%B5%E5%A7%8B%E5%9C%A8%E5%9C%B0%E8%80%81%E5%BA%97%E3%80%8C%E9%98%BF%E6%98%9F%E9%B9%B9%E7%B2%A5%E3%80%8D%E9%AD%9A%E7%B2%A5%E8%B1%90%E5%8E%9A%E9%AE%AE%E7%BE%8E%EF%BC%8C%E6%90%AD%E9%85%8D%E8%82%89%E7%87%A5%E6%B2%B9%E6%A2%9D%E6%98%AF%E5%8F%B0%E5%8D%97%E6%9C%80%E6%A3%92%E6%97%A9%E9%A4%90%EF%BC%81-055001246.html,https://h5.awsprod.99ranch.com/about-us,food_media_retrospective,official_company_profile,1,1,0.3073
https://autos.yahoo.com.tw/1965-%E5%B9%B4%E5%89%B5%E5%A7%8B%E5%9C%A8%E5%9C%B0%E8%80%81%E5%BA%97%E3%80%8C%E9%98%BF%E6%98%9F%E9%B9%B9%E7%B2%A5%E3%80%8D%E9%AD%9A%E7%B2%A5%E8%B1%90%E5%8E%9A%E9%AE%AE%E7%BE%8E%EF%BC%8C%E6%90%AD%E9%85%8D%E8%82%89%E7%87%A5%E6%B2%B9%E6%A2%9D%E6%98%AF%E5%8F%B0%E5%8D%97%E6%9C%80%E6%A3%92%E6%97%A9%E9%A4%90%EF%BC%81-055001246.html,https://i17fun.tw/fengshan-salty-rice-moss/,food_media_retrospective,food_media_retrospective,1,1,0.4181
https://autos.yahoo.com.tw/1965-%E5%B9%B4%E5%89%B5%E5%A7%8B%E5%9C%A8%E5%9C%B0%E8%80%81%E5%BA%97%E3%80%8C%E9%98%BF%E6%98%9F%E9%B9%B9%E7%B2%A5%E3%80%8D%E9%AD%9A%E7%B2%A5%E8%B1%90%E5%8E%9A%E9%AE%AE%E7%BE%8E%EF%BC%8C%E6%90%AD%E9%85%8D%E8%82%89%E7%87%A5%E6%B2%B9%E6%A2%9D%E6%98%AF%E5%8F%B0%E5%8D%97%E6%9C%80%E6%A3%92%E6%97%A9%E9%A4%90%EF%BC%81-055001246.html,https://ifoodie.tw/en/post/60b7b416a6272846a04cdde3,food_media_retrospective,food_media_retrospective,1,1,0.3500
https://autos.yahoo.com.tw/1965-%E5%B9%B4%E5%89%B5%E5%A7%8B%E5%9C%A8%E5%9C%B0%E8%80%81%E5%BA%97%E3%80%8C%E9%98%BF%E6%98%9F%E9%B9%B9%E7%B2%A5%E3%80%8D%E9%AD%9A%E7%B2%A5%E8%B1%90%E5%8E%9A%E9%AE%AE%E7%BE%8E%EF%BC%8C%E6%90%AD%E9%85%8D%E8%82%89%E7%87%A5%E6%B2%B9%E6%A2%9D%E6%98%AF%E5%8F%B0%E5%8D%97%E6%9C%80%E6%A3%92%E6%97%A9%E9%A4%90%EF%BC%81-055001246.html,https://ihappyday.tw/blog/post/old-mother-noodle,food_media_retrospective,food_media_retrospective,1,1,0.3405
https://autos.yahoo.com.tw/1965-%E5%B9%B4%E5%89%B5%E5%A7%8B%E5%9C%A8%E5%9C%B0%E8%80%81%E5%BA%97%E3%80%8C%E9%98%BF%E6%98%9F%E9%B9%B9%E7%B2%A5%E3%80%8D%E9%AD%9A%E7%B2%A5%E8%B1%90%E5%8E%9A%E9%AE%AE%E7%BE%8E%EF%BC%8C%E6%90%AD%E9%85%8D%E8%82%89%E7%87%A5%E6%B2%B9%E6%A2%9D%E6%98%AF%E5%8F%B0%E5%8D%97%E6%9C%80%E6%A3%92%E6%97%A9%E9%A4%90%EF%BC%81-055001246.html,https://ikachalife.com/34729,food_media_retrospective,food_blog_retrospective,1,1,0.4108
https://autos.yahoo.com.tw/1965-%E5%B9%B4%E5%89%B5%E5%A7%8B%E5%9C%A8%E5%9C%B0%E8%80%81%E5%BA%97%E3%80%8C%E9%98%BF%E6%98%9F%E9%B9%B9%E7%B2%A5%E3%80%8D%E9%AD%9A%E7%B2%A5%E8%B1%90%E5%8E%9A%E9%AE%AE%E7%BE%8E%EF%BC%8C%E6%90%AD%E9%85%8D%E8%82%89%E7%87%A5%E6%B2%B9%E6%A2%9D%E6%98%AF%E5%8F%B0%E5%8D%97%E6%9C%80%E6%A3%92%E6%97%A9%E9%A4%90%EF%BC%81-055001246.html,https://inmap.tw/archives/69040,food_media_retrospective,food_media_retrospective,1,1,0.3783
https://autos.yahoo.com.tw/1965-%E5%B9%B4%E5%89%B5%E5%A7%8B%E5%9C%A8%E5%9C%B0%E8%80%81%E5%BA%97%E3%80%8C%E9%98%BF%E6%98%9F%E9%B9%B9%E7%B2%A5%E3%80%8D%E9%AD%9A%E7%B2%A5%E8%B1%90%E5%8E%9A%E9%AE%AE%E7%BE%8E%EF%BC%8C%E6%90%AD%E9%85%8D%E8%82%89%E7%87%A5%E6%B2%B9%E6%A2%9D%E6%98%AF%E5%8F%B0%E5%8D%97%E6%9C%80%E6%A3%92%E6%97%A9%E9%A4%90%EF%BC%81-055001246.html,https://journey.tw/chous/,food_media_retrospective,travel_food_retrospective,1,1,0.3741
https://autos.yahoo.com.tw/1965-%E5%B9%B4%E5%89%B5%E5%A7%8B%E5%9C%A8%E5%9C%B0%E8%80%81%E5%BA%97%E3%80%8C%E9%98%BF%E6%98%9F%E9%B9%B9%E7%B2%A5%E3%80%8D%E9%AD%9A%E7%B2%A5%E8%B1%90%E5%8E%9A%E9%AE%AE%E7%BE%8E%EF%BC%8C%E6%90%AD%E9%85%8D%E8%82%89%E7%87%A5%E6%B2%B9%E6%A2%9D%E6%98%AF%E5%8F%B0%E5%8D%97%E6%9C%80%E6%A3%92%E6%97%A9%E9%A4%90%EF%BC%81-055001246.html,https://khguide.com/%E9%98%BF%E8%8B%B1%E6%8E%92%E9%AA%A8%E9%A3%AF/,food_media_retrospective,food_blog_retrospective,1,1,0.3218
https://autos.yahoo.com.tw/1965-%E5%B9%B4%E5%89%B5%E5%A7%8B%E5%9C%A8%E5%9C%B0%E8%80%81%E5%BA%97%E3%80%8C%E9%98%BF%E6%98%9F%E9%B9%B9%E7%B2%A5%E3%80%8D%E9%AD%9A%E7%B2%A5%E8%B1%90%E5%8E%9A%E9%AE%AE%E7%BE%8E%EF%BC%8C%E6%90%AD%E9%85%8D%E8%82%89%E7%87%A5%E6%B2%B9%E6%A2%9D%E6%98%AF%E5%8F%B0%E5%8D%97%E6%9C%80%E6%A3%92%E6%97%A9%E9%A4%90%EF%BC%81-055001246.html,https://lordcat.net/archives/365,food_media_retrospective,food_media_retrospective,1,1,0.3158
https://autos.yahoo.com.tw/1965-%E5%B9%B4%E5%89%B5%E5%A7%8B%E5%9C%A8%E5%9C%B0%E8%80%81%E5%BA%97%E3%80%8C%E9%98%BF%E6%98%9F%E9%B9%B9%E7%B2%A5%E3%80%8D%E9%AD%9A%E7%B2%A5%E8%B1%90%E5%8E%9A%E9%AE%AE%E7%BE%8E%EF%BC%8C%E6%90%AD%E9%85%8D%E8%82%89%E7%87%A5%E6%B2%B9%E6%A2%9D%E6%98%AF%E5%8F%B0%E5%8D%97%E6%9C%80%E6%A3%92%E6%97%A9%E9%A4%90%EF%BC%81-055001246.html,https://news.pchome.com.tw/public/pronews/20260527/index-77989075490386353016.html,food_media_retrospective,local_news_food_business,1,1,0.3521
https://autos.yahoo.com.tw/1965-%E5%B9%B4%E5%89%B5%E5%A7%8B%E5%9C%A8%E5%9C%B0%E8%80%81%E5%BA%97%E3%80%8C%E9%98%BF%E6%98%9F%E9%B9%B9%E7%B2%A5%E3%80%8D%E9%AD%9A%E7%B2%A5%E8%B1%90%E5%8E%9A%E9%AE%AE%E7%BE%8E%EF%BC%8C%E6%90%AD%E9%85%8D%E8%82%89%E7%87%A5%E6%B2%B9%E6%A2%9D%E6%98%AF%E5%8F%B0%E5%8D%97%E6%9C%80%E6%A3%92%E6%97%A9%E9%A4%90%EF%BC%81-055001246.html,https://nigi33.tw/2014-01-07-387/,food_media_retrospective,food_blog_retrospective,1,1,0.3196
https://ciaoz.tw/yungtung-milkfish/,https://en.wikipedia.org/wiki/Taiwanese_cuisine,food_blog_retrospective,encyclopedic_secondary,1,1,0.3071
https://ciaoz.tw/yungtung-milkfish/,https://enlifesun.com/2021-04-23-1955/,food_blog_retrospective,food_blog_retrospective,1,1,0.4525
https://ciaoz.tw/yungtung-milkfish/,https://eresources.nlb.gov.sg/newspapers/digitised/issue/biztimes19870320-1,food_blog_retrospective,newspaper_archive,1,1,0.3056
https://ciaoz.tw/yungtung-milkfish/,https://eresources.nlb.gov.sg/newspapers/digitised/issue/straitstimes19870814-1,food_blog_retrospective,newspaper_archive,1,1,0.3262
https://ciaoz.tw/yungtung-milkfish/,https://eresources.nlb.gov.sg/newspapers/digitised/issue/weekendeast19941111-1,food_blog_retrospective,newspaper_archive,1,1,0.4550
https://ciaoz.tw/yungtung-milkfish/,https://foodintainan.com.tw/uprichdishes/,food_blog_retrospective,local_food_media,1,1,0.3819
https://ciaoz.tw/yungtung-milkfish/,https://forbesjapan.com/articles/detail/46596/page2,food_blog_retrospective,food_media_secondary,1,1,0.3194
https://ciaoz.tw/yungtung-milkfish/,https://friendlystore.taipei/index.php/property/7552/tw,food_blog_retrospective,municipal_accessibility_listing,1,1,0.3675
https://ciaoz.tw/yungtung-milkfish/,https://i17fun.tw/fengshan-salty-rice-moss/,food_blog_retrospective,food_media_retrospective,1,1,0.4906
https://ciaoz.tw/yungtung-milkfish/,https://ifoodie.tw/en/post/60b7b416a6272846a04cdde3,food_blog_retrospective,food_media_retrospective,1,1,0.4508
https://ciaoz.tw/yungtung-milkfish/,https://ihappyday.tw/blog/post/old-mother-noodle,food_blog_retrospective,food_media_retrospective,1,1,0.3602
https://ciaoz.tw/yungtung-milkfish/,https://ikachalife.com/34729,food_blog_retrospective,food_blog_retrospective,1,1,0.3241
https://ciaoz.tw/yungtung-milkfish/,https://inmap.tw/archives/69040,food_blog_retrospective,food_media_retrospective,1,1,0.5393
https://ciaoz.tw/yungtung-milkfish/,https://journey.tw/chous/,food_blog_retrospective,travel_food_retrospective,1,1,0.4898
https://ciaoz.tw/yungtung-milkfish/,https://khguide.com/%E9%98%BF%E8%8B%B1%E6%8E%92%E9%AA%A8%E9%A3%AF/,food_blog_retrospective,food_blog_retrospective,1,1,0.4758
https://ciaoz.tw/yungtung-milkfish/,https://khh.travel/zh-tw/shop/gourmet/778/,food_blog_retrospective,official_tourism_profile,1,1,0.3727
https://ciaoz.tw/yungtung-milkfish/,https://linyu.tw/thirdgeneration/,food_blog_retrospective,food_blog_retrospective,1,1,0.4215
https://ciaoz.tw/yungtung-milkfish/,https://lordcat.net/archives/365,food_blog_retrospective,food_media_retrospective,1,1,0.3902
https://ciaoz.tw/yungtung-milkfish/,https://nigi33.tw/2014-01-07-387/,food_blog_retrospective,food_blog_retrospective,1,1,0.5000
https://ciaoz.tw/yungtung-milkfish/,https://paper.people.com.cn/rmrbhwb/page/2019-05/17/11/rmrbhwb2019051711.pdf,food_blog_retrospective,newspaper_archive,1,1,0.3319
https://ciaoz.tw/yungtung-milkfish/,https://paper.udn.com/udnpaper/POD0004/306283/web/,food_blog_retrospective,municipal_media,1,1,0.3713
https://ciaoz.tw/yungtung-milkfish/,https://pbear.tw/%E6%B0%B8%E9%80%9A%E8%99%B1%E7%9B%AE%E9%AD%9A%E7%B2%A5/,food_blog_retrospective,food_blog_retrospective,1,1,0.5243
https://ciaoz.tw/yungtung-milkfish/,https://rainieis.tw/2017-08-29-307/,food_blog_retrospective,food_blog_retrospective,1,1,0.3667
https://cn.govopendata.com/renminribao/1987/11/5/3/,https://cn.govopendata.com/renminribao/1987/8/11/2/,newspaper_archive,newspaper_archive,1,1,0.4198
https://cn.govopendata.com/renminribao/1987/11/5/3/,https://en.wikipedia.org/wiki/Taiwanese_Americans,newspaper_archive,encyclopedic_secondary,1,1,0.3667
https://cn.govopendata.com/renminribao/1987/11/5/3/,https://en.wikipedia.org/wiki/Taiwanese_cuisine,newspaper_archive,encyclopedic_secondary,1,1,0.3048
https://cn.govopendata.com/renminribao/1987/11/5/3/,https://enlifesun.com/2021-04-23-1955/,newspaper_archive,food_blog_retrospective,1,1,0.3136
https://cn.govopendata.com/renminribao/1987/11/5/3/,https://eresources.nlb.gov.sg/newspapers/digitised/issue/biztimes19851018-1,newspaper_archive,newspaper_archive,1,1,0.3657
https://cn.govopendata.com/renminribao/1987/11/5/3/,https://eresources.nlb.gov.sg/newspapers/digitised/issue/biztimes19870320-1,newspaper_archive,newspaper_archive,1,1,0.3377
https://cn.govopendata.com/renminribao/1987/11/5/3/,https://eresources.nlb.gov.sg/newspapers/digitised/issue/biztimes19870612-1,newspaper_archive,newspaper_archive,1,1,0.3019
https://cn.govopendata.com/renminribao/1987/11/5/3/,https://eresources.nlb.gov.sg/newspapers/digitised/issue/straitstimes19740505-1,newspaper_archive,newspaper_archive,1,1,0.3394
https://cn.govopendata.com/renminribao/1987/11/5/3/,https://eresources.nlb.gov.sg/newspapers/digitised/issue/straitstimes19750419-1,newspaper_archive,newspaper_archive,1,1,0.3223
https://cn.govopendata.com/renminribao/1987/11/5/3/,https://eresources.nlb.gov.sg/newspapers/digitised/issue/straitstimes19861207-1,newspaper_archive,newspaper_archive,1,1,0.3356
https://cn.govopendata.com/renminribao/1987/11/5/3/,https://eresources.nlb.gov.sg/newspapers/digitised/issue/straitstimes19870129-1,newspaper_archive,newspaper_archive,1,1,0.3363
https://cn.govopendata.com/renminribao/1987/11/5/3/,https://eresources.nlb.gov.sg/newspapers/digitised/issue/straitstimes19870905-1,newspaper_archive,newspaper_archive,1,1,0.3494
https://cn.govopendata.com/renminribao/1987/11/5/3/,https://eresources.nlb.gov.sg/newspapers/digitised/issue/weekendeast19941111-1,newspaper_archive,newspaper_archive,1,1,0.3009
https://cn.govopendata.com/renminribao/1987/11/5/3/,https://forbesjapan.com/articles/detail/46596/page2,newspaper_archive,food_media_secondary,1,1,0.3630
https://cn.govopendata.com/renminribao/1987/11/5/3/,https://i17fun.tw/fengshan-salty-rice-moss/,newspaper_archive,food_media_retrospective,1,1,0.3000
https://cn.govopendata.com/renminribao/1987/11/5/3/,https://ifoodie.tw/en/post/60b7b416a6272846a04cdde3,newspaper_archive,food_media_retrospective,1,1,0.3166
https://cn.govopendata.com/renminribao/1987/11/5/3/,https://ikachalife.com/34729,newspaper_archive,food_blog_retrospective,1,1,0.3582
https://cn.govopendata.com/renminribao/1987/11/5/3/,https://khh.travel/zh-tw/shop/gourmet/1143,newspaper_archive,official_tourism_profile,1,1,0.3291
https://cn.govopendata.com/renminribao/1987/11/5/3/,https://lordcat.net/archives/365,newspaper_archive,food_media_retrospective,1,1,0.3364
https://cn.govopendata.com/renminribao/1987/11/5/3/,https://m.ccas.com.cn/site/content/95431.html,newspaper_archive,industry_association_report,1,1,0.3817
https://cn.govopendata.com/renminribao/1987/11/5/3/,https://m.zhms.cn/jmzs/39475/,newspaper_archive,franchise_portal,1,1,0.3184
https://cn.govopendata.com/renminribao/1987/11/5/3/,https://newsdig.tbs.co.jp/articles/cbc/409918?display=1,newspaper_archive,media_obituary,1,1,0.3333
https://cn.govopendata.com/renminribao/1987/11/5/3/,https://paper.people.com.cn/rmrbhwb/page/2019-05/17/11/rmrbhwb2019051711.pdf,newspaper_archive,newspaper_archive,1,1,0.4426
https://cn.govopendata.com/renminribao/1987/11/5/3/,https://paper.udn.com/udnpaper/PIA0028/355829/web,newspaper_archive,media_report,1,1,0.3857
https://cn.govopendata.com/renminribao/1987/8/11/2/,https://en.wikipedia.org/wiki/Taiwanese_Americans,newspaper_archive,encyclopedic_secondary,1,1,0.3289
https://cn.govopendata.com/renminribao/1987/8/11/2/,https://en.wikipedia.org/wiki/Taiwanese_cuisine,newspaper_archive,encyclopedic_secondary,1,1,0.3228
https://cn.govopendata.com/renminribao/1987/8/11/2/,https://eresources.nlb.gov.sg/newspapers/digitised/issue/biztimes19870320-1,newspaper_archive,newspaper_archive,1,1,0.3333
https://cn.govopendata.com/renminribao/1987/8/11/2/,https://eresources.nlb.gov.sg/newspapers/digitised/issue/biztimes19870612-1,newspaper_archive,newspaper_archive,1,1,0.3452
https://cn.govopendata.com/renminribao/1987/8/11/2/,https://eresources.nlb.gov.sg/newspapers/digitised/issue/straitstimes19740505-1,newspaper_archive,newspaper_archive,1,1,0.3842
https://cn.govopendata.com/renminribao/1987/8/11/2/,https://eresources.nlb.gov.sg/newspapers/digitised/issue/straitstimes19750419-1,newspaper_archive,newspaper_archive,1,1,0.4184
https://cn.govopendata.com/renminribao/1987/8/11/2/,https://eresources.nlb.gov.sg/newspapers/digitised/issue/straitstimes19861207-1,newspaper_archive,newspaper_archive,1,1,0.3032
https://cn.govopendata.com/renminribao/1987/8/11/2/,https://eresources.nlb.gov.sg/newspapers/digitised/issue/straitstimes19870129-1,newspaper_archive,newspaper_archive,1,1,0.3507
https://cn.govopendata.com/renminribao/1987/8/11/2/,https://kiichiroyoshimoto.jp/2025/06/05/%E9%BA%97%E9%83%B7%E3%83%BB%E6%B8%8B%E8%B0%B7%E9%81%93%E7%8E%84%E5%9D%82%E5%B0%8F%E8%B7%AF-1984%E2%87%942025/,newspaper_archive,food_media_retrospective,1,1,0.3053
https://cn.govopendata.com/renminribao/1987/8/11/2/,https://lordcat.net/archives/365,newspaper_archive,food_media_retrospective,1,1,0.3512
https://cn.govopendata.com/renminribao/1987/8/11/2/,https://m.zhms.cn/jmzs/39475/,newspaper_archive,franchise_portal,1,1,0.3304
https://cn.govopendata.com/renminribao/1987/8/11/2/,https://newsdig.tbs.co.jp/articles/cbc/409918?display=1,newspaper_archive,media_obituary,1,1,0.3550
https://cn.govopendata.com/renminribao/1987/8/11/2/,https://nigi33.tw/2014-01-07-387/,newspaper_archive,food_blog_retrospective,1,1,0.3017
https://cn.govopendata.com/renminribao/1987/8/11/2/,https://paper.people.com.cn/rmrbhwb/page/2019-05/17/11/rmrbhwb2019051711.pdf,newspaper_archive,newspaper_archive,1,1,0.4454
https://cn.govopendata.com/renminribao/1987/8/11/2/,https://rainieis.tw/2017-08-29-307/,newspaper_archive,food_blog_retrospective,1,1,0.3417
https://commons.wikimedia.org/wiki/File%3A%E4%B8%8A%E6%B5%B7%E9%A4%90%E5%8E%85%E4%B8%AD%E4%B8%AA%E5%8D%A4%E8%82%89%E9%A5%AD.jpg,https://k.sina.cn/article_7232786777_1af1b91590010134vk.html,image_metadata,food_media,1,1,0.3889
https://en.wikipedia.org/wiki/Taiwanese_Americans,https://en.wikipedia.org/wiki/Taiwanese_cuisine,encyclopedic_secondary,encyclopedic_secondary,1,1,0.3825
https://en.wikipedia.org/wiki/Taiwanese_Americans,https://enlifesun.com/2021-04-23-1955/,encyclopedic_secondary,food_blog_retrospective,1,1,0.4037
https://en.wikipedia.org/wiki/Taiwanese_Americans,https://eresources.nlb.gov.sg/newspapers/digitised/issue/biztimes19870320-1,encyclopedic_secondary,newspaper_archive,1,1,0.3192
https://en.wikipedia.org/wiki/Taiwanese_Americans,https://eresources.nlb.gov.sg/newspapers/digitised/issue/biztimes19870612-1,encyclopedic_secondary,newspaper_archive,1,1,0.3402
https://en.wikipedia.org/wiki/Taiwanese_Americans,https://eresources.nlb.gov.sg/newspapers/digitised/issue/newpaper19990421-1,encyclopedic_secondary,newspaper_archive,1,1,0.3069
https://en.wikipedia.org/wiki/Taiwanese_Americans,https://eresources.nlb.gov.sg/newspapers/digitised/issue/straitstimes19740505-1,encyclopedic_secondary,newspaper_archive,1,1,0.3300
https://en.wikipedia.org/wiki/Taiwanese_Americans,https://eresources.nlb.gov.sg/newspapers/digitised/issue/straitstimes19750419-1,encyclopedic_secondary,newspaper_archive,1,1,0.4041
https://en.wikipedia.org/wiki/Taiwanese_Americans,https://eresources.nlb.gov.sg/newspapers/digitised/issue/straitstimes19860619-1,encyclopedic_secondary,newspaper_archive,1,1,0.3261
https://en.wikipedia.org/wiki/Taiwanese_Americans,https://eresources.nlb.gov.sg/newspapers/digitised/issue/straitstimes19870129-1,encyclopedic_secondary,newspaper_archive,1,1,0.3846
https://en.wikipedia.org/wiki/Taiwanese_Americans,https://eresources.nlb.gov.sg/newspapers/digitised/issue/weekendeast19941111-1,encyclopedic_secondary,newspaper_archive,1,1,0.3750
https://en.wikipedia.org/wiki/Taiwanese_Americans,https://foodintainan.com.tw/uprichdishes/,encyclopedic_secondary,local_food_media,1,1,0.3268
https://en.wikipedia.org/wiki/Taiwanese_Americans,https://forbesjapan.com/articles/detail/46596/page2,encyclopedic_secondary,food_media_secondary,1,1,0.4351
https://en.wikipedia.org/wiki/Taiwanese_Americans,https://h5.awsprod.99ranch.com/about-us,encyclopedic_secondary,official_company_profile,1,1,0.3755
https://en.wikipedia.org/wiki/Taiwanese_Americans,https://i17fun.tw/fengshan-salty-rice-moss/,encyclopedic_secondary,food_media_retrospective,1,1,0.3588
https://en.wikipedia.org/wiki/Taiwanese_Americans,https://ifoodie.tw/en/post/60b7b416a6272846a04cdde3,encyclopedic_secondary,food_media_retrospective,1,1,0.3320
https://en.wikipedia.org/wiki/Taiwanese_Americans,https://ikachalife.com/34729,encyclopedic_secondary,food_blog_retrospective,1,1,0.3280
https://en.wikipedia.org/wiki/Taiwanese_Americans,https://inmap.tw/archives/69040,encyclopedic_secondary,food_media_retrospective,1,1,0.3485
https://en.wikipedia.org/wiki/Taiwanese_Americans,https://journey.tw/chous/,encyclopedic_secondary,travel_food_retrospective,1,1,0.3719
https://en.wikipedia.org/wiki/Taiwanese_Americans,https://khh.travel/zh-tw/shop/gourmet/1143,encyclopedic_secondary,official_tourism_profile,1,1,0.3196
https://en.wikipedia.org/wiki/Taiwanese_Americans,https://khh.travel/zh-tw/shop/gourmet/778/,encyclopedic_secondary,official_tourism_profile,1,1,0.3687
https://en.wikipedia.org/wiki/Taiwanese_Americans,https://kiichiroyoshimoto.jp/2025/06/05/%E9%BA%97%E9%83%B7%E3%83%BB%E6%B8%8B%E8%B0%B7%E9%81%93%E7%8E%84%E5%9D%82%E5%B0%8F%E8%B7%AF-1984%E2%87%942025/,encyclopedic_secondary,food_media_retrospective,1,1,0.3957
https://en.wikipedia.org/wiki/Taiwanese_Americans,https://linyu.tw/thirdgeneration/,encyclopedic_secondary,food_blog_retrospective,1,1,0.3721
https://en.wikipedia.org/wiki/Taiwanese_Americans,https://lordcat.net/archives/365,encyclopedic_secondary,food_media_retrospective,1,1,0.3861
https://en.wikipedia.org/wiki/Taiwanese_Americans,https://m.ccas.com.cn/site/content/95431.html,encyclopedic_secondary,industry_association_report,1,1,0.3498
https://en.wikipedia.org/wiki/Taiwanese_Americans,https://m.zhms.cn/jmzs/39475/,encyclopedic_secondary,franchise_portal,1,1,0.3260
https://en.wikipedia.org/wiki/Taiwanese_Americans,https://newsdig.tbs.co.jp/articles/cbc/409918?display=1,encyclopedic_secondary,media_obituary,1,1,0.3947
https://en.wikipedia.org/wiki/Taiwanese_Americans,https://nigi33.tw/2014-01-07-387/,encyclopedic_secondary,food_blog_retrospective,1,1,0.3755
https://en.wikipedia.org/wiki/Taiwanese_Americans,https://paper.people.com.cn/rmrbhwb/page/2019-05/17/11/rmrbhwb2019051711.pdf,encyclopedic_secondary,newspaper_archive,1,1,0.3717
https://en.wikipedia.org/wiki/Taiwanese_Americans,https://paper.udn.com/udnpaper/POD0004/306283/web/,encyclopedic_secondary,municipal_media,1,1,0.3590
https://en.wikipedia.org/wiki/Taiwanese_Americans,https://pbear.tw/%E6%B0%B8%E9%80%9A%E8%99%B1%E7%9B%AE%E9%AD%9A%E7%B2%A5/,encyclopedic_secondary,food_blog_retrospective,1,1,0.3182
https://en.wikipedia.org/wiki/Taiwanese_Americans,https://rainieis.tw/2017-08-29-307/,encyclopedic_secondary,food_blog_retrospective,1,1,0.3544
https://en.wikipedia.org/wiki/Taiwanese_cuisine,https://enlifesun.com/2021-04-23-1955/,encyclopedic_secondary,food_blog_retrospective,1,1,0.3077
https://en.wikipedia.org/wiki/Taiwanese_cuisine,https://eresources.nlb.gov.sg/newspapers/digitised/issue/biztimes19851018-1,encyclopedic_secondary,newspaper_archive,1,1,0.3154
https://en.wikipedia.org/wiki/Taiwanese_cuisine,https://eresources.nlb.gov.sg/newspapers/digitised/issue/biztimes19870320-1,encyclopedic_secondary,newspaper_archive,1,1,0.3140
https://en.wikipedia.org/wiki/Taiwanese_cuisine,https://eresources.nlb.gov.sg/newspapers/digitised/issue/biztimes19870612-1,encyclopedic_secondary,newspaper_archive,1,1,0.3767
https://en.wikipedia.org/wiki/Taiwanese_cuisine,https://eresources.nlb.gov.sg/newspapers/digitised/issue/straitstimes19721024-1,encyclopedic_secondary,newspaper_archive,1,1,0.3084
https://en.wikipedia.org/wiki/Taiwanese_cuisine,https://eresources.nlb.gov.sg/newspapers/digitised/issue/straitstimes19740505-1,encyclopedic_secondary,newspaper_archive,1,1,0.3057
https://en.wikipedia.org/wiki/Taiwanese_cuisine,https://eresources.nlb.gov.sg/newspapers/digitised/issue/straitstimes19750419-1,encyclopedic_secondary,newspaper_archive,1,1,0.4054
https://en.wikipedia.org/wiki/Taiwanese_cuisine,https://eresources.nlb.gov.sg/newspapers/digitised/issue/straitstimes19861207-1,encyclopedic_secondary,newspaper_archive,1,1,0.3828
https://en.wikipedia.org/wiki/Taiwanese_cuisine,https://eresources.nlb.gov.sg/newspapers/digitised/issue/straitstimes19870129-1,encyclopedic_secondary,newspaper_archive,1,1,0.3376
https://en.wikipedia.org/wiki/Taiwanese_cuisine,https://eresources.nlb.gov.sg/newspapers/digitised/issue/straitstimes19870814-1,encyclopedic_secondary,newspaper_archive,1,1,0.3571
https://en.wikipedia.org/wiki/Taiwanese_cuisine,https://eresources.nlb.gov.sg/newspapers/digitised/issue/straitstimes19870905-1,encyclopedic_secondary,newspaper_archive,1,1,0.3429
https://en.wikipedia.org/wiki/Taiwanese_cuisine,https://eresources.nlb.gov.sg/newspapers/digitised/issue/weekendeast19941111-1,encyclopedic_secondary,newspaper_archive,1,1,0.3207
https://en.wikipedia.org/wiki/Taiwanese_cuisine,https://foodintainan.com.tw/uprichdishes/,encyclopedic_secondary,local_food_media,1,1,0.3642
https://en.wikipedia.org/wiki/Taiwanese_cuisine,https://h5.awsprod.99ranch.com/about-us,encyclopedic_secondary,official_company_profile,1,1,0.3399
https://en.wikipedia.org/wiki/Taiwanese_cuisine,https://i17fun.tw/fengshan-salty-rice-moss/,encyclopedic_secondary,food_media_retrospective,1,1,0.3093
https://en.wikipedia.org/wiki/Taiwanese_cuisine,https://ifoodie.tw/en/post/60b7b416a6272846a04cdde3,encyclopedic_secondary,food_media_retrospective,1,1,0.3481
https://en.wikipedia.org/wiki/Taiwanese_cuisine,https://ikachalife.com/34729,encyclopedic_secondary,food_blog_retrospective,1,1,0.3943
https://en.wikipedia.org/wiki/Taiwanese_cuisine,https://linyu.tw/thirdgeneration/,encyclopedic_secondary,food_blog_retrospective,1,1,0.3484
https://en.wikipedia.org/wiki/Taiwanese_cuisine,https://lordcat.net/archives/365,encyclopedic_secondary,food_media_retrospective,1,1,0.3290
https://en.wikipedia.org/wiki/Taiwanese_cuisine,https://m.ccas.com.cn/site/content/95431.html,encyclopedic_secondary,industry_association_report,1,1,0.3413
https://en.wikipedia.org/wiki/Taiwanese_cuisine,https://m.zhms.cn/jmzs/39475/,encyclopedic_secondary,franchise_portal,1,1,0.3359
https://en.wikipedia.org/wiki/Taiwanese_cuisine,https://news.pchome.com.tw/public/pronews/20260527/index-77989075490386353016.html,encyclopedic_secondary,local_news_food_business,1,1,0.3387
https://en.wikipedia.org/wiki/Taiwanese_cuisine,https://newsdig.tbs.co.jp/articles/cbc/409918?display=1,encyclopedic_secondary,media_obituary,1,1,0.3580
https://en.wikipedia.org/wiki/Taiwanese_cuisine,https://nigi33.tw/2014-01-07-387/,encyclopedic_secondary,food_blog_retrospective,1,1,0.3178
https://en.wikipedia.org/wiki/Taiwanese_cuisine,https://paper.people.com.cn/rmrbhwb/page/2019-05/17/11/rmrbhwb2019051711.pdf,encyclopedic_secondary,newspaper_archive,1,1,0.3922
https://en.wikipedia.org/wiki/Taiwanese_cuisine,https://rainieis.tw/2017-08-29-307/,encyclopedic_secondary,food_blog_retrospective,1,1,0.3609
https://enlifesun.com/2021-04-23-1955/,https://eresources.nlb.gov.sg/newspapers/digitised/issue/biztimes19870320-1,food_blog_retrospective,newspaper_archive,1,1,0.3732
https://enlifesun.com/2021-04-23-1955/,https://eresources.nlb.gov.sg/newspapers/digitised/issue/biztimes19870612-1,food_blog_retrospective,newspaper_archive,1,1,0.3263
https://enlifesun.com/2021-04-23-1955/,https://eresources.nlb.gov.sg/newspapers/digitised/issue/straitstimes19721024-1,food_blog_retrospective,newspaper_archive,1,1,0.3094
https://enlifesun.com/2021-04-23-1955/,https://eresources.nlb.gov.sg/newspapers/digitised/issue/straitstimes19810124-1,food_blog_retrospective,newspaper_archive,1,1,0.3274
https://enlifesun.com/2021-04-23-1955/,https://eresources.nlb.gov.sg/newspapers/digitised/issue/straitstimes19860123-1,food_blog_retrospective,newspaper_archive,1,1,0.4055
https://enlifesun.com/2021-04-23-1955/,https://eresources.nlb.gov.sg/newspapers/digitised/issue/straitstimes19860619-1,food_blog_retrospective,newspaper_archive,1,1,0.3222
https://enlifesun.com/2021-04-23-1955/,https://eresources.nlb.gov.sg/newspapers/digitised/issue/straitstimes19861207-1,food_blog_retrospective,newspaper_archive,1,1,0.3481
https://enlifesun.com/2021-04-23-1955/,https://eresources.nlb.gov.sg/newspapers/digitised/issue/straitstimes19870129-1,food_blog_retrospective,newspaper_archive,1,1,0.3235
https://enlifesun.com/2021-04-23-1955/,https://eresources.nlb.gov.sg/newspapers/digitised/issue/straitstimes19870814-1,food_blog_retrospective,newspaper_archive,1,1,0.3709
https://enlifesun.com/2021-04-23-1955/,https://eresources.nlb.gov.sg/newspapers/digitised/issue/straitstimes19870905-1,food_blog_retrospective,newspaper_archive,1,1,0.3158
https://enlifesun.com/2021-04-23-1955/,https://eresources.nlb.gov.sg/newspapers/digitised/issue/weekendeast19941111-1,food_blog_retrospective,newspaper_archive,1,1,0.3725
https://enlifesun.com/2021-04-23-1955/,https://i17fun.tw/fengshan-salty-rice-moss/,food_blog_retrospective,food_media_retrospective,1,1,0.3798
https://enlifesun.com/2021-04-23-1955/,https://ifoodie.tw/en/post/60b7b416a6272846a04cdde3,food_blog_retrospective,food_media_retrospective,1,1,0.3882
https://enlifesun.com/2021-04-23-1955/,https://ikachalife.com/34729,food_blog_retrospective,food_blog_retrospective,1,1,0.4390
https://enlifesun.com/2021-04-23-1955/,https://inmap.tw/archives/69040,food_blog_retrospective,food_media_retrospective,1,1,0.3385
https://enlifesun.com/2021-04-23-1955/,https://journey.tw/chous/,food_blog_retrospective,travel_food_retrospective,1,1,0.3866
https://enlifesun.com/2021-04-23-1955/,https://khguide.com/%E9%98%BF%E8%8B%B1%E6%8E%92%E9%AA%A8%E9%A3%AF/,food_blog_retrospective,food_blog_retrospective,1,1,0.4149
https://enlifesun.com/2021-04-23-1955/,https://khh.travel/zh-tw/shop/gourmet/788/,food_blog_retrospective,municipal_tourism,1,1,0.3959
https://enlifesun.com/2021-04-23-1955/,https://lordcat.net/archives/365,food_blog_retrospective,food_media_retrospective,1,1,0.3838
https://enlifesun.com/2021-04-23-1955/,https://m.zhms.cn/jmzs/39475/,food_blog_retrospective,franchise_portal,1,1,0.3946
https://enlifesun.com/2021-04-23-1955/,https://matadornetwork.com/read/chinatown-nyc-restaurants/,food_blog_retrospective,travel_history_article,1,1,0.3828
https://enlifesun.com/2021-04-23-1955/,https://newsdig.tbs.co.jp/articles/cbc/409918?display=1,food_blog_retrospective,media_obituary,1,1,0.3661
https://enlifesun.com/2021-04-23-1955/,https://nigi33.tw/2014-01-07-387/,food_blog_retrospective,food_blog_retrospective,1,1,0.3467
https://enlifesun.com/2021-04-23-1955/,https://paper.people.com.cn/rmrbhwb/page/2019-05/17/11/rmrbhwb2019051711.pdf,food_blog_retrospective,newspaper_archive,1,1,0.3874
https://enlifesun.com/2021-04-23-1955/,https://paper.udn.com/udnpaper/POD0004/306283/web/,food_blog_retrospective,municipal_media,1,1,0.4261
https://enlifesun.com/2021-04-23-1955/,https://pbear.tw/%E6%B0%B8%E9%80%9A%E8%99%B1%E7%9B%AE%E9%AD%9A%E7%B2%A5/,food_blog_retrospective,food_blog_retrospective,1,1,0.3462
https://enlifesun.com/2021-04-23-1955/,https://rainieis.tw/2017-08-29-307/,food_blog_retrospective,food_blog_retrospective,1,1,0.4635
https://eresources.nlb.gov.sg/newspapers/digitised/issue/biztimes19851018-1,https://eresources.nlb.gov.sg/newspapers/digitised/issue/biztimes19870320-1,newspaper_archive,newspaper_archive,1,1,0.4066
https://eresources.nlb.gov.sg/newspapers/digitised/issue/biztimes19851018-1,https://eresources.nlb.gov.sg/newspapers/digitised/issue/biztimes19870612-1,newspaper_archive,newspaper_archive,1,1,0.4324
https://eresources.nlb.gov.sg/newspapers/digitised/issue/biztimes19851018-1,https://eresources.nlb.gov.sg/newspapers/digitised/issue/straitstimes19721024-1,newspaper_archive,newspaper_archive,1,1,0.3944
https://eresources.nlb.gov.sg/newspapers/digitised/issue/biztimes19851018-1,https://eresources.nlb.gov.sg/newspapers/digitised/issue/straitstimes19740505-1,newspaper_archive,newspaper_archive,1,1,0.3772
https://eresources.nlb.gov.sg/newspapers/digitised/issue/biztimes19851018-1,https://eresources.nlb.gov.sg/newspapers/digitised/issue/straitstimes19750419-1,newspaper_archive,newspaper_archive,1,1,0.3710
https://eresources.nlb.gov.sg/newspapers/digitised/issue/biztimes19851018-1,https://eresources.nlb.gov.sg/newspapers/digitised/issue/straitstimes19810124-1,newspaper_archive,newspaper_archive,1,1,0.4729
https://eresources.nlb.gov.sg/newspapers/digitised/issue/biztimes19851018-1,https://eresources.nlb.gov.sg/newspapers/digitised/issue/straitstimes19860123-1,newspaper_archive,newspaper_archive,1,1,0.3534
https://eresources.nlb.gov.sg/newspapers/digitised/issue/biztimes19851018-1,https://eresources.nlb.gov.sg/newspapers/digitised/issue/straitstimes19860619-1,newspaper_archive,newspaper_archive,1,1,0.4057
https://eresources.nlb.gov.sg/newspapers/digitised/issue/biztimes19851018-1,https://eresources.nlb.gov.sg/newspapers/digitised/issue/straitstimes19861207-1,newspaper_archive,newspaper_archive,1,1,0.4371
https://eresources.nlb.gov.sg/newspapers/digitised/issue/biztimes19851018-1,https://eresources.nlb.gov.sg/newspapers/digitised/issue/straitstimes19870129-1,newspaper_archive,newspaper_archive,1,1,0.3305
https://eresources.nlb.gov.sg/newspapers/digitised/issue/biztimes19851018-1,https://eresources.nlb.gov.sg/newspapers/digitised/issue/straitstimes19870814-1,newspaper_archive,newspaper_archive,1,1,0.4169
https://eresources.nlb.gov.sg/newspapers/digitised/issue/biztimes19851018-1,https://eresources.nlb.gov.sg/newspapers/digitised/issue/straitstimes19870905-1,newspaper_archive,newspaper_archive,1,1,0.5090
https://eresources.nlb.gov.sg/newspapers/digitised/issue/biztimes19851018-1,https://eresources.nlb.gov.sg/newspapers/digitised/issue/weekendeast19941111-1,newspaper_archive,newspaper_archive,1,1,0.3983
https://eresources.nlb.gov.sg/newspapers/digitised/issue/biztimes19851018-1,https://friendlystore.taipei/index.php/property/7552/tw,newspaper_archive,municipal_accessibility_listing,1,1,0.3012
https://eresources.nlb.gov.sg/newspapers/digitised/issue/biztimes19851018-1,https://i17fun.tw/fengshan-salty-rice-moss/,newspaper_archive,food_media_retrospective,1,1,0.3586
https://eresources.nlb.gov.sg/newspapers/digitised/issue/biztimes19851018-1,https://khh.travel/zh-tw/shop/gourmet/796/,newspaper_archive,official_tourism_profile,1,1,0.3262
https://eresources.nlb.gov.sg/newspapers/digitised/issue/biztimes19851018-1,https://kiichiroyoshimoto.jp/2025/06/05/%E9%BA%97%E9%83%B7%E3%83%BB%E6%B8%8B%E8%B0%B7%E9%81%93%E7%8E%84%E5%9D%82%E5%B0%8F%E8%B7%AF-1984%E2%87%942025/,newspaper_archive,food_media_retrospective,1,1,0.3535
https://eresources.nlb.gov.sg/newspapers/digitised/issue/biztimes19851018-1,https://m.918canyin.com/gxstwrrf/,newspaper_archive,franchise_portal,1,1,0.3004
https://eresources.nlb.gov.sg/newspapers/digitised/issue/biztimes19851018-1,https://m.ccas.com.cn/site/content/95431.html,newspaper_archive,industry_association_report,1,1,0.4143
https://eresources.nlb.gov.sg/newspapers/digitised/issue/biztimes19851018-1,https://matadornetwork.com/read/chinatown-nyc-restaurants/,newspaper_archive,travel_history_article,1,1,0.3154
https://eresources.nlb.gov.sg/newspapers/digitised/issue/biztimes19851018-1,https://nigi33.tw/2014-01-07-387/,newspaper_archive,food_blog_retrospective,1,1,0.3346
https://eresources.nlb.gov.sg/newspapers/digitised/issue/biztimes19851018-1,https://paper.people.com.cn/rmrbhwb/page/2019-05/17/11/rmrbhwb2019051711.pdf,newspaper_archive,newspaper_archive,1,1,0.3150
https://eresources.nlb.gov.sg/newspapers/digitised/issue/biztimes19870320-1,https://eresources.nlb.gov.sg/newspapers/digitised/issue/biztimes19870612-1,newspaper_archive,newspaper_archive,1,1,0.8000
https://eresources.nlb.gov.sg/newspapers/digitised/issue/biztimes19870320-1,https://eresources.nlb.gov.sg/newspapers/digitised/issue/newpaper19990421-1,newspaper_archive,newspaper_archive,1,1,0.3627
https://eresources.nlb.gov.sg/newspapers/digitised/issue/biztimes19870320-1,https://eresources.nlb.gov.sg/newspapers/digitised/issue/straitstimes19721024-1,newspaper_archive,newspaper_archive,1,1,0.4091
https://eresources.nlb.gov.sg/newspapers/digitised/issue/biztimes19870320-1,https://eresources.nlb.gov.sg/newspapers/digitised/issue/straitstimes19750419-1,newspaper_archive,newspaper_archive,1,1,0.4239
https://eresources.nlb.gov.sg/newspapers/digitised/issue/biztimes19870320-1,https://eresources.nlb.gov.sg/newspapers/digitised/issue/straitstimes19810124-1,newspaper_archive,newspaper_archive,1,1,0.3891
https://eresources.nlb.gov.sg/newspapers/digitised/issue/biztimes19870320-1,https://eresources.nlb.gov.sg/newspapers/digitised/issue/straitstimes19860123-1,newspaper_archive,newspaper_archive,1,1,0.3302
https://eresources.nlb.gov.sg/newspapers/digitised/issue/biztimes19870320-1,https://eresources.nlb.gov.sg/newspapers/digitised/issue/straitstimes19860619-1,newspaper_archive,newspaper_archive,1,1,0.3657
https://eresources.nlb.gov.sg/newspapers/digitised/issue/biztimes19870320-1,https://eresources.nlb.gov.sg/newspapers/digitised/issue/straitstimes19861207-1,newspaper_archive,newspaper_archive,1,1,0.6264
https://eresources.nlb.gov.sg/newspapers/digitised/issue/biztimes19870320-1,https://eresources.nlb.gov.sg/newspapers/digitised/issue/straitstimes19870129-1,newspaper_archive,newspaper_archive,1,1,0.3618
https://eresources.nlb.gov.sg/newspapers/digitised/issue/biztimes19870320-1,https://eresources.nlb.gov.sg/newspapers/digitised/issue/straitstimes19870814-1,newspaper_archive,newspaper_archive,1,1,0.5926
https://eresources.nlb.gov.sg/newspapers/digitised/issue/biztimes19870320-1,https://eresources.nlb.gov.sg/newspapers/digitised/issue/straitstimes19870905-1,newspaper_archive,newspaper_archive,1,1,0.6612
https://eresources.nlb.gov.sg/newspapers/digitised/issue/biztimes19870320-1,https://eresources.nlb.gov.sg/newspapers/digitised/issue/weekendeast19941111-1,newspaper_archive,newspaper_archive,1,1,0.3719
https://eresources.nlb.gov.sg/newspapers/digitised/issue/biztimes19870320-1,https://forbesjapan.com/articles/detail/46596/page2,newspaper_archive,food_media_secondary,1,1,0.3333
https://eresources.nlb.gov.sg/newspapers/digitised/issue/biztimes19870320-1,https://h5.awsprod.99ranch.com/about-us,newspaper_archive,official_company_profile,1,1,0.3358
https://eresources.nlb.gov.sg/newspapers/digitised/issue/biztimes19870320-1,https://i17fun.tw/fengshan-salty-rice-moss/,newspaper_archive,food_media_retrospective,1,1,0.3083
https://eresources.nlb.gov.sg/newspapers/digitised/issue/biztimes19870320-1,https://ikachalife.com/34729,newspaper_archive,food_blog_retrospective,1,1,0.3734
https://eresources.nlb.gov.sg/newspapers/digitised/issue/biztimes19870320-1,https://khh.travel/zh-tw/file/478/,newspaper_archive,official_tourism_pdf,1,1,0.3240
https://eresources.nlb.gov.sg/newspapers/digitised/issue/biztimes19870320-1,https://khh.travel/zh-tw/shop/gourmet/796/,newspaper_archive,official_tourism_profile,1,1,0.3061
https://eresources.nlb.gov.sg/newspapers/digitised/issue/biztimes19870320-1,https://kiichiroyoshimoto.jp/2025/06/05/%E9%BA%97%E9%83%B7%E3%83%BB%E6%B8%8B%E8%B0%B7%E9%81%93%E7%8E%84%E5%9D%82%E5%B0%8F%E8%B7%AF-1984%E2%87%942025/,newspaper_archive,food_media_retrospective,1,1,0.3146
https://eresources.nlb.gov.sg/newspapers/digitised/issue/biztimes19870320-1,https://m.zhms.cn/jmzs/39475/,newspaper_archive,franchise_portal,1,1,0.4037
https://eresources.nlb.gov.sg/newspapers/digitised/issue/biztimes19870320-1,https://paper.people.com.cn/rmrbhwb/page/2019-05/17/11/rmrbhwb2019051711.pdf,newspaper_archive,newspaper_archive,1,1,0.3963
https://eresources.nlb.gov.sg/newspapers/digitised/issue/biztimes19870612-1,https://eresources.nlb.gov.sg/newspapers/digitised/issue/straitstimes19721024-1,newspaper_archive,newspaper_archive,1,1,0.4204
https://eresources.nlb.gov.sg/newspapers/digitised/issue/biztimes19870612-1,https://eresources.nlb.gov.sg/newspapers/digitised/issue/straitstimes19740505-1,newspaper_archive,newspaper_archive,1,1,0.3488
https://eresources.nlb.gov.sg/newspapers/digitised/issue/biztimes19870612-1,https://eresources.nlb.gov.sg/newspapers/digitised/issue/straitstimes19750419-1,newspaper_archive,newspaper_archive,1,1,0.4121
https://eresources.nlb.gov.sg/newspapers/digitised/issue/biztimes19870612-1,https://eresources.nlb.gov.sg/newspapers/digitised/issue/straitstimes19810124-1,newspaper_archive,newspaper_archive,1,1,0.3267
https://eresources.nlb.gov.sg/newspapers/digitised/issue/biztimes19870612-1,https://eresources.nlb.gov.sg/newspapers/digitised/issue/straitstimes19860123-1,newspaper_archive,newspaper_archive,1,1,0.3834
https://eresources.nlb.gov.sg/newspapers/digitised/issue/biztimes19870612-1,https://eresources.nlb.gov.sg/newspapers/digitised/issue/straitstimes19860619-1,newspaper_archive,newspaper_archive,1,1,0.3205
https://eresources.nlb.gov.sg/newspapers/digitised/issue/biztimes19870612-1,https://eresources.nlb.gov.sg/newspapers/digitised/issue/straitstimes19861207-1,newspaper_archive,newspaper_archive,1,1,0.5854
https://eresources.nlb.gov.sg/newspapers/digitised/issue/biztimes19870612-1,https://eresources.nlb.gov.sg/newspapers/digitised/issue/straitstimes19870129-1,newspaper_archive,newspaper_archive,1,1,0.3333
https://eresources.nlb.gov.sg/newspapers/digitised/issue/biztimes19870612-1,https://eresources.nlb.gov.sg/newspapers/digitised/issue/straitstimes19870814-1,newspaper_archive,newspaper_archive,1,1,0.5817
https://eresources.nlb.gov.sg/newspapers/digitised/issue/biztimes19870612-1,https://eresources.nlb.gov.sg/newspapers/digitised/issue/straitstimes19870905-1,newspaper_archive,newspaper_archive,1,1,0.6278
https://eresources.nlb.gov.sg/newspapers/digitised/issue/biztimes19870612-1,https://eresources.nlb.gov.sg/newspapers/digitised/issue/weekendeast19941111-1,newspaper_archive,newspaper_archive,1,1,0.3333
https://eresources.nlb.gov.sg/newspapers/digitised/issue/biztimes19870612-1,https://forbesjapan.com/articles/detail/46596/page2,newspaper_archive,food_media_secondary,1,1,0.3424
https://eresources.nlb.gov.sg/newspapers/digitised/issue/biztimes19870612-1,https://h5.awsprod.99ranch.com/about-us,newspaper_archive,official_company_profile,1,1,0.3052
https://eresources.nlb.gov.sg/newspapers/digitised/issue/biztimes19870612-1,https://i17fun.tw/fengshan-salty-rice-moss/,newspaper_archive,food_media_retrospective,1,1,0.3248
https://eresources.nlb.gov.sg/newspapers/digitised/issue/biztimes19870612-1,https://khh.travel/zh-tw/shop/gourmet/796/,newspaper_archive,official_tourism_profile,1,1,0.3164
https://eresources.nlb.gov.sg/newspapers/digitised/issue/biztimes19870612-1,https://kiichiroyoshimoto.jp/2025/06/05/%E9%BA%97%E9%83%B7%E3%83%BB%E6%B8%8B%E8%B0%B7%E9%81%93%E7%8E%84%E5%9D%82%E5%B0%8F%E8%B7%AF-1984%E2%87%942025/,newspaper_archive,food_media_retrospective,1,1,0.3899
https://eresources.nlb.gov.sg/newspapers/digitised/issue/biztimes19870612-1,https://m.918canyin.com/gxstwrrf/,newspaper_archive,franchise_portal,1,1,0.3051
https://eresources.nlb.gov.sg/newspapers/digitised/issue/biztimes19870612-1,https://m.ccas.com.cn/site/content/95431.html,newspaper_archive,industry_association_report,1,1,0.3077
https://eresources.nlb.gov.sg/newspapers/digitised/issue/biztimes19870612-1,https://m.zhms.cn/jmzs/39475/,newspaper_archive,franchise_portal,1,1,0.3015
https://eresources.nlb.gov.sg/newspapers/digitised/issue/biztimes19870612-1,https://newsdig.tbs.co.jp/articles/cbc/409918?display=1,newspaper_archive,media_obituary,1,1,0.3400
https://eresources.nlb.gov.sg/newspapers/digitised/issue/biztimes19870612-1,https://paper.people.com.cn/rmrbhwb/page/2019-05/17/11/rmrbhwb2019051711.pdf,newspaper_archive,newspaper_archive,1,1,0.3939
https://eresources.nlb.gov.sg/newspapers/digitised/issue/biztimes19870612-1,https://paper.udn.com/udnpaper/PIA0028/355829/web,newspaper_archive,media_report,1,1,0.3277
https://eresources.nlb.gov.sg/newspapers/digitised/issue/biztimes19870612-1,https://paper.udn.com/udnpaper/POD0004/306283/web/,newspaper_archive,municipal_media,1,1,0.3107
https://eresources.nlb.gov.sg/newspapers/digitised/issue/newpaper19990421-1,https://eresources.nlb.gov.sg/newspapers/digitised/issue/straitstimes19721024-1,newspaper_archive,newspaper_archive,1,1,0.3515
https://eresources.nlb.gov.sg/newspapers/digitised/issue/newpaper19990421-1,https://eresources.nlb.gov.sg/newspapers/digitised/issue/straitstimes19750419-1,newspaper_archive,newspaper_archive,1,1,0.3815
https://eresources.nlb.gov.sg/newspapers/digitised/issue/newpaper19990421-1,https://eresources.nlb.gov.sg/newspapers/digitised/issue/straitstimes19861207-1,newspaper_archive,newspaper_archive,1,1,0.3150
https://eresources.nlb.gov.sg/newspapers/digitised/issue/newpaper19990421-1,https://eresources.nlb.gov.sg/newspapers/digitised/issue/straitstimes19870129-1,newspaper_archive,newspaper_archive,1,1,0.3085
https://eresources.nlb.gov.sg/newspapers/digitised/issue/newpaper19990421-1,https://eresources.nlb.gov.sg/newspapers/digitised/issue/straitstimes19870905-1,newspaper_archive,newspaper_archive,1,1,0.3030
https://eresources.nlb.gov.sg/newspapers/digitised/issue/newpaper19990421-1,https://eresources.nlb.gov.sg/newspapers/digitised/issue/weekendeast19941111-1,newspaper_archive,newspaper_archive,1,1,0.3723
https://eresources.nlb.gov.sg/newspapers/digitised/issue/newpaper19990421-1,https://foodintainan.com.tw/uprichdishes/,newspaper_archive,local_food_media,1,1,0.3217
https://eresources.nlb.gov.sg/newspapers/digitised/issue/newpaper19990421-1,https://forbesjapan.com/articles/detail/46596/page2,newspaper_archive,food_media_secondary,1,1,0.3245
https://eresources.nlb.gov.sg/newspapers/digitised/issue/newpaper19990421-1,https://khh.travel/zh-tw/shop/gourmet/1143,newspaper_archive,official_tourism_profile,1,1,0.3317
https://eresources.nlb.gov.sg/newspapers/digitised/issue/newpaper19990421-1,https://kiichiroyoshimoto.jp/2025/06/05/%E9%BA%97%E9%83%B7%E3%83%BB%E6%B8%8B%E8%B0%B7%E9%81%93%E7%8E%84%E5%9D%82%E5%B0%8F%E8%B7%AF-1984%E2%87%942025/,newspaper_archive,food_media_retrospective,1,1,0.3473
https://eresources.nlb.gov.sg/newspapers/digitised/issue/newpaper19990421-1,https://newsdig.tbs.co.jp/articles/cbc/409918?display=1,newspaper_archive,media_obituary,1,1,0.3173
https://eresources.nlb.gov.sg/newspapers/digitised/issue/straitstimes19721024-1,https://eresources.nlb.gov.sg/newspapers/digitised/issue/straitstimes19740505-1,newspaper_archive,newspaper_archive,1,1,0.3926
https://eresources.nlb.gov.sg/newspapers/digitised/issue/straitstimes19721024-1,https://eresources.nlb.gov.sg/newspapers/digitised/issue/straitstimes19750419-1,newspaper_archive,newspaper_archive,1,1,0.5513
https://eresources.nlb.gov.sg/newspapers/digitised/issue/straitstimes19721024-1,https://eresources.nlb.gov.sg/newspapers/digitised/issue/straitstimes19810124-1,newspaper_archive,newspaper_archive,1,1,0.4767
https://eresources.nlb.gov.sg/newspapers/digitised/issue/straitstimes19721024-1,https://eresources.nlb.gov.sg/newspapers/digitised/issue/straitstimes19860123-1,newspaper_archive,newspaper_archive,1,1,0.5217
https://eresources.nlb.gov.sg/newspapers/digitised/issue/straitstimes19721024-1,https://eresources.nlb.gov.sg/newspapers/digitised/issue/straitstimes19860619-1,newspaper_archive,newspaper_archive,1,1,0.3265
https://eresources.nlb.gov.sg/newspapers/digitised/issue/straitstimes19721024-1,https://eresources.nlb.gov.sg/newspapers/digitised/issue/straitstimes19861207-1,newspaper_archive,newspaper_archive,1,1,0.3797
https://eresources.nlb.gov.sg/newspapers/digitised/issue/straitstimes19721024-1,https://eresources.nlb.gov.sg/newspapers/digitised/issue/straitstimes19870129-1,newspaper_archive,newspaper_archive,1,1,0.3158
https://eresources.nlb.gov.sg/newspapers/digitised/issue/straitstimes19721024-1,https://eresources.nlb.gov.sg/newspapers/digitised/issue/straitstimes19870814-1,newspaper_archive,newspaper_archive,1,1,0.3719
https://eresources.nlb.gov.sg/newspapers/digitised/issue/straitstimes19721024-1,https://eresources.nlb.gov.sg/newspapers/digitised/issue/straitstimes19870905-1,newspaper_archive,newspaper_archive,1,1,0.4112
https://eresources.nlb.gov.sg/newspapers/digitised/issue/straitstimes19721024-1,https://eresources.nlb.gov.sg/newspapers/digitised/issue/weekendeast19941111-1,newspaper_archive,newspaper_archive,1,1,0.3275
https://eresources.nlb.gov.sg/newspapers/digitised/issue/straitstimes19721024-1,https://friendlystore.taipei/index.php/property/7552/tw,newspaper_archive,municipal_accessibility_listing,1,1,0.3608
https://eresources.nlb.gov.sg/newspapers/digitised/issue/straitstimes19721024-1,https://i17fun.tw/fengshan-salty-rice-moss/,newspaper_archive,food_media_retrospective,1,1,0.3022
https://eresources.nlb.gov.sg/newspapers/digitised/issue/straitstimes19721024-1,https://ifoodie.tw/en/post/60b7b416a6272846a04cdde3,newspaper_archive,food_media_retrospective,1,1,0.3333
https://eresources.nlb.gov.sg/newspapers/digitised/issue/straitstimes19721024-1,https://ihappyday.tw/blog/post/old-mother-noodle,newspaper_archive,food_media_retrospective,1,1,0.3710
https://eresources.nlb.gov.sg/newspapers/digitised/issue/straitstimes19721024-1,https://inmap.tw/archives/69040,newspaper_archive,food_media_retrospective,1,1,0.3084
https://eresources.nlb.gov.sg/newspapers/digitised/issue/straitstimes19721024-1,https://khh.travel/zh-tw/file/478/,newspaper_archive,official_tourism_pdf,1,1,0.3046
https://eresources.nlb.gov.sg/newspapers/digitised/issue/straitstimes19721024-1,https://khh.travel/zh-tw/shop/gourmet/778/,newspaper_archive,official_tourism_profile,1,1,0.3000
https://eresources.nlb.gov.sg/newspapers/digitised/issue/straitstimes19721024-1,https://khh.travel/zh-tw/shop/gourmet/788/,newspaper_archive,municipal_tourism,1,1,0.3154
https://eresources.nlb.gov.sg/newspapers/digitised/issue/straitstimes19721024-1,https://kiichiroyoshimoto.jp/2025/06/05/%E9%BA%97%E9%83%B7%E3%83%BB%E6%B8%8B%E8%B0%B7%E9%81%93%E7%8E%84%E5%9D%82%E5%B0%8F%E8%B7%AF-1984%E2%87%942025/,newspaper_archive,food_media_retrospective,1,1,0.3733
https://eresources.nlb.gov.sg/newspapers/digitised/issue/straitstimes19721024-1,https://linyu.tw/thirdgeneration/,newspaper_archive,food_blog_retrospective,1,1,0.3077
https://eresources.nlb.gov.sg/newspapers/digitised/issue/straitstimes19721024-1,https://lordcat.net/archives/365,newspaper_archive,food_media_retrospective,1,1,0.3030
https://eresources.nlb.gov.sg/newspapers/digitised/issue/straitstimes19721024-1,https://m.918canyin.com/gxstwrrf/,newspaper_archive,franchise_portal,1,1,0.4048
https://eresources.nlb.gov.sg/newspapers/digitised/issue/straitstimes19721024-1,https://m.zhms.cn/jmzs/39475/,newspaper_archive,franchise_portal,1,1,0.3684
https://eresources.nlb.gov.sg/newspapers/digitised/issue/straitstimes19721024-1,https://matadornetwork.com/read/chinatown-nyc-restaurants/,newspaper_archive,travel_history_article,1,1,0.3750
https://eresources.nlb.gov.sg/newspapers/digitised/issue/straitstimes19721024-1,https://nagoya-meshi.jp/cms/nagoyameshi-search/detail/%E4%B8%AD%E5%9B%BD%E5%8F%B0%E6%B9%BE%E6%96%99%E7%90%86-%E5%91%B3%E4%BB%99-%E6%9C%AC%E5%BA%97/,newspaper_archive,official_tourism_listing,1,1,0.3291
https://eresources.nlb.gov.sg/newspapers/digitised/issue/straitstimes19721024-1,https://newsdig.tbs.co.jp/articles/cbc/409918?display=1,newspaper_archive,media_obituary,1,1,0.3037
https://eresources.nlb.gov.sg/newspapers/digitised/issue/straitstimes19721024-1,https://paper.people.com.cn/rmrbhwb/page/2019-05/17/11/rmrbhwb2019051711.pdf,newspaper_archive,newspaper_archive,1,1,0.3598
https://eresources.nlb.gov.sg/newspapers/digitised/issue/straitstimes19721024-1,https://paper.udn.com/udnpaper/POD0004/306283/web/,newspaper_archive,municipal_media,1,1,0.3350
https://eresources.nlb.gov.sg/newspapers/digitised/issue/straitstimes19740505-1,https://eresources.nlb.gov.sg/newspapers/digitised/issue/straitstimes19750419-1,newspaper_archive,newspaper_archive,1,1,0.4094
https://eresources.nlb.gov.sg/newspapers/digitised/issue/straitstimes19740505-1,https://eresources.nlb.gov.sg/newspapers/digitised/issue/straitstimes19810124-1,newspaper_archive,newspaper_archive,1,1,0.4135
https://eresources.nlb.gov.sg/newspapers/digitised/issue/straitstimes19740505-1,https://eresources.nlb.gov.sg/newspapers/digitised/issue/straitstimes19860619-1,newspaper_archive,newspaper_archive,1,1,0.3580
https://eresources.nlb.gov.sg/newspapers/digitised/issue/straitstimes19740505-1,https://eresources.nlb.gov.sg/newspapers/digitised/issue/straitstimes19861207-1,newspaper_archive,newspaper_archive,1,1,0.3889
https://eresources.nlb.gov.sg/newspapers/digitised/issue/straitstimes19740505-1,https://eresources.nlb.gov.sg/newspapers/digitised/issue/straitstimes19870129-1,newspaper_archive,newspaper_archive,1,1,0.3118
https://eresources.nlb.gov.sg/newspapers/digitised/issue/straitstimes19740505-1,https://eresources.nlb.gov.sg/newspapers/digitised/issue/straitstimes19870814-1,newspaper_archive,newspaper_archive,1,1,0.4358
https://eresources.nlb.gov.sg/newspapers/digitised/issue/straitstimes19740505-1,https://eresources.nlb.gov.sg/newspapers/digitised/issue/straitstimes19870905-1,newspaper_archive,newspaper_archive,1,1,0.4279
https://eresources.nlb.gov.sg/newspapers/digitised/issue/straitstimes19740505-1,https://h5.awsprod.99ranch.com/about-us,newspaper_archive,official_company_profile,1,1,0.3059
https://eresources.nlb.gov.sg/newspapers/digitised/issue/straitstimes19740505-1,https://ihappyday.tw/blog/post/old-mother-noodle,newspaper_archive,food_media_retrospective,1,1,0.3136
https://eresources.nlb.gov.sg/newspapers/digitised/issue/straitstimes19740505-1,https://ikachalife.com/34729,newspaper_archive,food_blog_retrospective,1,1,0.3158
https://eresources.nlb.gov.sg/newspapers/digitised/issue/straitstimes19740505-1,https://kiichiroyoshimoto.jp/2025/06/05/%E9%BA%97%E9%83%B7%E3%83%BB%E6%B8%8B%E8%B0%B7%E9%81%93%E7%8E%84%E5%9D%82%E5%B0%8F%E8%B7%AF-1984%E2%87%942025/,newspaper_archive,food_media_retrospective,1,1,0.3515
https://eresources.nlb.gov.sg/newspapers/digitised/issue/straitstimes19740505-1,https://lordcat.net/archives/365,newspaper_archive,food_media_retrospective,1,1,0.3222
https://eresources.nlb.gov.sg/newspapers/digitised/issue/straitstimes19740505-1,https://m.918canyin.com/gxstwrrf/,newspaper_archive,franchise_portal,1,1,0.3607
https://eresources.nlb.gov.sg/newspapers/digitised/issue/straitstimes19740505-1,https://m.ccas.com.cn/site/content/95431.html,newspaper_archive,industry_association_report,1,1,0.3284
https://eresources.nlb.gov.sg/newspapers/digitised/issue/straitstimes19740505-1,https://m.zhms.cn/jmzs/39475/,newspaper_archive,franchise_portal,1,1,0.3805
https://eresources.nlb.gov.sg/newspapers/digitised/issue/straitstimes19740505-1,https://matadornetwork.com/read/chinatown-nyc-restaurants/,newspaper_archive,travel_history_article,1,1,0.3351
https://eresources.nlb.gov.sg/newspapers/digitised/issue/straitstimes19740505-1,https://nagoya-meshi.jp/cms/nagoyameshi-search/detail/%E4%B8%AD%E5%9B%BD%E5%8F%B0%E6%B9%BE%E6%96%99%E7%90%86-%E5%91%B3%E4%BB%99-%E6%9C%AC%E5%BA%97/,newspaper_archive,official_tourism_listing,1,1,0.3121
https://eresources.nlb.gov.sg/newspapers/digitised/issue/straitstimes19740505-1,https://newsdig.tbs.co.jp/articles/cbc/409918?display=1,newspaper_archive,media_obituary,1,1,0.3010
https://eresources.nlb.gov.sg/newspapers/digitised/issue/straitstimes19740505-1,https://paper.people.com.cn/rmrbhwb/page/2019-05/17/11/rmrbhwb2019051711.pdf,newspaper_archive,newspaper_archive,1,1,0.3039
https://eresources.nlb.gov.sg/newspapers/digitised/issue/straitstimes19740505-1,https://paper.udn.com/udnpaper/PIA0028/355829/web,newspaper_archive,media_report,1,1,0.3169
https://eresources.nlb.gov.sg/newspapers/digitised/issue/straitstimes19740505-1,https://pbear.tw/%E6%B0%B8%E9%80%9A%E8%99%B1%E7%9B%AE%E9%AD%9A%E7%B2%A5/,newspaper_archive,food_blog_retrospective,1,1,0.3884
https://eresources.nlb.gov.sg/newspapers/digitised/issue/straitstimes19740505-1,https://rainieis.tw/2017-08-29-307/,newspaper_archive,food_blog_retrospective,1,1,0.3163
https://eresources.nlb.gov.sg/newspapers/digitised/issue/straitstimes19750419-1,https://eresources.nlb.gov.sg/newspapers/digitised/issue/straitstimes19810124-1,newspaper_archive,newspaper_archive,1,1,0.3682
https://eresources.nlb.gov.sg/newspapers/digitised/issue/straitstimes19750419-1,https://eresources.nlb.gov.sg/newspapers/digitised/issue/straitstimes19860123-1,newspaper_archive,newspaper_archive,1,1,0.4062
https://eresources.nlb.gov.sg/newspapers/digitised/issue/straitstimes19750419-1,https://eresources.nlb.gov.sg/newspapers/digitised/issue/straitstimes19860619-1,newspaper_archive,newspaper_archive,1,1,0.3742
https://eresources.nlb.gov.sg/newspapers/digitised/issue/straitstimes19750419-1,https://eresources.nlb.gov.sg/newspapers/digitised/issue/straitstimes19861207-1,newspaper_archive,newspaper_archive,1,1,0.3020
https://eresources.nlb.gov.sg/newspapers/digitised/issue/straitstimes19750419-1,https://eresources.nlb.gov.sg/newspapers/digitised/issue/straitstimes19870129-1,newspaper_archive,newspaper_archive,1,1,0.3911
https://eresources.nlb.gov.sg/newspapers/digitised/issue/straitstimes19750419-1,https://kiichiroyoshimoto.jp/2025/06/05/%E9%BA%97%E9%83%B7%E3%83%BB%E6%B8%8B%E8%B0%B7%E9%81%93%E7%8E%84%E5%9D%82%E5%B0%8F%E8%B7%AF-1984%E2%87%942025/,newspaper_archive,food_media_retrospective,1,1,0.3671
https://eresources.nlb.gov.sg/newspapers/digitised/issue/straitstimes19750419-1,https://lordcat.net/archives/365,newspaper_archive,food_media_retrospective,1,1,0.3353
https://eresources.nlb.gov.sg/newspapers/digitised/issue/straitstimes19750419-1,https://m.ccas.com.cn/site/content/95431.html,newspaper_archive,industry_association_report,1,1,0.3505
https://eresources.nlb.gov.sg/newspapers/digitised/issue/straitstimes19750419-1,https://m.zhms.cn/jmzs/39475/,newspaper_archive,franchise_portal,1,1,0.3636
https://eresources.nlb.gov.sg/newspapers/digitised/issue/straitstimes19750419-1,https://paper.people.com.cn/rmrbhwb/page/2019-05/17/11/rmrbhwb2019051711.pdf,newspaper_archive,newspaper_archive,1,1,0.4264
https://eresources.nlb.gov.sg/newspapers/digitised/issue/straitstimes19810124-1,https://eresources.nlb.gov.sg/newspapers/digitised/issue/straitstimes19860123-1,newspaper_archive,newspaper_archive,1,1,0.4279
https://eresources.nlb.gov.sg/newspapers/digitised/issue/straitstimes19810124-1,https://eresources.nlb.gov.sg/newspapers/digitised/issue/straitstimes19861207-1,newspaper_archive,newspaper_archive,1,1,0.4823
https://eresources.nlb.gov.sg/newspapers/digitised/issue/straitstimes19810124-1,https://eresources.nlb.gov.sg/newspapers/digitised/issue/straitstimes19870814-1,newspaper_archive,newspaper_archive,1,1,0.4669
https://eresources.nlb.gov.sg/newspapers/digitised/issue/straitstimes19810124-1,https://eresources.nlb.gov.sg/newspapers/digitised/issue/straitstimes19870905-1,newspaper_archive,newspaper_archive,1,1,0.4942
https://eresources.nlb.gov.sg/newspapers/digitised/issue/straitstimes19810124-1,https://forbesjapan.com/articles/detail/46596/page2,newspaper_archive,food_media_secondary,1,1,0.3345
https://eresources.nlb.gov.sg/newspapers/digitised/issue/straitstimes19810124-1,https://friendlystore.taipei/index.php/property/7552/tw,newspaper_archive,municipal_accessibility_listing,1,1,0.3682
https://eresources.nlb.gov.sg/newspapers/digitised/issue/straitstimes19810124-1,https://matadornetwork.com/read/chinatown-nyc-restaurants/,newspaper_archive,travel_history_article,1,1,0.3439
https://eresources.nlb.gov.sg/newspapers/digitised/issue/straitstimes19860123-1,https://eresources.nlb.gov.sg/newspapers/digitised/issue/straitstimes19861207-1,newspaper_archive,newspaper_archive,1,1,0.4542
https://eresources.nlb.gov.sg/newspapers/digitised/issue/straitstimes19860123-1,https://eresources.nlb.gov.sg/newspapers/digitised/issue/straitstimes19870129-1,newspaper_archive,newspaper_archive,1,1,0.3382
https://eresources.nlb.gov.sg/newspapers/digitised/issue/straitstimes19860123-1,https://eresources.nlb.gov.sg/newspapers/digitised/issue/straitstimes19870814-1,newspaper_archive,newspaper_archive,1,1,0.3813
https://eresources.nlb.gov.sg/newspapers/digitised/issue/straitstimes19860123-1,https://eresources.nlb.gov.sg/newspapers/digitised/issue/straitstimes19870905-1,newspaper_archive,newspaper_archive,1,1,0.3760
https://eresources.nlb.gov.sg/newspapers/digitised/issue/straitstimes19860123-1,https://forbesjapan.com/articles/detail/46596/page2,newspaper_archive,food_media_secondary,1,1,0.3099
https://eresources.nlb.gov.sg/newspapers/digitised/issue/straitstimes19860123-1,https://friendlystore.taipei/index.php/property/7552/tw,newspaper_archive,municipal_accessibility_listing,1,1,0.3826
https://eresources.nlb.gov.sg/newspapers/digitised/issue/straitstimes19860123-1,https://ifoodie.tw/en/post/60b7b416a6272846a04cdde3,newspaper_archive,food_media_retrospective,1,1,0.3500
https://eresources.nlb.gov.sg/newspapers/digitised/issue/straitstimes19860123-1,https://ikachalife.com/34729,newspaper_archive,food_blog_retrospective,1,1,0.3052
https://eresources.nlb.gov.sg/newspapers/digitised/issue/straitstimes19860123-1,https://khh.travel/zh-tw/file/478/,newspaper_archive,official_tourism_pdf,1,1,0.3102
https://eresources.nlb.gov.sg/newspapers/digitised/issue/straitstimes19860123-1,https://khh.travel/zh-tw/shop/gourmet/1143,newspaper_archive,official_tourism_profile,1,1,0.3486
https://eresources.nlb.gov.sg/newspapers/digitised/issue/straitstimes19860123-1,https://linyu.tw/thirdgeneration/,newspaper_archive,food_blog_retrospective,1,1,0.3346
https://eresources.nlb.gov.sg/newspapers/digitised/issue/straitstimes19860123-1,https://m.918canyin.com/gxstwrrf/,newspaper_archive,franchise_portal,1,1,0.3235
https://eresources.nlb.gov.sg/newspapers/digitised/issue/straitstimes19860123-1,https://matadornetwork.com/read/chinatown-nyc-restaurants/,newspaper_archive,travel_history_article,1,1,0.3868
https://eresources.nlb.gov.sg/newspapers/digitised/issue/straitstimes19860123-1,https://news.pchome.com.tw/public/pronews/20260527/index-77989075490386353016.html,newspaper_archive,local_news_food_business,1,1,0.3110
https://eresources.nlb.gov.sg/newspapers/digitised/issue/straitstimes19860123-1,https://nigi33.tw/2014-01-07-387/,newspaper_archive,food_blog_retrospective,1,1,0.3772
https://eresources.nlb.gov.sg/newspapers/digitised/issue/straitstimes19860619-1,https://eresources.nlb.gov.sg/newspapers/digitised/issue/straitstimes19870129-1,newspaper_archive,newspaper_archive,1,1,0.5529
https://eresources.nlb.gov.sg/newspapers/digitised/issue/straitstimes19860619-1,https://eresources.nlb.gov.sg/newspapers/digitised/issue/straitstimes19870905-1,newspaper_archive,newspaper_archive,1,1,0.3286
https://eresources.nlb.gov.sg/newspapers/digitised/issue/straitstimes19860619-1,https://eresources.nlb.gov.sg/newspapers/digitised/issue/weekendeast19941111-1,newspaper_archive,newspaper_archive,1,1,0.4471
https://eresources.nlb.gov.sg/newspapers/digitised/issue/straitstimes19860619-1,https://ikachalife.com/34729,newspaper_archive,food_blog_retrospective,1,1,0.3113
https://eresources.nlb.gov.sg/newspapers/digitised/issue/straitstimes19860619-1,https://journey.tw/chous/,newspaper_archive,travel_food_retrospective,1,1,0.3137
https://eresources.nlb.gov.sg/newspapers/digitised/issue/straitstimes19860619-1,https://khguide.com/%E9%98%BF%E8%8B%B1%E6%8E%92%E9%AA%A8%E9%A3%AF/,newspaper_archive,food_blog_retrospective,1,1,0.3285
https://eresources.nlb.gov.sg/newspapers/digitised/issue/straitstimes19860619-1,https://kiichiroyoshimoto.jp/2025/06/05/%E9%BA%97%E9%83%B7%E3%83%BB%E6%B8%8B%E8%B0%B7%E9%81%93%E7%8E%84%E5%9D%82%E5%B0%8F%E8%B7%AF-1984%E2%87%942025/,newspaper_archive,food_media_retrospective,1,1,0.3221
https://eresources.nlb.gov.sg/newspapers/digitised/issue/straitstimes19860619-1,https://m.zhms.cn/jmzs/39475/,newspaper_archive,franchise_portal,1,1,0.3069
https://eresources.nlb.gov.sg/newspapers/digitised/issue/straitstimes19860619-1,https://nagoya-meshi.jp/cms/nagoyameshi-search/detail/%E4%B8%AD%E5%9B%BD%E5%8F%B0%E6%B9%BE%E6%96%99%E7%90%86-%E5%91%B3%E4%BB%99-%E6%9C%AC%E5%BA%97/,newspaper_archive,official_tourism_listing,1,1,0.3567
https://eresources.nlb.gov.sg/newspapers/digitised/issue/straitstimes19860619-1,https://newsdig.tbs.co.jp/articles/cbc/409918?display=1,newspaper_archive,media_obituary,1,1,0.3158
https://eresources.nlb.gov.sg/newspapers/digitised/issue/straitstimes19860619-1,https://paper.people.com.cn/rmrbhwb/page/2019-05/17/11/rmrbhwb2019051711.pdf,newspaper_archive,newspaper_archive,1,1,0.3617
https://eresources.nlb.gov.sg/newspapers/digitised/issue/straitstimes19861207-1,https://eresources.nlb.gov.sg/newspapers/digitised/issue/straitstimes19870814-1,newspaper_archive,newspaper_archive,1,1,0.8157
https://eresources.nlb.gov.sg/newspapers/digitised/issue/straitstimes19861207-1,https://eresources.nlb.gov.sg/newspapers/digitised/issue/straitstimes19870905-1,newspaper_archive,newspaper_archive,1,1,0.7327
https://eresources.nlb.gov.sg/newspapers/digitised/issue/straitstimes19861207-1,https://foodintainan.com.tw/uprichdishes/,newspaper_archive,local_food_media,1,1,0.3017
https://eresources.nlb.gov.sg/newspapers/digitised/issue/straitstimes19861207-1,https://forbesjapan.com/articles/detail/46596/page2,newspaper_archive,food_media_secondary,1,1,0.3501
https://eresources.nlb.gov.sg/newspapers/digitised/issue/straitstimes19861207-1,https://friendlystore.taipei/index.php/property/7552/tw,newspaper_archive,municipal_accessibility_listing,1,1,0.3039
https://eresources.nlb.gov.sg/newspapers/digitised/issue/straitstimes19861207-1,https://h5.awsprod.99ranch.com/about-us,newspaper_archive,official_company_profile,1,1,0.3343
https://eresources.nlb.gov.sg/newspapers/digitised/issue/straitstimes19861207-1,https://khh.travel/zh-tw/shop/gourmet/1143,newspaper_archive,official_tourism_profile,1,1,0.3247
https://eresources.nlb.gov.sg/newspapers/digitised/issue/straitstimes19861207-1,https://khh.travel/zh-tw/shop/gourmet/778/,newspaper_archive,official_tourism_profile,1,1,0.3197
https://eresources.nlb.gov.sg/newspapers/digitised/issue/straitstimes19861207-1,https://m.zhms.cn/jmzs/39475/,newspaper_archive,franchise_portal,1,1,0.3082
https://eresources.nlb.gov.sg/newspapers/digitised/issue/straitstimes19861207-1,https://matadornetwork.com/read/chinatown-nyc-restaurants/,newspaper_archive,travel_history_article,1,1,0.3170
https://eresources.nlb.gov.sg/newspapers/digitised/issue/straitstimes19861207-1,https://nigi33.tw/2014-01-07-387/,newspaper_archive,food_blog_retrospective,1,1,0.3132
https://eresources.nlb.gov.sg/newspapers/digitised/issue/straitstimes19861207-1,https://paper.people.com.cn/rmrbhwb/page/2019-05/17/11/rmrbhwb2019051711.pdf,newspaper_archive,newspaper_archive,1,1,0.3741
https://eresources.nlb.gov.sg/newspapers/digitised/issue/straitstimes19861207-1,https://pbear.tw/%E6%B0%B8%E9%80%9A%E8%99%B1%E7%9B%AE%E9%AD%9A%E7%B2%A5/,newspaper_archive,food_blog_retrospective,1,1,0.3608
https://eresources.nlb.gov.sg/newspapers/digitised/issue/straitstimes19870129-1,https://eresources.nlb.gov.sg/newspapers/digitised/issue/weekendeast19941111-1,newspaper_archive,newspaper_archive,1,1,0.4124
https://eresources.nlb.gov.sg/newspapers/digitised/issue/straitstimes19870129-1,https://forbesjapan.com/articles/detail/46596/page2,newspaper_archive,food_media_secondary,1,1,0.3395
https://eresources.nlb.gov.sg/newspapers/digitised/issue/straitstimes19870129-1,https://kiichiroyoshimoto.jp/2025/06/05/%E9%BA%97%E9%83%B7%E3%83%BB%E6%B8%8B%E8%B0%B7%E9%81%93%E7%8E%84%E5%9D%82%E5%B0%8F%E8%B7%AF-1984%E2%87%942025/,newspaper_archive,food_media_retrospective,1,1,0.3931
https://eresources.nlb.gov.sg/newspapers/digitised/issue/straitstimes19870129-1,https://newsdig.tbs.co.jp/articles/cbc/409918?display=1,newspaper_archive,media_obituary,1,1,0.3178
https://eresources.nlb.gov.sg/newspapers/digitised/issue/straitstimes19870814-1,https://eresources.nlb.gov.sg/newspapers/digitised/issue/straitstimes19870905-1,newspaper_archive,newspaper_archive,1,1,0.8442
https://eresources.nlb.gov.sg/newspapers/digitised/issue/straitstimes19870814-1,https://forbesjapan.com/articles/detail/46596/page2,newspaper_archive,food_media_secondary,1,1,0.3333
https://eresources.nlb.gov.sg/newspapers/digitised/issue/straitstimes19870814-1,https://h5.awsprod.99ranch.com/about-us,newspaper_archive,official_company_profile,1,1,0.3533
https://eresources.nlb.gov.sg/newspapers/digitised/issue/straitstimes19870814-1,https://ihappyday.tw/blog/post/old-mother-noodle,newspaper_archive,food_media_retrospective,1,1,0.3048
https://eresources.nlb.gov.sg/newspapers/digitised/issue/straitstimes19870814-1,https://lordcat.net/archives/365,newspaper_archive,food_media_retrospective,1,1,0.3166
https://eresources.nlb.gov.sg/newspapers/digitised/issue/straitstimes19870814-1,https://m.918canyin.com/gxstwrrf/,newspaper_archive,franchise_portal,1,1,0.3206
https://eresources.nlb.gov.sg/newspapers/digitised/issue/straitstimes19870814-1,https://m.zhms.cn/jmzs/39475/,newspaper_archive,franchise_portal,1,1,0.3310
https://eresources.nlb.gov.sg/newspapers/digitised/issue/straitstimes19870814-1,https://nigi33.tw/2014-01-07-387/,newspaper_archive,food_blog_retrospective,1,1,0.3357
https://eresources.nlb.gov.sg/newspapers/digitised/issue/straitstimes19870814-1,https://paper.people.com.cn/rmrbhwb/page/2019-05/17/11/rmrbhwb2019051711.pdf,newspaper_archive,newspaper_archive,1,1,0.3675
https://eresources.nlb.gov.sg/newspapers/digitised/issue/straitstimes19870905-1,https://i17fun.tw/fengshan-salty-rice-moss/,newspaper_archive,food_media_retrospective,1,1,0.3162
https://eresources.nlb.gov.sg/newspapers/digitised/issue/straitstimes19870905-1,https://khh.travel/zh-tw/shop/gourmet/778/,newspaper_archive,official_tourism_profile,1,1,0.3333
https://eresources.nlb.gov.sg/newspapers/digitised/issue/straitstimes19870905-1,https://m.918canyin.com/gxstwrrf/,newspaper_archive,franchise_portal,1,1,0.3333
https://eresources.nlb.gov.sg/newspapers/digitised/issue/straitstimes19870905-1,https://m.zhms.cn/jmzs/39475/,newspaper_archive,franchise_portal,1,1,0.3281
https://eresources.nlb.gov.sg/newspapers/digitised/issue/straitstimes19870905-1,https://newsdig.tbs.co.jp/articles/cbc/409918?display=1,newspaper_archive,media_obituary,1,1,0.3191
https://eresources.nlb.gov.sg/newspapers/digitised/issue/straitstimes19870905-1,https://paper.people.com.cn/rmrbhwb/page/2019-05/17/11/rmrbhwb2019051711.pdf,newspaper_archive,newspaper_archive,1,1,0.3608
https://eresources.nlb.gov.sg/newspapers/digitised/issue/straitstimes19870905-1,https://pbear.tw/%E6%B0%B8%E9%80%9A%E8%99%B1%E7%9B%AE%E9%AD%9A%E7%B2%A5/,newspaper_archive,food_blog_retrospective,1,1,0.3345
https://eresources.nlb.gov.sg/newspapers/digitised/issue/weekendeast19941111-1,https://journey.tw/chous/,newspaper_archive,travel_food_retrospective,1,1,0.3333
https://eresources.nlb.gov.sg/newspapers/digitised/issue/weekendeast19941111-1,https://khguide.com/%E9%98%BF%E8%8B%B1%E6%8E%92%E9%AA%A8%E9%A3%AF/,newspaper_archive,food_blog_retrospective,1,1,0.3117
https://eresources.nlb.gov.sg/newspapers/digitised/issue/weekendeast19941111-1,https://khh.travel/zh-tw/shop/gourmet/796/,newspaper_archive,official_tourism_profile,1,1,0.3770
https://eresources.nlb.gov.sg/newspapers/digitised/issue/weekendeast19941111-1,https://lordcat.net/archives/365,newspaper_archive,food_media_retrospective,1,1,0.3191
https://eresources.nlb.gov.sg/newspapers/digitised/issue/weekendeast19941111-1,https://paper.people.com.cn/rmrbhwb/page/2019-05/17/11/rmrbhwb2019051711.pdf,newspaper_archive,newspaper_archive,1,1,0.3208
https://foodintainan.com.tw/uprichdishes/,https://i17fun.tw/fengshan-salty-rice-moss/,local_food_media,food_media_retrospective,1,1,0.4046
https://foodintainan.com.tw/uprichdishes/,https://ihappyday.tw/blog/post/old-mother-noodle,local_food_media,food_media_retrospective,1,1,0.3099
https://foodintainan.com.tw/uprichdishes/,https://inmap.tw/archives/69040,local_food_media,food_media_retrospective,1,1,0.3563
https://foodintainan.com.tw/uprichdishes/,https://journey.tw/chous/,local_food_media,travel_food_retrospective,1,1,0.3436
https://foodintainan.com.tw/uprichdishes/,https://khguide.com/%E9%98%BF%E8%8B%B1%E6%8E%92%E9%AA%A8%E9%A3%AF/,local_food_media,food_blog_retrospective,1,1,0.3526
https://foodintainan.com.tw/uprichdishes/,https://khh.travel/zh-tw/shop/gourmet/1143,local_food_media,official_tourism_profile,1,1,0.3366
https://foodintainan.com.tw/uprichdishes/,https://khh.travel/zh-tw/shop/gourmet/796/,local_food_media,official_tourism_profile,1,1,0.3114
https://foodintainan.com.tw/uprichdishes/,https://linyu.tw/thirdgeneration/,local_food_media,food_blog_retrospective,1,1,0.4678
https://foodintainan.com.tw/uprichdishes/,https://m.zhms.cn/jmzs/39475/,local_food_media,franchise_portal,1,1,0.3087
https://foodintainan.com.tw/uprichdishes/,https://newsdig.tbs.co.jp/articles/cbc/409918?display=1,local_food_media,media_obituary,1,1,0.3397
https://foodintainan.com.tw/uprichdishes/,https://nigi33.tw/2014-01-07-387/,local_food_media,food_blog_retrospective,1,1,0.4409
https://foodintainan.com.tw/uprichdishes/,https://paper.people.com.cn/rmrbhwb/page/2019-05/17/11/rmrbhwb2019051711.pdf,local_food_media,newspaper_archive,1,1,0.3226
https://foodintainan.com.tw/uprichdishes/,https://paper.udn.com/udnpaper/POD0004/306283/web/,local_food_media,municipal_media,1,1,0.3019
https://foodintainan.com.tw/uprichdishes/,https://pbear.tw/%E6%B0%B8%E9%80%9A%E8%99%B1%E7%9B%AE%E9%AD%9A%E7%B2%A5/,local_food_media,food_blog_retrospective,1,1,0.3448
https://forbesjapan.com/articles/detail/46596/page2,https://ifoodie.tw/en/post/60b7b416a6272846a04cdde3,food_media_secondary,food_media_retrospective,1,1,0.3092
https://forbesjapan.com/articles/detail/46596/page2,https://ihappyday.tw/blog/post/old-mother-noodle,food_media_secondary,food_media_retrospective,1,1,0.3240
https://forbesjapan.com/articles/detail/46596/page2,https://kiichiroyoshimoto.jp/2025/06/05/%E9%BA%97%E9%83%B7%E3%83%BB%E6%B8%8B%E8%B0%B7%E9%81%93%E7%8E%84%E5%9D%82%E5%B0%8F%E8%B7%AF-1984%E2%87%942025/,food_media_secondary,food_media_retrospective,1,1,0.3360
https://forbesjapan.com/articles/detail/46596/page2,https://lordcat.net/archives/365,food_media_secondary,food_media_retrospective,1,1,0.3170
https://forbesjapan.com/articles/detail/46596/page2,https://m.918canyin.com/gxstwrrf/,food_media_secondary,franchise_portal,1,1,0.3134
https://forbesjapan.com/articles/detail/46596/page2,https://m.ccas.com.cn/site/content/95431.html,food_media_secondary,industry_association_report,1,1,0.3357
https://forbesjapan.com/articles/detail/46596/page2,https://news.pchome.com.tw/public/pronews/20260527/index-77989075490386353016.html,food_media_secondary,local_news_food_business,1,1,0.3112
https://forbesjapan.com/articles/detail/46596/page2,https://paper.people.com.cn/rmrbhwb/page/2019-05/17/11/rmrbhwb2019051711.pdf,food_media_secondary,newspaper_archive,1,1,0.3737
https://forbesjapan.com/articles/detail/46596/page2,https://rainieis.tw/2017-08-29-307/,food_media_secondary,food_blog_retrospective,1,1,0.3133
https://friendlystore.taipei/index.php/property/7552/tw,https://h5.awsprod.99ranch.com/about-us,municipal_accessibility_listing,official_company_profile,1,1,0.3357
https://friendlystore.taipei/index.php/property/7552/tw,https://i17fun.tw/fengshan-salty-rice-moss/,municipal_accessibility_listing,food_media_retrospective,1,1,0.3838
https://friendlystore.taipei/index.php/property/7552/tw,https://ifoodie.tw/en/post/60b7b416a6272846a04cdde3,municipal_accessibility_listing,food_media_retrospective,1,1,0.4400
https://friendlystore.taipei/index.php/property/7552/tw,https://ihappyday.tw/blog/post/old-mother-noodle,municipal_accessibility_listing,food_media_retrospective,1,1,0.4045
https://friendlystore.taipei/index.php/property/7552/tw,https://ikachalife.com/34729,municipal_accessibility_listing,food_blog_retrospective,1,1,0.3861
https://friendlystore.taipei/index.php/property/7552/tw,https://inmap.tw/archives/69040,municipal_accessibility_listing,food_media_retrospective,1,1,0.3590
https://friendlystore.taipei/index.php/property/7552/tw,https://journey.tw/chous/,municipal_accessibility_listing,travel_food_retrospective,1,1,0.3347
https://friendlystore.taipei/index.php/property/7552/tw,https://khguide.com/%E9%98%BF%E8%8B%B1%E6%8E%92%E9%AA%A8%E9%A3%AF/,municipal_accessibility_listing,food_blog_retrospective,1,1,0.4252
https://friendlystore.taipei/index.php/property/7552/tw,https://khh.travel/zh-tw/shop/gourmet/778/,municipal_accessibility_listing,official_tourism_profile,1,1,0.3097
https://friendlystore.taipei/index.php/property/7552/tw,https://khh.travel/zh-tw/shop/gourmet/788/,municipal_accessibility_listing,municipal_tourism,1,1,0.3203
https://friendlystore.taipei/index.php/property/7552/tw,https://kiichiroyoshimoto.jp/2025/06/05/%E9%BA%97%E9%83%B7%E3%83%BB%E6%B8%8B%E8%B0%B7%E9%81%93%E7%8E%84%E5%9D%82%E5%B0%8F%E8%B7%AF-1984%E2%87%942025/,municipal_accessibility_listing,food_media_retrospective,1,1,0.3673
https://friendlystore.taipei/index.php/property/7552/tw,https://linyu.tw/thirdgeneration/,municipal_accessibility_listing,food_blog_retrospective,1,1,0.3146
https://friendlystore.taipei/index.php/property/7552/tw,https://lordcat.net/archives/365,municipal_accessibility_listing,food_media_retrospective,1,1,0.3412
https://friendlystore.taipei/index.php/property/7552/tw,https://m.918canyin.com/gxstwrrf/,municipal_accessibility_listing,franchise_portal,1,1,0.3832
https://friendlystore.taipei/index.php/property/7552/tw,https://matadornetwork.com/read/chinatown-nyc-restaurants/,municipal_accessibility_listing,travel_history_article,1,1,0.4054
https://friendlystore.taipei/index.php/property/7552/tw,https://nagoya-meshi.jp/cms/nagoyameshi-search/detail/%E4%B8%AD%E5%9B%BD%E5%8F%B0%E6%B9%BE%E6%96%99%E7%90%86-%E5%91%B3%E4%BB%99-%E6%9C%AC%E5%BA%97/,municipal_accessibility_listing,official_tourism_listing,1,1,0.4020
https://friendlystore.taipei/index.php/property/7552/tw,https://news.pchome.com.tw/public/pronews/20260527/index-77989075490386353016.html,municipal_accessibility_listing,local_news_food_business,1,1,0.3754
https://friendlystore.taipei/index.php/property/7552/tw,https://nigi33.tw/2014-01-07-387/,municipal_accessibility_listing,food_blog_retrospective,1,1,0.3445
https://friendlystore.taipei/index.php/property/7552/tw,https://rainieis.tw/2017-08-29-307/,municipal_accessibility_listing,food_blog_retrospective,1,1,0.4146
https://h5.awsprod.99ranch.com/about-us,https://ihappyday.tw/blog/post/old-mother-noodle,official_company_profile,food_media_retrospective,1,1,0.3131
https://h5.awsprod.99ranch.com/about-us,https://ikachalife.com/34729,official_company_profile,food_blog_retrospective,1,1,0.3279
https://h5.awsprod.99ranch.com/about-us,https://inmap.tw/archives/69040,official_company_profile,food_media_retrospective,1,1,0.3636
https://h5.awsprod.99ranch.com/about-us,https://journey.tw/chous/,official_company_profile,travel_food_retrospective,1,1,0.3300
https://h5.awsprod.99ranch.com/about-us,https://kiichiroyoshimoto.jp/2025/06/05/%E9%BA%97%E9%83%B7%E3%83%BB%E6%B8%8B%E8%B0%B7%E9%81%93%E7%8E%84%E5%9D%82%E5%B0%8F%E8%B7%AF-1984%E2%87%942025/,official_company_profile,food_media_retrospective,1,1,0.3140
https://h5.awsprod.99ranch.com/about-us,https://lordcat.net/archives/365,official_company_profile,food_media_retrospective,1,1,0.3580
https://h5.awsprod.99ranch.com/about-us,https://matadornetwork.com/read/chinatown-nyc-restaurants/,official_company_profile,travel_history_article,1,1,0.3433
https://h5.awsprod.99ranch.com/about-us,https://nagoya-meshi.jp/cms/nagoyameshi-search/detail/%E4%B8%AD%E5%9B%BD%E5%8F%B0%E6%B9%BE%E6%96%99%E7%90%86-%E5%91%B3%E4%BB%99-%E6%9C%AC%E5%BA%97/,official_company_profile,official_tourism_listing,1,1,0.3440
https://h5.awsprod.99ranch.com/about-us,https://nigi33.tw/2014-01-07-387/,official_company_profile,food_blog_retrospective,1,1,0.3521
https://i17fun.tw/fengshan-salty-rice-moss/,https://ifoodie.tw/en/post/60b7b416a6272846a04cdde3,food_media_retrospective,food_media_retrospective,1,1,0.5267
https://i17fun.tw/fengshan-salty-rice-moss/,https://ihappyday.tw/blog/post/old-mother-noodle,food_media_retrospective,food_media_retrospective,1,1,0.4564
https://i17fun.tw/fengshan-salty-rice-moss/,https://ikachalife.com/34729,food_media_retrospective,food_blog_retrospective,1,1,0.4828
https://i17fun.tw/fengshan-salty-rice-moss/,https://inmap.tw/archives/69040,food_media_retrospective,food_media_retrospective,1,1,0.5921
https://i17fun.tw/fengshan-salty-rice-moss/,https://journey.tw/chous/,food_media_retrospective,travel_food_retrospective,1,1,0.4326
https://i17fun.tw/fengshan-salty-rice-moss/,https://khguide.com/%E9%98%BF%E8%8B%B1%E6%8E%92%E9%AA%A8%E9%A3%AF/,food_media_retrospective,food_blog_retrospective,1,1,0.5053
https://i17fun.tw/fengshan-salty-rice-moss/,https://khh.travel/zh-tw/shop/gourmet/778/,food_media_retrospective,official_tourism_profile,1,1,0.3735
https://i17fun.tw/fengshan-salty-rice-moss/,https://khh.travel/zh-tw/shop/gourmet/788/,food_media_retrospective,municipal_tourism,1,1,0.4392
https://i17fun.tw/fengshan-salty-rice-moss/,https://khh.travel/zh-tw/shop/gourmet/796/,food_media_retrospective,official_tourism_profile,1,1,0.3429
https://i17fun.tw/fengshan-salty-rice-moss/,https://linyu.tw/thirdgeneration/,food_media_retrospective,food_blog_retrospective,1,1,0.3154
https://i17fun.tw/fengshan-salty-rice-moss/,https://lordcat.net/archives/365,food_media_retrospective,food_media_retrospective,1,1,0.3719
https://i17fun.tw/fengshan-salty-rice-moss/,https://m.918canyin.com/gxstwrrf/,food_media_retrospective,franchise_portal,1,1,0.3184
https://i17fun.tw/fengshan-salty-rice-moss/,https://newsdig.tbs.co.jp/articles/cbc/409918?display=1,food_media_retrospective,media_obituary,1,1,0.3209
https://i17fun.tw/fengshan-salty-rice-moss/,https://nigi33.tw/2014-01-07-387/,food_media_retrospective,food_blog_retrospective,1,1,0.5576
https://i17fun.tw/fengshan-salty-rice-moss/,https://paper.udn.com/udnpaper/POD0004/306283/web/,food_media_retrospective,municipal_media,1,1,0.3504
https://i17fun.tw/fengshan-salty-rice-moss/,https://pbear.tw/%E6%B0%B8%E9%80%9A%E8%99%B1%E7%9B%AE%E9%AD%9A%E7%B2%A5/,food_media_retrospective,food_blog_retrospective,1,1,0.4342
https://i17fun.tw/fengshan-salty-rice-moss/,https://rainieis.tw/2017-08-29-307/,food_media_retrospective,food_blog_retrospective,1,1,0.4549
https://ifoodie.tw/en/post/60b7b416a6272846a04cdde3,https://ihappyday.tw/blog/post/old-mother-noodle,food_media_retrospective,food_media_retrospective,1,1,0.4332
https://ifoodie.tw/en/post/60b7b416a6272846a04cdde3,https://ikachalife.com/34729,food_media_retrospective,food_blog_retrospective,1,1,0.4535
https://ifoodie.tw/en/post/60b7b416a6272846a04cdde3,https://inmap.tw/archives/69040,food_media_retrospective,food_media_retrospective,1,1,0.4735
https://ifoodie.tw/en/post/60b7b416a6272846a04cdde3,https://journey.tw/chous/,food_media_retrospective,travel_food_retrospective,1,1,0.4061
https://ifoodie.tw/en/post/60b7b416a6272846a04cdde3,https://khguide.com/%E9%98%BF%E8%8B%B1%E6%8E%92%E9%AA%A8%E9%A3%AF/,food_media_retrospective,food_blog_retrospective,1,1,0.5606
https://ifoodie.tw/en/post/60b7b416a6272846a04cdde3,https://khh.travel/zh-tw/file/478/,food_media_retrospective,official_tourism_pdf,1,1,0.3092
https://ifoodie.tw/en/post/60b7b416a6272846a04cdde3,https://kiichiroyoshimoto.jp/2025/06/05/%E9%BA%97%E9%83%B7%E3%83%BB%E6%B8%8B%E8%B0%B7%E9%81%93%E7%8E%84%E5%9D%82%E5%B0%8F%E8%B7%AF-1984%E2%87%942025/,food_media_retrospective,food_media_retrospective,1,1,0.3010
https://ifoodie.tw/en/post/60b7b416a6272846a04cdde3,https://linyu.tw/thirdgeneration/,food_media_retrospective,food_blog_retrospective,1,1,0.3538
https://ifoodie.tw/en/post/60b7b416a6272846a04cdde3,https://lordcat.net/archives/365,food_media_retrospective,food_media_retrospective,1,1,0.4163
https://ifoodie.tw/en/post/60b7b416a6272846a04cdde3,https://m.918canyin.com/gxstwrrf/,food_media_retrospective,franchise_portal,1,1,0.3304
https://ifoodie.tw/en/post/60b7b416a6272846a04cdde3,https://m.zhms.cn/jmzs/39475/,food_media_retrospective,franchise_portal,1,1,0.3089
https://ifoodie.tw/en/post/60b7b416a6272846a04cdde3,https://matadornetwork.com/read/chinatown-nyc-restaurants/,food_media_retrospective,travel_history_article,1,1,0.3103
https://ifoodie.tw/en/post/60b7b416a6272846a04cdde3,https://nagoya-meshi.jp/cms/nagoyameshi-search/detail/%E4%B8%AD%E5%9B%BD%E5%8F%B0%E6%B9%BE%E6%96%99%E7%90%86-%E5%91%B3%E4%BB%99-%E6%9C%AC%E5%BA%97/,food_media_retrospective,official_tourism_listing,1,1,0.3271
https://ifoodie.tw/en/post/60b7b416a6272846a04cdde3,https://news.pchome.com.tw/public/pronews/20260527/index-77989075490386353016.html,food_media_retrospective,local_news_food_business,1,1,0.3696
https://ifoodie.tw/en/post/60b7b416a6272846a04cdde3,https://newsdig.tbs.co.jp/articles/cbc/409918?display=1,food_media_retrospective,media_obituary,1,1,0.3320
https://ifoodie.tw/en/post/60b7b416a6272846a04cdde3,https://nigi33.tw/2014-01-07-387/,food_media_retrospective,food_blog_retrospective,1,1,0.4919
https://ifoodie.tw/en/post/60b7b416a6272846a04cdde3,https://paper.people.com.cn/rmrbhwb/page/2019-05/17/11/rmrbhwb2019051711.pdf,food_media_retrospective,newspaper_archive,1,1,0.3265
https://ifoodie.tw/en/post/60b7b416a6272846a04cdde3,https://paper.udn.com/udnpaper/POD0004/306283/web/,food_media_retrospective,municipal_media,1,1,0.3636
https://ifoodie.tw/en/post/60b7b416a6272846a04cdde3,https://pbear.tw/%E6%B0%B8%E9%80%9A%E8%99%B1%E7%9B%AE%E9%AD%9A%E7%B2%A5/,food_media_retrospective,food_blog_retrospective,1,1,0.3322
https://ifoodie.tw/en/post/60b7b416a6272846a04cdde3,https://rainieis.tw/2017-08-29-307/,food_media_retrospective,food_blog_retrospective,1,1,0.4922
https://ihappyday.tw/blog/post/old-mother-noodle,https://ikachalife.com/34729,food_media_retrospective,food_blog_retrospective,1,1,0.3077
https://ihappyday.tw/blog/post/old-mother-noodle,https://inmap.tw/archives/69040,food_media_retrospective,food_media_retrospective,1,1,0.4600
https://ihappyday.tw/blog/post/old-mother-noodle,https://khguide.com/%E9%98%BF%E8%8B%B1%E6%8E%92%E9%AA%A8%E9%A3%AF/,food_media_retrospective,food_blog_retrospective,1,1,0.4840
https://ihappyday.tw/blog/post/old-mother-noodle,https://khh.travel/zh-tw/shop/gourmet/778/,food_media_retrospective,official_tourism_profile,1,1,0.3478
https://ihappyday.tw/blog/post/old-mother-noodle,https://khh.travel/zh-tw/shop/gourmet/788/,food_media_retrospective,municipal_tourism,1,1,0.3303
https://ihappyday.tw/blog/post/old-mother-noodle,https://kiichiroyoshimoto.jp/2025/06/05/%E9%BA%97%E9%83%B7%E3%83%BB%E6%B8%8B%E8%B0%B7%E9%81%93%E7%8E%84%E5%9D%82%E5%B0%8F%E8%B7%AF-1984%E2%87%942025/,food_media_retrospective,food_media_retrospective,1,1,0.3229
https://ihappyday.tw/blog/post/old-mother-noodle,https://linyu.tw/thirdgeneration/,food_media_retrospective,food_blog_retrospective,1,1,0.3946
https://ihappyday.tw/blog/post/old-mother-noodle,https://lordcat.net/archives/365,food_media_retrospective,food_media_retrospective,1,1,0.3361
https://ihappyday.tw/blog/post/old-mother-noodle,https://m.918canyin.com/gxstwrrf/,food_media_retrospective,franchise_portal,1,1,0.4149
https://ihappyday.tw/blog/post/old-mother-noodle,https://m.zhms.cn/jmzs/39475/,food_media_retrospective,franchise_portal,1,1,0.3574
https://ihappyday.tw/blog/post/old-mother-noodle,https://matadornetwork.com/read/chinatown-nyc-restaurants/,food_media_retrospective,travel_history_article,1,1,0.3454
https://ihappyday.tw/blog/post/old-mother-noodle,https://nagoya-meshi.jp/cms/nagoyameshi-search/detail/%E4%B8%AD%E5%9B%BD%E5%8F%B0%E6%B9%BE%E6%96%99%E7%90%86-%E5%91%B3%E4%BB%99-%E6%9C%AC%E5%BA%97/,food_media_retrospective,official_tourism_listing,1,1,0.3117
https://ihappyday.tw/blog/post/old-mother-noodle,https://nigi33.tw/2014-01-07-387/,food_media_retrospective,food_blog_retrospective,1,1,0.4453
https://ihappyday.tw/blog/post/old-mother-noodle,https://paper.people.com.cn/rmrbhwb/page/2019-05/17/11/rmrbhwb2019051711.pdf,food_media_retrospective,newspaper_archive,1,1,0.3511
https://ihappyday.tw/blog/post/old-mother-noodle,https://paper.udn.com/udnpaper/POD0004/306283/web/,food_media_retrospective,municipal_media,1,1,0.3037
https://ihappyday.tw/blog/post/old-mother-noodle,https://rainieis.tw/2017-08-29-307/,food_media_retrospective,food_blog_retrospective,1,1,0.3810
https://ikachalife.com/34729,https://inmap.tw/archives/69040,food_blog_retrospective,food_media_retrospective,1,1,0.4521
https://ikachalife.com/34729,https://journey.tw/chous/,food_blog_retrospective,travel_food_retrospective,1,1,0.4000
https://ikachalife.com/34729,https://khguide.com/%E9%98%BF%E8%8B%B1%E6%8E%92%E9%AA%A8%E9%A3%AF/,food_blog_retrospective,food_blog_retrospective,1,1,0.4469
https://ikachalife.com/34729,https://khh.travel/zh-tw/shop/gourmet/788/,food_blog_retrospective,municipal_tourism,1,1,0.4369
https://ikachalife.com/34729,https://kiichiroyoshimoto.jp/2025/06/05/%E9%BA%97%E9%83%B7%E3%83%BB%E6%B8%8B%E8%B0%B7%E9%81%93%E7%8E%84%E5%9D%82%E5%B0%8F%E8%B7%AF-1984%E2%87%942025/,food_blog_retrospective,food_media_retrospective,1,1,0.3442
https://ikachalife.com/34729,https://linyu.tw/thirdgeneration/,food_blog_retrospective,food_blog_retrospective,1,1,0.3636
https://ikachalife.com/34729,https://lordcat.net/archives/365,food_blog_retrospective,food_media_retrospective,1,1,0.4522
https://ikachalife.com/34729,https://m.918canyin.com/gxstwrrf/,food_blog_retrospective,franchise_portal,1,1,0.3004
https://ikachalife.com/34729,https://m.zhms.cn/jmzs/39475/,food_blog_retrospective,franchise_portal,1,1,0.3843
https://ikachalife.com/34729,https://matadornetwork.com/read/chinatown-nyc-restaurants/,food_blog_retrospective,travel_history_article,1,1,0.3071
https://ikachalife.com/34729,https://nagoya-meshi.jp/cms/nagoyameshi-search/detail/%E4%B8%AD%E5%9B%BD%E5%8F%B0%E6%B9%BE%E6%96%99%E7%90%86-%E5%91%B3%E4%BB%99-%E6%9C%AC%E5%BA%97/,food_blog_retrospective,official_tourism_listing,1,1,0.3318
https://ikachalife.com/34729,https://news.pchome.com.tw/public/pronews/20260527/index-77989075490386353016.html,food_blog_retrospective,local_news_food_business,1,1,0.4423
https://ikachalife.com/34729,https://nigi33.tw/2014-01-07-387/,food_blog_retrospective,food_blog_retrospective,1,1,0.4280
https://ikachalife.com/34729,https://paper.people.com.cn/rmrbhwb/page/2019-05/17/11/rmrbhwb2019051711.pdf,food_blog_retrospective,newspaper_archive,1,1,0.3307
https://ikachalife.com/34729,https://paper.udn.com/udnpaper/POD0004/306283/web/,food_blog_retrospective,municipal_media,1,1,0.3206
https://ikachalife.com/34729,https://rainieis.tw/2017-08-29-307/,food_blog_retrospective,food_blog_retrospective,1,1,0.4604
https://inmap.tw/archives/69040,https://journey.tw/chous/,food_media_retrospective,travel_food_retrospective,1,1,0.4225
https://inmap.tw/archives/69040,https://khguide.com/%E9%98%BF%E8%8B%B1%E6%8E%92%E9%AA%A8%E9%A3%AF/,food_media_retrospective,food_blog_retrospective,1,1,0.5366
https://inmap.tw/archives/69040,https://khh.travel/zh-tw/shop/gourmet/778/,food_media_retrospective,official_tourism_profile,1,1,0.3166
https://inmap.tw/archives/69040,https://khh.travel/zh-tw/shop/gourmet/788/,food_media_retrospective,municipal_tourism,1,1,0.4071
https://inmap.tw/archives/69040,https://linyu.tw/thirdgeneration/,food_media_retrospective,food_blog_retrospective,1,1,0.3600
https://inmap.tw/archives/69040,https://lordcat.net/archives/365,food_media_retrospective,food_media_retrospective,1,1,0.4098
https://inmap.tw/archives/69040,https://m.918canyin.com/gxstwrrf/,food_media_retrospective,franchise_portal,1,1,0.3563
https://inmap.tw/archives/69040,https://matadornetwork.com/read/chinatown-nyc-restaurants/,food_media_retrospective,travel_history_article,1,1,0.3216
https://inmap.tw/archives/69040,https://nagoya-meshi.jp/cms/nagoyameshi-search/detail/%E4%B8%AD%E5%9B%BD%E5%8F%B0%E6%B9%BE%E6%96%99%E7%90%86-%E5%91%B3%E4%BB%99-%E6%9C%AC%E5%BA%97/,food_media_retrospective,official_tourism_listing,1,1,0.3207
https://inmap.tw/archives/69040,https://nigi33.tw/2014-01-07-387/,food_media_retrospective,food_blog_retrospective,1,1,0.5092
https://inmap.tw/archives/69040,https://pbear.tw/%E6%B0%B8%E9%80%9A%E8%99%B1%E7%9B%AE%E9%AD%9A%E7%B2%A5/,food_media_retrospective,food_blog_retrospective,1,1,0.4118
https://inmap.tw/archives/69040,https://rainieis.tw/2017-08-29-307/,food_media_retrospective,food_blog_retrospective,1,1,0.4731
https://journey.tw/chous/,https://khguide.com/%E9%98%BF%E8%8B%B1%E6%8E%92%E9%AA%A8%E9%A3%AF/,travel_food_retrospective,food_blog_retrospective,1,1,0.4000
https://journey.tw/chous/,https://khh.travel/zh-tw/shop/gourmet/778/,travel_food_retrospective,official_tourism_profile,1,1,0.4557
https://journey.tw/chous/,https://khh.travel/zh-tw/shop/gourmet/788/,travel_food_retrospective,municipal_tourism,1,1,0.3091
https://journey.tw/chous/,https://linyu.tw/thirdgeneration/,travel_food_retrospective,food_blog_retrospective,1,1,0.4676
https://journey.tw/chous/,https://lordcat.net/archives/365,travel_food_retrospective,food_media_retrospective,1,1,0.3964
https://journey.tw/chous/,https://matadornetwork.com/read/chinatown-nyc-restaurants/,travel_food_retrospective,travel_history_article,1,1,0.3090
https://journey.tw/chous/,https://news.pchome.com.tw/public/pronews/20260527/index-77989075490386353016.html,travel_food_retrospective,local_news_food_business,1,1,0.3816
https://journey.tw/chous/,https://nigi33.tw/2014-01-07-387/,travel_food_retrospective,food_blog_retrospective,1,1,0.4016
https://journey.tw/chous/,https://paper.udn.com/udnpaper/POD0004/306283/web/,travel_food_retrospective,municipal_media,1,1,0.3465
https://journey.tw/chous/,https://pbear.tw/%E6%B0%B8%E9%80%9A%E8%99%B1%E7%9B%AE%E9%AD%9A%E7%B2%A5/,travel_food_retrospective,food_blog_retrospective,1,1,0.4718
https://journey.tw/chous/,https://rainieis.tw/2017-08-29-307/,travel_food_retrospective,food_blog_retrospective,1,1,0.3891
https://khguide.com/%E9%98%BF%E8%8B%B1%E6%8E%92%E9%AA%A8%E9%A3%AF/,https://khh.travel/zh-tw/shop/gourmet/788/,food_blog_retrospective,municipal_tourism,1,1,0.4062
https://khguide.com/%E9%98%BF%E8%8B%B1%E6%8E%92%E9%AA%A8%E9%A3%AF/,https://khh.travel/zh-tw/shop/gourmet/796/,food_blog_retrospective,official_tourism_profile,1,1,0.3158
https://khguide.com/%E9%98%BF%E8%8B%B1%E6%8E%92%E9%AA%A8%E9%A3%AF/,https://linyu.tw/thirdgeneration/,food_blog_retrospective,food_blog_retrospective,1,1,0.3060
https://khguide.com/%E9%98%BF%E8%8B%B1%E6%8E%92%E9%AA%A8%E9%A3%AF/,https://lordcat.net/archives/365,food_blog_retrospective,food_media_retrospective,1,1,0.3822
https://khguide.com/%E9%98%BF%E8%8B%B1%E6%8E%92%E9%AA%A8%E9%A3%AF/,https://m.918canyin.com/gxstwrrf/,food_blog_retrospective,franchise_portal,1,1,0.3684
https://khguide.com/%E9%98%BF%E8%8B%B1%E6%8E%92%E9%AA%A8%E9%A3%AF/,https://m.ccas.com.cn/site/content/95431.html,food_blog_retrospective,industry_association_report,1,1,0.3659
https://khguide.com/%E9%98%BF%E8%8B%B1%E6%8E%92%E9%AA%A8%E9%A3%AF/,https://matadornetwork.com/read/chinatown-nyc-restaurants/,food_blog_retrospective,travel_history_article,1,1,0.3559
https://khguide.com/%E9%98%BF%E8%8B%B1%E6%8E%92%E9%AA%A8%E9%A3%AF/,https://nagoya-meshi.jp/cms/nagoyameshi-search/detail/%E4%B8%AD%E5%9B%BD%E5%8F%B0%E6%B9%BE%E6%96%99%E7%90%86-%E5%91%B3%E4%BB%99-%E6%9C%AC%E5%BA%97/,food_blog_retrospective,official_tourism_listing,1,1,0.3303
https://khguide.com/%E9%98%BF%E8%8B%B1%E6%8E%92%E9%AA%A8%E9%A3%AF/,https://news.pchome.com.tw/public/pronews/20260527/index-77989075490386353016.html,food_blog_retrospective,local_news_food_business,1,1,0.3583
https://khguide.com/%E9%98%BF%E8%8B%B1%E6%8E%92%E9%AA%A8%E9%A3%AF/,https://newsdig.tbs.co.jp/articles/cbc/409918?display=1,food_blog_retrospective,media_obituary,1,1,0.3028
https://khguide.com/%E9%98%BF%E8%8B%B1%E6%8E%92%E9%AA%A8%E9%A3%AF/,https://nigi33.tw/2014-01-07-387/,food_blog_retrospective,food_blog_retrospective,1,1,0.5317
https://khguide.com/%E9%98%BF%E8%8B%B1%E6%8E%92%E9%AA%A8%E9%A3%AF/,https://paper.people.com.cn/rmrbhwb/page/2019-05/17/11/rmrbhwb2019051711.pdf,food_blog_retrospective,newspaper_archive,1,1,0.3213
https://khguide.com/%E9%98%BF%E8%8B%B1%E6%8E%92%E9%AA%A8%E9%A3%AF/,https://pbear.tw/%E6%B0%B8%E9%80%9A%E8%99%B1%E7%9B%AE%E9%AD%9A%E7%B2%A5/,food_blog_retrospective,food_blog_retrospective,1,1,0.3902
https://khguide.com/%E9%98%BF%E8%8B%B1%E6%8E%92%E9%AA%A8%E9%A3%AF/,https://rainieis.tw/2017-08-29-307/,food_blog_retrospective,food_blog_retrospective,1,1,0.5077
https://khh.travel/en/shop/gourmet/1171/,https://khh.travel/zh-tw/shop/gourmet/1143,municipal_tourism,official_tourism_profile,1,1,0.3009
https://khh.travel/en/shop/gourmet/1171/,https://khh.travel/zh-tw/shop/gourmet/788/,municipal_tourism,municipal_tourism,1,1,0.4642
https://khh.travel/en/shop/gourmet/1171/,https://linyu.tw/thirdgeneration/,municipal_tourism,food_blog_retrospective,1,1,0.3014
https://khh.travel/zh-tw/file/478/,https://khh.travel/zh-tw/shop/gourmet/778/,official_tourism_pdf,official_tourism_profile,1,1,0.3388
https://khh.travel/zh-tw/file/478/,https://lordcat.net/archives/365,official_tourism_pdf,food_media_retrospective,1,1,0.3571
https://khh.travel/zh-tw/file/478/,https://m.zhms.cn/jmzs/39475/,official_tourism_pdf,franchise_portal,1,1,0.3212
https://khh.travel/zh-tw/file/478/,https://nagoya-meshi.jp/cms/nagoyameshi-search/detail/%E4%B8%AD%E5%9B%BD%E5%8F%B0%E6%B9%BE%E6%96%99%E7%90%86-%E5%91%B3%E4%BB%99-%E6%9C%AC%E5%BA%97/,official_tourism_pdf,official_tourism_listing,1,1,0.3478
https://khh.travel/zh-tw/file/478/,https://newsdig.tbs.co.jp/articles/cbc/409918?display=1,official_tourism_pdf,media_obituary,1,1,0.4227
https://khh.travel/zh-tw/file/478/,https://paper.people.com.cn/rmrbhwb/page/2019-05/17/11/rmrbhwb2019051711.pdf,official_tourism_pdf,newspaper_archive,1,1,0.3125
https://khh.travel/zh-tw/file/478/,https://rainieis.tw/2017-08-29-307/,official_tourism_pdf,food_blog_retrospective,1,1,0.3350
https://khh.travel/zh-tw/shop/gourmet/1138/,https://news.pchome.com.tw/public/pronews/20260527/index-77989075490386353016.html,municipal_tourism,local_news_food_business,1,1,0.3412
https://khh.travel/zh-tw/shop/gourmet/1138/,https://nigi33.tw/2014-01-07-387/,municipal_tourism,food_blog_retrospective,1,1,0.3333
https://khh.travel/zh-tw/shop/gourmet/1138/,https://paper.udn.com/udnpaper/POD0004/306283/web/,municipal_tourism,municipal_media,1,1,0.3294
https://khh.travel/zh-tw/shop/gourmet/1138/,https://rainieis.tw/2017-08-29-307/,municipal_tourism,food_blog_retrospective,1,1,0.3365
https://khh.travel/zh-tw/shop/gourmet/1143,https://khh.travel/zh-tw/shop/gourmet/778/,official_tourism_profile,official_tourism_profile,1,1,0.4486
https://khh.travel/zh-tw/shop/gourmet/1143,https://khh.travel/zh-tw/shop/gourmet/788/,official_tourism_profile,municipal_tourism,1,1,0.4014
https://khh.travel/zh-tw/shop/gourmet/1143,https://khh.travel/zh-tw/shop/gourmet/796/,official_tourism_profile,official_tourism_profile,1,1,0.3861
https://khh.travel/zh-tw/shop/gourmet/1143,https://linyu.tw/thirdgeneration/,official_tourism_profile,food_blog_retrospective,1,1,0.3294
https://khh.travel/zh-tw/shop/gourmet/1143,https://lordcat.net/archives/365,official_tourism_profile,food_media_retrospective,1,1,0.3216
https://khh.travel/zh-tw/shop/gourmet/1143,https://m.zhms.cn/jmzs/39475/,official_tourism_profile,franchise_portal,1,1,0.3482
https://khh.travel/zh-tw/shop/gourmet/1143,https://nagoya-meshi.jp/cms/nagoyameshi-search/detail/%E4%B8%AD%E5%9B%BD%E5%8F%B0%E6%B9%BE%E6%96%99%E7%90%86-%E5%91%B3%E4%BB%99-%E6%9C%AC%E5%BA%97/,official_tourism_profile,official_tourism_listing,1,1,0.3021
https://khh.travel/zh-tw/shop/gourmet/1143,https://news.pchome.com.tw/public/pronews/20260527/index-77989075490386353016.html,official_tourism_profile,local_news_food_business,1,1,0.3274
https://khh.travel/zh-tw/shop/gourmet/1143,https://pbear.tw/%E6%B0%B8%E9%80%9A%E8%99%B1%E7%9B%AE%E9%AD%9A%E7%B2%A5/,official_tourism_profile,food_blog_retrospective,1,1,0.3525
https://khh.travel/zh-tw/shop/gourmet/778/,https://khh.travel/zh-tw/shop/gourmet/788/,official_tourism_profile,municipal_tourism,1,1,0.3630
https://khh.travel/zh-tw/shop/gourmet/778/,https://linyu.tw/thirdgeneration/,official_tourism_profile,food_blog_retrospective,1,1,0.3320
https://khh.travel/zh-tw/shop/gourmet/778/,https://m.ccas.com.cn/site/content/95431.html,official_tourism_profile,industry_association_report,1,1,0.3211
https://khh.travel/zh-tw/shop/gourmet/778/,https://matadornetwork.com/read/chinatown-nyc-restaurants/,official_tourism_profile,travel_history_article,1,1,0.3173
https://khh.travel/zh-tw/shop/gourmet/778/,https://pbear.tw/%E6%B0%B8%E9%80%9A%E8%99%B1%E7%9B%AE%E9%AD%9A%E7%B2%A5/,official_tourism_profile,food_blog_retrospective,1,1,0.3320
https://khh.travel/zh-tw/shop/gourmet/778/,https://rainieis.tw/2017-08-29-307/,official_tourism_profile,food_blog_retrospective,1,1,0.4655
https://khh.travel/zh-tw/shop/gourmet/788/,https://m.zhms.cn/jmzs/39475/,municipal_tourism,franchise_portal,1,1,0.3709
https://khh.travel/zh-tw/shop/gourmet/788/,https://matadornetwork.com/read/chinatown-nyc-restaurants/,municipal_tourism,travel_history_article,1,1,0.3333
https://khh.travel/zh-tw/shop/gourmet/788/,https://news.pchome.com.tw/public/pronews/20260527/index-77989075490386353016.html,municipal_tourism,local_news_food_business,1,1,0.4513
https://khh.travel/zh-tw/shop/gourmet/788/,https://nigi33.tw/2014-01-07-387/,municipal_tourism,food_blog_retrospective,1,1,0.3355
https://khh.travel/zh-tw/shop/gourmet/788/,https://paper.udn.com/udnpaper/POD0004/306283/web/,municipal_tourism,municipal_media,1,1,0.3819
https://khh.travel/zh-tw/shop/gourmet/788/,https://rainieis.tw/2017-08-29-307/,municipal_tourism,food_blog_retrospective,1,1,0.3974
https://khh.travel/zh-tw/shop/gourmet/796/,https://lordcat.net/archives/365,official_tourism_profile,food_media_retrospective,1,1,0.3568
https://khh.travel/zh-tw/shop/gourmet/796/,https://nigi33.tw/2014-01-07-387/,official_tourism_profile,food_blog_retrospective,1,1,0.3962
https://khh.travel/zh-tw/shop/gourmet/796/,https://paper.udn.com/udnpaper/PIA0028/355829/web,official_tourism_profile,media_report,1,1,0.3085
https://khh.travel/zh-tw/shop/gourmet/796/,https://pbear.tw/%E6%B0%B8%E9%80%9A%E8%99%B1%E7%9B%AE%E9%AD%9A%E7%B2%A5/,official_tourism_profile,food_blog_retrospective,1,1,0.3158
https://kiichiroyoshimoto.jp/2025/06/05/%E9%BA%97%E9%83%B7%E3%83%BB%E6%B8%8B%E8%B0%B7%E9%81%93%E7%8E%84%E5%9D%82%E5%B0%8F%E8%B7%AF-1984%E2%87%942025/,https://lordcat.net/archives/365,food_media_retrospective,food_media_retrospective,1,1,0.3593
https://kiichiroyoshimoto.jp/2025/06/05/%E9%BA%97%E9%83%B7%E3%83%BB%E6%B8%8B%E8%B0%B7%E9%81%93%E7%8E%84%E5%9D%82%E5%B0%8F%E8%B7%AF-1984%E2%87%942025/,https://m.918canyin.com/gxstwrrf/,food_media_retrospective,franchise_portal,1,1,0.3294
https://kiichiroyoshimoto.jp/2025/06/05/%E9%BA%97%E9%83%B7%E3%83%BB%E6%B8%8B%E8%B0%B7%E9%81%93%E7%8E%84%E5%9D%82%E5%B0%8F%E8%B7%AF-1984%E2%87%942025/,https://matadornetwork.com/read/chinatown-nyc-restaurants/,food_media_retrospective,travel_history_article,1,1,0.3146
https://kiichiroyoshimoto.jp/2025/06/05/%E9%BA%97%E9%83%B7%E3%83%BB%E6%B8%8B%E8%B0%B7%E9%81%93%E7%8E%84%E5%9D%82%E5%B0%8F%E8%B7%AF-1984%E2%87%942025/,https://nagoya-meshi.jp/cms/nagoyameshi-search/detail/%E4%B8%AD%E5%9B%BD%E5%8F%B0%E6%B9%BE%E6%96%99%E7%90%86-%E5%91%B3%E4%BB%99-%E6%9C%AC%E5%BA%97/,food_media_retrospective,official_tourism_listing,1,1,0.3500
https://kiichiroyoshimoto.jp/2025/06/05/%E9%BA%97%E9%83%B7%E3%83%BB%E6%B8%8B%E8%B0%B7%E9%81%93%E7%8E%84%E5%9D%82%E5%B0%8F%E8%B7%AF-1984%E2%87%942025/,https://newsdig.tbs.co.jp/articles/cbc/409918?display=1,food_media_retrospective,media_obituary,1,1,0.3109
https://kiichiroyoshimoto.jp/2025/06/05/%E9%BA%97%E9%83%B7%E3%83%BB%E6%B8%8B%E8%B0%B7%E9%81%93%E7%8E%84%E5%9D%82%E5%B0%8F%E8%B7%AF-1984%E2%87%942025/,https://nigi33.tw/2014-01-07-387/,food_media_retrospective,food_blog_retrospective,1,1,0.3093
https://kiichiroyoshimoto.jp/2025/06/05/%E9%BA%97%E9%83%B7%E3%83%BB%E6%B8%8B%E8%B0%B7%E9%81%93%E7%8E%84%E5%9D%82%E5%B0%8F%E8%B7%AF-1984%E2%87%942025/,https://paper.people.com.cn/rmrbhwb/page/2019-05/17/11/rmrbhwb2019051711.pdf,food_media_retrospective,newspaper_archive,1,1,0.3351
https://kiichiroyoshimoto.jp/2025/06/05/%E9%BA%97%E9%83%B7%E3%83%BB%E6%B8%8B%E8%B0%B7%E9%81%93%E7%8E%84%E5%9D%82%E5%B0%8F%E8%B7%AF-1984%E2%87%942025/,https://rainieis.tw/2017-08-29-307/,food_media_retrospective,food_blog_retrospective,1,1,0.3465
https://lifeintainan.com/ahang/,https://nigi33.tw/2014-01-07-387/,food_media_retrospective,food_blog_retrospective,1,1,0.3429
https://lifeintainan.com/ahang/,https://pbear.tw/%E6%B0%B8%E9%80%9A%E8%99%B1%E7%9B%AE%E9%AD%9A%E7%B2%A5/,food_media_retrospective,food_blog_retrospective,1,1,0.3048
https://lifeintainan.com/ahang/,https://rainieis.tw/2017-08-29-307/,food_media_retrospective,food_blog_retrospective,1,1,0.3308
https://linyu.tw/thirdgeneration/,https://nigi33.tw/2014-01-07-387/,food_blog_retrospective,food_blog_retrospective,1,1,0.3774
https://linyu.tw/thirdgeneration/,https://pbear.tw/%E6%B0%B8%E9%80%9A%E8%99%B1%E7%9B%AE%E9%AD%9A%E7%B2%A5/,food_blog_retrospective,food_blog_retrospective,1,1,0.4000
https://linyu.tw/thirdgeneration/,https://rainieis.tw/2017-08-29-307/,food_blog_retrospective,food_blog_retrospective,1,1,0.3370
https://lordcat.net/archives/365,https://m.ccas.com.cn/site/content/95431.html,food_media_retrospective,industry_association_report,1,1,0.4138
https://lordcat.net/archives/365,https://matadornetwork.com/read/chinatown-nyc-restaurants/,food_media_retrospective,travel_history_article,1,1,0.3523
https://lordcat.net/archives/365,https://news.pchome.com.tw/public/pronews/20260527/index-77989075490386353016.html,food_media_retrospective,local_news_food_business,1,1,0.3333
https://lordcat.net/archives/365,https://newsdig.tbs.co.jp/articles/cbc/409918?display=1,food_media_retrospective,media_obituary,1,1,0.3365
https://lordcat.net/archives/365,https://nigi33.tw/2014-01-07-387/,food_media_retrospective,food_blog_retrospective,1,1,0.3158
https://lordcat.net/archives/365,https://paper.people.com.cn/rmrbhwb/page/2019-05/17/11/rmrbhwb2019051711.pdf,food_media_retrospective,newspaper_archive,1,1,0.3592
https://lordcat.net/archives/365,https://rainieis.tw/2017-08-29-307/,food_media_retrospective,food_blog_retrospective,1,1,0.4147
https://m.918canyin.com/gxstwrrf/,https://m.zhms.cn/jmzs/39475/,franchise_portal,franchise_portal,1,1,0.4571
https://m.918canyin.com/gxstwrrf/,https://nagoya-meshi.jp/cms/nagoyameshi-search/detail/%E4%B8%AD%E5%9B%BD%E5%8F%B0%E6%B9%BE%E6%96%99%E7%90%86-%E5%91%B3%E4%BB%99-%E6%9C%AC%E5%BA%97/,franchise_portal,official_tourism_listing,1,1,0.3146
https://m.918canyin.com/gxstwrrf/,https://newsdig.tbs.co.jp/articles/cbc/409918?display=1,franchise_portal,media_obituary,1,1,0.3791
https://m.918canyin.com/gxstwrrf/,https://nigi33.tw/2014-01-07-387/,franchise_portal,food_blog_retrospective,1,1,0.4151
https://m.918canyin.com/gxstwrrf/,https://paper.udn.com/udnpaper/PIA0028/355829/web,franchise_portal,media_report,1,1,0.3085
https://m.918canyin.com/gxstwrrf/,https://pbear.tw/%E6%B0%B8%E9%80%9A%E8%99%B1%E7%9B%AE%E9%AD%9A%E7%B2%A5/,franchise_portal,food_blog_retrospective,1,1,0.3239
https://m.ccas.com.cn/site/content/95431.html,https://m.zhms.cn/jmzs/39475/,industry_association_report,franchise_portal,1,1,0.4123
https://m.ccas.com.cn/site/content/95431.html,https://news.pchome.com.tw/public/pronews/20260527/index-77989075490386353016.html,industry_association_report,local_news_food_business,1,1,0.3860
https://m.ccas.com.cn/site/content/95431.html,https://newsdig.tbs.co.jp/articles/cbc/409918?display=1,industry_association_report,media_obituary,1,1,0.3581
https://m.ccas.com.cn/site/content/95431.html,https://paper.people.com.cn/rmrbhwb/page/2019-05/17/11/rmrbhwb2019051711.pdf,industry_association_report,newspaper_archive,1,1,0.3524
https://m.ccas.com.cn/site/content/95431.html,https://paper.udn.com/udnpaper/PIA0028/355829/web,industry_association_report,media_report,1,1,0.3398
https://m.ccas.com.cn/site/content/95431.html,https://paper.udn.com/udnpaper/POD0004/306283/web/,industry_association_report,municipal_media,1,1,0.3149
https://m.ccas.com.cn/site/content/95431.html,https://rainieis.tw/2017-08-29-307/,industry_association_report,food_blog_retrospective,1,1,0.3193
https://m.zhms.cn/jmzs/39475/,https://matadornetwork.com/read/chinatown-nyc-restaurants/,franchise_portal,travel_history_article,1,1,0.4312
https://m.zhms.cn/jmzs/39475/,https://news.pchome.com.tw/public/pronews/20260527/index-77989075490386353016.html,franchise_portal,local_news_food_business,1,1,0.4083
https://m.zhms.cn/jmzs/39475/,https://newsdig.tbs.co.jp/articles/cbc/409918?display=1,franchise_portal,media_obituary,1,1,0.3090
https://m.zhms.cn/jmzs/39475/,https://nigi33.tw/2014-01-07-387/,franchise_portal,food_blog_retrospective,1,1,0.4188
https://m.zhms.cn/jmzs/39475/,https://paper.people.com.cn/rmrbhwb/page/2019-05/17/11/rmrbhwb2019051711.pdf,franchise_portal,newspaper_archive,1,1,0.3983
https://m.zhms.cn/jmzs/39475/,https://paper.udn.com/udnpaper/PIA0028/355829/web,franchise_portal,media_report,1,1,0.3143
https://m.zhms.cn/jmzs/39475/,https://paper.udn.com/udnpaper/POD0004/306283/web/,franchise_portal,municipal_media,1,1,0.4184
https://m.zhms.cn/jmzs/39475/,https://rainieis.tw/2017-08-29-307/,franchise_portal,food_blog_retrospective,1,1,0.3554
https://matadornetwork.com/read/chinatown-nyc-restaurants/,https://nagoya-meshi.jp/cms/nagoyameshi-search/detail/%E4%B8%AD%E5%9B%BD%E5%8F%B0%E6%B9%BE%E6%96%99%E7%90%86-%E5%91%B3%E4%BB%99-%E6%9C%AC%E5%BA%97/,travel_history_article,official_tourism_listing,1,1,0.3763
https://matadornetwork.com/read/chinatown-nyc-restaurants/,https://news.pchome.com.tw/public/pronews/20260527/index-77989075490386353016.html,travel_history_article,local_news_food_business,1,1,0.3564
https://matadornetwork.com/read/chinatown-nyc-restaurants/,https://paper.udn.com/udnpaper/POD0004/306283/web/,travel_history_article,municipal_media,1,1,0.3733
https://matadornetwork.com/read/chinatown-nyc-restaurants/,https://rainieis.tw/2017-08-29-307/,travel_history_article,food_blog_retrospective,1,1,0.3509
https://nagoya-meshi.jp/cms/nagoyameshi-search/detail/%E4%B8%AD%E5%9B%BD%E5%8F%B0%E6%B9%BE%E6%96%99%E7%90%86-%E5%91%B3%E4%BB%99-%E6%9C%AC%E5%BA%97/,https://rainieis.tw/2017-08-29-307/,official_tourism_listing,food_blog_retrospective,1,1,0.3048
https://news.pchome.com.tw/public/pronews/20260527/index-77989075490386353016.html,https://paper.people.com.cn/rmrbhwb/page/2019-05/17/11/rmrbhwb2019051711.pdf,local_news_food_business,newspaper_archive,1,1,0.3472
https://news.pchome.com.tw/public/pronews/20260527/index-77989075490386353016.html,https://pbear.tw/%E6%B0%B8%E9%80%9A%E8%99%B1%E7%9B%AE%E9%AD%9A%E7%B2%A5/,local_news_food_business,food_blog_retrospective,1,1,0.3190
https://news.pchome.com.tw/public/pronews/20260527/index-77989075490386353016.html,https://rainieis.tw/2017-08-29-307/,local_news_food_business,food_blog_retrospective,1,1,0.4615
https://newsdig.tbs.co.jp/articles/cbc/409918?display=1,https://nigi33.tw/2014-01-07-387/,media_obituary,food_blog_retrospective,1,1,0.3149
https://newsdig.tbs.co.jp/articles/cbc/409918?display=1,https://paper.people.com.cn/rmrbhwb/page/2019-05/17/11/rmrbhwb2019051711.pdf,media_obituary,newspaper_archive,1,1,0.3276
https://newsdig.tbs.co.jp/articles/cbc/409918?display=1,https://paper.udn.com/udnpaper/PIA0028/355829/web,media_obituary,media_report,1,1,0.3318
https://newsdig.tbs.co.jp/articles/cbc/409918?display=1,https://rainieis.tw/2017-08-29-307/,media_obituary,food_blog_retrospective,1,1,0.3045
https://nigi33.tw/2014-01-07-387/,https://paper.people.com.cn/rmrbhwb/page/2019-05/17/11/rmrbhwb2019051711.pdf,food_blog_retrospective,newspaper_archive,1,1,0.3176
https://nigi33.tw/2014-01-07-387/,https://paper.udn.com/udnpaper/POD0004/306283/web/,food_blog_retrospective,municipal_media,1,1,0.3071
https://nigi33.tw/2014-01-07-387/,https://pbear.tw/%E6%B0%B8%E9%80%9A%E8%99%B1%E7%9B%AE%E9%AD%9A%E7%B2%A5/,food_blog_retrospective,food_blog_retrospective,1,1,0.3321
https://nigi33.tw/2014-01-07-387/,https://rainieis.tw/2017-08-29-307/,food_blog_retrospective,food_blog_retrospective,1,1,0.4672
https://paper.people.com.cn/rmrbhwb/page/2019-05/17/11/rmrbhwb2019051711.pdf,https://paper.udn.com/udnpaper/PIA0028/355829/web,newspaper_archive,media_report,1,1,0.3541
https://paper.people.com.cn/rmrbhwb/page/2019-05/17/11/rmrbhwb2019051711.pdf,https://pbear.tw/%E6%B0%B8%E9%80%9A%E8%99%B1%E7%9B%AE%E9%AD%9A%E7%B2%A5/,newspaper_archive,food_blog_retrospective,1,1,0.3209
https://paper.people.com.cn/rmrbhwb/page/2019-05/17/11/rmrbhwb2019051711.pdf,https://rainieis.tw/2017-08-29-307/,newspaper_archive,food_blog_retrospective,1,1,0.3071
https://paper.udn.com/udnpaper/POD0004/306283/web/,https://pbear.tw/%E6%B0%B8%E9%80%9A%E8%99%B1%E7%9B%AE%E9%AD%9A%E7%B2%A5/,municipal_media,food_blog_retrospective,1,1,0.3116
https://paper.udn.com/udnpaper/POD0004/306283/web/,https://rainieis.tw/2017-08-29-307/,municipal_media,food_blog_retrospective,1,1,0.3695
https://pbear.tw/%E6%B0%B8%E9%80%9A%E8%99%B1%E7%9B%AE%E9%AD%9A%E7%B2%A5/,https://rainieis.tw/2017-08-29-307/,food_blog_retrospective,food_blog_retrospective,1,1,0.3226
