attestation_id,corridor,period,source_type,authority_level,authority_weight,novelty_score,analysis_weight,historical_binding_raw,weighted_historical_binding
MERGED_8aa66c8607e7e8,Taiwan-side,1946-1987_taiwan_side_formation,food_blog_retrospective,tertiary,0.2,0.7297,0.5708,1.0,0.5708
MERGED_542b43b39d8bbb,Japan,1946-1987_taiwan_side_formation,food_media_retrospective,tertiary,0.2,0.8067,0.6247,1.0,0.6247
MERGED_ed869cc90aad96,Japan,1946-1987_taiwan_side_formation,food_media_retrospective,tertiary,0.2,1.0,0.76,1.0,0.76
MERGED_6e5941b2624aaa,Taiwan-side,1946-1987_taiwan_side_formation,oral_history_project,primary,1.2,0.875,0.9725,1.0,0.9725
MERGED_9e0e93caeebcb9,Taiwan-side,1946-1987_taiwan_side_formation,oral_history_project,primary,1.2,0.875,0.9725,1.0,0.9725
MERGED_4f2ead603a156a,Taiwan-side,1946-1987_taiwan_side_formation,food_media_retrospective,tertiary,0.2,1.0,0.76,1.0,0.76
MERGED_41653e630ac756,unknown,1946-1987_taiwan_side_formation,food_media_retrospective,tertiary,0.2,0.7273,0.5691,0.0,0.0
MERGED_41562d2422a551,Japan,1946-1987_taiwan_side_formation,food_media_retrospective,tertiary,0.2,0.7273,0.5691,1.0,0.5691
MERGED_f3f0ad3a7c3188,Taiwan-side,1946-1987_taiwan_side_formation,food_blog_retrospective,tertiary,0.2,1.0,0.76,1.0,0.76
MERGED_80d9d8e3647d5f,Yangtze River Delta,2014-2020_pre_wanghong_platformization,retail_media,secondary,0.7,1.0,0.91,1.0,0.91
MERGED_87e6b9462cb821,Yangtze River Delta,2014-2020_pre_wanghong_platformization,retail_media,secondary,0.7,1.0,0.91,0.0,0.0
MERGED_58df2e11ff076c,Yangtze River Delta,2014-2020_pre_wanghong_platformization,retail_media,secondary,0.7,1.0,0.91,1.0,0.91
MERGED_737af51166e7c9,Yangtze River Delta,2014-2020_pre_wanghong_platformization,retail_media,secondary,0.7,1.0,0.91,1.0,0.91
MERGED_c8139dcca15a30,Yangtze River Delta,2014-2020_pre_wanghong_platformization,retail_media,secondary,0.7,1.0,0.91,1.0,0.91
MERGED_b15aa8cb40437f,Yangtze River Delta,2014-2020_pre_wanghong_platformization,retail_media,secondary,0.7,1.0,0.91,1.0,0.91
MERGED_530df2eeb07631,Mainland China,1946-1987_taiwan_side_formation,newspaper_archive,primary,1.2,1.0,1.06,0.0,0.0
MERGED_af481a79212eeb,Mainland China,1946-1987_taiwan_side_formation,newspaper_archive,primary,1.2,1.0,1.06,0.0,0.0
MERGED_906683bfeb9197,Mainland China,1946-1987_taiwan_side_formation,newspaper_archive,primary,1.2,1.0,1.06,0.0,0.0
MERGED_ad9421caeba48a,Mainland China,1946-1987_taiwan_side_formation,newspaper_archive,primary,1.2,1.0,1.06,0.0,0.0
MERGED_01e0bca471dc24,Mainland China,1946-1987_taiwan_side_formation,newspaper_archive,primary,1.2,1.0,1.06,0.0,0.0
MERGED_6945edd9a001dc,Mainland China,1946-1987_taiwan_side_formation,newspaper_archive,primary,1.2,1.0,1.06,0.0,0.0
MERGED_42b7a23c0e57d2,Mainland China,1946-1987_taiwan_side_formation,newspaper_archive,primary,1.2,1.0,1.06,0.0,0.0
MERGED_a68bca3af42e4d,Mainland China,1946-1987_taiwan_side_formation,newspaper_archive,primary,1.2,1.0,1.06,0.0,0.0
MERGED_a7ca233cb3379a,Mainland China,1946-1987_taiwan_side_formation,newspaper_archive,primary,1.2,1.0,1.06,0.0,0.0
MERGED_70bb1b21ba6d97,Mainland China,1946-1987_taiwan_side_formation,newspaper_archive,primary,1.2,1.0,1.06,0.0,0.0
MERGED_0adb40361a1116,Mainland China,1946-1987_taiwan_side_formation,newspaper_archive,primary,1.2,1.0,1.06,0.0,0.0
MERGED_46e5dc406fc115,Mainland China,1946-1987_taiwan_side_formation,newspaper_archive,primary,1.2,1.0,1.06,0.0,0.0
MERGED_8a8ccbd2658bbc,Mainland China,1946-1987_taiwan_side_formation,newspaper_archive,primary,1.2,1.0,1.06,0.0,0.0
MERGED_e84acc8e682524,Yangtze River Delta,2014-2020_pre_wanghong_platformization,image_metadata,secondary,0.7,1.0,0.91,0.0,0.0
MERGED_f26b5724ee2df1,Taiwan-side,1940-1987_taiwan_side_formation,cultural_city_file,secondary,0.7,1.0,0.91,1.0,0.91
MERGED_2c5885520c4102,Japan,1946-1987_taiwan_side_formation,food_history_feature,secondary,0.7,1.0,0.91,1.0,0.91
MERGED_48c82dcd6a3592,Japan,1946-1987_taiwan_side_formation,food_history_feature,secondary,0.7,1.0,0.91,1.0,0.91
MERGED_dd9b15bffa0d79,Japan,1946-1987_taiwan_side_formation,food_history_feature,secondary,0.7,1.0,0.91,1.0,0.91
MERGED_9d734363991dfb,North America,1946-1987_taiwan_side_formation,book_secondary,secondary,0.7,1.0,0.91,0.0,0.0
MERGED_9f88ea884ca348,North America,1946-1987_taiwan_side_formation,book_secondary,secondary,0.7,1.0,0.91,0.0,0.0
MERGED_b52b6195abd754,North America,1946-1987_taiwan_side_formation,encyclopedic_secondary,secondary,0.7,1.0,0.91,0.0,0.0
MERGED_5799194db4edaf,North America,1946-1987_taiwan_side_formation,encyclopedic_secondary,secondary,0.7,1.0,0.91,1.0,0.91
MERGED_0836ea2c7db890,Taiwan-side,1946-1987_taiwan_side_formation,food_blog_retrospective,tertiary,0.2,0.7586,0.591,1.0,0.591
MERGED_f4dd87983adfda,Singapore,1946-1987_taiwan_side_formation,newspaper_archive,primary,1.2,1.0,1.06,1.0,1.06
MERGED_5d55179ab33b70,Singapore,1946-1987_taiwan_side_formation,newspaper_archive,primary,1.2,1.0,1.06,1.0,1.06
MERGED_4496349ba19841,Singapore,1946-1987_taiwan_side_formation,newspaper_archive,primary,1.2,1.0,1.06,1.0,1.06
MERGED_4ec6de31c56919,Singapore,1946-1987_taiwan_side_formation,newspaper_archive,primary,1.2,1.0,1.06,1.0,1.06
MERGED_2c316aacbc8e41,Singapore,1946-1987_taiwan_side_formation,newspaper_archive,primary,1.2,1.0,1.06,1.0,1.06
MERGED_87b3e5a8ac77d7,unknown,1946-1987_taiwan_side_formation,newspaper_archive,primary,1.2,0.9375,1.0162,0.0,0.0
MERGED_0eaaaae1370547,unknown,1946-1987_taiwan_side_formation,newspaper_archive,primary,1.2,1.0,1.06,0.0,0.0
MERGED_75337829cdd9d7,Singapore,1946-1987_taiwan_side_formation,newspaper_archive,primary,1.2,1.0,1.06,1.0,1.06
MERGED_416ee04a63646e,unknown,1946-1987_taiwan_side_formation,newspaper_archive,primary,1.2,0.8176,0.9323,0.0,0.0
MERGED_d0a14e216e44a9,Singapore,1946-1987_taiwan_side_formation,newspaper_archive,primary,1.2,1.0,1.06,1.0,1.06
MERGED_cc54d10aff6bf3,unknown,1946-1987_taiwan_side_formation,newspaper_archive,primary,1.2,0.8922,0.9845,0.0,0.0
MERGED_c1958728deffc3,Singapore,1987-2015_cross_strait_diffusion,newspaper_archive,primary,1.2,1.0,1.06,1.0,1.06
MERGED_f779aef1a6a0d4,Singapore,1987-2015_cross_strait_diffusion,newspaper_archive,primary,1.2,1.0,1.06,1.0,1.06
MERGED_e89748e57b352c,Singapore,1946-1987_taiwan_side_formation,newspaper_archive,primary,1.2,1.0,1.06,1.0,1.06
MERGED_a6d0ebdd5fda15,Singapore,1946-1987_taiwan_side_formation,newspaper_archive,primary,1.2,0.8223,0.9356,1.0,0.9356
MERGED_e9aeaae4299eb0,Singapore,1946-1987_taiwan_side_formation,newspaper_archive,primary,1.2,0.6742,0.8319,1.0,0.8319
MERGED_96b1279bf20513,Singapore,1946-1987_taiwan_side_formation,newspaper_archive,primary,1.2,1.0,1.06,1.0,1.06
MERGED_672c2291c0d770,unknown,1946-1987_taiwan_side_formation,newspaper_archive,primary,1.2,0.7266,0.8686,0.0,0.0
MERGED_f462e3b4619a77,unknown,1946-1987_taiwan_side_formation,newspaper_archive,primary,1.2,0.7495,0.8847,0.0,0.0
MERGED_6d6d4b3608caa3,Singapore,1946-1987_taiwan_side_formation,newspaper_archive,primary,1.2,1.0,1.06,0.0,0.0
MERGED_28267deb61c2cc,unknown,1946-1987_taiwan_side_formation,newspaper_archive,primary,1.2,0.7179,0.8625,0.0,0.0
MERGED_42571e3b674c74,unknown,1946-1987_taiwan_side_formation,newspaper_archive,primary,1.2,1.0,1.06,0.0,0.0
MERGED_75f94dccec9988,Singapore,1946-1987_taiwan_side_formation,newspaper_archive,primary,1.2,1.0,1.06,1.0,1.06
MERGED_a385705c9f2112,unknown,1946-1987_taiwan_side_formation,newspaper_archive,primary,1.2,0.684,0.8388,0.0,0.0
MERGED_f257d801927104,Singapore,1946-1987_taiwan_side_formation,newspaper_archive,primary,1.2,0.851,0.9557,1.0,0.9557
MERGED_e35f6e09723f64,Singapore,1946-1987_taiwan_side_formation,newspaper_archive,primary,1.2,1.0,1.06,1.0,1.06
MERGED_2e1eea28f96f90,Singapore,1946-1987_taiwan_side_formation,newspaper_archive,primary,1.2,0.4286,0.66,1.0,0.66
MERGED_df13b479c62627,Singapore,1946-1987_taiwan_side_formation,newspaper_archive,primary,1.2,1.0,1.06,1.0,1.06
MERGED_83812c9500c473,Singapore,1946-1987_taiwan_side_formation,newspaper_archive,primary,1.2,0.4286,0.66,1.0,0.66
MERGED_246ee81ec3d16e,Singapore,1946-1987_taiwan_side_formation,newspaper_archive,primary,1.2,1.0,1.06,1.0,1.06
MERGED_3c821aa129d4d5,Singapore,1946-1987_taiwan_side_formation,newspaper_archive,primary,1.2,1.0,1.06,1.0,1.06
MERGED_a243c6ac1899a1,Singapore,1946-1987_taiwan_side_formation,newspaper_archive,primary,1.2,1.0,1.06,1.0,1.06
MERGED_7cd21411d891ea,unknown,1946-1987_taiwan_side_formation,newspaper_archive,primary,1.2,0.9172,1.002,0.0,0.0
MERGED_2e16bef401a267,Singapore,1946-1987_taiwan_side_formation,newspaper_archive,primary,1.2,1.0,1.06,1.0,1.06
MERGED_1df3dbb59ba7eb,Singapore,1946-1987_taiwan_side_formation,newspaper_archive,primary,1.2,0.8021,0.9215,1.0,0.9215
MERGED_a4ec21f2122f7f,Singapore,1946-1987_taiwan_side_formation,newspaper_archive,primary,1.2,1.0,1.06,1.0,1.06
MERGED_c905cd33eb0060,Singapore,1946-1987_taiwan_side_formation,newspaper_archive,primary,1.2,1.0,1.06,1.0,1.06
MERGED_350eb6c38b80c9,Singapore,1946-1987_taiwan_side_formation,newspaper_archive,primary,1.2,0.7732,0.9012,1.0,0.9012
MERGED_6e02795c773bd9,Singapore,1946-1987_taiwan_side_formation,newspaper_archive,primary,1.2,0.7197,0.8638,1.0,0.8638
MERGED_e6a18615c666e6,Singapore,1946-1987_taiwan_side_formation,newspaper_archive,primary,1.2,1.0,1.06,1.0,1.06
MERGED_9bf7c9d08a1eab,unknown,1946-1987_taiwan_side_formation,newspaper_archive,primary,1.2,0.7634,0.8944,0.0,0.0
MERGED_9fba3e979bfa75,Singapore,1946-1987_taiwan_side_formation,newspaper_archive,primary,1.2,1.0,1.06,1.0,1.06
MERGED_85e2e4330125d3,Singapore,1946-1987_taiwan_side_formation,newspaper_archive,primary,1.2,1.0,1.06,1.0,1.06
MERGED_2813fcd12b8ac4,Singapore,1946-1987_taiwan_side_formation,newspaper_archive,primary,1.2,0.4765,0.6935,1.0,0.6935
MERGED_18117b8ab004db,Singapore,1946-1987_taiwan_side_formation,newspaper_archive,primary,1.2,0.3872,0.631,1.0,0.631
MERGED_ad624773f6041b,Singapore,1946-1987_taiwan_side_formation,newspaper_archive,primary,1.2,1.0,1.06,1.0,1.06
MERGED_3d4741cfb2d1d7,Singapore,1946-1987_taiwan_side_formation,newspaper_archive,primary,1.2,1.0,1.06,1.0,1.06
MERGED_478a61544c1cf8,Singapore,1946-1987_taiwan_side_formation,newspaper_archive,primary,1.2,0.4595,0.6816,1.0,0.6816
MERGED_51007da1e1a09b,Singapore,1946-1987_taiwan_side_formation,newspaper_archive,primary,1.2,0.8884,0.9819,1.0,0.9819
MERGED_268f2aa1c18107,Singapore,1946-1987_taiwan_side_formation,newspaper_archive,primary,1.2,0.5925,0.7748,1.0,0.7748
MERGED_7a17e8733bb1b1,unknown,1946-1987_taiwan_side_formation,newspaper_archive,primary,1.2,0.9375,1.0162,0.0,0.0
MERGED_bb5011227588c3,Singapore,1946-1987_taiwan_side_formation,newspaper_archive,primary,1.2,1.0,1.06,1.0,1.06
MERGED_51cd1dbf882126,Singapore,1946-1987_taiwan_side_formation,newspaper_archive,primary,1.2,1.0,1.06,1.0,1.06
MERGED_5a433ad673806b,Singapore,1946-1987_taiwan_side_formation,newspaper_archive,primary,1.2,0.3333,0.5933,1.0,0.5933
MERGED_2feaf39375e8fe,Singapore,1946-1987_taiwan_side_formation,newspaper_archive,primary,1.2,1.0,1.06,1.0,1.06
MERGED_4c7ff311d58bba,Singapore,1946-1987_taiwan_side_formation,newspaper_archive,primary,1.2,0.3333,0.5933,1.0,0.5933
MERGED_bf9870bdf0e912,Singapore,1946-1987_taiwan_side_formation,newspaper_archive,primary,1.2,1.0,1.06,1.0,1.06
MERGED_aee6b563a40082,Singapore,1946-1987_taiwan_side_formation,newspaper_archive,primary,1.2,0.3043,0.573,1.0,0.573
MERGED_6de11635553a7c,Singapore,1946-1987_taiwan_side_formation,newspaper_archive,primary,1.2,0.3043,0.573,1.0,0.573
MERGED_e9dfb9c20b8da6,Singapore,1987-2015_cross_strait_diffusion,newspaper_archive,primary,1.2,1.0,1.06,1.0,1.06
MERGED_9e8f167631ec96,Singapore,1946-1987_taiwan_side_formation,newspaper_archive_retrospective,tertiary,0.2,0.7273,0.5691,1.0,0.5691
MERGED_95c34417234d4f,Singapore,1946-1987_taiwan_side_formation,newspaper_archive_retrospective,tertiary,0.2,1.0,0.76,1.0,0.76
MERGED_60fe36c5250c55,Singapore,1987-2015_cross_strait_diffusion,newspaper_archive,primary,1.2,1.0,1.06,1.0,1.06
MERGED_b26064f3c089c1,Taiwan-side,1946-1987_taiwan_side_formation,local_food_media,secondary,0.7,1.0,0.91,1.0,0.91
MERGED_5c4bf973a16874,Japan,1946-1987_taiwan_side_formation,food_media_secondary,secondary,0.7,1.0,0.91,1.0,0.91
MERGED_c3dd3ec9d15578,Taiwan-side,1946-1987_taiwan_side_formation,municipal_accessibility_listing,secondary,0.7,0.9938,0.9057,1.0,0.9057
MERGED_62dc3536b40c27,North America,1946-1987_taiwan_side_formation,official_company_profile,secondary,0.7,0.7317,0.7222,1.0,0.7222
MERGED_999595f3362e38,Taiwan-side,1946-1987_taiwan_side_formation,restaurant_history_secondary,tertiary,0.2,0.7308,0.5716,1.0,0.5716
MERGED_0ff83978df7f11,Taiwan-side,1946-1987_taiwan_side_formation,restaurant_history_secondary,tertiary,0.2,0.7308,0.5716,1.0,0.5716
MERGED_1ec7109f1349f5,unknown,1946-1987_taiwan_side_formation,academic_secondary,secondary,0.7,1.0,0.91,0.0,0.0
MERGED_ff5d8e45fbb695,North America,1946-1987_taiwan_side_formation,academic_publication_record,secondary,0.7,1.0,0.91,0.0,0.0
MERGED_397840e97840a9,Taiwan-side,1946-1987_taiwan_side_formation,food_media_retrospective,tertiary,0.2,1.0,0.76,1.0,0.76
MERGED_406f632466dfa0,Taiwan-side,1946-1987_taiwan_side_formation,food_media_retrospective,tertiary,0.2,0.7879,0.6115,1.0,0.6115
MERGED_8904461af559ba,Taiwan-side,1946-1987_taiwan_side_formation,food_media_retrospective,tertiary,0.2,1.0,0.76,1.0,0.76
MERGED_b72bda6a96ad0f,Taiwan-side,1946-1987_taiwan_side_formation,food_blog_retrospective,tertiary,0.2,0.7586,0.591,1.0,0.591
MERGED_78bdae66139d62,Taiwan-side,1946-1987_taiwan_side_formation,food_media_retrospective,tertiary,0.2,1.0,0.76,1.0,0.76
MERGED_44dfedd421b9a7,Taiwan-side,1946-1987_taiwan_side_formation,travel_food_retrospective,tertiary,0.2,1.0,0.76,1.0,0.76
MERGED_fe7c7b80276bbd,Yangtze River Delta,2014-2020_pre_wanghong_platformization,food_media,secondary,0.7,1.0,0.91,0.0,0.0
MERGED_d15927b7c7ef41,Taiwan-side,1946-1987_taiwan_side_formation,food_blog_retrospective,tertiary,0.2,1.0,0.76,1.0,0.76
MERGED_61074f7c6dd056,Taiwan-side,1946-1987_taiwan_side_formation,municipal_tourism,tertiary,0.2,0.7938,0.6157,1.0,0.6157
MERGED_fb8aa73d0f0b21,Taiwan-side,1940-1987_taiwan_side_formation,municipal_tourism,tertiary,0.2,1.0,0.76,1.0,0.76
MERGED_2164a8fb1de461,Taiwan-side,1946-1987_taiwan_side_formation,municipal_tourism,tertiary,0.2,1.0,0.76,1.0,0.76
MERGED_b5134d242ce520,Taiwan-side,1946-1987_taiwan_side_formation,municipal_tourism,tertiary,0.2,0.815,0.6305,1.0,0.6305
MERGED_0e09ca8d51fbab,Taiwan-side,1946-1987_taiwan_side_formation,municipal_tourism,tertiary,0.2,1.0,0.76,1.0,0.76
MERGED_d6e586792540d5,Taiwan-side,1946-1987_taiwan_side_formation,municipal_tourism,tertiary,0.2,1.0,0.76,1.0,0.76
MERGED_712a883bc3f74b,Taiwan-side,1946-1987_taiwan_side_formation,municipal_tourism,tertiary,0.2,1.0,0.76,1.0,0.76
MERGED_dfc2ceb418e36f,Taiwan-side,1946-1987_taiwan_side_formation,municipal_tourism,tertiary,0.2,1.0,0.76,1.0,0.76
MERGED_76b19a0292041d,Taiwan-side,1946-1987_taiwan_side_formation,municipal_tourism,tertiary,0.2,1.0,0.76,1.0,0.76
MERGED_74b1eb0f451587,Taiwan-side,1946-1987_taiwan_side_formation,municipal_tourism,tertiary,0.2,0.8621,0.6635,1.0,0.6635
MERGED_72e10f83e0f210,Taiwan-side,1946-1987_taiwan_side_formation,official_tourism_pdf,tertiary,0.2,1.0,0.76,1.0,0.76
MERGED_11424596493419,Taiwan-side,1946-1987_taiwan_side_formation,municipal_tourism,tertiary,0.2,1.0,0.76,1.0,0.76
MERGED_2a8ebfed9f6c33,Taiwan-side,1946-1987_taiwan_side_formation,official_tourism_profile,tertiary,0.2,1.0,0.76,1.0,0.76
MERGED_1a445676570659,Taiwan-side,1946-1987_taiwan_side_formation,official_tourism_profile,tertiary,0.2,0.76,0.592,1.0,0.592
MERGED_fb52788644dadb,Taiwan-side,1946-1987_taiwan_side_formation,municipal_tourism,tertiary,0.2,0.7435,0.5804,1.0,0.5804
MERGED_bd328fdf3d5194,Taiwan-side,1946-1987_taiwan_side_formation,official_tourism_profile,tertiary,0.2,1.0,0.76,1.0,0.76
MERGED_fdc2608c1882bd,Japan,1946-1987_taiwan_side_formation,food_media_retrospective,tertiary,0.2,0.75,0.585,1.0,0.585
MERGED_918e93c2334528,Taiwan-side,1946-1987_taiwan_side_formation,food_media_retrospective,tertiary,0.2,1.0,0.76,1.0,0.76
MERGED_490e6dce203064,Taiwan-side,1946-1987_taiwan_side_formation,food_blog_retrospective,tertiary,0.2,1.0,0.76,1.0,0.76
MERGED_3cfbef67b6402e,Taiwan-side,1946-1987_taiwan_side_formation,food_media_retrospective,tertiary,0.2,0.7664,0.5965,1.0,0.5965
MERGED_eed8997ac7567a,national,2014-2020_pre_wanghong_platformization,franchise_portal,secondary,0.7,1.0,0.91,1.0,0.91
MERGED_8ff1c968f99991,North China,1987-2015_cross_strait_diffusion,industry_association_report,secondary,0.7,1.0,0.91,1.0,0.91
MERGED_556ed0475c3dc5,national,2014-2020_pre_wanghong_platformization,media_report,secondary,0.7,1.0,0.91,1.0,0.91
MERGED_f940c0a9ce967f,national,2021-2025_internet_wanghong_capital,media_report,secondary,0.7,1.0,0.91,1.0,0.91
MERGED_1c78acd3f6a48c,national,2014-2020_pre_wanghong_platformization,franchise_portal,secondary,0.7,1.0,0.91,1.0,0.91
MERGED_ae7fd91c7d5679,North America,1946-1987_taiwan_side_formation,travel_history_article,secondary,0.7,1.0,0.91,1.0,0.91
MERGED_73574f11e7fcd3,Taiwan-side,1946-1987_taiwan_side_formation,food_media_retrospective,tertiary,0.2,0.7941,0.6159,1.0,0.6159
MERGED_dc130c8f9cc465,Taiwan-side,1946-1987_taiwan_side_formation,food_media_retrospective,tertiary,0.2,0.7941,0.6159,1.0,0.6159
MERGED_79089476f9ae60,Japan,1946-1987_taiwan_side_formation,official_tourism_listing,tertiary,0.2,0.8889,0.6822,1.0,0.6822
MERGED_6f6774f3df942c,Taiwan-side,1946-1987_taiwan_side_formation,local_news_food_business,secondary,0.7,1.0,0.91,1.0,0.91
MERGED_33b04c3a044b00,Yangtze River Delta,2002-2013_taiwan_capital_gateway,media_report,secondary,0.7,0.9412,0.8688,0.0,0.0
MERGED_3c7f8efc5fcd31,Yangtze River Delta,1987-2015_cross_strait_diffusion,news_report,secondary,0.7,1.0,0.91,1.0,0.91
MERGED_3d7f84f937b996,Yangtze River Delta,1987-2015_cross_strait_diffusion,news_report,secondary,0.7,1.0,0.91,1.0,0.91
MERGED_4308999a2f6274,Japan,1946-1987_taiwan_side_formation,media_obituary,secondary,0.7,1.0,0.91,1.0,0.91
MERGED_c2e552795a6bc9,Taiwan-side,1946-1987_taiwan_side_formation,food_blog_retrospective,tertiary,0.2,1.0,0.76,1.0,0.76
MERGED_c626494c4f13bb,Yangtze River Delta,2014-2020_pre_wanghong_platformization,newspaper_archive,primary,1.2,1.0,1.06,1.0,1.06
MERGED_3836e4e7960b33,Yangtze River Delta,2014-2020_pre_wanghong_platformization,media_report,secondary,0.7,1.0,0.91,1.0,0.91
MERGED_502be4ae481b12,Yangtze River Delta,1988-2001_cross_strait_mobility,media_report,secondary,0.7,1.0,0.91,1.0,0.91
MERGED_582707a8eaaf1d,Yangtze River Delta,1988-2001_cross_strait_mobility,media_report,secondary,0.7,1.0,0.91,1.0,0.91
MERGED_7c8df2ef09007f,Taiwan-side,1946-1987_taiwan_side_formation,municipal_media,secondary,0.7,1.0,0.91,1.0,0.91
MERGED_0d75c28cd73d5e,Taiwan-side,1946-1987_taiwan_side_formation,food_blog_retrospective,tertiary,0.2,0.7059,0.5541,1.0,0.5541
MERGED_166cf90710877f,North China,1988-2001_cross_strait_mobility,industry_report,secondary,0.7,1.0,0.91,1.0,0.91
MERGED_0fe1ca4bce3f63,North China,1988-2001_cross_strait_mobility,industry_report,secondary,0.7,1.0,0.91,1.0,0.91
MERGED_70054f771f46a8,North China,2002-2013_taiwan_capital_gateway,industry_report,secondary,0.7,1.0,0.91,1.0,0.91
MERGED_c24214ae499074,North China,2002-2013_taiwan_capital_gateway,industry_report,secondary,0.7,1.0,0.91,1.0,0.91
MERGED_6816478db1d904,Yangtze River Delta,2002-2013_taiwan_capital_gateway,industry_report,secondary,0.7,1.0,0.91,1.0,0.91
MERGED_7e0ab19bbe08a8,North China,2002-2013_taiwan_capital_gateway,industry_report,secondary,0.7,1.0,0.91,1.0,0.91
MERGED_141c5575e721f2,North China,2002-2013_taiwan_capital_gateway,industry_report,secondary,0.7,1.0,0.91,1.0,0.91
MERGED_5ce2c288ee5c4a,North China,2014-2020_pre_wanghong_platformization,industry_report,secondary,0.7,1.0,0.91,1.0,0.91
MERGED_04de0f72e61341,North China,2014-2020_pre_wanghong_platformization,industry_report,secondary,0.7,1.0,0.91,1.0,0.91
MERGED_f007c80478855d,Yangtze River Delta,1987-2015_cross_strait_diffusion,company_intelligence,secondary,0.7,1.0,0.91,1.0,0.91
MERGED_703312f21a2643,Yangtze River Delta,1987-2015_cross_strait_diffusion,company_intelligence,secondary,0.7,1.0,0.91,1.0,0.91
MERGED_c3f15ec9cf6855,Yangtze River Delta,1987-2015_cross_strait_diffusion,company_intelligence,secondary,0.7,1.0,0.91,1.0,0.91
MERGED_26fa513e6ff247,Taiwan-side,1946-1987_taiwan_side_formation,food_blog_retrospective,tertiary,0.2,0.7027,0.5519,1.0,0.5519
MERGED_3ae656776d70d7,Taiwan-side,2002-2013_taiwan_capital_gateway,academic_article,secondary,0.7,1.0,0.91,0.0,0.0
MERGED_608b505b6c2073,Taiwan-side,1946-1987_taiwan_side_formation,food_history_article,secondary,0.7,1.0,0.91,1.0,0.91
MERGED_7f45a8c3dd6d07,Taiwan-side,2014-2020_pre_wanghong_platformization,food_media,secondary,0.7,0.8822,0.8275,0.0,0.0
MERGED_44867d32bcc21e,Japan,1946-1987_taiwan_side_formation,food_history_feature,secondary,0.7,0.75,0.735,1.0,0.735
MERGED_9653a4f69b96b7,Taiwan-side,1946-1987_taiwan_side_formation,food_blog_retrospective,tertiary,0.2,1.0,0.76,1.0,0.76
MERGED_688c31bc539be3,Japan,1946-1987_taiwan_side_formation,official_merchant_directory,secondary,0.7,0.9436,0.8705,0.0,0.0
MERGED_fd703d082127cf,Taiwan-side,1950-1978_taiwan_side_popular_food,official_brand_timeline,secondary,0.7,0.9421,0.8695,0.0,0.0
MERGED_239bef66cf7ba8,Taiwan-side,1950-1978_taiwan_side_popular_food,official_brand_timeline,secondary,0.7,0.9315,0.862,0.0,0.0
MERGED_6a27ba2abbe6e2,Taiwan-side,1979-1987_brand_formalization_and_reopening,official_brand_timeline,secondary,0.7,0.8832,0.8282,0.0,0.0
MERGED_b6c70e145f3139,Taiwan-side,1979-1987_brand_formalization_and_reopening,official_brand_timeline,secondary,0.7,0.8577,0.8104,0.0,0.0
MERGED_fa87b85b5c1d05,Taiwan-side,1988-2001_cross_strait_mobility,official_brand_timeline,secondary,0.7,0.8575,0.8102,0.0,0.0
MERGED_ce00c466b467f9,Taiwan-side,1988-2001_cross_strait_mobility,official_brand_timeline,secondary,0.7,1.0,0.91,1.0,0.91
MERGED_185697f43b0218,Taiwan-side,1988-2001_cross_strait_mobility,official_brand_timeline,secondary,0.7,0.9135,0.8494,0.0,0.0
MERGED_1feea895ce5282,Taiwan-side,2002-2013_taiwan_capital_gateway,official_brand_timeline,secondary,0.7,1.0,0.91,1.0,0.91
MERGED_5aa8d9984bd8bc,Japan,2002-2013_taiwan_capital_gateway,official_brand_timeline,secondary,0.7,1.0,0.91,1.0,0.91
MERGED_7f18edafa4fa9c,Taiwan-side,2002-2013_taiwan_capital_gateway,official_brand_timeline,secondary,0.7,1.0,0.91,1.0,0.91
MERGED_1bda900c97d839,Taiwan-side,2002-2013_taiwan_capital_gateway,official_brand_timeline,secondary,0.7,1.0,0.91,1.0,0.91
MERGED_7128a09bc05615,Taiwan-side,2002-2013_taiwan_capital_gateway,official_brand_timeline,secondary,0.7,0.9179,0.8525,0.0,0.0
MERGED_2f9508f56cb6a3,Taiwan-side,2002-2013_taiwan_capital_gateway,official_brand_timeline,secondary,0.7,1.0,0.91,1.0,0.91
MERGED_9f11e5c640ca50,Taiwan-side,2002-2013_taiwan_capital_gateway,official_brand_timeline,secondary,0.7,1.0,0.91,1.0,0.91
MERGED_ef1407b4d735a7,Taiwan-side,2002-2013_taiwan_capital_gateway,official_brand_timeline,secondary,0.7,1.0,0.91,1.0,0.91
MERGED_4a96d00b4e7721,Taiwan-side,2002-2013_taiwan_capital_gateway,official_brand_timeline,secondary,0.7,1.0,0.91,1.0,0.91
MERGED_8d6c68331b77c6,North China,2002-2013_taiwan_capital_gateway,official_brand_timeline,secondary,0.7,0.9068,0.8448,0.0,0.0
MERGED_dd67ce0124db4b,Taiwan-side,2002-2013_taiwan_capital_gateway,official_brand_timeline,secondary,0.7,1.0,0.91,1.0,0.91
MERGED_e16407866d6808,Taiwan-side,2002-2013_taiwan_capital_gateway,official_brand_timeline,secondary,0.7,1.0,0.91,1.0,0.91
MERGED_844ff97dcb6708,Taiwan-side,2002-2013_taiwan_capital_gateway,official_brand_timeline,secondary,0.7,1.0,0.91,1.0,0.91
MERGED_dd5717a292baaa,Japan,2002-2013_taiwan_capital_gateway,official_brand_timeline,secondary,0.7,1.0,0.91,1.0,0.91
MERGED_abd37b1d8af90f,Taiwan-side,2002-2013_taiwan_capital_gateway,official_brand_timeline,secondary,0.7,1.0,0.91,1.0,0.91
MERGED_221de5c1aeef96,Taiwan-side,2002-2013_taiwan_capital_gateway,official_brand_timeline,secondary,0.7,1.0,0.91,1.0,0.91
MERGED_bdd60cc0f2d5d0,Taiwan-side,2002-2013_taiwan_capital_gateway,official_brand_timeline,secondary,0.7,1.0,0.91,1.0,0.91
MERGED_11231570fdbe87,Taiwan-side,2002-2013_taiwan_capital_gateway,official_brand_timeline,secondary,0.7,1.0,0.91,1.0,0.91
MERGED_8174599d6ea25c,Taiwan-side,2002-2013_taiwan_capital_gateway,official_brand_timeline,secondary,0.7,1.0,0.91,1.0,0.91
MERGED_6fd04876f49d2c,Taiwan-side,2002-2013_taiwan_capital_gateway,official_brand_timeline,secondary,0.7,1.0,0.91,1.0,0.91
MERGED_e2693160e5b170,Taiwan-side,2002-2013_taiwan_capital_gateway,official_brand_timeline,secondary,0.7,1.0,0.91,1.0,0.91
MERGED_e020b451ad4904,Taiwan-side,2002-2013_taiwan_capital_gateway,official_brand_timeline,secondary,0.7,1.0,0.91,1.0,0.91
MERGED_5a218272d764a9,Taiwan-side,2002-2013_taiwan_capital_gateway,official_brand_timeline,secondary,0.7,1.0,0.91,1.0,0.91
MERGED_8154a2a2ff0d13,Taiwan-side,2002-2013_taiwan_capital_gateway,official_brand_timeline,secondary,0.7,1.0,0.91,1.0,0.91
MERGED_ab3c190d2d5ff7,Taiwan-side,2014-2020_pre_wanghong_platformization,official_brand_timeline,secondary,0.7,1.0,0.91,1.0,0.91
MERGED_df5edf87c94f59,Taiwan-side,2014-2020_pre_wanghong_platformization,official_brand_timeline,secondary,0.7,1.0,0.91,1.0,0.91
MERGED_471b1886b74796,Taiwan-side,2014-2020_pre_wanghong_platformization,official_brand_timeline,secondary,0.7,1.0,0.91,1.0,0.91
MERGED_c268a64ba51cf1,Taiwan-side,2014-2020_pre_wanghong_platformization,official_brand_timeline,secondary,0.7,1.0,0.91,1.0,0.91
MERGED_072576a936554f,Taiwan-side,2014-2020_pre_wanghong_platformization,official_brand_timeline,secondary,0.7,1.0,0.91,1.0,0.91
MERGED_309d507dc5c51b,Taiwan-side,2014-2020_pre_wanghong_platformization,official_brand_timeline,secondary,0.7,1.0,0.91,1.0,0.91
MERGED_124526aea83624,Taiwan-side,2014-2020_pre_wanghong_platformization,official_brand_timeline,secondary,0.7,0.8657,0.816,0.0,0.0
MERGED_bedcd3115e5e73,Taiwan-side,2014-2020_pre_wanghong_platformization,official_brand_timeline,secondary,0.7,0.8657,0.816,0.0,0.0
MERGED_f9649c0db38e16,Taiwan-side,2014-2020_pre_wanghong_platformization,official_brand_timeline,secondary,0.7,1.0,0.91,1.0,0.91
MERGED_d3457302dec8ca,Taiwan-side,2021-2025_internet_wanghong_capital,official_brand_timeline,secondary,0.7,1.0,0.91,1.0,0.91
MERGED_73f9302fadaa97,Taiwan-side,1946-1987_taiwan_side_formation,travel_feature,secondary,0.7,1.0,0.91,1.0,0.91
MERGED_33712c553ce1b6,Taiwan-side,1946-1987_taiwan_side_formation,local_storymap,secondary,0.7,1.0,0.91,1.0,0.91
MERGED_8ddb1f3aa9e486,Taiwan-side,1946-1987_taiwan_side_formation,food_media_listing,secondary,0.7,1.0,0.91,1.0,0.91
MERGED_b3a6151e0e461c,Taiwan-side,1946-1987_taiwan_side_formation,food_tv_listing,secondary,0.7,1.0,0.91,1.0,0.91
MERGED_e98c6c92494e43,Taiwan-side,1946-1987_taiwan_side_formation,food_media_listing,secondary,0.7,0.3077,0.4254,1.0,0.4254
MERGED_89286b8e794f32,Taiwan-side,1946-1987_taiwan_side_formation,food_media_listing,secondary,0.7,0.7297,0.7208,1.0,0.7208
MERGED_f05656d70bb673,Japan,1946-1987_taiwan_side_formation,food_media_retrospective,tertiary,0.2,0.8971,0.688,1.0,0.688
MERGED_a19598d202ec41,Japan,1946-1987_taiwan_side_formation,official_restaurant_profile,secondary,0.7,1.0,0.91,1.0,0.91
MERGED_5d80cbc18bbf93,Taiwan-side,1946-1987_taiwan_side_formation,food_media_listing,secondary,0.7,1.0,0.91,1.0,0.91
MERGED_15a142c712924c,North America,1946-1987_taiwan_side_formation,food_culture_article,secondary,0.7,1.0,0.91,1.0,0.91
MERGED_16d6d1191fb6b1,North America,1946-1987_taiwan_side_formation,food_culture_article,secondary,0.7,1.0,0.91,1.0,0.91
MERGED_4efa5d735d3173,North America,1946-1987_taiwan_side_formation,food_culture_article,secondary,0.7,1.0,0.91,1.0,0.91
MERGED_814ffaa53c088d,North America,1946-1987_taiwan_side_formation,food_history_magazine,secondary,0.7,1.0,0.91,1.0,0.91
MERGED_11b7837e6422d7,Taiwan-side,1979-1987_brand_formalization_and_reopening,newspaper_retrospective,tertiary,0.2,1.0,0.76,0.0,0.0
MERGED_fa05e18af8bd1d,Taiwan-side,1946-1987_taiwan_side_formation,food_travel_blog,tertiary,0.2,0.7059,0.5541,1.0,0.5541
MERGED_5ffd9f50c5d435,Taiwan-side,1946-1987_taiwan_side_formation,official_tourism_profile,tertiary,0.2,1.0,0.76,1.0,0.76
MERGED_9ba5d183892e15,Taiwan-side,1950-1978_taiwan_side_popular_food,newspaper_retrospective,tertiary,0.2,1.0,0.76,0.0,0.0
MERGED_c224ab5750b395,unknown,1946-1987_taiwan_side_formation,restaurant_listing_retrospective,tertiary,0.2,1.0,0.76,0.0,0.0
MERGED_9b2a0606935bec,Taiwan-side,1946-1987_taiwan_side_formation,food_media_retrospective,tertiary,0.2,1.0,0.76,1.0,0.76
MERGED_f3e8ad33ccc29b,Japan,1946-1987_taiwan_side_formation,food_media_list,secondary,0.7,1.0,0.91,1.0,0.91
MERGED_c3d64146dc2c81,Taiwan-side,1946-1987_taiwan_side_formation,food_media_retrospective,tertiary,0.2,1.0,0.76,1.0,0.76
MERGED_00c4a35b800299,Taiwan-side,1946-1987_taiwan_side_formation,food_blog_retrospective,tertiary,0.2,0.7879,0.6115,1.0,0.6115
MERGED_f582fef85881b2,Taiwan-side,2002-2013_taiwan_capital_gateway,official_company_report,secondary,0.7,1.0,0.91,1.0,0.91
MERGED_089d1834755902,Yangtze River Delta,2002-2013_taiwan_capital_gateway,annual_report,secondary,0.7,1.0,0.91,1.0,0.91
MERGED_df865bc2f20bdb,North America,2002-2013_taiwan_capital_gateway,official_company_report,secondary,0.7,1.0,0.91,1.0,0.91
MERGED_65988c80dd8d60,Taiwan-side,2002-2013_taiwan_capital_gateway,academic_article,secondary,0.7,1.0,0.91,0.0,0.0
MERGED_7db247cefdfa5a,Japan,1946-1987_taiwan_side_formation,food_history_feature,secondary,0.7,1.0,0.91,1.0,0.91
MERGED_92d93ba2b0d333,North America,1946-1987_taiwan_side_formation,local_news_food_guide,secondary,0.7,1.0,0.91,1.0,0.91
MERGED_93ebc16e857808,North America,1946-1987_taiwan_side_formation,local_news_food_guide,secondary,0.7,1.0,0.91,1.0,0.91
MERGED_6c16dfcb31e6df,Yangtze River Delta,2002-2013_taiwan_capital_gateway,media_report,secondary,0.7,0.9412,0.8688,0.0,0.0
MERGED_669ff69ce6dcd2,North China,1988-2001_cross_strait_mobility,news_report,secondary,0.7,1.0,0.91,0.0,0.0
MERGED_b8728515ad3323,North China,2002-2013_taiwan_capital_gateway,news_report,secondary,0.7,1.0,0.91,0.0,0.0
MERGED_63309667a75f8c,Taiwan-side,1988-2001_cross_strait_mobility,Taiwan_business_directory,secondary,0.7,1.0,0.91,1.0,0.91
MERGED_fdc7f0b82a6e46,Hong Kong,1988-2001_cross_strait_mobility,Taiwan_business_directory,secondary,0.7,1.0,0.91,1.0,0.91
MERGED_34b379a38b557c,Yangtze River Delta,2002-2013_taiwan_capital_gateway,Taiwan_business_directory,secondary,0.7,1.0,0.91,1.0,0.91
MERGED_d7bb2ac659085c,Yangtze River Delta,2002-2013_taiwan_capital_gateway,news_report,secondary,0.7,1.0,0.91,1.0,0.91
MERGED_19198b4a0329b7,Yangtze River Delta,2002-2013_taiwan_capital_gateway,news_report,secondary,0.7,1.0,0.91,1.0,0.91
MERGED_0b36a7086405da,Yangtze River Delta,2002-2013_taiwan_capital_gateway,news_report,secondary,0.7,1.0,0.91,1.0,0.91
MERGED_b9ac3244d8000a,Yangtze River Delta,1988-2001_cross_strait_mobility,media_report,secondary,0.7,1.0,0.91,0.0,0.0
MERGED_248546cc03665f,Yangtze River Delta,2002-2013_taiwan_capital_gateway,news_report,secondary,0.7,1.0,0.91,0.0,0.0
MERGED_83541c7936c3e8,Yangtze River Delta,2002-2013_taiwan_capital_gateway,newspaper_report,primary,1.2,1.0,1.06,1.0,1.06
MERGED_5643776c5caeb2,Yangtze River Delta,2002-2013_taiwan_capital_gateway,newspaper_report,primary,1.2,1.0,1.06,1.0,1.06
MERGED_3106294cf708b3,Taiwan-side,1946-1987_taiwan_side_formation,newspaper_food_feature,primary,1.2,1.0,1.06,1.0,1.06
MERGED_190f4e25626475,Taiwan-side,1946-1987_taiwan_side_formation,official_brand_history,secondary,0.7,1.0,0.91,1.0,0.91
MERGED_3884c6699e89dd,Taiwan-side,1946-1987_taiwan_side_formation,official_brand_history,secondary,0.7,1.0,0.91,1.0,0.91
MERGED_ce78cc0c11386f,Taiwan-side,1946-1987_taiwan_side_formation,official_brand_history,secondary,0.7,1.0,0.91,1.0,0.91
MERGED_fb4fa0d3a4aace,Taiwan-side,1946-1987_taiwan_side_formation,official_brand_profile,secondary,0.7,1.0,0.91,1.0,0.91
MERGED_8afbad82618fec,Taiwan-side,1946-1987_taiwan_side_formation,official_product_history,secondary,0.7,0.6552,0.6686,1.0,0.6686
MERGED_83fd3f876ebcd4,Taiwan-side,1946-1987_taiwan_side_formation,official_product_history,secondary,0.7,0.6552,0.6686,1.0,0.6686
MERGED_6df9a941ad575a,Japan,1946-1987_taiwan_side_formation,local_government_magazine,secondary,0.7,0.7458,0.7321,1.0,0.7321
MERGED_294bd5cb18b276,Japan,1946-1987_taiwan_side_formation,local_government_magazine,secondary,0.7,0.7667,0.7467,1.0,0.7467
MERGED_a6f461e5bf47f1,Japan,1946-1987_taiwan_side_formation,newspaper_or_municipal_publication,primary,1.2,0.9265,1.0086,1.0,1.0086
MERGED_6f2cf6cccc6823,Yangtze River Delta,2014-2020_pre_wanghong_platformization,news_report,secondary,0.7,1.0,0.91,1.0,0.91
MERGED_1802ee646a7217,Yangtze River Delta,2021-2025_internet_wanghong_capital,news_report,secondary,0.7,1.0,0.91,1.0,0.91
MERGED_427e5fb0f6fd9d,Yangtze River Delta,2021-2025_internet_wanghong_capital,news_report,secondary,0.7,1.0,0.91,1.0,0.91
MERGED_dcc49b9c9385b5,Yangtze River Delta,2021-2025_internet_wanghong_capital,news_report,secondary,0.7,1.0,0.91,1.0,0.91
MERGED_301eec0d8fffeb,Yangtze River Delta,2021-2025_internet_wanghong_capital,news_report,secondary,0.7,1.0,0.91,1.0,0.91
MERGED_38e9e4c0379fad,Yangtze River Delta,2021-2025_internet_wanghong_capital,news_report,secondary,0.7,1.0,0.91,1.0,0.91
MERGED_cb10e13e9fd904,Yangtze River Delta,2021-2025_internet_wanghong_capital,news_report,secondary,0.7,1.0,0.91,1.0,0.91
MERGED_72f4471ea5aa86,Yangtze River Delta,2021-2025_internet_wanghong_capital,news_report,secondary,0.7,1.0,0.91,1.0,0.91
MERGED_a0f22f741d85d3,Yangtze River Delta,2021-2025_internet_wanghong_capital,news_report,secondary,0.7,1.0,0.91,1.0,0.91
MERGED_d769391584c461,national,2014-2020_pre_wanghong_platformization,franchise_portal,secondary,0.7,1.0,0.91,1.0,0.91
MERGED_720be570aeac72,Taiwan-side,1946-1987_taiwan_side_formation,food_blog_retrospective,tertiary,0.2,1.0,0.76,1.0,0.76
MERGED_b1762a11e4c648,Yangtze River Delta,1988-2001_cross_strait_mobility,business_case,secondary,0.7,1.0,0.91,1.0,0.91
MERGED_dad9b4006db6dc,Yangtze River Delta,2002-2013_taiwan_capital_gateway,business_case,secondary,0.7,1.0,0.91,1.0,0.91
MERGED_b64e9b74f2a4eb,Yangtze River Delta,2002-2013_taiwan_capital_gateway,business_case,secondary,0.7,1.0,0.91,1.0,0.91
MERGED_14ecbf232b6d69,Yangtze River Delta,2002-2013_taiwan_capital_gateway,business_case,secondary,0.7,1.0,0.91,1.0,0.91
MERGED_c4270150a71ddb,Yangtze River Delta,2002-2013_taiwan_capital_gateway,business_case,secondary,0.7,1.0,0.91,1.0,0.91
MERGED_165bfa537e0dc5,Yangtze River Delta,2002-2013_taiwan_capital_gateway,business_case,secondary,0.7,1.0,0.91,1.0,0.91
MERGED_6bd65b5a6f7d42,North China,2002-2013_taiwan_capital_gateway,business_case,secondary,0.7,1.0,0.91,1.0,0.91
MERGED_5bcd5822bf4192,Japan,2002-2013_taiwan_capital_gateway,business_case,secondary,0.7,1.0,0.91,1.0,0.91
MERGED_e414d73d438741,Yangtze River Delta,2002-2013_taiwan_capital_gateway,business_case,secondary,0.7,1.0,0.91,1.0,0.91
MERGED_399be1ba747947,Taiwan-side,1946-1987_taiwan_side_formation,platform_food_listing,secondary,0.7,1.0,0.91,1.0,0.91
MERGED_2779fbc08b4c27,Taiwan-side,1946-1987_taiwan_side_formation,platform_food_listing,secondary,0.7,1.0,0.91,1.0,0.91
MERGED_243c2aafe1e660,Taiwan-side,1946-1987_taiwan_side_formation,food_media_retrospective,tertiary,0.2,1.0,0.76,1.0,0.76
MERGED_e65aebe2392b49,Taiwan-side,1950-1978_taiwan_side_popular_food,food_history_article,secondary,0.7,1.0,0.91,0.0,0.0
MERGED_8b089228e44764,Taiwan-side,1946-1987_taiwan_side_formation,business_interview,secondary,0.7,0.76,0.742,1.0,0.742
MERGED_7c5050ae850456,Taiwan-side,1946-1987_taiwan_side_formation,official_brand_homepage,secondary,0.7,1.0,0.91,1.0,0.91
MERGED_33ed182946709c,Yangtze River Delta,2021-2025_internet_wanghong_capital,food_industry_media,secondary,0.7,1.0,0.91,1.0,0.91
MERGED_2478136ec8f392,Yangtze River Delta,2021-2025_internet_wanghong_capital,food_industry_media,secondary,0.7,1.0,0.91,1.0,0.91
MERGED_e8ac03c7436a24,Japan,1946-1987_taiwan_side_formation,local_tv_feature,secondary,0.7,1.0,0.91,1.0,0.91
MERGED_e4943d837e4dab,unknown,1946-1987_taiwan_side_formation,official_company_profile,secondary,0.7,1.0,0.91,0.0,0.0
MERGED_5b6a27db7316fe,North America,1946-1987_taiwan_side_formation,newspaper_review,tertiary,0.2,0.7442,0.5809,1.0,0.5809
MERGED_fb26ff6caf314a,North America,1946-1987_taiwan_side_formation,newspaper_feature,primary,1.2,0.7442,0.8809,1.0,0.8809
MERGED_a71e60be485439,North America,1946-1987_taiwan_side_formation,newspaper_feature,primary,1.2,1.0,1.06,1.0,1.06
MERGED_4f565f465726ce,North America,1946-1987_taiwan_side_formation,newspaper_feature,primary,1.2,1.0,1.06,1.0,1.06
MERGED_57100317346c50,North America,1946-1987_taiwan_side_formation,food_media_retro,secondary,0.7,0.7317,0.7222,1.0,0.7222
MERGED_9bae4b5c5ea3ad,North America,1946-1987_taiwan_side_formation,obituary_food_history,secondary,0.7,1.0,0.91,1.0,0.91
MERGED_919d246f008ef3,North America,1946-1987_taiwan_side_formation,food_guide,secondary,0.7,1.0,0.91,1.0,0.91
MERGED_053e5f77ed6897,North America,1946-1987_taiwan_side_formation,food_guide,secondary,0.7,1.0,0.91,1.0,0.91
MERGED_3fc473f2cd6c03,North America,1946-1987_taiwan_side_formation,food_history_article,secondary,0.7,1.0,0.91,1.0,0.91
MERGED_5b279378b99f39,Taiwan-side,1946-1987_taiwan_side_formation,food_blog_retrospective,tertiary,0.2,0.751,0.5857,1.0,0.5857
MERGED_7e8f0871f2c64e,Taiwan-side,1946-1987_taiwan_side_formation,travel_food_media,secondary,0.7,1.0,0.91,1.0,0.91
MERGED_5c78c24c453ab9,Mainland China,1946-1987_taiwan_side_formation,brand_official_with_secondary,secondary,0.7,1.0,0.91,1.0,0.91
MERGED_6b2a063b2a8a97,Taiwan-side,1946-1987_taiwan_side_formation,food_blog_retrospective,tertiary,0.2,1.0,0.76,1.0,0.76
MERGED_bd177c9dc22ebb,Taiwan-side,1946-1987_taiwan_side_formation,news_report,secondary,0.7,0.8621,0.8135,1.0,0.8135
MERGED_dd58bcced06906,Yangtze River Delta,2021-2025_internet_wanghong_capital,news_report,secondary,0.7,1.0,0.91,1.0,0.91
MERGED_3bd79dfa5c887b,unknown,1946-1987_taiwan_side_formation,food_history_secondary,secondary,0.7,1.0,0.91,0.0,0.0
MERGED_2a1e149980e58f,Taiwan-side,1946-1987_taiwan_side_formation,platform_food_review,tertiary,0.2,0.8775,0.6743,1.0,0.6743
MERGED_65fa4caef0f150,Taiwan-side,1946-1987_taiwan_side_formation,local_news,primary,1.2,1.0,1.06,1.0,1.06
MERGED_e40e5c2d31e36e,unknown,1946-1987_taiwan_side_formation,local_business_media,secondary,0.7,1.0,0.91,0.0,0.0
MERGED_daf6a6e34e829b,Taiwan-side,1946-1987_taiwan_side_formation,official_brand_profile,secondary,0.7,1.0,0.91,1.0,0.91
MERGED_62c4f91cf46247,Yangtze River Delta,2014-2020_pre_wanghong_platformization,local_business_media,secondary,0.7,1.0,0.91,1.0,0.91
MERGED_29961f6e31d887,Taiwan-side,1946-1987_taiwan_side_formation,food_logistics_media,secondary,0.7,0.7188,0.7132,1.0,0.7132
MERGED_939078dd529e8e,Taiwan-side,1946-1987_taiwan_side_formation,brand_food_map,secondary,0.7,0.7188,0.7132,1.0,0.7132
MERGED_d5e7856b0338a1,Taiwan-side,1946-1987_taiwan_side_formation,official_tourism_profile,tertiary,0.2,1.0,0.76,1.0,0.76
MERGED_daec8124160a70,Taiwan-side,1946-1987_taiwan_side_formation,official_tourism_profile,tertiary,0.2,1.0,0.76,1.0,0.76
MERGED_b12ea114c63b1e,Taiwan-side,1946-1987_taiwan_side_formation,official_tourism_profile,tertiary,0.2,1.0,0.76,1.0,0.76
MERGED_537bbb302e2a05,Taiwan-side,1946-1987_taiwan_side_formation,official_tourism_profile,tertiary,0.2,0.8154,0.6308,1.0,0.6308
MERGED_b35368597dca9b,Taiwan-side,1946-1987_taiwan_side_formation,official_tourism_profile,tertiary,0.2,0.8154,0.6308,1.0,0.6308
MERGED_d74bd219500d5d,Taiwan-side,1946-1987_taiwan_side_formation,official_tourism_profile,tertiary,0.2,1.0,0.76,1.0,0.76
MERGED_1f9a6169d4e117,Taiwan-side,1946-1987_taiwan_side_formation,official_tourism_profile,tertiary,0.2,1.0,0.76,1.0,0.76
MERGED_542a192369fffd,Taiwan-side,1946-1987_taiwan_side_formation,official_tourism_profile,tertiary,0.2,1.0,0.76,1.0,0.76
MERGED_962310ed39dc82,Taiwan-side,1946-1987_taiwan_side_formation,official_tourism_profile,tertiary,0.2,1.0,0.76,1.0,0.76
MERGED_1eb64682db22a8,Taiwan-side,1946-1987_taiwan_side_formation,official_tourism_profile,tertiary,0.2,0.7885,0.6119,1.0,0.6119
MERGED_064a4ee1658e3a,Taiwan-side,1946-1987_taiwan_side_formation,official_tourism_profile,tertiary,0.2,0.7885,0.6119,1.0,0.6119
MERGED_d7611699686b8f,Taiwan-side,1940-1945_late_colonial_food_order,official_tourism_profile,tertiary,0.2,1.0,0.76,1.0,0.76
MERGED_f25321773f3bb3,Taiwan-side,1946-1987_taiwan_side_formation,official_tourism_profile,tertiary,0.2,1.0,0.76,1.0,0.76
MERGED_dd2fb0d38cf171,Taiwan-side,1946-1987_taiwan_side_formation,official_tourism_profile,tertiary,0.2,1.0,0.76,1.0,0.76
MERGED_72cf6377584e60,Taiwan-side,1946-1987_taiwan_side_formation,platform_menu,secondary,0.7,1.0,0.91,1.0,0.91
MERGED_a16fe4a8e5b4d6,Taiwan-side,1946-1987_taiwan_side_formation,food_media_retrospective,tertiary,0.2,0.3077,0.2754,1.0,0.2754
MERGED_31fb9bbad61c72,Taiwan-side,1946-1987_taiwan_side_formation,food_media_retrospective,tertiary,0.2,0.7143,0.56,1.0,0.56
MERGED_2f4513179cc91c,Taiwan-side,1946-1987_taiwan_side_formation,food_media_retrospective,tertiary,0.2,0.7143,0.56,1.0,0.56
MERGED_3f668ee7bdfdac,Taiwan-side,1946-1987_taiwan_side_formation,food_media_retrospective,tertiary,0.2,1.0,0.76,1.0,0.76
MERGED_bc5dbbbf1caf95,Taiwan-side,1946-1987_taiwan_side_formation,food_media_retrospective,tertiary,0.2,0.7027,0.5519,1.0,0.5519
MERGED_9fd8b4e89ffd23,Taiwan-side,1946-1987_taiwan_side_formation,food_media_retrospective,tertiary,0.2,1.0,0.76,1.0,0.76
MERGED_f854350e1af3e0,North America,1946-1987_taiwan_side_formation,newspaper_feature,primary,1.2,1.0,1.06,1.0,1.06
MERGED_21557fc245bd7f,Central China,2021-2025_internet_wanghong_capital,local_business_media,secondary,0.7,1.0,0.91,1.0,0.91
MERGED_55dd9ca4224a61,Yangtze River Delta,2021-2025_internet_wanghong_capital,local_business_media,secondary,0.7,1.0,0.91,1.0,0.91
MERGED_fff2964f60ddd5,Yangtze River Delta,2021-2025_internet_wanghong_capital,local_business_media,secondary,0.7,1.0,0.91,1.0,0.91
MERGED_a3e1fd39b3466d,unknown,1946-1987_taiwan_side_formation,academic_secondary,secondary,0.7,1.0,0.91,0.0,0.0
MERGED_8de4972785e4e7,Japan,1946-1987_taiwan_side_formation,brand_history,secondary,0.7,0.8889,0.8322,1.0,0.8322
MERGED_210f3e30579c1a,Japan,1946-1987_taiwan_side_formation,brand_history,secondary,0.7,1.0,0.91,1.0,0.91
MERGED_9e8ab960ea8745,Japan,1946-1987_taiwan_side_formation,brand_history,secondary,0.7,1.0,0.91,1.0,0.91
MERGED_acb17804401cdd,Japan,1946-1987_taiwan_side_formation,brand_history,secondary,0.7,1.0,0.91,1.0,0.91
MERGED_6c01d7b1e8fdd3,Japan,1946-1987_taiwan_side_formation,brand_history,secondary,0.7,1.0,0.91,1.0,0.91
MERGED_a70a2af0aa5dc1,Japan,1946-1987_taiwan_side_formation,food_media_retrospective,tertiary,0.2,1.0,0.76,1.0,0.76
BATCH_Q_001,Singapore,1946-1987_taiwan_side_formation,newspaper_archive,primary,1.2,1.0,1.06,1.0,1.06
BATCH_Q_002,Singapore,1946-1987_taiwan_side_formation,newspaper_archive,primary,1.2,1.0,1.06,1.0,1.06
BATCH_Q_003,Singapore,1946-1987_taiwan_side_formation,newspaper_archive,primary,1.2,1.0,1.06,1.0,1.06
BATCH_Q_004,Singapore,1946-1987_taiwan_side_formation,newspaper_archive,primary,1.2,1.0,1.06,1.0,1.06
BATCH_Q_005,Singapore,1946-1987_taiwan_side_formation,newspaper_archive,primary,1.2,1.0,1.06,1.0,1.06
BATCH_Q_006,Singapore,1946-1987_taiwan_side_formation,newspaper_archive,primary,1.2,1.0,1.06,1.0,1.06
BATCH_Q_007,Singapore,1946-1987_taiwan_side_formation,newspaper_archive,primary,1.2,1.0,1.06,1.0,1.06
BATCH_Q_009,Singapore,1987-2015_cross_strait_diffusion,newspaper_archive,primary,1.2,1.0,1.06,1.0,1.06
BATCH_Q_010,Singapore,1987-2015_cross_strait_diffusion,newspaper_archive,primary,1.2,1.0,1.06,1.0,1.06
BATCH_Q_011,Singapore,1987-2015_cross_strait_diffusion,newspaper_archive,primary,1.2,1.0,1.06,1.0,1.06
BATCH_Q_012,Singapore,1987-2015_cross_strait_diffusion,newspaper_archive,primary,1.2,1.0,1.06,1.0,1.06
BATCH_Q_013,Singapore,1987-2015_cross_strait_diffusion,newspaper_archive,primary,1.2,1.0,1.06,1.0,1.06
BATCH_Q_014,Singapore,1987-2015_cross_strait_diffusion,newspaper_archive,primary,1.2,1.0,1.06,1.0,1.06
BATCH_Q_015,Singapore,1987-2015_cross_strait_diffusion,newspaper_archive,primary,1.2,1.0,1.06,1.0,1.06
BATCH_Q_016,Singapore,1987-2015_cross_strait_diffusion,newspaper_archive,primary,1.2,1.0,1.06,1.0,1.06
BATCH_Q_017,Singapore,1987-2015_cross_strait_diffusion,newspaper_archive,primary,1.2,1.0,1.06,1.0,1.06
BATCH_Q_018,Singapore,1987-2015_cross_strait_diffusion,newspaper_archive,primary,1.2,1.0,1.06,1.0,1.06
BATCH_Q_019,Singapore,1987-2015_cross_strait_diffusion,newspaper_archive,primary,1.2,1.0,1.06,1.0,1.06
BATCH_Q_020,Singapore,1987-2015_cross_strait_diffusion,newspaper_archive,primary,1.2,1.0,1.06,1.0,1.06
BATCH_Q_021,Singapore,1987-2015_cross_strait_diffusion,newspaper_archive,primary,1.2,1.0,1.06,1.0,1.06
BATCH_Q_022,Singapore,1987-2015_cross_strait_diffusion,newspaper_archive,primary,1.2,1.0,1.06,1.0,1.06
BATCH_Q_023,Singapore,1987-2015_cross_strait_diffusion,newspaper_archive,primary,1.2,1.0,1.06,1.0,1.06
BATCH_Q_024,Singapore,1987-2015_cross_strait_diffusion,newspaper_archive,primary,1.2,1.0,1.06,1.0,1.06
BATCH_Q_025,Singapore,1987-2015_cross_strait_diffusion,newspaper_archive,primary,1.2,1.0,1.06,1.0,1.06
BATCH_Q_026,Singapore,1987-2015_cross_strait_diffusion,newspaper_archive,primary,1.2,1.0,1.06,1.0,1.06
BATCH_Q_027,Singapore,1987-2015_cross_strait_diffusion,newspaper_archive,primary,1.2,1.0,1.06,1.0,1.06
BATCH_Q_028,Singapore,1987-2015_cross_strait_diffusion,newspaper_archive,primary,1.2,1.0,1.06,1.0,1.06
BATCH_Q_029,Singapore,1987-2015_cross_strait_diffusion,newspaper_archive,primary,1.2,1.0,1.06,1.0,1.06
BATCH_Q_030,Singapore,1987-2015_cross_strait_diffusion,newspaper_archive,primary,1.2,1.0,1.06,1.0,1.06
BATCH_Q_031,Singapore,1987-2015_cross_strait_diffusion,newspaper_archive,primary,1.2,1.0,1.06,1.0,1.06
BATCH_Q_032,Singapore,1987-2015_cross_strait_diffusion,newspaper_archive,primary,1.2,1.0,1.06,1.0,1.06
BATCH_Q_033,Singapore,1987-2015_cross_strait_diffusion,newspaper_archive,primary,1.2,1.0,1.06,1.0,1.06
BATCH_Q_034,Singapore,1987-2015_cross_strait_diffusion,newspaper_archive,primary,1.2,1.0,1.06,1.0,1.06
BATCH_Q_035,Singapore,1987-2015_cross_strait_diffusion,newspaper_archive,primary,1.2,1.0,1.06,1.0,1.06
BATCH_Q_036,Singapore,1987-2015_cross_strait_diffusion,newspaper_archive,primary,1.2,1.0,1.06,1.0,1.06
BATCH_Q_037,Singapore,1987-2015_cross_strait_diffusion,newspaper_archive,primary,1.2,1.0,1.06,1.0,1.06
BATCH_Q_038,Singapore,1987-2015_cross_strait_diffusion,newspaper_archive,primary,1.2,1.0,1.06,1.0,1.06
BATCH_Q_039,Singapore,1987-2015_cross_strait_diffusion,newspaper_archive,primary,1.2,1.0,1.06,1.0,1.06
BATCH_Q_040,Singapore,1987-2015_cross_strait_diffusion,newspaper_archive,primary,1.2,1.0,1.06,1.0,1.06
BATCH_Q_041,Singapore,1987-2015_cross_strait_diffusion,newspaper_archive,primary,1.2,1.0,1.06,1.0,1.06
BATCH_Q_042,Singapore,1987-2015_cross_strait_diffusion,newspaper_archive,primary,1.2,1.0,1.06,1.0,1.06
BATCH_Q_043,Singapore,1987-2015_cross_strait_diffusion,newspaper_archive,primary,1.2,1.0,1.06,1.0,1.06
BATCH_Q_044,Singapore,1987-2015_cross_strait_diffusion,newspaper_archive,primary,1.2,1.0,1.06,1.0,1.06
BATCH_Q_045,Taiwan-side,1946-1987_taiwan_side_formation,official_brand_page,secondary,0.7,1.0,0.91,1.0,0.91
BATCH_Q_046,Taiwan-side,1946-1987_taiwan_side_formation,food_media_profile,tertiary,0.2,1.0,0.76,1.0,0.76
BATCH_Q_047,Taiwan-side,1946-1987_taiwan_side_formation,reference_profile,secondary,0.7,1.0,0.91,1.0,0.91
BATCH_Q_048,Taiwan-side,1946-1987_taiwan_side_formation,food_media_profile,secondary,0.7,1.0,0.91,1.0,0.91
BATCH_Q_049,Taiwan-side,1946-1987_taiwan_side_formation,local_media_profile,secondary,0.7,1.0,0.91,1.0,0.91
BATCH_Q_050,Taiwan-side,1946-1987_taiwan_side_formation,food_media_profile,secondary,0.7,1.0,0.91,1.0,0.91
BATCH_Q_051,Taiwan-side,1946-1987_taiwan_side_formation,food_media_profile,secondary,0.7,1.0,0.91,1.0,0.91
BATCH_R_001,Taiwan-side,1946-1987_taiwan_side_formation,public_web_profile,secondary,0.7,1.0,0.91,1.0,0.91
BATCH_R_002,Taiwan-side,1946-1987_taiwan_side_formation,municipal_profile,tertiary,0.2,1.0,0.76,1.0,0.76
BATCH_R_003,Taiwan-side,1946-1987_taiwan_side_formation,municipal_profile,tertiary,0.2,1.0,0.76,1.0,0.76
BATCH_R_004,Taiwan-side,1946-1987_taiwan_side_formation,municipal_profile,tertiary,0.2,1.0,0.76,1.0,0.76
BATCH_R_005,Taiwan-side,1946-1987_taiwan_side_formation,municipal_profile,tertiary,0.2,1.0,0.76,1.0,0.76
BATCH_R_006,Taiwan-side,1946-1987_taiwan_side_formation,municipal_profile,tertiary,0.2,1.0,0.76,1.0,0.76
BATCH_R_007,Taiwan-side,1946-1987_taiwan_side_formation,public_web_profile,tertiary,0.2,1.0,0.76,1.0,0.76
BATCH_R_008,Taiwan-side,1946-1987_taiwan_side_formation,public_web_profile,primary,1.2,1.0,1.06,1.0,1.06
BATCH_R_009,Taiwan-side,1946-1987_taiwan_side_formation,public_web_profile,primary,1.2,1.0,1.06,1.0,1.06
BATCH_R_010,Taiwan-side,2014-2020_pre_wanghong_platformization,municipal_profile,tertiary,0.2,1.0,0.76,1.0,0.76
BATCH_R_011,Taiwan-side,1946-1987_taiwan_side_formation,public_web_profile,secondary,0.7,1.0,0.91,1.0,0.91
BATCH_R_012,Taiwan-side,2002-2013_taiwan_capital_gateway,municipal_profile,tertiary,0.2,1.0,0.76,1.0,0.76
BATCH_R_013,Taiwan-side,1946-1987_taiwan_side_formation,municipal_profile,tertiary,0.2,1.0,0.76,1.0,0.76
BATCH_R_014,Taiwan-side,1946-1987_taiwan_side_formation,municipal_profile,tertiary,0.2,1.0,0.76,1.0,0.76
BATCH_R_015,Taiwan-side,1946-1987_taiwan_side_formation,municipal_profile,tertiary,0.2,1.0,0.76,1.0,0.76
BATCH_R_016,Taiwan-side,1946-1987_taiwan_side_formation,municipal_profile,tertiary,0.2,1.0,0.76,1.0,0.76
BATCH_R_017,Taiwan-side,1946-1987_taiwan_side_formation,municipal_profile,tertiary,0.2,1.0,0.76,1.0,0.76
BATCH_R_018,Taiwan-side,2014-2020_pre_wanghong_platformization,municipal_profile,tertiary,0.2,1.0,0.76,1.0,0.76
BATCH_R_019,Taiwan-side,2014-2020_pre_wanghong_platformization,municipal_profile,tertiary,0.2,1.0,0.76,1.0,0.76
BATCH_R_020,Taiwan-side,2014-2020_pre_wanghong_platformization,municipal_profile,tertiary,0.2,1.0,0.76,1.0,0.76
BATCH_R_021,Taiwan-side,2014-2020_pre_wanghong_platformization,municipal_profile,tertiary,0.2,1.0,0.76,1.0,0.76
BATCH_R_022,Taiwan-side,2014-2020_pre_wanghong_platformization,municipal_profile,tertiary,0.2,1.0,0.76,1.0,0.76
BATCH_R_023,Taiwan-side,1946-1987_taiwan_side_formation,municipal_profile,tertiary,0.2,1.0,0.76,1.0,0.76
BATCH_R_024,Taiwan-side,1946-1987_taiwan_side_formation,municipal_profile,tertiary,0.2,1.0,0.76,1.0,0.76
BATCH_R_025,Taiwan-side,2014-2020_pre_wanghong_platformization,municipal_profile,tertiary,0.2,1.0,0.76,1.0,0.76
BATCH_R_026,Taiwan-side,2021-2025_internet_wanghong_capital,municipal_profile,tertiary,0.2,1.0,0.76,1.0,0.76
BATCH_R_027,Taiwan-side,2021-2025_internet_wanghong_capital,municipal_profile,tertiary,0.2,1.0,0.76,1.0,0.76
BATCH_R_028,Taiwan-side,1940-1945_late_colonial_food_order,municipal_profile,tertiary,0.2,1.0,0.76,1.0,0.76
BATCH_R_029,Taiwan-side,1940-1945_late_colonial_food_order,municipal_profile,tertiary,0.2,1.0,0.76,1.0,0.76
BATCH_R_030,Taiwan-side,1946-1987_taiwan_side_formation,municipal_profile,tertiary,0.2,1.0,0.76,1.0,0.76
BATCH_R_031,Taiwan-side,1946-1987_taiwan_side_formation,municipal_profile,tertiary,0.2,1.0,0.76,1.0,0.76
BATCH_R_032,Taiwan-side,1946-1987_taiwan_side_formation,municipal_profile,tertiary,0.2,1.0,0.76,1.0,0.76
BATCH_R_033,Singapore,1946-1987_taiwan_side_formation,newspaper_archive,primary,1.2,0.7714,0.9,1.0,0.9
BATCH_R_034,Singapore,1946-1987_taiwan_side_formation,newspaper_archive,primary,1.2,0.5404,0.7383,1.0,0.7383
BATCH_R_035,Singapore,1946-1987_taiwan_side_formation,newspaper_archive,primary,1.2,0.9091,0.9964,1.0,0.9964
BATCH_R_036,Singapore,1946-1987_taiwan_side_formation,newspaper_archive,primary,1.2,1.0,1.06,1.0,1.06
BATCH_R_037,Singapore,1946-1987_taiwan_side_formation,newspaper_archive,primary,1.2,1.0,1.06,1.0,1.06
BATCH_R_038,Singapore,1946-1987_taiwan_side_formation,newspaper_archive,primary,1.2,1.0,1.06,1.0,1.06
BATCH_R_039,Singapore,1946-1987_taiwan_side_formation,newspaper_archive,primary,1.2,1.0,1.06,1.0,1.06
BATCH_R_040,Singapore,1946-1987_taiwan_side_formation,newspaper_archive,primary,1.2,1.0,1.06,1.0,1.06
BATCH_R_041,Singapore,1946-1987_taiwan_side_formation,newspaper_archive,primary,1.2,1.0,1.06,1.0,1.06
BATCH_R_042,Singapore,1946-1987_taiwan_side_formation,newspaper_archive,primary,1.2,1.0,1.06,1.0,1.06
BATCH_R_043,Singapore,1946-1987_taiwan_side_formation,newspaper_archive,primary,1.2,1.0,1.06,1.0,1.06
BATCH_R_044,Singapore,1946-1987_taiwan_side_formation,newspaper_archive,primary,1.2,1.0,1.06,1.0,1.06
BATCH_R_045,Singapore,1946-1987_taiwan_side_formation,public_web_profile,secondary,0.7,1.0,0.91,1.0,0.91
BATCH_R_046,Singapore,1987-2015_cross_strait_diffusion,newspaper_archive,primary,1.2,1.0,1.06,1.0,1.06
BATCH_R_047,Singapore,1987-2015_cross_strait_diffusion,newspaper_archive,primary,1.2,1.0,1.06,1.0,1.06
BATCH_R_048,Singapore,1987-2015_cross_strait_diffusion,newspaper_archive,primary,1.2,1.0,1.06,1.0,1.06
BATCH_R_049,Singapore,1987-2015_cross_strait_diffusion,newspaper_archive,primary,1.2,1.0,1.06,1.0,1.06
BATCH_R_050,Singapore,1987-2015_cross_strait_diffusion,newspaper_archive,primary,1.2,1.0,1.06,1.0,1.06
BATCH_S_001,Taiwan-side,1946-1987_taiwan_side_formation,public_web_profile,tertiary,0.2,1.0,0.76,1.0,0.76
BATCH_S_002,Taiwan-side,1946-1987_taiwan_side_formation,public_web_profile,secondary,0.7,1.0,0.91,1.0,0.91
BATCH_S_003,Taiwan-side,1946-1987_taiwan_side_formation,public_web_profile,secondary,0.7,1.0,0.91,1.0,0.91
BATCH_S_004,Taiwan-side,1946-1987_taiwan_side_formation,public_web_profile,secondary,0.7,1.0,0.91,1.0,0.91
BATCH_S_005,Taiwan-side,1946-1987_taiwan_side_formation,public_web_profile,secondary,0.7,1.0,0.91,1.0,0.91
BATCH_S_006,Taiwan-side,1946-1987_taiwan_side_formation,public_web_profile,secondary,0.7,1.0,0.91,1.0,0.91
BATCH_S_007,Taiwan-side,1940-1945_late_colonial_food_order,municipal_profile,tertiary,0.2,1.0,0.76,1.0,0.76
BATCH_S_008,Taiwan-side,1946-1987_taiwan_side_formation,municipal_profile,tertiary,0.2,1.0,0.76,1.0,0.76
BATCH_S_009,Taiwan-side,1946-1987_taiwan_side_formation,municipal_profile,tertiary,0.2,1.0,0.76,1.0,0.76
BATCH_S_010,Taiwan-side,1946-1987_taiwan_side_formation,municipal_profile,tertiary,0.2,1.0,0.76,1.0,0.76
BATCH_S_011,Taiwan-side,1946-1987_taiwan_side_formation,municipal_profile,tertiary,0.2,1.0,0.76,1.0,0.76
BATCH_S_012,Taiwan-side,1946-1987_taiwan_side_formation,municipal_profile,tertiary,0.2,1.0,0.76,1.0,0.76
BATCH_S_013,Taiwan-side,2014-2020_pre_wanghong_platformization,public_web_profile,tertiary,0.2,1.0,0.76,1.0,0.76
BATCH_S_014,Taiwan-side,2014-2020_pre_wanghong_platformization,public_web_profile,tertiary,0.2,1.0,0.76,1.0,0.76
BATCH_S_015,Taiwan-side,2014-2020_pre_wanghong_platformization,public_web_profile,tertiary,0.2,1.0,0.76,1.0,0.76
BATCH_S_016,Singapore,1946-1987_taiwan_side_formation,newspaper_archive,primary,1.2,1.0,1.06,1.0,1.06
BATCH_S_017,Singapore,1946-1987_taiwan_side_formation,newspaper_archive,primary,1.2,1.0,1.06,1.0,1.06
BATCH_S_018,Singapore,1946-1987_taiwan_side_formation,newspaper_archive,primary,1.2,1.0,1.06,1.0,1.06
BATCH_S_019,Singapore,1946-1987_taiwan_side_formation,newspaper_archive,primary,1.2,1.0,1.06,1.0,1.06
BATCH_S_020,Singapore,1946-1987_taiwan_side_formation,newspaper_archive,primary,1.2,1.0,1.06,1.0,1.06
BATCH_S_021,Singapore,1946-1987_taiwan_side_formation,newspaper_archive,primary,1.2,1.0,1.06,1.0,1.06
BATCH_S_022,Singapore,1987-2015_cross_strait_diffusion,newspaper_archive,primary,1.2,1.0,1.06,1.0,1.06
BATCH_S_023,Singapore,1987-2015_cross_strait_diffusion,newspaper_archive,primary,1.2,1.0,1.06,1.0,1.06
BATCH_S_024,Singapore,1987-2015_cross_strait_diffusion,newspaper_archive,primary,1.2,1.0,1.06,1.0,1.06
BATCH_S_025,Singapore,1987-2015_cross_strait_diffusion,newspaper_archive,primary,1.2,1.0,1.06,1.0,1.06
BATCH_S_026,Singapore,1987-2015_cross_strait_diffusion,newspaper_archive,primary,1.2,1.0,1.06,1.0,1.06
BATCH_S_027,Singapore,1987-2015_cross_strait_diffusion,newspaper_archive,primary,1.2,1.0,1.06,1.0,1.06
BATCH_S_028,Singapore,1987-2015_cross_strait_diffusion,newspaper_archive,primary,1.2,1.0,1.06,1.0,1.06
BATCH_S_029,Singapore,1987-2015_cross_strait_diffusion,newspaper_archive,primary,1.2,1.0,1.06,1.0,1.06
BATCH_S_030,Singapore,1987-2015_cross_strait_diffusion,newspaper_archive,primary,1.2,1.0,1.06,1.0,1.06
BATCH_S_031,Singapore,1987-2015_cross_strait_diffusion,newspaper_archive,primary,1.2,1.0,1.06,1.0,1.06
BATCH_S_032,Singapore,1987-2015_cross_strait_diffusion,newspaper_archive,primary,1.2,1.0,1.06,1.0,1.06
BATCH_S_033,Singapore,1987-2015_cross_strait_diffusion,newspaper_archive,primary,1.2,1.0,1.06,1.0,1.06
BATCH_S_034,Singapore,1987-2015_cross_strait_diffusion,newspaper_archive,primary,1.2,1.0,1.06,1.0,1.06
BATCH_S_035,Singapore,1987-2015_cross_strait_diffusion,newspaper_archive,primary,1.2,1.0,1.06,1.0,1.06
BATCH_S_036,Singapore,1987-2015_cross_strait_diffusion,newspaper_archive,primary,1.2,1.0,1.06,1.0,1.06
BATCH_S_037,Singapore,1987-2015_cross_strait_diffusion,newspaper_archive,primary,1.2,1.0,1.06,1.0,1.06
BATCH_S_038,Singapore,2014-2020_pre_wanghong_platformization,newspaper_archive,primary,1.2,1.0,1.06,1.0,1.06
BATCH_S_039,Singapore,1987-2015_cross_strait_diffusion,newspaper_archive,primary,1.2,1.0,1.06,1.0,1.06
BATCH_S_040,Singapore,1987-2015_cross_strait_diffusion,newspaper_archive,primary,1.2,1.0,1.06,1.0,1.06
BATCH_S_041,Singapore,1987-2015_cross_strait_diffusion,newspaper_archive,primary,1.2,1.0,1.06,1.0,1.06
BATCH_S_042,Singapore,1946-1987_taiwan_side_formation,newspaper_archive,primary,1.2,1.0,1.06,1.0,1.06
BATCH_S_043,Singapore,1946-1987_taiwan_side_formation,newspaper_archive,primary,1.2,1.0,1.06,1.0,1.06
BATCH_S_044,Singapore,1987-2015_cross_strait_diffusion,newspaper_archive,primary,1.2,1.0,1.06,1.0,1.06
BATCH_S_045,Singapore,2014-2020_pre_wanghong_platformization,newspaper_archive,primary,1.2,1.0,1.06,1.0,1.06
BATCH_S_046,Taiwan-side,2021-2025_internet_wanghong_capital,municipal_profile,tertiary,0.2,1.0,0.76,1.0,0.76
BATCH_S_047,Taiwan-side,2021-2025_internet_wanghong_capital,municipal_profile,tertiary,0.2,1.0,0.76,1.0,0.76
BATCH_S_048,Taiwan-side,2021-2025_internet_wanghong_capital,municipal_profile,tertiary,0.2,1.0,0.76,1.0,0.76
BATCH_S_049,Taiwan-side,2021-2025_internet_wanghong_capital,municipal_profile,tertiary,0.2,1.0,0.76,1.0,0.76
BATCH_S_050,Taiwan-side,2021-2025_internet_wanghong_capital,municipal_profile,tertiary,0.2,1.0,0.76,1.0,0.76
BATCH_T_001,Singapore,1946-1987_taiwan_side_formation,newspaper_issue,primary,1.2,1.0,1.06,1.0,1.06
BATCH_T_002,Singapore,1946-1987_taiwan_side_formation,newspaper_issue,primary,1.2,1.0,1.06,1.0,1.06
BATCH_T_003,Singapore,1946-1987_taiwan_side_formation,newspaper_issue,primary,1.2,1.0,1.06,1.0,1.06
BATCH_T_004,Singapore,1946-1987_taiwan_side_formation,newspaper_issue,primary,1.2,1.0,1.06,1.0,1.06
BATCH_T_005,Singapore,1946-1987_taiwan_side_formation,newspaper_issue,primary,1.2,1.0,1.06,1.0,1.06
BATCH_T_006,Singapore,1946-1987_taiwan_side_formation,newspaper_issue,primary,1.2,1.0,1.06,1.0,1.06
BATCH_T_007,Singapore,1987-2015_cross_strait_diffusion,newspaper_issue,primary,1.2,1.0,1.06,1.0,1.06
BATCH_T_008,Singapore,1987-2015_cross_strait_diffusion,newspaper_issue,primary,1.2,1.0,1.06,1.0,1.06
BATCH_T_009,Singapore,1987-2015_cross_strait_diffusion,newspaper_issue,primary,1.2,1.0,1.06,1.0,1.06
BATCH_T_010,Singapore,1987-2015_cross_strait_diffusion,newspaper_issue,primary,1.2,1.0,1.06,1.0,1.06
BATCH_T_011,Singapore,1987-2015_cross_strait_diffusion,newspaper_issue,primary,1.2,1.0,1.06,1.0,1.06
BATCH_T_012,Taiwan-side,1987-2015_cross_strait_diffusion,newspaper_issue,primary,1.2,1.0,1.06,1.0,1.06
BATCH_T_013,Taiwan-side,1987-2015_cross_strait_diffusion,newspaper_issue,primary,1.2,1.0,1.06,1.0,1.06
BATCH_T_014,Taiwan-side,1987-2015_cross_strait_diffusion,newspaper_issue,primary,1.2,1.0,1.06,1.0,1.06
BATCH_T_015,Singapore,1987-2015_cross_strait_diffusion,newspaper_issue,primary,1.2,1.0,1.06,1.0,1.06
BATCH_T_016,Singapore,1987-2015_cross_strait_diffusion,newspaper_issue,primary,1.2,1.0,1.06,1.0,1.06
BATCH_T_017,Taiwan-side,1987-2015_cross_strait_diffusion,newspaper_issue,primary,1.2,1.0,1.06,1.0,1.06
BATCH_T_018,Singapore,2015-2025_internet_wanghong_capital,newspaper_issue,primary,1.2,1.0,1.06,1.0,1.06
BATCH_T_019,Singapore,1987-2015_cross_strait_diffusion,newspaper_issue,primary,1.2,1.0,1.06,1.0,1.06
BATCH_T_020,Singapore,2015-2025_internet_wanghong_capital,newspaper_issue,primary,1.2,1.0,1.06,1.0,1.06
BATCH_T_021,Taiwan-side,1987-2015_cross_strait_diffusion,official_tourism_file,tertiary,0.2,1.0,0.76,1.0,0.76
BATCH_T_022,Taiwan-side,1987-2015_cross_strait_diffusion,official_tourism_file,tertiary,0.2,1.0,0.76,1.0,0.76
BATCH_T_023,Taiwan-side,1987-2015_cross_strait_diffusion,official_tourism_file,tertiary,0.2,1.0,0.76,1.0,0.76
BATCH_T_024,Taiwan-side,1987-2015_cross_strait_diffusion,official_tourism_file,tertiary,0.2,1.0,0.76,1.0,0.76
BATCH_T_025,Taiwan-side,1987-2015_cross_strait_diffusion,official_tourism_file,tertiary,0.2,1.0,0.76,1.0,0.76
BATCH_T_026,Taiwan-side,1987-2015_cross_strait_diffusion,official_tourism_file,tertiary,0.2,1.0,0.76,1.0,0.76
BATCH_T_027,Taiwan-side,2015-2025_internet_wanghong_capital,official_tourism_route,tertiary,0.2,1.0,0.76,1.0,0.76
BATCH_T_028,Taiwan-side,2015-2025_internet_wanghong_capital,official_tourism_route,tertiary,0.2,1.0,0.76,1.0,0.76
BATCH_T_029,Taiwan-side,2015-2025_internet_wanghong_capital,official_tourism_route,tertiary,0.2,1.0,0.76,1.0,0.76
BATCH_T_030,Taiwan-side,2015-2025_internet_wanghong_capital,official_event_page,tertiary,0.2,1.0,0.76,1.0,0.76
BATCH_T_031,Taiwan-side,2015-2025_internet_wanghong_capital,official_event_page,tertiary,0.2,1.0,0.76,1.0,0.76
BATCH_T_032,Taiwan-side,2015-2025_internet_wanghong_capital,official_event_page,tertiary,0.2,1.0,0.76,1.0,0.76
BATCH_T_033,Taiwan-side,2015-2025_internet_wanghong_capital,news_feature,secondary,0.7,1.0,0.91,1.0,0.91
BATCH_T_034,Taiwan-side,2015-2025_internet_wanghong_capital,food_blog,tertiary,0.2,1.0,0.76,1.0,0.76
BATCH_T_035,Taiwan-side,2015-2025_internet_wanghong_capital,news_feature,secondary,0.7,1.0,0.91,1.0,0.91
BATCH_T_036,Taiwan-side,2015-2025_internet_wanghong_capital,official_event_page,tertiary,0.2,1.0,0.76,1.0,0.76
BATCH_T_037,Taiwan-side,2015-2025_internet_wanghong_capital,official_event_page,tertiary,0.2,1.0,0.76,1.0,0.76
BATCH_T_038,Taiwan-side,2015-2025_internet_wanghong_capital,official_event_page,tertiary,0.2,1.0,0.76,1.0,0.76
BATCH_T_039,Taiwan-side,2015-2025_internet_wanghong_capital,official_event_page,tertiary,0.2,1.0,0.76,1.0,0.76
BATCH_T_040,Taiwan-side,2015-2025_internet_wanghong_capital,official_event_page,tertiary,0.2,1.0,0.76,1.0,0.76
BATCH_T_041,Taiwan-side,1946-1987_taiwan_side_formation,public_food_profile,secondary,0.7,1.0,0.91,1.0,0.91
BATCH_T_042,Taiwan-side,1946-1987_taiwan_side_formation,public_food_profile,tertiary,0.2,1.0,0.76,1.0,0.76
BATCH_T_043,Taiwan-side,2015-2025_internet_wanghong_capital,official_event_page,tertiary,0.2,1.0,0.76,1.0,0.76
BATCH_T_044,Taiwan-side,2015-2025_internet_wanghong_capital,official_event_page,tertiary,0.2,1.0,0.76,1.0,0.76
BATCH_T_045,Taiwan-side,2015-2025_internet_wanghong_capital,official_event_page,tertiary,0.2,1.0,0.76,1.0,0.76
BATCH_T_046,Taiwan-side,1946-1987_taiwan_side_formation,public_food_profile,secondary,0.7,1.0,0.91,1.0,0.91
BATCH_T_047,Taiwan-side,1946-1987_taiwan_side_formation,public_food_profile,secondary,0.7,1.0,0.91,1.0,0.91
BATCH_T_048,Taiwan-side,2015-2025_internet_wanghong_capital,official_event_page,tertiary,0.2,1.0,0.76,1.0,0.76
BATCH_T_049,Taiwan-side,2015-2025_internet_wanghong_capital,official_event_page,tertiary,0.2,1.0,0.76,1.0,0.76
BATCH_T_050,Taiwan-side,2015-2025_internet_wanghong_capital,official_event_page,tertiary,0.2,1.0,0.76,1.0,0.76
BATCH_U_001,Singapore,1946-1987_taiwan_side_formation,newspaper_issue,primary,1.2,1.0,1.06,1.0,1.06
BATCH_U_002,Taiwan-side,1946-1987_taiwan_side_formation,official_tourism_profile,tertiary,0.2,1.0,0.76,1.0,0.76
BATCH_U_003,Taiwan-side,1946-1987_taiwan_side_formation,official_tourism_profile,tertiary,0.2,1.0,0.76,1.0,0.76
BATCH_U_004,Taiwan-side,1946-1987_taiwan_side_formation,official_tourism_profile,tertiary,0.2,1.0,0.76,1.0,0.76
BATCH_U_005,Taiwan-side,1946-1987_taiwan_side_formation,official_event_page,tertiary,0.2,1.0,0.76,1.0,0.76
BATCH_U_006,Taiwan-side,1946-1987_taiwan_side_formation,official_event_page,tertiary,0.2,1.0,0.76,1.0,0.76
BATCH_U_007,Taiwan-side,1946-1987_taiwan_side_formation,official_event_page,tertiary,0.2,1.0,0.76,1.0,0.76
BATCH_U_008,Taiwan-side,1940-1945_late_colonial_food_order,official_tourism_profile,tertiary,0.2,1.0,0.76,1.0,0.76
BATCH_U_009,Taiwan-side,1940-1945_late_colonial_food_order,official_event_page,tertiary,0.2,1.0,0.76,1.0,0.76
BATCH_U_010,Taiwan-side,1946-1987_taiwan_side_formation,travel_food_article,secondary,0.7,1.0,0.91,1.0,0.91
BATCH_U_011,Taiwan-side,1946-1987_taiwan_side_formation,media_food_feature,secondary,0.7,1.0,0.91,1.0,0.91
BATCH_U_012,Taiwan-side,1946-1987_taiwan_side_formation,media_food_card,secondary,0.7,1.0,0.91,1.0,0.91
BATCH_U_013,Taiwan-side,1946-1987_taiwan_side_formation,cultural_file,secondary,0.7,1.0,0.91,1.0,0.91
BATCH_U_014,Taiwan-side,1940-1945_late_colonial_food_order,cultural_file,secondary,0.7,1.0,0.91,1.0,0.91
BATCH_U_015,Taiwan-side,1946-1987_taiwan_side_formation,travel_food_article,secondary,0.7,1.0,0.91,1.0,0.91
BATCH_U_016,Taiwan-side,1946-1987_taiwan_side_formation,food_blog,tertiary,0.2,1.0,0.76,1.0,0.76
BATCH_U_017,Taiwan-side,1946-1987_taiwan_side_formation,food_blog,tertiary,0.2,1.0,0.76,1.0,0.76
BATCH_U_018,Taiwan-side,1946-1987_taiwan_side_formation,travel_food_article,secondary,0.7,1.0,0.91,1.0,0.91
BATCH_U_019,Taiwan-side,1946-1987_taiwan_side_formation,official_event_page,tertiary,0.2,1.0,0.76,1.0,0.76
BATCH_U_020,Taiwan-side,1946-1987_taiwan_side_formation,official_event_page,tertiary,0.2,1.0,0.76,1.0,0.76
BATCH_U_021,Taiwan-side,1946-1987_taiwan_side_formation,official_event_page,tertiary,0.2,1.0,0.76,1.0,0.76
BATCH_U_022,Taiwan-side,1946-1987_taiwan_side_formation,official_event_page,tertiary,0.2,1.0,0.76,1.0,0.76
BATCH_U_023,Taiwan-side,1946-1987_taiwan_side_formation,official_event_page,tertiary,0.2,1.0,0.76,1.0,0.76
BATCH_U_024,Taiwan-side,2015-2025_internet_wanghong_capital,official_event_page,tertiary,0.2,1.0,0.76,1.0,0.76
BATCH_U_025,Taiwan-side,2015-2025_internet_wanghong_capital,official_event_page,tertiary,0.2,1.0,0.76,1.0,0.76
BATCH_U_026,Taiwan-side,2015-2025_internet_wanghong_capital,official_event_page,tertiary,0.2,1.0,0.76,1.0,0.76
BATCH_U_027,Taiwan-side,1940-1945_late_colonial_food_order,official_event_page,tertiary,0.2,1.0,0.76,1.0,0.76
BATCH_U_028,Taiwan-side,1987-2015_cross_strait_diffusion,official_activity_page,tertiary,0.2,1.0,0.76,1.0,0.76
BATCH_U_029,Taiwan-side,1946-1987_taiwan_side_formation,official_activity_page,tertiary,0.2,1.0,0.76,1.0,0.76
BATCH_U_030,Taiwan-side,1946-1987_taiwan_side_formation,official_activity_page,tertiary,0.2,1.0,0.76,1.0,0.76
BATCH_U_031,Taiwan-side,2015-2025_internet_wanghong_capital,official_event_page,tertiary,0.2,1.0,0.76,1.0,0.76
BATCH_U_032,Taiwan-side,2015-2025_internet_wanghong_capital,official_event_page,tertiary,0.2,1.0,0.76,1.0,0.76
BATCH_U_033,Taiwan-side,1940-1945_late_colonial_food_order,official_event_page,tertiary,0.2,1.0,0.76,1.0,0.76
BATCH_U_034,Taiwan-side,2015-2025_internet_wanghong_capital,official_event_page,tertiary,0.2,1.0,0.76,1.0,0.76
BATCH_U_035,Taiwan-side,2015-2025_internet_wanghong_capital,official_event_page,tertiary,0.2,1.0,0.76,1.0,0.76
BATCH_U_036,Taiwan-side,2015-2025_internet_wanghong_capital,official_event_page,tertiary,0.2,1.0,0.76,1.0,0.76
BATCH_U_037,Taiwan-side,2015-2025_internet_wanghong_capital,official_event_page,tertiary,0.2,1.0,0.76,1.0,0.76
BATCH_U_038,Taiwan-side,2015-2025_internet_wanghong_capital,official_event_page,tertiary,0.2,1.0,0.76,1.0,0.76
BATCH_U_039,Taiwan-side,2015-2025_internet_wanghong_capital,official_event_page,tertiary,0.2,1.0,0.76,1.0,0.76
BATCH_U_040,Taiwan-side,2015-2025_internet_wanghong_capital,official_event_page,tertiary,0.2,1.0,0.76,1.0,0.76
BATCH_U_041,Taiwan-side,2015-2025_internet_wanghong_capital,official_event_page,tertiary,0.2,1.0,0.76,1.0,0.76
BATCH_U_042,Taiwan-side,2015-2025_internet_wanghong_capital,official_tourism_profile,tertiary,0.2,1.0,0.76,1.0,0.76
BATCH_U_043,Taiwan-side,2015-2025_internet_wanghong_capital,official_tourism_profile,tertiary,0.2,1.0,0.76,1.0,0.76
BATCH_U_044,Taiwan-side,1987-2015_cross_strait_diffusion,official_event_page,tertiary,0.2,1.0,0.76,1.0,0.76
BATCH_U_045,Taiwan-side,1987-2015_cross_strait_diffusion,official_event_page,tertiary,0.2,1.0,0.76,1.0,0.76
BATCH_U_046,Taiwan-side,1987-2015_cross_strait_diffusion,official_tourism_file,tertiary,0.2,1.0,0.76,1.0,0.76
BATCH_U_047,Taiwan-side,1987-2015_cross_strait_diffusion,official_tourism_file,tertiary,0.2,1.0,0.76,1.0,0.76
BATCH_U_048,Singapore,1987-2015_cross_strait_diffusion,newspaper_issue,primary,1.2,1.0,1.06,1.0,1.06
BATCH_U_049,Singapore,1987-2015_cross_strait_diffusion,newspaper_issue,primary,1.2,1.0,1.06,1.0,1.06
BATCH_U_050,Singapore,1987-2015_cross_strait_diffusion,newspaper_issue,primary,1.2,1.0,1.06,1.0,1.06
BATCH_V_001,Singapore,1946-1987_taiwan_side_formation,newspaper_issue,primary,1.2,1.0,1.06,1.0,1.06
BATCH_V_002,Singapore,1946-1987_taiwan_side_formation,newspaper_issue,primary,1.2,1.0,1.06,1.0,1.06
BATCH_V_003,Taiwan-side,1946-1987_taiwan_side_formation,official_event_page,tertiary,0.2,1.0,0.76,1.0,0.76
BATCH_V_004,Taiwan-side,1946-1987_taiwan_side_formation,official_event_page,tertiary,0.2,1.0,0.76,1.0,0.76
BATCH_V_005,Taiwan-side,1946-1987_taiwan_side_formation,official_event_page,tertiary,0.2,1.0,0.76,1.0,0.76
BATCH_V_006,Taiwan-side,1946-1987_taiwan_side_formation,official_event_page,tertiary,0.2,1.0,0.76,1.0,0.76
BATCH_V_007,Taiwan-side,1946-1987_taiwan_side_formation,official_event_page,tertiary,0.2,1.0,0.76,1.0,0.76
BATCH_V_008,Taiwan-side,1946-1987_taiwan_side_formation,restaurant_platform,secondary,0.7,1.0,0.91,1.0,0.91
BATCH_V_009,Taiwan-side,1946-1987_taiwan_side_formation,food_blog,tertiary,0.2,1.0,0.76,1.0,0.76
BATCH_V_010,Taiwan-side,1946-1987_taiwan_side_formation,food_blog,tertiary,0.2,1.0,0.76,1.0,0.76
BATCH_V_011,Taiwan-side,1946-1987_taiwan_side_formation,food_blog,tertiary,0.2,1.0,0.76,1.0,0.76
BATCH_V_012,Taiwan-side,1946-1987_taiwan_side_formation,food_blog,tertiary,0.2,1.0,0.76,1.0,0.76
BATCH_V_013,Taiwan-side,1946-1987_taiwan_side_formation,official_tourism_profile,tertiary,0.2,1.0,0.76,1.0,0.76
BATCH_V_014,Taiwan-side,1946-1987_taiwan_side_formation,food_article,secondary,0.7,1.0,0.91,1.0,0.91
BATCH_V_015,Taiwan-side,1946-1987_taiwan_side_formation,food_blog,tertiary,0.2,1.0,0.76,1.0,0.76
BATCH_V_016,Taiwan-side,1946-1987_taiwan_side_formation,food_blog,tertiary,0.2,1.0,0.76,1.0,0.76
BATCH_V_017,Taiwan-side,1946-1987_taiwan_side_formation,food_article,secondary,0.7,1.0,0.91,1.0,0.91
BATCH_V_018,Taiwan-side,2015-2025_internet_wanghong_capital,official_tourism_profile,tertiary,0.2,1.0,0.76,1.0,0.76
BATCH_V_019,Taiwan-side,2015-2025_internet_wanghong_capital,official_tourism_profile,tertiary,0.2,1.0,0.76,1.0,0.76
BATCH_V_020,Taiwan-side,2015-2025_internet_wanghong_capital,official_event_page,tertiary,0.2,1.0,0.76,1.0,0.76
BATCH_V_021,Taiwan-side,2015-2025_internet_wanghong_capital,official_event_page,tertiary,0.2,1.0,0.76,1.0,0.76
BATCH_V_022,Taiwan-side,2015-2025_internet_wanghong_capital,official_event_page,tertiary,0.2,1.0,0.76,1.0,0.76
BATCH_V_023,Taiwan-side,2015-2025_internet_wanghong_capital,official_event_page,tertiary,0.2,1.0,0.76,1.0,0.76
BATCH_V_024,Taiwan-side,2015-2025_internet_wanghong_capital,official_event_page,tertiary,0.2,1.0,0.76,1.0,0.76
BATCH_V_025,Taiwan-side,2015-2025_internet_wanghong_capital,official_event_page,tertiary,0.2,1.0,0.76,1.0,0.76
BATCH_V_026,Taiwan-side,2015-2025_internet_wanghong_capital,official_event_page,tertiary,0.2,1.0,0.76,1.0,0.76
BATCH_V_027,Taiwan-side,2015-2025_internet_wanghong_capital,official_event_page,tertiary,0.2,1.0,0.76,1.0,0.76
BATCH_V_028,Taiwan-side,2015-2025_internet_wanghong_capital,official_event_page,tertiary,0.2,1.0,0.76,1.0,0.76
BATCH_V_029,Taiwan-side,2015-2025_internet_wanghong_capital,official_event_page,tertiary,0.2,1.0,0.76,1.0,0.76
BATCH_V_030,Taiwan-side,2015-2025_internet_wanghong_capital,official_event_page,tertiary,0.2,1.0,0.76,1.0,0.76
BATCH_V_031,Taiwan-side,2015-2025_internet_wanghong_capital,official_event_page,tertiary,0.2,1.0,0.76,1.0,0.76
BATCH_V_032,Taiwan-side,2015-2025_internet_wanghong_capital,official_event_page,tertiary,0.2,1.0,0.76,1.0,0.76
BATCH_V_033,Taiwan-side,2015-2025_internet_wanghong_capital,official_event_page,tertiary,0.2,1.0,0.76,1.0,0.76
BATCH_V_034,Taiwan-side,2015-2025_internet_wanghong_capital,official_event_page,tertiary,0.2,1.0,0.76,1.0,0.76
BATCH_V_035,Taiwan-side,2015-2025_internet_wanghong_capital,official_event_page,tertiary,0.2,1.0,0.76,1.0,0.76
BATCH_V_036,Taiwan-side,2015-2025_internet_wanghong_capital,official_event_page,tertiary,0.2,1.0,0.76,1.0,0.76
BATCH_V_037,Taiwan-side,2015-2025_internet_wanghong_capital,official_event_page,tertiary,0.2,1.0,0.76,1.0,0.76
BATCH_V_038,Taiwan-side,2015-2025_internet_wanghong_capital,official_event_page,tertiary,0.2,1.0,0.76,1.0,0.76
BATCH_V_039,Taiwan-side,2015-2025_internet_wanghong_capital,official_event_page,tertiary,0.2,1.0,0.76,1.0,0.76
BATCH_V_040,Taiwan-side,2015-2025_internet_wanghong_capital,official_tourism_profile,tertiary,0.2,1.0,0.76,1.0,0.76
BATCH_V_041,Taiwan-side,2015-2025_internet_wanghong_capital,official_tourism_profile,tertiary,0.2,1.0,0.76,1.0,0.76
BATCH_V_042,Taiwan-side,2015-2025_internet_wanghong_capital,official_tourism_profile,tertiary,0.2,1.0,0.76,1.0,0.76
BATCH_V_043,Singapore,1987-2015_cross_strait_diffusion,newspaper_issue,primary,1.2,1.0,1.06,1.0,1.06
BATCH_V_044,Singapore,1987-2015_cross_strait_diffusion,newspaper_issue,primary,1.2,1.0,1.06,1.0,1.06
BATCH_V_045,Singapore,1987-2015_cross_strait_diffusion,newspaper_issue,primary,1.2,1.0,1.06,1.0,1.06
BATCH_V_046,Singapore,2015-2025_internet_wanghong_capital,newspaper_issue,primary,1.2,1.0,1.06,1.0,1.06
BATCH_V_047,Singapore,2015-2025_internet_wanghong_capital,newspaper_issue,primary,1.2,1.0,1.06,1.0,1.06
BATCH_V_048,Taiwan-side,2015-2025_internet_wanghong_capital,official_event_page,tertiary,0.2,1.0,0.76,1.0,0.76
BATCH_V_049,Taiwan-side,2015-2025_internet_wanghong_capital,official_event_page,tertiary,0.2,1.0,0.76,1.0,0.76
BATCH_V_050,Taiwan-side,2015-2025_internet_wanghong_capital,official_event_page,tertiary,0.2,1.0,0.76,1.0,0.76
BATCH_W_001,Taiwan-side,2015-2025_internet_wanghong_capital,official_promotion_file,tertiary,0.2,1.0,0.76,1.0,0.76
BATCH_W_002,Taiwan-side,2015-2025_internet_wanghong_capital,official_promotion_file,tertiary,0.2,1.0,0.76,1.0,0.76
BATCH_W_003,Taiwan-side,2015-2025_internet_wanghong_capital,official_promotion_file,tertiary,0.2,1.0,0.76,1.0,0.76
BATCH_W_004,Taiwan-side,2015-2025_internet_wanghong_capital,official_promotion_file,tertiary,0.2,1.0,0.76,1.0,0.76
BATCH_W_005,Taiwan-side,2015-2025_internet_wanghong_capital,official_promotion_file,tertiary,0.2,1.0,0.76,1.0,0.76
BATCH_W_006,Taiwan-side,2015-2025_internet_wanghong_capital,official_promotion_file,tertiary,0.2,1.0,0.76,1.0,0.76
BATCH_W_007,Taiwan-side,2015-2025_internet_wanghong_capital,official_promotion_file,tertiary,0.2,1.0,0.76,1.0,0.76
BATCH_W_008,Taiwan-side,2015-2025_internet_wanghong_capital,official_promotion_file,tertiary,0.2,1.0,0.76,1.0,0.76
BATCH_W_009,Taiwan-side,2015-2025_internet_wanghong_capital,official_promotion_file,tertiary,0.2,1.0,0.76,1.0,0.76
BATCH_W_010,Taiwan-side,2015-2025_internet_wanghong_capital,official_promotion_file,tertiary,0.2,1.0,0.76,1.0,0.76
BATCH_W_011,Taiwan-side,1987-2015_cross_strait_diffusion,official_food_competition_file,tertiary,0.2,1.0,0.76,1.0,0.76
BATCH_W_012,Taiwan-side,1987-2015_cross_strait_diffusion,official_food_competition_file,tertiary,0.2,1.0,0.76,1.0,0.76
BATCH_W_013,Taiwan-side,1987-2015_cross_strait_diffusion,official_food_competition_file,tertiary,0.2,1.0,0.76,1.0,0.76
BATCH_W_014,Taiwan-side,1987-2015_cross_strait_diffusion,official_food_competition_file,tertiary,0.2,1.0,0.76,1.0,0.76
BATCH_W_015,Taiwan-side,1987-2015_cross_strait_diffusion,official_food_competition_file,tertiary,0.2,1.0,0.76,1.0,0.76
BATCH_W_016,Taiwan-side,1987-2015_cross_strait_diffusion,official_food_competition_file,tertiary,0.2,1.0,0.76,1.0,0.76
BATCH_W_017,Taiwan-side,1987-2015_cross_strait_diffusion,official_food_competition_file,tertiary,0.2,1.0,0.76,1.0,0.76
BATCH_W_018,Taiwan-side,1987-2015_cross_strait_diffusion,official_food_competition_file,tertiary,0.2,1.0,0.76,1.0,0.76
BATCH_W_019,Taiwan-side,1987-2015_cross_strait_diffusion,official_food_competition_file,tertiary,0.2,1.0,0.76,1.0,0.76
BATCH_W_020,Taiwan-side,1987-2015_cross_strait_diffusion,official_food_competition_file,tertiary,0.2,1.0,0.76,1.0,0.76
BATCH_W_021,Taiwan-side,1987-2015_cross_strait_diffusion,official_itinerary_file,tertiary,0.2,1.0,0.76,1.0,0.76
BATCH_W_022,Taiwan-side,1987-2015_cross_strait_diffusion,official_itinerary_file,tertiary,0.2,1.0,0.76,1.0,0.76
BATCH_W_023,Taiwan-side,1987-2015_cross_strait_diffusion,official_itinerary_file,tertiary,0.2,1.0,0.76,1.0,0.76
BATCH_W_024,Taiwan-side,1987-2015_cross_strait_diffusion,official_itinerary_file,tertiary,0.2,1.0,0.76,1.0,0.76
BATCH_W_025,Taiwan-side,1987-2015_cross_strait_diffusion,official_itinerary_file,tertiary,0.2,1.0,0.76,1.0,0.76
BATCH_W_026,Taiwan-side,1987-2015_cross_strait_diffusion,official_itinerary_file,tertiary,0.2,1.0,0.76,1.0,0.76
BATCH_W_027,Taiwan-side,1987-2015_cross_strait_diffusion,official_itinerary_file,tertiary,0.2,1.0,0.76,1.0,0.76
BATCH_W_028,Taiwan-side,1987-2015_cross_strait_diffusion,official_itinerary_file,tertiary,0.2,1.0,0.76,1.0,0.76
BATCH_W_029,Taiwan-side,1987-2015_cross_strait_diffusion,official_itinerary_file,tertiary,0.2,1.0,0.76,1.0,0.76
BATCH_W_030,Taiwan-side,1987-2015_cross_strait_diffusion,official_itinerary_file,tertiary,0.2,1.0,0.76,1.0,0.76
BATCH_W_031,Taiwan-side,2015-2025_internet_wanghong_capital,official_food_file,tertiary,0.2,1.0,0.76,1.0,0.76
BATCH_W_032,Taiwan-side,2015-2025_internet_wanghong_capital,official_food_file,tertiary,0.2,1.0,0.76,1.0,0.76
BATCH_W_033,Taiwan-side,2015-2025_internet_wanghong_capital,official_food_file,tertiary,0.2,1.0,0.76,1.0,0.76
BATCH_W_034,Taiwan-side,2015-2025_internet_wanghong_capital,official_food_file,tertiary,0.2,1.0,0.76,1.0,0.76
BATCH_W_035,Taiwan-side,2015-2025_internet_wanghong_capital,official_food_file,tertiary,0.2,1.0,0.76,1.0,0.76
BATCH_W_036,Taiwan-side,2015-2025_internet_wanghong_capital,official_food_file,tertiary,0.2,1.0,0.76,1.0,0.76
BATCH_W_037,Taiwan-side,2015-2025_internet_wanghong_capital,official_food_file,tertiary,0.2,1.0,0.76,1.0,0.76
BATCH_W_038,Taiwan-side,2015-2025_internet_wanghong_capital,official_food_file,tertiary,0.2,1.0,0.76,1.0,0.76
BATCH_W_039,Taiwan-side,2015-2025_internet_wanghong_capital,official_food_file,tertiary,0.2,1.0,0.76,1.0,0.76
BATCH_W_040,Taiwan-side,2015-2025_internet_wanghong_capital,official_food_file,tertiary,0.2,1.0,0.76,1.0,0.76
BATCH_W_041,Taiwan-side,2015-2025_internet_wanghong_capital,official_tourism_profile,tertiary,0.2,1.0,0.76,1.0,0.76
BATCH_W_042,Taiwan-side,2015-2025_internet_wanghong_capital,official_tourism_profile,tertiary,0.2,1.0,0.76,1.0,0.76
BATCH_W_043,Taiwan-side,2015-2025_internet_wanghong_capital,official_tourism_profile,tertiary,0.2,1.0,0.76,1.0,0.76
BATCH_W_044,Taiwan-side,2015-2025_internet_wanghong_capital,official_tourism_profile,tertiary,0.2,1.0,0.76,1.0,0.76
BATCH_W_045,Taiwan-side,2015-2025_internet_wanghong_capital,official_tourism_profile,tertiary,0.2,1.0,0.76,1.0,0.76
BATCH_W_046,Taiwan-side,2015-2025_internet_wanghong_capital,official_tourism_profile,tertiary,0.2,0.0588,0.1012,1.0,0.1012
BATCH_W_047,Taiwan-side,2015-2025_internet_wanghong_capital,official_tourism_profile,tertiary,0.2,1.0,0.76,1.0,0.76
BATCH_W_048,Taiwan-side,2015-2025_internet_wanghong_capital,official_tourism_profile,tertiary,0.2,1.0,0.76,1.0,0.76
BATCH_W_049,Taiwan-side,2015-2025_internet_wanghong_capital,official_tourism_profile,tertiary,0.2,1.0,0.76,1.0,0.76
BATCH_W_050,Taiwan-side,2015-2025_internet_wanghong_capital,official_tourism_profile,tertiary,0.2,1.0,0.76,1.0,0.76
BATCH_W_051,Taiwan-side,2015-2025_internet_wanghong_capital,official_event_page,tertiary,0.2,1.0,0.76,1.0,0.76
BATCH_W_052,Taiwan-side,2015-2025_internet_wanghong_capital,official_event_page,tertiary,0.2,1.0,0.76,1.0,0.76
BATCH_W_053,Taiwan-side,2015-2025_internet_wanghong_capital,official_event_page,tertiary,0.2,1.0,0.76,1.0,0.76
BATCH_W_054,Taiwan-side,2015-2025_internet_wanghong_capital,official_event_page,tertiary,0.2,1.0,0.76,1.0,0.76
BATCH_W_055,Taiwan-side,2015-2025_internet_wanghong_capital,official_event_page,tertiary,0.2,1.0,0.76,1.0,0.76
BATCH_W_056,Taiwan-side,2015-2025_internet_wanghong_capital,official_event_page,tertiary,0.2,1.0,0.76,1.0,0.76
BATCH_W_057,Taiwan-side,2015-2025_internet_wanghong_capital,official_event_page,tertiary,0.2,1.0,0.76,1.0,0.76
BATCH_W_058,Taiwan-side,2015-2025_internet_wanghong_capital,official_event_page,tertiary,0.2,1.0,0.76,1.0,0.76
BATCH_W_059,Taiwan-side,2015-2025_internet_wanghong_capital,official_event_page,tertiary,0.2,1.0,0.76,1.0,0.76
BATCH_W_060,Taiwan-side,2015-2025_internet_wanghong_capital,official_event_page,tertiary,0.2,1.0,0.76,1.0,0.76
BATCH_W_061,Taiwan-side,2015-2025_internet_wanghong_capital,official_event_page,tertiary,0.2,0.25,0.235,1.0,0.235
BATCH_W_062,Taiwan-side,2015-2025_internet_wanghong_capital,official_event_page,tertiary,0.2,0.25,0.235,1.0,0.235
BATCH_W_063,Taiwan-side,2015-2025_internet_wanghong_capital,official_event_page,tertiary,0.2,0.25,0.235,1.0,0.235
BATCH_W_064,Taiwan-side,2015-2025_internet_wanghong_capital,official_event_page,tertiary,0.2,0.25,0.235,1.0,0.235
BATCH_W_065,Taiwan-side,2015-2025_internet_wanghong_capital,official_event_page,tertiary,0.2,0.25,0.235,1.0,0.235
BATCH_W_066,Taiwan-side,2015-2025_internet_wanghong_capital,official_event_page,tertiary,0.2,0.25,0.235,1.0,0.235
BATCH_W_067,Taiwan-side,2015-2025_internet_wanghong_capital,official_event_page,tertiary,0.2,0.25,0.235,1.0,0.235
BATCH_W_068,Taiwan-side,2015-2025_internet_wanghong_capital,official_event_page,tertiary,0.2,0.25,0.235,1.0,0.235
BATCH_W_069,Taiwan-side,2015-2025_internet_wanghong_capital,official_event_page,tertiary,0.2,0.25,0.235,1.0,0.235
BATCH_W_070,Taiwan-side,2015-2025_internet_wanghong_capital,official_event_page,tertiary,0.2,0.25,0.235,1.0,0.235
BATCH_W_071,Taiwan-side,2015-2025_internet_wanghong_capital,official_event_page,tertiary,0.2,0.25,0.235,1.0,0.235
BATCH_W_072,Taiwan-side,2015-2025_internet_wanghong_capital,official_event_page,tertiary,0.2,0.25,0.235,1.0,0.235
BATCH_W_073,Taiwan-side,2015-2025_internet_wanghong_capital,official_event_page,tertiary,0.2,0.25,0.235,1.0,0.235
BATCH_W_074,Taiwan-side,2015-2025_internet_wanghong_capital,official_event_page,tertiary,0.2,0.25,0.235,1.0,0.235
BATCH_W_075,Taiwan-side,2015-2025_internet_wanghong_capital,official_event_page,tertiary,0.2,0.25,0.235,1.0,0.235
BATCH_W_076,Taiwan-side,2015-2025_internet_wanghong_capital,official_event_page,tertiary,0.2,0.25,0.235,1.0,0.235
BATCH_W_077,Taiwan-side,2015-2025_internet_wanghong_capital,official_event_page,tertiary,0.2,0.25,0.235,1.0,0.235
BATCH_W_078,Taiwan-side,2015-2025_internet_wanghong_capital,official_event_page,tertiary,0.2,0.25,0.235,1.0,0.235
BATCH_W_079,Taiwan-side,2015-2025_internet_wanghong_capital,official_event_page,tertiary,0.2,0.25,0.235,1.0,0.235
BATCH_W_080,Taiwan-side,2015-2025_internet_wanghong_capital,official_event_page,tertiary,0.2,0.25,0.235,1.0,0.235
BATCH_W_081,Taiwan-side,2015-2025_internet_wanghong_capital,official_event_page,tertiary,0.2,0.25,0.235,1.0,0.235
BATCH_W_082,Taiwan-side,2015-2025_internet_wanghong_capital,official_event_page,tertiary,0.2,0.25,0.235,1.0,0.235
BATCH_W_083,Taiwan-side,2015-2025_internet_wanghong_capital,official_event_page,tertiary,0.2,0.25,0.235,1.0,0.235
BATCH_W_084,Taiwan-side,2015-2025_internet_wanghong_capital,official_event_page,tertiary,0.2,0.25,0.235,1.0,0.235
BATCH_W_085,Taiwan-side,2015-2025_internet_wanghong_capital,official_event_page,tertiary,0.2,0.25,0.235,1.0,0.235
BATCH_W_086,Taiwan-side,2015-2025_internet_wanghong_capital,official_event_page,tertiary,0.2,0.25,0.235,1.0,0.235
BATCH_W_087,Taiwan-side,2015-2025_internet_wanghong_capital,official_event_page,tertiary,0.2,0.25,0.235,1.0,0.235
BATCH_W_088,Taiwan-side,2015-2025_internet_wanghong_capital,official_event_page,tertiary,0.2,0.25,0.235,1.0,0.235
BATCH_W_089,Taiwan-side,2015-2025_internet_wanghong_capital,official_event_page,tertiary,0.2,0.25,0.235,1.0,0.235
BATCH_W_090,Taiwan-side,2015-2025_internet_wanghong_capital,official_event_page,tertiary,0.2,0.25,0.235,1.0,0.235
BATCH_W_091,Singapore,1946-1987_taiwan_side_formation,newspaper_issue,primary,1.2,1.0,1.06,1.0,1.06
BATCH_W_092,Singapore,1946-1987_taiwan_side_formation,newspaper_issue,primary,1.2,1.0,1.06,1.0,1.06
BATCH_W_093,Singapore,1987-2015_cross_strait_diffusion,newspaper_issue,primary,1.2,1.0,1.06,1.0,1.06
BATCH_W_094,Singapore,1987-2015_cross_strait_diffusion,newspaper_issue,primary,1.2,1.0,1.06,1.0,1.06
BATCH_W_095,Singapore,1987-2015_cross_strait_diffusion,newspaper_issue,primary,1.2,1.0,1.06,1.0,1.06
BATCH_W_096,Singapore,1987-2015_cross_strait_diffusion,newspaper_issue,primary,1.2,1.0,1.06,1.0,1.06
BATCH_W_097,Singapore,1987-2015_cross_strait_diffusion,newspaper_issue,primary,1.2,1.0,1.06,1.0,1.06
BATCH_W_098,Singapore,2015-2025_internet_wanghong_capital,newspaper_issue,primary,1.2,1.0,1.06,1.0,1.06
BATCH_W_099,Singapore,2015-2025_internet_wanghong_capital,newspaper_issue,primary,1.2,1.0,1.06,1.0,1.06
BATCH_W_100,Singapore,1987-2015_cross_strait_diffusion,newspaper_issue,primary,1.2,1.0,1.06,1.0,1.06
BATCH_X_001,Taiwan-side,2015-2025_internet_wanghong_capital,official_event_page,tertiary,0.2,1.0,0.76,1.0,0.76
BATCH_X_002,Taiwan-side,2015-2025_internet_wanghong_capital,official_event_page,tertiary,0.2,1.0,0.76,1.0,0.76
BATCH_X_003,Taiwan-side,2015-2025_internet_wanghong_capital,official_event_page,tertiary,0.2,1.0,0.76,1.0,0.76
BATCH_X_004,Taiwan-side,2015-2025_internet_wanghong_capital,official_event_page,tertiary,0.2,1.0,0.76,1.0,0.76
BATCH_X_005,Taiwan-side,2015-2025_internet_wanghong_capital,official_event_page,tertiary,0.2,1.0,0.76,1.0,0.76
BATCH_X_006,Taiwan-side,2015-2025_internet_wanghong_capital,official_event_page,tertiary,0.2,1.0,0.76,1.0,0.76
BATCH_X_007,Taiwan-side,2015-2025_internet_wanghong_capital,official_event_page,tertiary,0.2,1.0,0.76,1.0,0.76
BATCH_X_008,Taiwan-side,2015-2025_internet_wanghong_capital,official_event_page,tertiary,0.2,1.0,0.76,1.0,0.76
BATCH_X_009,Taiwan-side,2015-2025_internet_wanghong_capital,official_event_page,tertiary,0.2,1.0,0.76,1.0,0.76
BATCH_X_010,Taiwan-side,2015-2025_internet_wanghong_capital,official_event_page,tertiary,0.2,1.0,0.76,1.0,0.76
BATCH_X_011,Taiwan-side,2015-2025_internet_wanghong_capital,official_event_page,tertiary,0.2,1.0,0.76,1.0,0.76
BATCH_X_012,Taiwan-side,2015-2025_internet_wanghong_capital,official_event_page,tertiary,0.2,1.0,0.76,1.0,0.76
BATCH_X_013,Taiwan-side,2015-2025_internet_wanghong_capital,official_event_page,tertiary,0.2,1.0,0.76,1.0,0.76
BATCH_X_014,Taiwan-side,2015-2025_internet_wanghong_capital,official_event_page,tertiary,0.2,1.0,0.76,1.0,0.76
BATCH_X_015,Taiwan-side,2015-2025_internet_wanghong_capital,official_event_page,tertiary,0.2,1.0,0.76,1.0,0.76
BATCH_X_016,Taiwan-side,2015-2025_internet_wanghong_capital,official_event_page,tertiary,0.2,1.0,0.76,1.0,0.76
BATCH_X_017,Taiwan-side,2015-2025_internet_wanghong_capital,official_event_page,tertiary,0.2,1.0,0.76,1.0,0.76
BATCH_X_018,Taiwan-side,2015-2025_internet_wanghong_capital,official_event_page,tertiary,0.2,1.0,0.76,1.0,0.76
BATCH_X_019,Taiwan-side,2015-2025_internet_wanghong_capital,official_event_page,tertiary,0.2,1.0,0.76,1.0,0.76
BATCH_X_020,Taiwan-side,2015-2025_internet_wanghong_capital,official_event_page,tertiary,0.2,1.0,0.76,1.0,0.76
BATCH_X_021,Taiwan-side,2015-2025_internet_wanghong_capital,official_event_page,tertiary,0.2,1.0,0.76,1.0,0.76
BATCH_X_022,Taiwan-side,2015-2025_internet_wanghong_capital,official_event_page,tertiary,0.2,1.0,0.76,1.0,0.76
BATCH_X_023,Taiwan-side,2015-2025_internet_wanghong_capital,official_event_page,tertiary,0.2,1.0,0.76,1.0,0.76
BATCH_X_024,Taiwan-side,2015-2025_internet_wanghong_capital,official_event_page,tertiary,0.2,1.0,0.76,1.0,0.76
BATCH_X_025,Taiwan-side,2015-2025_internet_wanghong_capital,official_event_page,tertiary,0.2,1.0,0.76,1.0,0.76
BATCH_X_026,Taiwan-side,2015-2025_internet_wanghong_capital,official_event_page,tertiary,0.2,1.0,0.76,1.0,0.76
BATCH_X_027,Taiwan-side,2015-2025_internet_wanghong_capital,official_event_page,tertiary,0.2,1.0,0.76,1.0,0.76
BATCH_X_028,Taiwan-side,2015-2025_internet_wanghong_capital,official_event_page,tertiary,0.2,1.0,0.76,1.0,0.76
BATCH_X_029,Taiwan-side,2015-2025_internet_wanghong_capital,official_event_page,tertiary,0.2,1.0,0.76,1.0,0.76
BATCH_X_030,Taiwan-side,2015-2025_internet_wanghong_capital,official_event_page,tertiary,0.2,1.0,0.76,1.0,0.76
BATCH_X_031,Taiwan-side,2015-2025_internet_wanghong_capital,official_activity_page,tertiary,0.2,1.0,0.76,1.0,0.76
BATCH_X_032,Taiwan-side,2015-2025_internet_wanghong_capital,official_activity_page,tertiary,0.2,1.0,0.76,1.0,0.76
BATCH_X_033,Taiwan-side,2015-2025_internet_wanghong_capital,official_activity_page,tertiary,0.2,1.0,0.76,1.0,0.76
BATCH_X_034,Taiwan-side,2015-2025_internet_wanghong_capital,official_activity_page,tertiary,0.2,1.0,0.76,1.0,0.76
BATCH_X_035,Taiwan-side,2015-2025_internet_wanghong_capital,official_activity_page,tertiary,0.2,1.0,0.76,1.0,0.76
BATCH_X_036,Taiwan-side,2015-2025_internet_wanghong_capital,official_activity_page,tertiary,0.2,1.0,0.76,1.0,0.76
BATCH_X_037,Taiwan-side,2015-2025_internet_wanghong_capital,official_activity_page,tertiary,0.2,1.0,0.76,1.0,0.76
BATCH_X_038,Taiwan-side,2015-2025_internet_wanghong_capital,official_activity_page,tertiary,0.2,1.0,0.76,1.0,0.76
BATCH_X_039,Taiwan-side,2015-2025_internet_wanghong_capital,official_activity_page,tertiary,0.2,1.0,0.76,1.0,0.76
BATCH_X_040,Taiwan-side,2015-2025_internet_wanghong_capital,official_activity_page,tertiary,0.2,1.0,0.76,1.0,0.76
BATCH_X_041,Taiwan-side,2015-2025_internet_wanghong_capital,official_event_page,tertiary,0.2,1.0,0.76,1.0,0.76
BATCH_X_042,Taiwan-side,2015-2025_internet_wanghong_capital,official_event_page,tertiary,0.2,1.0,0.76,1.0,0.76
BATCH_X_043,Taiwan-side,2015-2025_internet_wanghong_capital,official_event_page,tertiary,0.2,1.0,0.76,1.0,0.76
BATCH_X_044,Taiwan-side,2015-2025_internet_wanghong_capital,official_event_page,tertiary,0.2,1.0,0.76,1.0,0.76
BATCH_X_045,Taiwan-side,2015-2025_internet_wanghong_capital,official_event_page,tertiary,0.2,1.0,0.76,1.0,0.76
BATCH_X_046,Taiwan-side,2015-2025_internet_wanghong_capital,official_event_page,tertiary,0.2,1.0,0.76,1.0,0.76
BATCH_X_047,Taiwan-side,2015-2025_internet_wanghong_capital,official_event_page,tertiary,0.2,1.0,0.76,1.0,0.76
BATCH_X_048,Taiwan-side,2015-2025_internet_wanghong_capital,official_event_page,tertiary,0.2,1.0,0.76,1.0,0.76
BATCH_X_049,Taiwan-side,2015-2025_internet_wanghong_capital,official_event_page,tertiary,0.2,1.0,0.76,1.0,0.76
BATCH_X_050,Taiwan-side,2015-2025_internet_wanghong_capital,official_event_page,tertiary,0.2,1.0,0.76,1.0,0.76
BATCH_X_051,Taiwan-side,2015-2025_internet_wanghong_capital,official_event_page,tertiary,0.2,1.0,0.76,1.0,0.76
BATCH_X_052,Taiwan-side,2015-2025_internet_wanghong_capital,official_event_page,tertiary,0.2,1.0,0.76,1.0,0.76
BATCH_X_053,Taiwan-side,2015-2025_internet_wanghong_capital,official_event_page,tertiary,0.2,1.0,0.76,1.0,0.76
BATCH_X_054,Taiwan-side,2015-2025_internet_wanghong_capital,official_event_page,tertiary,0.2,1.0,0.76,1.0,0.76
BATCH_X_055,Taiwan-side,2015-2025_internet_wanghong_capital,official_event_page,tertiary,0.2,1.0,0.76,1.0,0.76
BATCH_X_056,Taiwan-side,2015-2025_internet_wanghong_capital,official_event_page,tertiary,0.2,1.0,0.76,1.0,0.76
BATCH_X_057,Taiwan-side,2015-2025_internet_wanghong_capital,official_event_page,tertiary,0.2,1.0,0.76,1.0,0.76
BATCH_X_058,Taiwan-side,2015-2025_internet_wanghong_capital,official_event_page,tertiary,0.2,0.2353,0.2247,1.0,0.2247
BATCH_X_059,Taiwan-side,2015-2025_internet_wanghong_capital,official_event_page,tertiary,0.2,0.3333,0.2933,1.0,0.2933
BATCH_X_060,Taiwan-side,2015-2025_internet_wanghong_capital,official_event_page,tertiary,0.2,1.0,0.76,1.0,0.76
BATCH_X_061,Taiwan-side,2015-2025_internet_wanghong_capital,official_event_page,tertiary,0.2,1.0,0.76,1.0,0.76
BATCH_X_062,Taiwan-side,2015-2025_internet_wanghong_capital,official_event_page,tertiary,0.2,1.0,0.76,1.0,0.76
BATCH_X_063,Taiwan-side,2015-2025_internet_wanghong_capital,official_event_page,tertiary,0.2,1.0,0.76,1.0,0.76
BATCH_X_064,Taiwan-side,2015-2025_internet_wanghong_capital,official_event_page,tertiary,0.2,1.0,0.76,1.0,0.76
BATCH_X_065,Taiwan-side,2015-2025_internet_wanghong_capital,official_event_page,tertiary,0.2,1.0,0.76,1.0,0.76
BATCH_X_066,Taiwan-side,2015-2025_internet_wanghong_capital,official_event_page,tertiary,0.2,1.0,0.76,1.0,0.76
BATCH_X_067,Taiwan-side,2015-2025_internet_wanghong_capital,official_event_page,tertiary,0.2,1.0,0.76,1.0,0.76
BATCH_X_068,Taiwan-side,2015-2025_internet_wanghong_capital,official_event_page,tertiary,0.2,1.0,0.76,1.0,0.76
BATCH_X_069,Taiwan-side,2015-2025_internet_wanghong_capital,official_event_page,tertiary,0.2,1.0,0.76,1.0,0.76
BATCH_X_070,Taiwan-side,2015-2025_internet_wanghong_capital,official_event_page,tertiary,0.2,1.0,0.76,1.0,0.76
BATCH_X_071,Taiwan-side,2015-2025_internet_wanghong_capital,official_event_page,tertiary,0.2,1.0,0.76,1.0,0.76
BATCH_X_072,Taiwan-side,2015-2025_internet_wanghong_capital,official_event_page,tertiary,0.2,1.0,0.76,1.0,0.76
BATCH_X_073,Taiwan-side,2015-2025_internet_wanghong_capital,official_event_page,tertiary,0.2,1.0,0.76,1.0,0.76
BATCH_X_074,Taiwan-side,2015-2025_internet_wanghong_capital,official_event_page,tertiary,0.2,1.0,0.76,1.0,0.76
BATCH_X_075,Taiwan-side,2015-2025_internet_wanghong_capital,official_event_page,tertiary,0.2,1.0,0.76,1.0,0.76
BATCH_X_076,Taiwan-side,2015-2025_internet_wanghong_capital,official_event_page,tertiary,0.2,1.0,0.76,1.0,0.76
BATCH_X_077,Taiwan-side,2015-2025_internet_wanghong_capital,official_event_page,tertiary,0.2,1.0,0.76,1.0,0.76
BATCH_X_078,Taiwan-side,2015-2025_internet_wanghong_capital,official_event_page,tertiary,0.2,1.0,0.76,1.0,0.76
BATCH_X_079,Taiwan-side,2015-2025_internet_wanghong_capital,official_event_page,tertiary,0.2,1.0,0.76,1.0,0.76
BATCH_X_080,Taiwan-side,2015-2025_internet_wanghong_capital,official_event_page,tertiary,0.2,1.0,0.76,1.0,0.76
BATCH_X_081,Taiwan-side,2015-2025_internet_wanghong_capital,official_tourism_profile,tertiary,0.2,1.0,0.76,1.0,0.76
BATCH_X_082,Taiwan-side,2015-2025_internet_wanghong_capital,official_tourism_profile,tertiary,0.2,1.0,0.76,1.0,0.76
BATCH_X_083,Taiwan-side,2015-2025_internet_wanghong_capital,official_tourism_profile,tertiary,0.2,1.0,0.76,1.0,0.76
BATCH_X_084,Taiwan-side,2015-2025_internet_wanghong_capital,official_tourism_profile,tertiary,0.2,1.0,0.76,1.0,0.76
BATCH_X_085,Taiwan-side,2015-2025_internet_wanghong_capital,official_tourism_profile,tertiary,0.2,1.0,0.76,1.0,0.76
BATCH_X_086,Taiwan-side,2015-2025_internet_wanghong_capital,official_tourism_profile,tertiary,0.2,1.0,0.76,1.0,0.76
BATCH_X_087,Taiwan-side,2015-2025_internet_wanghong_capital,official_tourism_profile,tertiary,0.2,1.0,0.76,1.0,0.76
BATCH_X_088,Taiwan-side,2015-2025_internet_wanghong_capital,official_tourism_profile,tertiary,0.2,1.0,0.76,1.0,0.76
BATCH_X_089,Taiwan-side,2015-2025_internet_wanghong_capital,official_tourism_profile,tertiary,0.2,1.0,0.76,1.0,0.76
BATCH_X_090,Taiwan-side,2015-2025_internet_wanghong_capital,official_tourism_profile,tertiary,0.2,1.0,0.76,1.0,0.76
BATCH_X_091,Taiwan-side,1987-2015_cross_strait_diffusion,official_tourism_file,tertiary,0.2,0.2353,0.2247,1.0,0.2247
BATCH_X_092,Taiwan-side,1987-2015_cross_strait_diffusion,official_tourism_file,tertiary,0.2,0.2353,0.2247,1.0,0.2247
BATCH_X_093,Taiwan-side,1987-2015_cross_strait_diffusion,official_tourism_file,tertiary,0.2,0.2353,0.2247,1.0,0.2247
BATCH_X_094,Taiwan-side,1987-2015_cross_strait_diffusion,official_tourism_file,tertiary,0.2,0.2353,0.2247,1.0,0.2247
BATCH_X_095,Taiwan-side,1987-2015_cross_strait_diffusion,official_tourism_file,tertiary,0.2,0.2353,0.2247,1.0,0.2247
BATCH_X_096,Taiwan-side,1987-2015_cross_strait_diffusion,official_tourism_file,tertiary,0.2,0.2353,0.2247,1.0,0.2247
BATCH_X_097,Taiwan-side,1987-2015_cross_strait_diffusion,official_tourism_file,tertiary,0.2,0.2353,0.2247,1.0,0.2247
BATCH_X_098,Taiwan-side,1987-2015_cross_strait_diffusion,official_tourism_file,tertiary,0.2,0.2353,0.2247,1.0,0.2247
BATCH_X_099,Taiwan-side,1987-2015_cross_strait_diffusion,official_tourism_file,tertiary,0.2,0.2353,0.2247,1.0,0.2247
BATCH_X_100,Taiwan-side,1987-2015_cross_strait_diffusion,official_tourism_file,tertiary,0.2,0.2353,0.2247,1.0,0.2247
BATCH_Y_001,Taiwan-side,1987-2015_cross_strait_diffusion,official_food_competition_file,tertiary,0.2,1.0,0.76,1.0,0.76
BATCH_Y_002,Taiwan-side,1987-2015_cross_strait_diffusion,official_food_competition_file,tertiary,0.2,1.0,0.76,1.0,0.76
BATCH_Y_003,Taiwan-side,1987-2015_cross_strait_diffusion,official_food_competition_file,tertiary,0.2,1.0,0.76,1.0,0.76
BATCH_Y_004,Taiwan-side,1987-2015_cross_strait_diffusion,official_food_competition_file,tertiary,0.2,1.0,0.76,1.0,0.76
BATCH_Y_005,Taiwan-side,1987-2015_cross_strait_diffusion,official_food_competition_file,tertiary,0.2,1.0,0.76,1.0,0.76
BATCH_Y_006,Taiwan-side,1987-2015_cross_strait_diffusion,official_food_competition_file,tertiary,0.2,1.0,0.76,1.0,0.76
BATCH_Y_007,Taiwan-side,1987-2015_cross_strait_diffusion,official_food_competition_file,tertiary,0.2,1.0,0.76,1.0,0.76
BATCH_Y_008,Taiwan-side,1987-2015_cross_strait_diffusion,official_food_competition_file,tertiary,0.2,1.0,0.76,1.0,0.76
BATCH_Y_009,Taiwan-side,1987-2015_cross_strait_diffusion,official_food_competition_file,tertiary,0.2,1.0,0.76,1.0,0.76
BATCH_Y_010,Taiwan-side,1987-2015_cross_strait_diffusion,official_food_competition_file,tertiary,0.2,1.0,0.76,1.0,0.76
BATCH_Y_011,Taiwan-side,1987-2015_cross_strait_diffusion,official_tourism_file,tertiary,0.2,1.0,0.76,1.0,0.76
BATCH_Y_012,Taiwan-side,1987-2015_cross_strait_diffusion,official_tourism_file,tertiary,0.2,1.0,0.76,1.0,0.76
BATCH_Y_013,Taiwan-side,1987-2015_cross_strait_diffusion,official_tourism_file,tertiary,0.2,1.0,0.76,1.0,0.76
BATCH_Y_014,Taiwan-side,1987-2015_cross_strait_diffusion,official_tourism_file,tertiary,0.2,1.0,0.76,1.0,0.76
BATCH_Y_015,Taiwan-side,1987-2015_cross_strait_diffusion,official_tourism_file,tertiary,0.2,1.0,0.76,1.0,0.76
BATCH_Y_016,Taiwan-side,1987-2015_cross_strait_diffusion,official_tourism_file,tertiary,0.2,1.0,0.76,1.0,0.76
BATCH_Y_017,Taiwan-side,1987-2015_cross_strait_diffusion,official_tourism_file,tertiary,0.2,1.0,0.76,1.0,0.76
BATCH_Y_018,Taiwan-side,1987-2015_cross_strait_diffusion,official_tourism_file,tertiary,0.2,1.0,0.76,1.0,0.76
BATCH_Y_019,Taiwan-side,1987-2015_cross_strait_diffusion,official_tourism_file,tertiary,0.2,1.0,0.76,1.0,0.76
BATCH_Y_020,Taiwan-side,1987-2015_cross_strait_diffusion,official_tourism_file,tertiary,0.2,1.0,0.76,1.0,0.76
BATCH_Y_021,Taiwan-side,1987-2015_cross_strait_diffusion,official_itinerary_file,tertiary,0.2,1.0,0.76,1.0,0.76
BATCH_Y_022,Taiwan-side,1987-2015_cross_strait_diffusion,official_itinerary_file,tertiary,0.2,1.0,0.76,1.0,0.76
BATCH_Y_023,Taiwan-side,1987-2015_cross_strait_diffusion,official_itinerary_file,tertiary,0.2,1.0,0.76,1.0,0.76
BATCH_Y_024,Taiwan-side,1987-2015_cross_strait_diffusion,official_itinerary_file,tertiary,0.2,1.0,0.76,1.0,0.76
BATCH_Y_025,Taiwan-side,1987-2015_cross_strait_diffusion,official_itinerary_file,tertiary,0.2,1.0,0.76,1.0,0.76
BATCH_Y_026,Taiwan-side,1987-2015_cross_strait_diffusion,official_itinerary_file,tertiary,0.2,1.0,0.76,1.0,0.76
BATCH_Y_027,Taiwan-side,1987-2015_cross_strait_diffusion,official_itinerary_file,tertiary,0.2,1.0,0.76,1.0,0.76
BATCH_Y_028,Taiwan-side,1987-2015_cross_strait_diffusion,official_itinerary_file,tertiary,0.2,1.0,0.76,1.0,0.76
BATCH_Y_029,Taiwan-side,1987-2015_cross_strait_diffusion,official_itinerary_file,tertiary,0.2,1.0,0.76,1.0,0.76
BATCH_Y_030,Taiwan-side,1987-2015_cross_strait_diffusion,official_itinerary_file,tertiary,0.2,1.0,0.76,1.0,0.76
BATCH_Y_031,Taiwan-side,1987-2015_cross_strait_diffusion,official_event_page,tertiary,0.2,1.0,0.76,1.0,0.76
BATCH_Y_032,Taiwan-side,1987-2015_cross_strait_diffusion,official_event_page,tertiary,0.2,1.0,0.76,1.0,0.76
BATCH_Y_033,Taiwan-side,1987-2015_cross_strait_diffusion,official_event_page,tertiary,0.2,1.0,0.76,1.0,0.76
BATCH_Y_034,Taiwan-side,1987-2015_cross_strait_diffusion,official_event_page,tertiary,0.2,1.0,0.76,1.0,0.76
BATCH_Y_035,Taiwan-side,1987-2015_cross_strait_diffusion,official_event_page,tertiary,0.2,1.0,0.76,1.0,0.76
BATCH_Y_036,Taiwan-side,1987-2015_cross_strait_diffusion,official_event_page,tertiary,0.2,0.2353,0.2247,1.0,0.2247
BATCH_Y_037,Taiwan-side,1987-2015_cross_strait_diffusion,official_event_page,tertiary,0.2,1.0,0.76,1.0,0.76
BATCH_Y_038,Taiwan-side,1987-2015_cross_strait_diffusion,official_event_page,tertiary,0.2,1.0,0.76,1.0,0.76
BATCH_Y_039,Taiwan-side,1987-2015_cross_strait_diffusion,official_event_page,tertiary,0.2,1.0,0.76,1.0,0.76
BATCH_Y_040,Taiwan-side,1987-2015_cross_strait_diffusion,official_event_page,tertiary,0.2,1.0,0.76,1.0,0.76
BATCH_Y_041,Taiwan-side,2015-2025_internet_wanghong_capital,official_tourism_route,tertiary,0.2,1.0,0.76,1.0,0.76
BATCH_Y_042,Taiwan-side,2015-2025_internet_wanghong_capital,official_tourism_route,tertiary,0.2,1.0,0.76,1.0,0.76
BATCH_Y_043,Taiwan-side,2015-2025_internet_wanghong_capital,official_tourism_route,tertiary,0.2,1.0,0.76,1.0,0.76
BATCH_Y_044,Taiwan-side,2015-2025_internet_wanghong_capital,official_tourism_route,tertiary,0.2,1.0,0.76,1.0,0.76
BATCH_Y_045,Taiwan-side,2015-2025_internet_wanghong_capital,official_tourism_route,tertiary,0.2,1.0,0.76,1.0,0.76
BATCH_Y_046,Taiwan-side,2015-2025_internet_wanghong_capital,official_tourism_route,tertiary,0.2,1.0,0.76,1.0,0.76
BATCH_Y_047,Taiwan-side,2015-2025_internet_wanghong_capital,official_tourism_route,tertiary,0.2,1.0,0.76,1.0,0.76
BATCH_Y_048,Taiwan-side,2015-2025_internet_wanghong_capital,official_tourism_route,tertiary,0.2,1.0,0.76,1.0,0.76
BATCH_Y_049,Taiwan-side,2015-2025_internet_wanghong_capital,official_tourism_route,tertiary,0.2,1.0,0.76,1.0,0.76
BATCH_Y_050,Taiwan-side,2015-2025_internet_wanghong_capital,official_tourism_route,tertiary,0.2,1.0,0.76,1.0,0.76
BATCH_Y_051,Singapore,1987-2015_cross_strait_diffusion,newspaper_issue,primary,1.2,1.0,1.06,1.0,1.06
BATCH_Y_052,Singapore,1987-2015_cross_strait_diffusion,newspaper_issue,primary,1.2,1.0,1.06,1.0,1.06
BATCH_Y_053,Singapore,1987-2015_cross_strait_diffusion,newspaper_issue,primary,1.2,1.0,1.06,1.0,1.06
BATCH_Y_054,Singapore,1987-2015_cross_strait_diffusion,newspaper_issue,primary,1.2,1.0,1.06,1.0,1.06
BATCH_Y_055,Singapore,1987-2015_cross_strait_diffusion,newspaper_issue,primary,1.2,1.0,1.06,1.0,1.06
BATCH_Y_056,Singapore,1987-2015_cross_strait_diffusion,newspaper_issue,primary,1.2,1.0,1.06,1.0,1.06
BATCH_Y_057,Singapore,1987-2015_cross_strait_diffusion,newspaper_issue,primary,1.2,0.2727,0.5509,1.0,0.5509
BATCH_Y_058,Singapore,1987-2015_cross_strait_diffusion,newspaper_issue,primary,1.2,1.0,1.06,1.0,1.06
BATCH_Y_059,Singapore,1987-2015_cross_strait_diffusion,newspaper_issue,primary,1.2,1.0,1.06,1.0,1.06
BATCH_Y_060,Singapore,1987-2015_cross_strait_diffusion,newspaper_issue,primary,1.2,1.0,1.06,1.0,1.06
BATCH_Y_061,Singapore,1987-2015_cross_strait_diffusion,newspaper_issue,primary,1.2,1.0,1.06,1.0,1.06
BATCH_Y_062,Singapore,1987-2015_cross_strait_diffusion,newspaper_issue,primary,1.2,1.0,1.06,1.0,1.06
BATCH_Y_063,Singapore,1987-2015_cross_strait_diffusion,newspaper_issue,primary,1.2,1.0,1.06,1.0,1.06
BATCH_Y_064,Singapore,1987-2015_cross_strait_diffusion,newspaper_issue,primary,1.2,0.15,0.465,1.0,0.465
BATCH_Y_065,Singapore,1987-2015_cross_strait_diffusion,newspaper_issue,primary,1.2,1.0,1.06,1.0,1.06
BATCH_Y_066,Singapore,1987-2015_cross_strait_diffusion,newspaper_issue,primary,1.2,1.0,1.06,1.0,1.06
BATCH_Y_067,Singapore,1987-2015_cross_strait_diffusion,newspaper_issue,primary,1.2,1.0,1.06,1.0,1.06
BATCH_Y_068,Singapore,1987-2015_cross_strait_diffusion,newspaper_issue,primary,1.2,1.0,1.06,1.0,1.06
BATCH_Y_069,Singapore,1987-2015_cross_strait_diffusion,newspaper_issue,primary,1.2,1.0,1.06,1.0,1.06
BATCH_Y_070,Singapore,1987-2015_cross_strait_diffusion,newspaper_issue,primary,1.2,1.0,1.06,1.0,1.06
BATCH_Y_071,Singapore,1987-2015_cross_strait_diffusion,newspaper_issue,primary,1.2,1.0,1.06,1.0,1.06
BATCH_Y_072,Singapore,1987-2015_cross_strait_diffusion,newspaper_issue,primary,1.2,1.0,1.06,1.0,1.06
BATCH_Y_073,Singapore,1987-2015_cross_strait_diffusion,newspaper_issue,primary,1.2,1.0,1.06,1.0,1.06
BATCH_Y_074,Singapore,1987-2015_cross_strait_diffusion,newspaper_issue,primary,1.2,0.1429,0.46,1.0,0.46
BATCH_Y_075,Singapore,1987-2015_cross_strait_diffusion,newspaper_issue,primary,1.2,1.0,1.06,1.0,1.06
BATCH_Y_076,Singapore,1987-2015_cross_strait_diffusion,newspaper_issue,primary,1.2,0.2381,0.5267,1.0,0.5267
BATCH_Y_077,Singapore,1987-2015_cross_strait_diffusion,newspaper_issue,primary,1.2,0.1429,0.46,1.0,0.46
BATCH_Y_078,Singapore,1987-2015_cross_strait_diffusion,newspaper_issue,primary,1.2,0.15,0.465,1.0,0.465
BATCH_Y_079,Singapore,1987-2015_cross_strait_diffusion,newspaper_issue,primary,1.2,1.0,1.06,1.0,1.06
BATCH_Y_080,Singapore,1987-2015_cross_strait_diffusion,newspaper_issue,primary,1.2,1.0,1.06,1.0,1.06
BATCH_Y_081,Singapore,1987-2015_cross_strait_diffusion,newspaper_issue,primary,1.2,1.0,1.06,1.0,1.06
BATCH_Y_082,Singapore,1987-2015_cross_strait_diffusion,newspaper_issue,primary,1.2,1.0,1.06,1.0,1.06
BATCH_Y_083,Singapore,1987-2015_cross_strait_diffusion,newspaper_issue,primary,1.2,1.0,1.06,1.0,1.06
BATCH_Y_084,Singapore,1987-2015_cross_strait_diffusion,newspaper_issue,primary,1.2,1.0,1.06,1.0,1.06
BATCH_Y_085,Singapore,1987-2015_cross_strait_diffusion,newspaper_issue,primary,1.2,1.0,1.06,1.0,1.06
BATCH_Y_086,Singapore,1987-2015_cross_strait_diffusion,newspaper_issue,primary,1.2,1.0,1.06,1.0,1.06
BATCH_Y_087,Singapore,1987-2015_cross_strait_diffusion,newspaper_issue,primary,1.2,0.3913,0.6339,1.0,0.6339
BATCH_Y_088,Singapore,1987-2015_cross_strait_diffusion,newspaper_issue,primary,1.2,1.0,1.06,1.0,1.06
BATCH_Y_089,Singapore,1987-2015_cross_strait_diffusion,newspaper_issue,primary,1.2,0.3913,0.6339,1.0,0.6339
BATCH_Y_090,Singapore,1987-2015_cross_strait_diffusion,newspaper_issue,primary,1.2,1.0,1.06,1.0,1.06
BATCH_Y_091,Singapore,1987-2015_cross_strait_diffusion,newspaper_issue,primary,1.2,1.0,1.06,1.0,1.06
BATCH_Y_092,Singapore,1987-2015_cross_strait_diffusion,newspaper_issue,primary,1.2,1.0,1.06,1.0,1.06
BATCH_Y_093,Singapore,1987-2015_cross_strait_diffusion,newspaper_issue,primary,1.2,1.0,1.06,1.0,1.06
BATCH_Y_094,Singapore,1987-2015_cross_strait_diffusion,newspaper_issue,primary,1.2,1.0,1.06,1.0,1.06
BATCH_Y_095,Singapore,1987-2015_cross_strait_diffusion,newspaper_issue,primary,1.2,1.0,1.06,1.0,1.06
BATCH_Y_096,Singapore,1987-2015_cross_strait_diffusion,newspaper_issue,primary,1.2,1.0,1.06,1.0,1.06
BATCH_Y_097,Singapore,1987-2015_cross_strait_diffusion,newspaper_issue,primary,1.2,1.0,1.06,1.0,1.06
BATCH_Y_098,Singapore,1987-2015_cross_strait_diffusion,newspaper_issue,primary,1.2,1.0,1.06,1.0,1.06
BATCH_Y_099,Singapore,1987-2015_cross_strait_diffusion,newspaper_issue,primary,1.2,0.25,0.535,1.0,0.535
BATCH_Y_100,Singapore,1987-2015_cross_strait_diffusion,newspaper_issue,primary,1.2,0.1579,0.4705,1.0,0.4705
BATCH_Z_001,Taiwan-side,2015-2025_internet_wanghong_capital,official_tourism_profile,tertiary,0.2,0.0588,0.1012,1.0,0.1012
BATCH_Z_002,Taiwan-side,2015-2025_internet_wanghong_capital,official_tourism_profile,tertiary,0.2,1.0,0.76,1.0,0.76
BATCH_Z_003,Taiwan-side,2015-2025_internet_wanghong_capital,official_tourism_profile,tertiary,0.2,1.0,0.76,1.0,0.76
BATCH_Z_004,Taiwan-side,2015-2025_internet_wanghong_capital,official_tourism_profile,tertiary,0.2,1.0,0.76,1.0,0.76
BATCH_Z_005,Taiwan-side,2015-2025_internet_wanghong_capital,official_tourism_profile,tertiary,0.2,1.0,0.76,1.0,0.76
BATCH_Z_006,Taiwan-side,2015-2025_internet_wanghong_capital,official_tourism_profile,tertiary,0.2,1.0,0.76,1.0,0.76
BATCH_Z_007,Taiwan-side,2015-2025_internet_wanghong_capital,official_tourism_profile,tertiary,0.2,1.0,0.76,1.0,0.76
BATCH_Z_008,Taiwan-side,2015-2025_internet_wanghong_capital,official_tourism_profile,tertiary,0.2,1.0,0.76,1.0,0.76
BATCH_Z_009,Taiwan-side,2015-2025_internet_wanghong_capital,official_tourism_profile,tertiary,0.2,1.0,0.76,1.0,0.76
BATCH_Z_010,Taiwan-side,2015-2025_internet_wanghong_capital,official_tourism_profile,tertiary,0.2,1.0,0.76,1.0,0.76
BATCH_Z_011,Taiwan-side,2015-2025_internet_wanghong_capital,official_tourism_profile,tertiary,0.2,1.0,0.76,1.0,0.76
BATCH_Z_012,Taiwan-side,2015-2025_internet_wanghong_capital,official_tourism_profile,tertiary,0.2,1.0,0.76,1.0,0.76
BATCH_Z_013,Taiwan-side,2015-2025_internet_wanghong_capital,official_tourism_profile,tertiary,0.2,1.0,0.76,1.0,0.76
BATCH_Z_014,Taiwan-side,2015-2025_internet_wanghong_capital,official_tourism_profile,tertiary,0.2,1.0,0.76,1.0,0.76
BATCH_Z_015,Taiwan-side,2015-2025_internet_wanghong_capital,official_tourism_profile,tertiary,0.2,1.0,0.76,1.0,0.76
BATCH_Z_016,Taiwan-side,2015-2025_internet_wanghong_capital,official_tourism_profile,tertiary,0.2,1.0,0.76,1.0,0.76
BATCH_Z_017,Taiwan-side,2015-2025_internet_wanghong_capital,official_tourism_profile,tertiary,0.2,1.0,0.76,1.0,0.76
BATCH_Z_018,Taiwan-side,2015-2025_internet_wanghong_capital,official_tourism_profile,tertiary,0.2,1.0,0.76,1.0,0.76
BATCH_Z_019,Taiwan-side,2015-2025_internet_wanghong_capital,official_tourism_profile,tertiary,0.2,1.0,0.76,1.0,0.76
BATCH_Z_020,Taiwan-side,2015-2025_internet_wanghong_capital,official_tourism_profile,tertiary,0.2,1.0,0.76,1.0,0.76
BATCH_Z_021,Taiwan-side,2015-2025_internet_wanghong_capital,official_tourism_profile,tertiary,0.2,1.0,0.76,1.0,0.76
BATCH_Z_022,Taiwan-side,2015-2025_internet_wanghong_capital,official_tourism_profile,tertiary,0.2,1.0,0.76,1.0,0.76
BATCH_Z_023,Taiwan-side,2015-2025_internet_wanghong_capital,official_tourism_profile,tertiary,0.2,1.0,0.76,1.0,0.76
BATCH_Z_024,Taiwan-side,2015-2025_internet_wanghong_capital,official_tourism_profile,tertiary,0.2,1.0,0.76,1.0,0.76
BATCH_Z_025,Taiwan-side,2015-2025_internet_wanghong_capital,official_tourism_profile,tertiary,0.2,1.0,0.76,1.0,0.76
BATCH_Z_026,Taiwan-side,2015-2025_internet_wanghong_capital,official_tourism_profile,tertiary,0.2,1.0,0.76,1.0,0.76
BATCH_Z_027,Taiwan-side,2015-2025_internet_wanghong_capital,official_tourism_profile,tertiary,0.2,1.0,0.76,1.0,0.76
BATCH_Z_028,Taiwan-side,2015-2025_internet_wanghong_capital,official_tourism_profile,tertiary,0.2,1.0,0.76,1.0,0.76
BATCH_Z_029,Taiwan-side,2015-2025_internet_wanghong_capital,official_tourism_profile,tertiary,0.2,1.0,0.76,1.0,0.76
BATCH_Z_030,Taiwan-side,2015-2025_internet_wanghong_capital,official_tourism_profile,tertiary,0.2,1.0,0.76,1.0,0.76
BATCH_Z_031,Taiwan-side,2015-2025_internet_wanghong_capital,official_tourism_profile,tertiary,0.2,1.0,0.76,1.0,0.76
BATCH_Z_032,Taiwan-side,2015-2025_internet_wanghong_capital,official_tourism_profile,tertiary,0.2,1.0,0.76,1.0,0.76
BATCH_Z_033,Taiwan-side,2015-2025_internet_wanghong_capital,official_tourism_profile,tertiary,0.2,1.0,0.76,1.0,0.76
BATCH_Z_034,Taiwan-side,2015-2025_internet_wanghong_capital,official_tourism_profile,tertiary,0.2,1.0,0.76,1.0,0.76
BATCH_Z_035,Taiwan-side,2015-2025_internet_wanghong_capital,official_tourism_profile,tertiary,0.2,1.0,0.76,1.0,0.76
BATCH_Z_036,Taiwan-side,2015-2025_internet_wanghong_capital,official_tourism_profile,tertiary,0.2,1.0,0.76,1.0,0.76
BATCH_Z_037,Taiwan-side,2015-2025_internet_wanghong_capital,official_tourism_profile,tertiary,0.2,1.0,0.76,1.0,0.76
BATCH_Z_038,Taiwan-side,2015-2025_internet_wanghong_capital,official_tourism_profile,tertiary,0.2,1.0,0.76,1.0,0.76
BATCH_Z_039,Taiwan-side,2015-2025_internet_wanghong_capital,official_tourism_profile,tertiary,0.2,1.0,0.76,1.0,0.76
BATCH_Z_040,Taiwan-side,2015-2025_internet_wanghong_capital,official_tourism_profile,tertiary,0.2,1.0,0.76,1.0,0.76
BATCH_Z_041,Taiwan-side,2015-2025_internet_wanghong_capital,official_event_page,tertiary,0.2,1.0,0.76,1.0,0.76
BATCH_Z_042,Taiwan-side,2015-2025_internet_wanghong_capital,official_event_page,tertiary,0.2,1.0,0.76,1.0,0.76
BATCH_Z_043,Taiwan-side,2015-2025_internet_wanghong_capital,official_event_page,tertiary,0.2,1.0,0.76,1.0,0.76
BATCH_Z_044,Taiwan-side,2015-2025_internet_wanghong_capital,official_event_page,tertiary,0.2,1.0,0.76,1.0,0.76
BATCH_Z_045,Taiwan-side,2015-2025_internet_wanghong_capital,official_event_page,tertiary,0.2,1.0,0.76,1.0,0.76
BATCH_Z_046,Taiwan-side,2015-2025_internet_wanghong_capital,official_event_page,tertiary,0.2,1.0,0.76,1.0,0.76
BATCH_Z_047,Taiwan-side,2015-2025_internet_wanghong_capital,official_event_page,tertiary,0.2,1.0,0.76,1.0,0.76
BATCH_Z_048,Taiwan-side,2015-2025_internet_wanghong_capital,official_event_page,tertiary,0.2,0.125,0.1475,1.0,0.1475
BATCH_Z_049,Taiwan-side,2015-2025_internet_wanghong_capital,official_event_page,tertiary,0.2,1.0,0.76,1.0,0.76
BATCH_Z_050,Taiwan-side,2015-2025_internet_wanghong_capital,official_event_page,tertiary,0.2,1.0,0.76,1.0,0.76
BATCH_Z_051,Taiwan-side,2015-2025_internet_wanghong_capital,official_event_page,tertiary,0.2,1.0,0.76,1.0,0.76
BATCH_Z_052,Taiwan-side,2015-2025_internet_wanghong_capital,official_event_page,tertiary,0.2,1.0,0.76,1.0,0.76
BATCH_Z_053,Taiwan-side,2015-2025_internet_wanghong_capital,official_event_page,tertiary,0.2,1.0,0.76,1.0,0.76
BATCH_Z_054,Taiwan-side,2015-2025_internet_wanghong_capital,official_event_page,tertiary,0.2,1.0,0.76,1.0,0.76
BATCH_Z_055,Taiwan-side,2015-2025_internet_wanghong_capital,official_event_page,tertiary,0.2,1.0,0.76,1.0,0.76
BATCH_Z_056,Taiwan-side,2015-2025_internet_wanghong_capital,official_event_page,tertiary,0.2,1.0,0.76,1.0,0.76
BATCH_Z_057,Taiwan-side,2015-2025_internet_wanghong_capital,official_event_page,tertiary,0.2,1.0,0.76,1.0,0.76
BATCH_Z_058,Taiwan-side,2015-2025_internet_wanghong_capital,official_event_page,tertiary,0.2,1.0,0.76,1.0,0.76
BATCH_Z_059,Taiwan-side,2015-2025_internet_wanghong_capital,official_event_page,tertiary,0.2,1.0,0.76,1.0,0.76
BATCH_Z_060,Taiwan-side,2015-2025_internet_wanghong_capital,official_event_page,tertiary,0.2,1.0,0.76,1.0,0.76
BATCH_Z_061,Taiwan-side,2015-2025_internet_wanghong_capital,official_event_page,tertiary,0.2,1.0,0.76,1.0,0.76
BATCH_Z_062,Taiwan-side,2015-2025_internet_wanghong_capital,official_event_page,tertiary,0.2,1.0,0.76,1.0,0.76
BATCH_Z_063,Taiwan-side,2015-2025_internet_wanghong_capital,official_event_page,tertiary,0.2,1.0,0.76,1.0,0.76
BATCH_Z_064,Taiwan-side,2015-2025_internet_wanghong_capital,official_event_page,tertiary,0.2,1.0,0.76,1.0,0.76
BATCH_Z_065,Taiwan-side,2015-2025_internet_wanghong_capital,official_event_page,tertiary,0.2,1.0,0.76,1.0,0.76
BATCH_Z_066,Taiwan-side,2015-2025_internet_wanghong_capital,official_event_page,tertiary,0.2,0.125,0.1475,1.0,0.1475
BATCH_Z_067,Taiwan-side,2015-2025_internet_wanghong_capital,official_event_page,tertiary,0.2,0.125,0.1475,1.0,0.1475
BATCH_Z_068,Taiwan-side,2015-2025_internet_wanghong_capital,official_event_page,tertiary,0.2,1.0,0.76,1.0,0.76
BATCH_Z_069,Taiwan-side,2015-2025_internet_wanghong_capital,official_event_page,tertiary,0.2,1.0,0.76,1.0,0.76
BATCH_Z_070,Taiwan-side,2015-2025_internet_wanghong_capital,official_event_page,tertiary,0.2,1.0,0.76,1.0,0.76
BATCH_Z_071,Taiwan-side,2015-2025_internet_wanghong_capital,official_event_page,tertiary,0.2,1.0,0.76,1.0,0.76
BATCH_Z_072,Taiwan-side,2015-2025_internet_wanghong_capital,official_event_page,tertiary,0.2,1.0,0.76,1.0,0.76
BATCH_Z_073,Taiwan-side,2015-2025_internet_wanghong_capital,official_event_page,tertiary,0.2,1.0,0.76,1.0,0.76
BATCH_Z_074,Taiwan-side,2015-2025_internet_wanghong_capital,official_event_page,tertiary,0.2,1.0,0.76,1.0,0.76
BATCH_Z_075,Taiwan-side,2015-2025_internet_wanghong_capital,official_event_page,tertiary,0.2,1.0,0.76,1.0,0.76
BATCH_Z_076,Taiwan-side,2015-2025_internet_wanghong_capital,official_event_page,tertiary,0.2,1.0,0.76,1.0,0.76
BATCH_Z_077,Taiwan-side,2015-2025_internet_wanghong_capital,official_event_page,tertiary,0.2,1.0,0.76,1.0,0.76
BATCH_Z_078,Taiwan-side,2015-2025_internet_wanghong_capital,official_event_page,tertiary,0.2,1.0,0.76,1.0,0.76
BATCH_Z_079,Taiwan-side,2015-2025_internet_wanghong_capital,official_event_page,tertiary,0.2,1.0,0.76,1.0,0.76
BATCH_Z_080,Taiwan-side,2015-2025_internet_wanghong_capital,official_event_page,tertiary,0.2,1.0,0.76,1.0,0.76
BATCH_Z_081,Taiwan-side,2015-2025_internet_wanghong_capital,official_event_page,tertiary,0.2,1.0,0.76,1.0,0.76
BATCH_Z_082,Taiwan-side,2015-2025_internet_wanghong_capital,official_event_page,tertiary,0.2,1.0,0.76,1.0,0.76
BATCH_Z_083,Taiwan-side,2015-2025_internet_wanghong_capital,official_event_page,tertiary,0.2,0.1875,0.1912,1.0,0.1912
BATCH_Z_084,Taiwan-side,2015-2025_internet_wanghong_capital,official_event_page,tertiary,0.2,1.0,0.76,1.0,0.76
BATCH_Z_085,Taiwan-side,2015-2025_internet_wanghong_capital,official_event_page,tertiary,0.2,1.0,0.76,1.0,0.76
BATCH_Z_086,Taiwan-side,2015-2025_internet_wanghong_capital,official_event_page,tertiary,0.2,1.0,0.76,1.0,0.76
BATCH_Z_087,Taiwan-side,2015-2025_internet_wanghong_capital,official_event_page,tertiary,0.2,1.0,0.76,1.0,0.76
BATCH_Z_088,Taiwan-side,2015-2025_internet_wanghong_capital,official_event_page,tertiary,0.2,1.0,0.76,1.0,0.76
BATCH_Z_089,Taiwan-side,2015-2025_internet_wanghong_capital,official_event_page,tertiary,0.2,1.0,0.76,1.0,0.76
BATCH_Z_090,Taiwan-side,2015-2025_internet_wanghong_capital,official_event_page,tertiary,0.2,1.0,0.76,1.0,0.76
BATCH_Z_091,Singapore,1987-2015_cross_strait_diffusion,newspaper_issue,primary,1.2,1.0,1.06,1.0,1.06
BATCH_Z_092,Singapore,1987-2015_cross_strait_diffusion,newspaper_issue,primary,1.2,0.1905,0.4933,1.0,0.4933
BATCH_Z_093,Singapore,1987-2015_cross_strait_diffusion,newspaper_issue,primary,1.2,0.0952,0.4266,1.0,0.4266
BATCH_Z_094,Singapore,1987-2015_cross_strait_diffusion,newspaper_issue,primary,1.2,0.1905,0.4933,1.0,0.4933
BATCH_Z_095,Singapore,1987-2015_cross_strait_diffusion,newspaper_issue,primary,1.2,0.1452,0.4616,1.0,0.4616
BATCH_Z_096,Singapore,1987-2015_cross_strait_diffusion,newspaper_issue,primary,1.2,0.1,0.43,1.0,0.43
BATCH_Z_097,Singapore,1987-2015_cross_strait_diffusion,newspaper_issue,primary,1.2,1.0,1.06,1.0,1.06
BATCH_Z_098,Singapore,1987-2015_cross_strait_diffusion,newspaper_issue,primary,1.2,1.0,1.06,1.0,1.06
BATCH_Z_099,Singapore,1987-2015_cross_strait_diffusion,newspaper_issue,primary,1.2,1.0,1.06,1.0,1.06
BATCH_Z_100,Singapore,1987-2015_cross_strait_diffusion,newspaper_issue,primary,1.2,1.0,1.06,1.0,1.06
BATCH_AA_001,Taiwan-side,2015-2025_internet_wanghong_capital,official_event_page,tertiary,0.2,1.0,0.76,1.0,0.76
BATCH_AA_002,Taiwan-side,2015-2025_internet_wanghong_capital,official_event_page,tertiary,0.2,1.0,0.76,1.0,0.76
BATCH_AA_003,Taiwan-side,2015-2025_internet_wanghong_capital,official_event_page,tertiary,0.2,1.0,0.76,1.0,0.76
BATCH_AA_004,Taiwan-side,2015-2025_internet_wanghong_capital,official_event_page,tertiary,0.2,1.0,0.76,1.0,0.76
BATCH_AA_005,Taiwan-side,2015-2025_internet_wanghong_capital,official_event_page,tertiary,0.2,1.0,0.76,1.0,0.76
BATCH_AA_006,Taiwan-side,2015-2025_internet_wanghong_capital,official_event_page,tertiary,0.2,1.0,0.76,1.0,0.76
BATCH_AA_007,Taiwan-side,2015-2025_internet_wanghong_capital,official_event_page,tertiary,0.2,1.0,0.76,1.0,0.76
BATCH_AA_008,Taiwan-side,2015-2025_internet_wanghong_capital,official_event_page,tertiary,0.2,1.0,0.76,1.0,0.76
BATCH_AA_009,Taiwan-side,2015-2025_internet_wanghong_capital,official_event_page,tertiary,0.2,1.0,0.76,1.0,0.76
BATCH_AA_010,Taiwan-side,2015-2025_internet_wanghong_capital,official_event_page,tertiary,0.2,1.0,0.76,1.0,0.76
BATCH_AA_011,Taiwan-side,2015-2025_internet_wanghong_capital,official_event_page,tertiary,0.2,1.0,0.76,1.0,0.76
BATCH_AA_012,Taiwan-side,2015-2025_internet_wanghong_capital,official_event_page,tertiary,0.2,1.0,0.76,1.0,0.76
BATCH_AA_013,Taiwan-side,2015-2025_internet_wanghong_capital,official_event_page,tertiary,0.2,1.0,0.76,1.0,0.76
BATCH_AA_014,Taiwan-side,2015-2025_internet_wanghong_capital,official_event_page,tertiary,0.2,1.0,0.76,1.0,0.76
BATCH_AA_015,Taiwan-side,2015-2025_internet_wanghong_capital,official_event_page,tertiary,0.2,1.0,0.76,1.0,0.76
BATCH_AA_016,Taiwan-side,2015-2025_internet_wanghong_capital,official_event_page,tertiary,0.2,1.0,0.76,1.0,0.76
BATCH_AA_017,Taiwan-side,2015-2025_internet_wanghong_capital,official_event_page,tertiary,0.2,1.0,0.76,1.0,0.76
BATCH_AA_018,Taiwan-side,2015-2025_internet_wanghong_capital,official_event_page,tertiary,0.2,1.0,0.76,1.0,0.76
BATCH_AA_019,Taiwan-side,2015-2025_internet_wanghong_capital,official_event_page,tertiary,0.2,1.0,0.76,1.0,0.76
BATCH_AA_020,Taiwan-side,2015-2025_internet_wanghong_capital,official_event_page,tertiary,0.2,1.0,0.76,1.0,0.76
BATCH_AA_021,Taiwan-side,2015-2025_internet_wanghong_capital,official_event_page,tertiary,0.2,1.0,0.76,1.0,0.76
BATCH_AA_022,Taiwan-side,2015-2025_internet_wanghong_capital,official_event_page,tertiary,0.2,1.0,0.76,1.0,0.76
BATCH_AA_023,Taiwan-side,2015-2025_internet_wanghong_capital,official_event_page,tertiary,0.2,1.0,0.76,1.0,0.76
BATCH_AA_024,Taiwan-side,2015-2025_internet_wanghong_capital,official_event_page,tertiary,0.2,1.0,0.76,1.0,0.76
BATCH_AA_025,Taiwan-side,2015-2025_internet_wanghong_capital,official_event_page,tertiary,0.2,1.0,0.76,1.0,0.76
BATCH_AA_026,Taiwan-side,2015-2025_internet_wanghong_capital,official_event_page,tertiary,0.2,1.0,0.76,1.0,0.76
BATCH_AA_027,Taiwan-side,2015-2025_internet_wanghong_capital,official_event_page,tertiary,0.2,1.0,0.76,1.0,0.76
BATCH_AA_028,Taiwan-side,2015-2025_internet_wanghong_capital,official_event_page,tertiary,0.2,1.0,0.76,1.0,0.76
BATCH_AA_029,Taiwan-side,2015-2025_internet_wanghong_capital,official_event_page,tertiary,0.2,1.0,0.76,1.0,0.76
BATCH_AA_030,Taiwan-side,2015-2025_internet_wanghong_capital,official_event_page,tertiary,0.2,1.0,0.76,1.0,0.76
BATCH_AA_031,Taiwan-side,2015-2025_internet_wanghong_capital,official_tourism_profile,tertiary,0.2,1.0,0.76,1.0,0.76
BATCH_AA_032,Taiwan-side,2015-2025_internet_wanghong_capital,official_tourism_profile,tertiary,0.2,1.0,0.76,1.0,0.76
BATCH_AA_033,Taiwan-side,2015-2025_internet_wanghong_capital,official_tourism_profile,tertiary,0.2,1.0,0.76,1.0,0.76
BATCH_AA_034,Taiwan-side,2015-2025_internet_wanghong_capital,official_tourism_profile,tertiary,0.2,1.0,0.76,1.0,0.76
BATCH_AA_035,Taiwan-side,2015-2025_internet_wanghong_capital,official_tourism_profile,tertiary,0.2,1.0,0.76,1.0,0.76
BATCH_AA_036,Taiwan-side,2015-2025_internet_wanghong_capital,official_tourism_profile,tertiary,0.2,1.0,0.76,1.0,0.76
BATCH_AA_037,Taiwan-side,2015-2025_internet_wanghong_capital,official_tourism_profile,tertiary,0.2,1.0,0.76,1.0,0.76
BATCH_AA_038,Taiwan-side,2015-2025_internet_wanghong_capital,official_tourism_profile,tertiary,0.2,1.0,0.76,1.0,0.76
BATCH_AA_039,Taiwan-side,2015-2025_internet_wanghong_capital,official_tourism_profile,tertiary,0.2,1.0,0.76,1.0,0.76
BATCH_AA_040,Taiwan-side,2015-2025_internet_wanghong_capital,official_tourism_profile,tertiary,0.2,1.0,0.76,1.0,0.76
BATCH_AA_041,Taiwan-side,2015-2025_internet_wanghong_capital,official_tourism_profile,tertiary,0.2,1.0,0.76,1.0,0.76
BATCH_AA_042,Taiwan-side,2015-2025_internet_wanghong_capital,official_tourism_profile,tertiary,0.2,1.0,0.76,1.0,0.76
BATCH_AA_043,Taiwan-side,2015-2025_internet_wanghong_capital,official_tourism_profile,tertiary,0.2,1.0,0.76,1.0,0.76
BATCH_AA_044,Taiwan-side,2015-2025_internet_wanghong_capital,official_tourism_profile,tertiary,0.2,1.0,0.76,1.0,0.76
BATCH_AA_045,Taiwan-side,2015-2025_internet_wanghong_capital,official_tourism_profile,tertiary,0.2,1.0,0.76,1.0,0.76
BATCH_AA_046,Taiwan-side,2015-2025_internet_wanghong_capital,official_tourism_profile,tertiary,0.2,1.0,0.76,1.0,0.76
BATCH_AA_047,Taiwan-side,2015-2025_internet_wanghong_capital,official_tourism_profile,tertiary,0.2,1.0,0.76,1.0,0.76
BATCH_AA_048,Taiwan-side,2015-2025_internet_wanghong_capital,official_tourism_profile,tertiary,0.2,1.0,0.76,1.0,0.76
BATCH_AA_049,Taiwan-side,2015-2025_internet_wanghong_capital,official_tourism_profile,tertiary,0.2,1.0,0.76,1.0,0.76
BATCH_AA_050,Taiwan-side,2015-2025_internet_wanghong_capital,official_tourism_profile,tertiary,0.2,1.0,0.76,1.0,0.76
BATCH_AA_051,Taiwan-side,2015-2025_internet_wanghong_capital,official_tourism_profile,tertiary,0.2,1.0,0.76,1.0,0.76
BATCH_AA_052,Taiwan-side,2015-2025_internet_wanghong_capital,official_tourism_profile,tertiary,0.2,1.0,0.76,1.0,0.76
BATCH_AA_053,Taiwan-side,2015-2025_internet_wanghong_capital,official_tourism_profile,tertiary,0.2,1.0,0.76,1.0,0.76
BATCH_AA_054,Taiwan-side,2015-2025_internet_wanghong_capital,official_tourism_profile,tertiary,0.2,1.0,0.76,1.0,0.76
BATCH_AA_055,Taiwan-side,2015-2025_internet_wanghong_capital,official_tourism_profile,tertiary,0.2,1.0,0.76,1.0,0.76
BATCH_AA_056,Taiwan-side,2015-2025_internet_wanghong_capital,official_tourism_profile,tertiary,0.2,1.0,0.76,1.0,0.76
BATCH_AA_057,Taiwan-side,2015-2025_internet_wanghong_capital,official_tourism_profile,tertiary,0.2,1.0,0.76,1.0,0.76
BATCH_AA_058,Taiwan-side,2015-2025_internet_wanghong_capital,official_tourism_profile,tertiary,0.2,1.0,0.76,1.0,0.76
BATCH_AA_059,Taiwan-side,2015-2025_internet_wanghong_capital,official_tourism_profile,tertiary,0.2,1.0,0.76,1.0,0.76
BATCH_AA_060,Taiwan-side,2015-2025_internet_wanghong_capital,official_tourism_profile,tertiary,0.2,1.0,0.76,1.0,0.76
BATCH_AA_061,Taiwan-side,2015-2025_internet_wanghong_capital,official_tourism_profile,tertiary,0.2,1.0,0.76,1.0,0.76
BATCH_AA_062,Taiwan-side,2015-2025_internet_wanghong_capital,official_tourism_profile,tertiary,0.2,1.0,0.76,1.0,0.76
BATCH_AA_063,Taiwan-side,2015-2025_internet_wanghong_capital,official_tourism_profile,tertiary,0.2,1.0,0.76,1.0,0.76
BATCH_AA_064,Taiwan-side,2015-2025_internet_wanghong_capital,official_tourism_profile,tertiary,0.2,1.0,0.76,1.0,0.76
BATCH_AA_065,Taiwan-side,2015-2025_internet_wanghong_capital,official_tourism_profile,tertiary,0.2,1.0,0.76,1.0,0.76
BATCH_AA_066,Taiwan-side,2015-2025_internet_wanghong_capital,official_tourism_profile,tertiary,0.2,1.0,0.76,1.0,0.76
BATCH_AA_067,Taiwan-side,2015-2025_internet_wanghong_capital,official_tourism_profile,tertiary,0.2,1.0,0.76,1.0,0.76
BATCH_AA_068,Taiwan-side,2015-2025_internet_wanghong_capital,official_tourism_profile,tertiary,0.2,1.0,0.76,1.0,0.76
BATCH_AA_069,Taiwan-side,2015-2025_internet_wanghong_capital,official_tourism_profile,tertiary,0.2,1.0,0.76,1.0,0.76
BATCH_AA_070,Taiwan-side,2015-2025_internet_wanghong_capital,official_tourism_profile,tertiary,0.2,1.0,0.76,1.0,0.76
BATCH_AA_071,Taiwan-side,2015-2025_internet_wanghong_capital,official_tourism_profile,tertiary,0.2,1.0,0.76,1.0,0.76
BATCH_AA_072,Taiwan-side,2015-2025_internet_wanghong_capital,official_tourism_profile,tertiary,0.2,1.0,0.76,1.0,0.76
BATCH_AA_073,Taiwan-side,2015-2025_internet_wanghong_capital,official_tourism_profile,tertiary,0.2,1.0,0.76,1.0,0.76
BATCH_AA_074,Taiwan-side,2015-2025_internet_wanghong_capital,official_tourism_profile,tertiary,0.2,1.0,0.76,1.0,0.76
BATCH_AA_075,Taiwan-side,2015-2025_internet_wanghong_capital,official_tourism_profile,tertiary,0.2,1.0,0.76,1.0,0.76
BATCH_AA_076,Taiwan-side,2015-2025_internet_wanghong_capital,official_tourism_profile,tertiary,0.2,1.0,0.76,1.0,0.76
BATCH_AA_077,Taiwan-side,2015-2025_internet_wanghong_capital,official_tourism_profile,tertiary,0.2,1.0,0.76,1.0,0.76
BATCH_AA_078,Taiwan-side,2015-2025_internet_wanghong_capital,official_tourism_profile,tertiary,0.2,1.0,0.76,1.0,0.76
BATCH_AA_079,Taiwan-side,2015-2025_internet_wanghong_capital,official_tourism_profile,tertiary,0.2,1.0,0.76,1.0,0.76
BATCH_AA_080,Taiwan-side,2015-2025_internet_wanghong_capital,official_tourism_profile,tertiary,0.2,1.0,0.76,1.0,0.76
BATCH_AA_081,Taiwan-side,2015-2025_internet_wanghong_capital,official_tourism_profile,tertiary,0.2,1.0,0.76,1.0,0.76
BATCH_AA_082,Taiwan-side,2015-2025_internet_wanghong_capital,official_tourism_profile,tertiary,0.2,1.0,0.76,1.0,0.76
BATCH_AA_083,Taiwan-side,2015-2025_internet_wanghong_capital,official_tourism_profile,tertiary,0.2,1.0,0.76,1.0,0.76
BATCH_AA_084,Taiwan-side,2015-2025_internet_wanghong_capital,official_tourism_profile,tertiary,0.2,1.0,0.76,1.0,0.76
BATCH_AA_085,Taiwan-side,2015-2025_internet_wanghong_capital,official_tourism_profile,tertiary,0.2,1.0,0.76,1.0,0.76
BATCH_AA_086,Taiwan-side,2015-2025_internet_wanghong_capital,official_tourism_profile,tertiary,0.2,1.0,0.76,1.0,0.76
BATCH_AA_087,Taiwan-side,2015-2025_internet_wanghong_capital,official_tourism_profile,tertiary,0.2,1.0,0.76,1.0,0.76
BATCH_AA_088,Taiwan-side,2015-2025_internet_wanghong_capital,official_tourism_profile,tertiary,0.2,1.0,0.76,1.0,0.76
BATCH_AA_089,Taiwan-side,2015-2025_internet_wanghong_capital,official_tourism_profile,tertiary,0.2,1.0,0.76,1.0,0.76
BATCH_AA_090,Taiwan-side,2015-2025_internet_wanghong_capital,official_tourism_profile,tertiary,0.2,1.0,0.76,1.0,0.76
BATCH_AA_091,Singapore,1987-2015_cross_strait_diffusion,newspaper_issue,primary,1.2,1.0,1.06,1.0,1.06
BATCH_AA_092,Singapore,1987-2015_cross_strait_diffusion,newspaper_issue,primary,1.2,1.0,1.06,1.0,1.06
BATCH_AA_093,Singapore,1987-2015_cross_strait_diffusion,newspaper_issue,primary,1.2,0.15,0.465,1.0,0.465
BATCH_AA_094,Singapore,1987-2015_cross_strait_diffusion,newspaper_issue,primary,1.2,1.0,1.06,1.0,1.06
BATCH_AA_095,Singapore,1987-2015_cross_strait_diffusion,newspaper_issue,primary,1.2,0.1452,0.4616,1.0,0.4616
BATCH_AA_096,Singapore,1987-2015_cross_strait_diffusion,newspaper_issue,primary,1.2,1.0,1.06,1.0,1.06
BATCH_AA_097,Singapore,1987-2015_cross_strait_diffusion,newspaper_issue,primary,1.2,1.0,1.06,1.0,1.06
BATCH_AA_098,Singapore,1987-2015_cross_strait_diffusion,newspaper_issue,primary,1.2,0.1,0.43,1.0,0.43
BATCH_AA_099,Singapore,1987-2015_cross_strait_diffusion,newspaper_issue,primary,1.2,0.2,0.5,1.0,0.5
BATCH_AA_100,Singapore,1987-2015_cross_strait_diffusion,newspaper_issue,primary,1.2,1.0,1.06,1.0,1.06
BATCH_AB_001,Taiwan-side,2015-2025_internet_wanghong_capital,official_cuisine_index,tertiary,0.2,1.0,0.76,1.0,0.76
BATCH_AB_002,Taiwan-side,2015-2025_internet_wanghong_capital,official_cuisine_index,tertiary,0.2,1.0,0.76,1.0,0.76
BATCH_AB_003,Taiwan-side,2015-2025_internet_wanghong_capital,official_cuisine_index,tertiary,0.2,1.0,0.76,1.0,0.76
BATCH_AB_004,Taiwan-side,2015-2025_internet_wanghong_capital,official_cuisine_index,tertiary,0.2,1.0,0.76,1.0,0.76
BATCH_AB_005,Taiwan-side,2015-2025_internet_wanghong_capital,official_cuisine_index,tertiary,0.2,1.0,0.76,1.0,0.76
BATCH_AB_006,Taiwan-side,2015-2025_internet_wanghong_capital,official_cuisine_index,tertiary,0.2,1.0,0.76,1.0,0.76
BATCH_AB_007,Taiwan-side,2015-2025_internet_wanghong_capital,official_cuisine_index,tertiary,0.2,1.0,0.76,1.0,0.76
BATCH_AB_008,Taiwan-side,2015-2025_internet_wanghong_capital,official_cuisine_index,tertiary,0.2,1.0,0.76,1.0,0.76
BATCH_AB_009,Taiwan-side,2015-2025_internet_wanghong_capital,official_cuisine_index,tertiary,0.2,1.0,0.76,1.0,0.76
BATCH_AB_010,Taiwan-side,2015-2025_internet_wanghong_capital,official_cuisine_index,tertiary,0.2,1.0,0.76,1.0,0.76
BATCH_AB_011,Taiwan-side,2015-2025_internet_wanghong_capital,official_attraction_profile,tertiary,0.2,1.0,0.76,1.0,0.76
BATCH_AB_012,Taiwan-side,2015-2025_internet_wanghong_capital,official_attraction_profile,tertiary,0.2,1.0,0.76,1.0,0.76
BATCH_AB_013,Taiwan-side,2015-2025_internet_wanghong_capital,official_attraction_profile,tertiary,0.2,1.0,0.76,1.0,0.76
BATCH_AB_014,Taiwan-side,2015-2025_internet_wanghong_capital,official_attraction_profile,tertiary,0.2,1.0,0.76,1.0,0.76
BATCH_AB_015,Taiwan-side,2015-2025_internet_wanghong_capital,official_attraction_profile,tertiary,0.2,1.0,0.76,1.0,0.76
BATCH_AB_016,Taiwan-side,2015-2025_internet_wanghong_capital,official_attraction_profile,tertiary,0.2,1.0,0.76,1.0,0.76
BATCH_AB_017,Taiwan-side,2015-2025_internet_wanghong_capital,official_attraction_profile,tertiary,0.2,1.0,0.76,1.0,0.76
BATCH_AB_018,Taiwan-side,2015-2025_internet_wanghong_capital,official_attraction_profile,tertiary,0.2,1.0,0.76,1.0,0.76
BATCH_AB_019,Taiwan-side,2015-2025_internet_wanghong_capital,official_attraction_profile,tertiary,0.2,1.0,0.76,1.0,0.76
BATCH_AB_020,Taiwan-side,2015-2025_internet_wanghong_capital,official_attraction_profile,tertiary,0.2,1.0,0.76,1.0,0.76
BATCH_AB_021,Taiwan-side,out_of_scope,official_district_page,tertiary,0.2,1.0,0.76,1.0,0.76
BATCH_AB_022,Taiwan-side,out_of_scope,official_district_page,tertiary,0.2,1.0,0.76,1.0,0.76
BATCH_AB_023,Taiwan-side,out_of_scope,official_district_page,tertiary,0.2,1.0,0.76,1.0,0.76
BATCH_AB_024,Taiwan-side,out_of_scope,official_district_page,tertiary,0.2,1.0,0.76,1.0,0.76
BATCH_AB_025,Taiwan-side,out_of_scope,official_district_page,tertiary,0.2,0.1875,0.1912,1.0,0.1912
BATCH_AB_026,Taiwan-side,out_of_scope,official_district_page,tertiary,0.2,1.0,0.76,1.0,0.76
BATCH_AB_027,Taiwan-side,out_of_scope,official_district_page,tertiary,0.2,1.0,0.76,1.0,0.76
BATCH_AB_028,Taiwan-side,out_of_scope,official_district_page,tertiary,0.2,1.0,0.76,1.0,0.76
BATCH_AB_029,Taiwan-side,out_of_scope,official_district_page,tertiary,0.2,1.0,0.76,1.0,0.76
BATCH_AB_030,Taiwan-side,out_of_scope,official_district_page,tertiary,0.2,1.0,0.76,1.0,0.76
BATCH_AB_031,Taiwan-side,2015-2025_internet_wanghong_capital,official_promotion_file,tertiary,0.2,1.0,0.76,1.0,0.76
BATCH_AB_032,Taiwan-side,2015-2025_internet_wanghong_capital,official_promotion_file,tertiary,0.2,1.0,0.76,1.0,0.76
BATCH_AB_033,Taiwan-side,2015-2025_internet_wanghong_capital,official_promotion_file,tertiary,0.2,1.0,0.76,1.0,0.76
BATCH_AB_034,Taiwan-side,2015-2025_internet_wanghong_capital,official_promotion_file,tertiary,0.2,1.0,0.76,1.0,0.76
BATCH_AB_035,Taiwan-side,2015-2025_internet_wanghong_capital,official_promotion_file,tertiary,0.2,1.0,0.76,1.0,0.76
BATCH_AB_036,Taiwan-side,2015-2025_internet_wanghong_capital,official_promotion_file,tertiary,0.2,1.0,0.76,1.0,0.76
BATCH_AB_037,Taiwan-side,2015-2025_internet_wanghong_capital,official_promotion_file,tertiary,0.2,1.0,0.76,1.0,0.76
BATCH_AB_038,Taiwan-side,2015-2025_internet_wanghong_capital,official_promotion_file,tertiary,0.2,1.0,0.76,1.0,0.76
BATCH_AB_039,Taiwan-side,2015-2025_internet_wanghong_capital,official_promotion_file,tertiary,0.2,1.0,0.76,1.0,0.76
BATCH_AB_040,Taiwan-side,2015-2025_internet_wanghong_capital,official_promotion_file,tertiary,0.2,1.0,0.76,1.0,0.76
BATCH_AB_041,Taiwan-side,2015-2025_internet_wanghong_capital,official_event_page,tertiary,0.2,1.0,0.76,1.0,0.76
BATCH_AB_042,Taiwan-side,2015-2025_internet_wanghong_capital,official_event_page,tertiary,0.2,1.0,0.76,1.0,0.76
BATCH_AB_043,Taiwan-side,2015-2025_internet_wanghong_capital,official_event_page,tertiary,0.2,1.0,0.76,1.0,0.76
BATCH_AB_044,Taiwan-side,2015-2025_internet_wanghong_capital,official_event_page,tertiary,0.2,1.0,0.76,1.0,0.76
BATCH_AB_045,Taiwan-side,2015-2025_internet_wanghong_capital,official_event_page,tertiary,0.2,1.0,0.76,1.0,0.76
BATCH_AB_046,Taiwan-side,2015-2025_internet_wanghong_capital,official_event_page,tertiary,0.2,1.0,0.76,1.0,0.76
BATCH_AB_047,Taiwan-side,2015-2025_internet_wanghong_capital,official_event_page,tertiary,0.2,1.0,0.76,1.0,0.76
BATCH_AB_048,Taiwan-side,2015-2025_internet_wanghong_capital,official_event_page,tertiary,0.2,1.0,0.76,1.0,0.76
BATCH_AB_049,Taiwan-side,2015-2025_internet_wanghong_capital,official_event_page,tertiary,0.2,1.0,0.76,1.0,0.76
BATCH_AB_050,Taiwan-side,2015-2025_internet_wanghong_capital,official_event_page,tertiary,0.2,1.0,0.76,1.0,0.76
BATCH_AB_051,Taiwan-side,2015-2025_internet_wanghong_capital,official_event_page,tertiary,0.2,1.0,0.76,1.0,0.76
BATCH_AB_052,Taiwan-side,2015-2025_internet_wanghong_capital,official_event_page,tertiary,0.2,1.0,0.76,1.0,0.76
BATCH_AB_053,Taiwan-side,2015-2025_internet_wanghong_capital,official_event_page,tertiary,0.2,1.0,0.76,1.0,0.76
BATCH_AB_054,Taiwan-side,2015-2025_internet_wanghong_capital,official_event_page,tertiary,0.2,1.0,0.76,1.0,0.76
BATCH_AB_055,Taiwan-side,2015-2025_internet_wanghong_capital,official_event_page,tertiary,0.2,1.0,0.76,1.0,0.76
BATCH_AB_056,Taiwan-side,2015-2025_internet_wanghong_capital,official_event_page,tertiary,0.2,1.0,0.76,1.0,0.76
BATCH_AB_057,Taiwan-side,2015-2025_internet_wanghong_capital,official_event_page,tertiary,0.2,1.0,0.76,1.0,0.76
BATCH_AB_058,Taiwan-side,2015-2025_internet_wanghong_capital,official_event_page,tertiary,0.2,1.0,0.76,1.0,0.76
BATCH_AB_059,Taiwan-side,2015-2025_internet_wanghong_capital,official_event_page,tertiary,0.2,1.0,0.76,1.0,0.76
BATCH_AB_060,Taiwan-side,2015-2025_internet_wanghong_capital,official_event_page,tertiary,0.2,1.0,0.76,1.0,0.76
BATCH_AB_061,Taiwan-side,2015-2025_internet_wanghong_capital,official_event_page,tertiary,0.2,1.0,0.76,1.0,0.76
BATCH_AB_062,Taiwan-side,2015-2025_internet_wanghong_capital,official_event_page,tertiary,0.2,1.0,0.76,1.0,0.76
BATCH_AB_063,Taiwan-side,2015-2025_internet_wanghong_capital,official_event_page,tertiary,0.2,1.0,0.76,1.0,0.76
BATCH_AB_064,Taiwan-side,2015-2025_internet_wanghong_capital,official_event_page,tertiary,0.2,1.0,0.76,1.0,0.76
BATCH_AB_065,Taiwan-side,2015-2025_internet_wanghong_capital,official_event_page,tertiary,0.2,1.0,0.76,1.0,0.76
BATCH_AB_066,Taiwan-side,2015-2025_internet_wanghong_capital,official_event_page,tertiary,0.2,1.0,0.76,1.0,0.76
BATCH_AB_067,Taiwan-side,2015-2025_internet_wanghong_capital,official_event_page,tertiary,0.2,1.0,0.76,1.0,0.76
BATCH_AB_068,Taiwan-side,2015-2025_internet_wanghong_capital,official_event_page,tertiary,0.2,1.0,0.76,1.0,0.76
BATCH_AB_069,Taiwan-side,2015-2025_internet_wanghong_capital,official_event_page,tertiary,0.2,1.0,0.76,1.0,0.76
BATCH_AB_070,Taiwan-side,2015-2025_internet_wanghong_capital,official_event_page,tertiary,0.2,1.0,0.76,1.0,0.76
BATCH_AB_071,Taiwan-side,2015-2025_internet_wanghong_capital,official_event_page,tertiary,0.2,1.0,0.76,1.0,0.76
BATCH_AB_072,Taiwan-side,2015-2025_internet_wanghong_capital,official_event_page,tertiary,0.2,1.0,0.76,1.0,0.76
BATCH_AB_073,Taiwan-side,2015-2025_internet_wanghong_capital,official_event_page,tertiary,0.2,1.0,0.76,1.0,0.76
BATCH_AB_074,Taiwan-side,2015-2025_internet_wanghong_capital,official_event_page,tertiary,0.2,1.0,0.76,1.0,0.76
BATCH_AB_075,Taiwan-side,2015-2025_internet_wanghong_capital,official_event_page,tertiary,0.2,1.0,0.76,1.0,0.76
BATCH_AB_076,Taiwan-side,2015-2025_internet_wanghong_capital,official_event_page,tertiary,0.2,1.0,0.76,1.0,0.76
BATCH_AB_077,Taiwan-side,2015-2025_internet_wanghong_capital,official_event_page,tertiary,0.2,1.0,0.76,1.0,0.76
BATCH_AB_078,Taiwan-side,2015-2025_internet_wanghong_capital,official_event_page,tertiary,0.2,1.0,0.76,1.0,0.76
BATCH_AB_079,Taiwan-side,2015-2025_internet_wanghong_capital,official_event_page,tertiary,0.2,1.0,0.76,1.0,0.76
BATCH_AB_080,Taiwan-side,2015-2025_internet_wanghong_capital,official_event_page,tertiary,0.2,1.0,0.76,1.0,0.76
BATCH_AB_081,Singapore,1987-2015_cross_strait_diffusion,newspaper_issue,primary,1.2,1.0,1.06,1.0,1.06
BATCH_AB_082,Singapore,1987-2015_cross_strait_diffusion,newspaper_issue,primary,1.2,1.0,1.06,1.0,1.06
BATCH_AB_083,Singapore,1987-2015_cross_strait_diffusion,newspaper_issue,primary,1.2,0.2727,0.5509,1.0,0.5509
BATCH_AB_084,Singapore,1987-2015_cross_strait_diffusion,newspaper_issue,primary,1.2,0.2,0.5,1.0,0.5
BATCH_AB_085,Singapore,1987-2015_cross_strait_diffusion,newspaper_issue,primary,1.2,0.1,0.43,1.0,0.43
BATCH_AB_086,Singapore,1987-2015_cross_strait_diffusion,newspaper_issue,primary,1.2,1.0,1.06,1.0,1.06
BATCH_AB_087,Singapore,1987-2015_cross_strait_diffusion,newspaper_issue,primary,1.2,0.1905,0.4933,1.0,0.4933
BATCH_AB_088,Singapore,1987-2015_cross_strait_diffusion,newspaper_issue,primary,1.2,1.0,1.06,1.0,1.06
BATCH_AB_089,Singapore,1987-2015_cross_strait_diffusion,newspaper_issue,primary,1.2,1.0,1.06,1.0,1.06
BATCH_AB_090,Singapore,1987-2015_cross_strait_diffusion,newspaper_issue,primary,1.2,0.1,0.43,1.0,0.43
BATCH_AB_091,Singapore,1987-2015_cross_strait_diffusion,newspaper_issue,primary,1.2,0.1053,0.4337,1.0,0.4337
BATCH_AB_092,Singapore,1987-2015_cross_strait_diffusion,newspaper_issue,primary,1.2,0.2381,0.5267,1.0,0.5267
BATCH_AB_093,Singapore,1987-2015_cross_strait_diffusion,newspaper_issue,primary,1.2,1.0,1.06,1.0,1.06
BATCH_AB_094,Singapore,1987-2015_cross_strait_diffusion,newspaper_issue,primary,1.2,0.2381,0.5267,1.0,0.5267
BATCH_AB_095,Singapore,1987-2015_cross_strait_diffusion,newspaper_issue,primary,1.2,1.0,1.06,1.0,1.06
BATCH_AB_096,Singapore,1987-2015_cross_strait_diffusion,newspaper_issue,primary,1.2,0.1111,0.4378,1.0,0.4378
BATCH_AB_097,Singapore,1987-2015_cross_strait_diffusion,newspaper_issue,primary,1.2,1.0,1.06,1.0,1.06
BATCH_AB_098,Singapore,1987-2015_cross_strait_diffusion,newspaper_issue,primary,1.2,1.0,1.06,1.0,1.06
BATCH_AB_099,Singapore,1987-2015_cross_strait_diffusion,newspaper_issue,primary,1.2,0.1579,0.4705,1.0,0.4705
BATCH_AB_100,Singapore,1987-2015_cross_strait_diffusion,newspaper_issue,primary,1.2,1.0,1.06,1.0,1.06
BATCH_AC_001,Singapore,1987-2015_cross_strait_diffusion,newspaper_issue,primary,1.2,1.0,1.06,1.0,1.06
BATCH_AC_002,Singapore,1987-2015_cross_strait_diffusion,newspaper_issue,primary,1.2,1.0,1.06,1.0,1.06
BATCH_AC_003,Singapore,1987-2015_cross_strait_diffusion,newspaper_issue,primary,1.2,1.0,1.06,1.0,1.06
BATCH_AC_004,Singapore,1987-2015_cross_strait_diffusion,newspaper_issue,primary,1.2,1.0,1.06,1.0,1.06
BATCH_AC_005,Singapore,1987-2015_cross_strait_diffusion,newspaper_issue,primary,1.2,1.0,1.06,1.0,1.06
BATCH_AC_006,Singapore,1987-2015_cross_strait_diffusion,newspaper_issue,primary,1.2,1.0,1.06,1.0,1.06
BATCH_AC_007,Singapore,1987-2015_cross_strait_diffusion,newspaper_issue,primary,1.2,1.0,1.06,1.0,1.06
BATCH_AC_008,Singapore,1987-2015_cross_strait_diffusion,newspaper_issue,primary,1.2,1.0,1.06,1.0,1.06
BATCH_AC_009,Singapore,1987-2015_cross_strait_diffusion,newspaper_issue,primary,1.2,1.0,1.06,1.0,1.06
BATCH_AC_010,Singapore,1987-2015_cross_strait_diffusion,newspaper_issue,primary,1.2,1.0,1.06,1.0,1.06
BATCH_AC_011,Singapore,1987-2015_cross_strait_diffusion,newspaper_issue,primary,1.2,1.0,1.06,1.0,1.06
BATCH_AC_012,Singapore,1987-2015_cross_strait_diffusion,newspaper_issue,primary,1.2,1.0,1.06,1.0,1.06
BATCH_AC_013,Singapore,1987-2015_cross_strait_diffusion,newspaper_issue,primary,1.2,1.0,1.06,1.0,1.06
BATCH_AC_014,Singapore,1987-2015_cross_strait_diffusion,newspaper_issue,primary,1.2,1.0,1.06,1.0,1.06
BATCH_AC_015,Singapore,1987-2015_cross_strait_diffusion,newspaper_issue,primary,1.2,1.0,1.06,1.0,1.06
BATCH_AC_016,Singapore,1987-2015_cross_strait_diffusion,newspaper_issue,primary,1.2,1.0,1.06,1.0,1.06
BATCH_AC_017,Singapore,1987-2015_cross_strait_diffusion,newspaper_issue,primary,1.2,1.0,1.06,1.0,1.06
BATCH_AC_018,Singapore,1987-2015_cross_strait_diffusion,newspaper_issue,primary,1.2,1.0,1.06,1.0,1.06
BATCH_AC_019,Singapore,1987-2015_cross_strait_diffusion,newspaper_issue,primary,1.2,0.1905,0.4933,1.0,0.4933
BATCH_AC_020,Singapore,1987-2015_cross_strait_diffusion,newspaper_issue,primary,1.2,0.2,0.5,1.0,0.5
BATCH_AC_021,Singapore,1987-2015_cross_strait_diffusion,newspaper_issue,primary,1.2,0.1,0.43,1.0,0.43
BATCH_AC_022,Singapore,1987-2015_cross_strait_diffusion,newspaper_issue,primary,1.2,1.0,1.06,1.0,1.06
BATCH_AC_023,Singapore,1987-2015_cross_strait_diffusion,newspaper_issue,primary,1.2,1.0,1.06,1.0,1.06
BATCH_AC_024,Singapore,1987-2015_cross_strait_diffusion,newspaper_issue,primary,1.2,1.0,1.06,1.0,1.06
BATCH_AC_025,Singapore,1987-2015_cross_strait_diffusion,newspaper_issue,primary,1.2,1.0,1.06,1.0,1.06
BATCH_AC_026,Singapore,1987-2015_cross_strait_diffusion,newspaper_issue,primary,1.2,0.1905,0.4933,1.0,0.4933
BATCH_AC_027,Singapore,1987-2015_cross_strait_diffusion,newspaper_issue,primary,1.2,0.1905,0.4933,1.0,0.4933
BATCH_AC_028,Singapore,1987-2015_cross_strait_diffusion,newspaper_issue,primary,1.2,1.0,1.06,1.0,1.06
BATCH_AC_029,Singapore,1987-2015_cross_strait_diffusion,newspaper_issue,primary,1.2,1.0,1.06,1.0,1.06
BATCH_AC_030,Singapore,1987-2015_cross_strait_diffusion,newspaper_issue,primary,1.2,1.0,1.06,1.0,1.06
BATCH_AC_031,Singapore,1987-2015_cross_strait_diffusion,newspaper_issue,primary,1.2,0.1,0.43,1.0,0.43
BATCH_AC_032,Singapore,1987-2015_cross_strait_diffusion,newspaper_issue,primary,1.2,1.0,1.06,1.0,1.06
BATCH_AC_033,Singapore,1987-2015_cross_strait_diffusion,newspaper_issue,primary,1.2,1.0,1.06,1.0,1.06
BATCH_AC_034,Singapore,1987-2015_cross_strait_diffusion,newspaper_issue,primary,1.2,1.0,1.06,1.0,1.06
BATCH_AC_035,Singapore,1987-2015_cross_strait_diffusion,newspaper_issue,primary,1.2,1.0,1.06,1.0,1.06
BATCH_AC_036,Singapore,1987-2015_cross_strait_diffusion,newspaper_issue,primary,1.2,1.0,1.06,1.0,1.06
BATCH_AC_037,Singapore,1987-2015_cross_strait_diffusion,newspaper_issue,primary,1.2,1.0,1.06,1.0,1.06
BATCH_AC_038,Singapore,1987-2015_cross_strait_diffusion,newspaper_issue,primary,1.2,0.1905,0.4933,1.0,0.4933
BATCH_AC_039,Singapore,1987-2015_cross_strait_diffusion,newspaper_issue,primary,1.2,0.0952,0.4266,1.0,0.4266
BATCH_AC_040,Singapore,1987-2015_cross_strait_diffusion,newspaper_issue,primary,1.2,0.1429,0.46,1.0,0.46
BATCH_AC_041,Singapore,1987-2015_cross_strait_diffusion,newspaper_issue,primary,1.2,0.1429,0.46,1.0,0.46
BATCH_AC_042,Singapore,1987-2015_cross_strait_diffusion,newspaper_issue,primary,1.2,0.15,0.465,1.0,0.465
BATCH_AC_043,Singapore,1987-2015_cross_strait_diffusion,newspaper_issue,primary,1.2,0.2381,0.5267,1.0,0.5267
BATCH_AC_044,Singapore,1987-2015_cross_strait_diffusion,newspaper_issue,primary,1.2,1.0,1.06,1.0,1.06
BATCH_AC_045,Singapore,1987-2015_cross_strait_diffusion,newspaper_issue,primary,1.2,1.0,1.06,1.0,1.06
BATCH_AC_046,Singapore,1987-2015_cross_strait_diffusion,newspaper_issue,primary,1.2,0.2,0.5,1.0,0.5
BATCH_AC_047,Singapore,1987-2015_cross_strait_diffusion,newspaper_issue,primary,1.2,1.0,1.06,1.0,1.06
BATCH_AC_048,Singapore,1987-2015_cross_strait_diffusion,newspaper_issue,primary,1.2,1.0,1.06,1.0,1.06
BATCH_AC_049,Singapore,1987-2015_cross_strait_diffusion,newspaper_issue,primary,1.2,0.1053,0.4337,1.0,0.4337
BATCH_AC_050,Singapore,1987-2015_cross_strait_diffusion,newspaper_issue,primary,1.2,0.2381,0.5267,1.0,0.5267
BATCH_AC_051,Singapore,1987-2015_cross_strait_diffusion,newspaper_issue,primary,1.2,0.2381,0.5267,1.0,0.5267
BATCH_AC_052,Singapore,1987-2015_cross_strait_diffusion,newspaper_issue,primary,1.2,1.0,1.06,1.0,1.06
BATCH_AC_053,Singapore,1987-2015_cross_strait_diffusion,newspaper_issue,primary,1.2,0.1111,0.4378,1.0,0.4378
BATCH_AC_054,Singapore,1987-2015_cross_strait_diffusion,newspaper_issue,primary,1.2,1.0,1.06,1.0,1.06
BATCH_AC_055,Singapore,1987-2015_cross_strait_diffusion,newspaper_issue,primary,1.2,1.0,1.06,1.0,1.06
BATCH_AC_056,Singapore,1987-2015_cross_strait_diffusion,newspaper_issue,primary,1.2,0.25,0.535,1.0,0.535
BATCH_AC_057,Singapore,1987-2015_cross_strait_diffusion,newspaper_issue,primary,1.2,1.0,1.06,1.0,1.06
BATCH_AC_058,Singapore,1987-2015_cross_strait_diffusion,newspaper_issue,primary,1.2,1.0,1.06,1.0,1.06
BATCH_AC_059,Singapore,1987-2015_cross_strait_diffusion,newspaper_issue,primary,1.2,1.0,1.06,1.0,1.06
BATCH_AC_060,Singapore,1987-2015_cross_strait_diffusion,newspaper_issue,primary,1.2,1.0,1.06,1.0,1.06
BATCH_AC_061,Taiwan-side,1987-2015_cross_strait_diffusion,official_food_competition_file,tertiary,0.2,1.0,0.76,1.0,0.76
BATCH_AC_062,Taiwan-side,1987-2015_cross_strait_diffusion,official_food_competition_file,tertiary,0.2,1.0,0.76,1.0,0.76
BATCH_AC_063,Taiwan-side,1987-2015_cross_strait_diffusion,official_food_competition_file,tertiary,0.2,0.2353,0.2247,1.0,0.2247
BATCH_AC_064,Taiwan-side,1987-2015_cross_strait_diffusion,official_food_competition_file,tertiary,0.2,1.0,0.76,1.0,0.76
BATCH_AC_065,Taiwan-side,1987-2015_cross_strait_diffusion,official_food_competition_file,tertiary,0.2,0.1765,0.1835,1.0,0.1835
BATCH_AC_066,Taiwan-side,1987-2015_cross_strait_diffusion,official_food_competition_file,tertiary,0.2,0.1765,0.1835,1.0,0.1835
BATCH_AC_067,Taiwan-side,1987-2015_cross_strait_diffusion,official_food_competition_file,tertiary,0.2,0.1765,0.1835,1.0,0.1835
BATCH_AC_068,Taiwan-side,1987-2015_cross_strait_diffusion,official_food_competition_file,tertiary,0.2,1.0,0.76,1.0,0.76
BATCH_AC_069,Taiwan-side,1987-2015_cross_strait_diffusion,official_food_competition_file,tertiary,0.2,1.0,0.76,1.0,0.76
BATCH_AC_070,Taiwan-side,1987-2015_cross_strait_diffusion,official_food_competition_file,tertiary,0.2,1.0,0.76,1.0,0.76
BATCH_AC_071,Taiwan-side,1987-2015_cross_strait_diffusion,official_food_competition_file,tertiary,0.2,1.0,0.76,1.0,0.76
BATCH_AC_072,Taiwan-side,1987-2015_cross_strait_diffusion,official_food_competition_file,tertiary,0.2,1.0,0.76,1.0,0.76
BATCH_AC_073,Taiwan-side,1987-2015_cross_strait_diffusion,official_tourism_file,tertiary,0.2,1.0,0.76,1.0,0.76
BATCH_AC_074,Taiwan-side,1987-2015_cross_strait_diffusion,official_tourism_file,tertiary,0.2,1.0,0.76,1.0,0.76
BATCH_AC_075,Taiwan-side,1987-2015_cross_strait_diffusion,official_tourism_file,tertiary,0.2,1.0,0.76,1.0,0.76
BATCH_AC_076,Taiwan-side,1987-2015_cross_strait_diffusion,official_tourism_file,tertiary,0.2,1.0,0.76,1.0,0.76
BATCH_AC_077,Taiwan-side,1987-2015_cross_strait_diffusion,official_tourism_file,tertiary,0.2,1.0,0.76,1.0,0.76
BATCH_AC_078,Taiwan-side,1987-2015_cross_strait_diffusion,official_tourism_file,tertiary,0.2,1.0,0.76,1.0,0.76
BATCH_AC_079,Taiwan-side,1987-2015_cross_strait_diffusion,official_tourism_file,tertiary,0.2,1.0,0.76,1.0,0.76
BATCH_AC_080,Taiwan-side,1987-2015_cross_strait_diffusion,official_tourism_file,tertiary,0.2,1.0,0.76,1.0,0.76
BATCH_AC_081,Taiwan-side,1987-2015_cross_strait_diffusion,official_tourism_file,tertiary,0.2,1.0,0.76,1.0,0.76
BATCH_AC_082,Taiwan-side,1987-2015_cross_strait_diffusion,official_tourism_file,tertiary,0.2,1.0,0.76,1.0,0.76
BATCH_AC_083,Taiwan-side,1987-2015_cross_strait_diffusion,official_tourism_file,tertiary,0.2,1.0,0.76,1.0,0.76
BATCH_AC_084,Taiwan-side,1987-2015_cross_strait_diffusion,official_tourism_file,tertiary,0.2,1.0,0.76,1.0,0.76
BATCH_AC_085,Taiwan-side,2015-2025_internet_wanghong_capital,official_tourism_route,tertiary,0.2,1.0,0.76,1.0,0.76
BATCH_AC_086,Taiwan-side,2015-2025_internet_wanghong_capital,official_tourism_route,tertiary,0.2,1.0,0.76,1.0,0.76
BATCH_AC_087,Taiwan-side,2015-2025_internet_wanghong_capital,official_tourism_route,tertiary,0.2,1.0,0.76,1.0,0.76
BATCH_AC_088,Taiwan-side,2015-2025_internet_wanghong_capital,official_tourism_route,tertiary,0.2,1.0,0.76,1.0,0.76
BATCH_AC_089,Taiwan-side,2015-2025_internet_wanghong_capital,official_tourism_route,tertiary,0.2,1.0,0.76,1.0,0.76
BATCH_AC_090,Taiwan-side,2015-2025_internet_wanghong_capital,official_tourism_route,tertiary,0.2,1.0,0.76,1.0,0.76
BATCH_AC_091,Taiwan-side,2015-2025_internet_wanghong_capital,official_tourism_route,tertiary,0.2,1.0,0.76,1.0,0.76
BATCH_AC_092,Taiwan-side,2015-2025_internet_wanghong_capital,official_tourism_route,tertiary,0.2,1.0,0.76,1.0,0.76
BATCH_AC_093,Taiwan-side,2015-2025_internet_wanghong_capital,official_tourism_route,tertiary,0.2,1.0,0.76,1.0,0.76
BATCH_AC_094,Taiwan-side,2015-2025_internet_wanghong_capital,official_tourism_route,tertiary,0.2,1.0,0.76,1.0,0.76
BATCH_AC_095,Taiwan-side,2015-2025_internet_wanghong_capital,official_tourism_route,tertiary,0.2,1.0,0.76,1.0,0.76
BATCH_AC_096,Taiwan-side,2015-2025_internet_wanghong_capital,official_tourism_route,tertiary,0.2,1.0,0.76,1.0,0.76
BATCH_AC_097,Taiwan-side,2015-2025_internet_wanghong_capital,official_event_page,tertiary,0.2,0.125,0.1475,1.0,0.1475
BATCH_AC_098,Taiwan-side,2015-2025_internet_wanghong_capital,official_event_page,tertiary,0.2,0.125,0.1475,1.0,0.1475
BATCH_AC_099,Taiwan-side,2015-2025_internet_wanghong_capital,official_event_page,tertiary,0.2,0.125,0.1475,1.0,0.1475
BATCH_AC_100,Taiwan-side,2015-2025_internet_wanghong_capital,official_event_page,tertiary,0.2,0.125,0.1475,1.0,0.1475
BATCH_AC_101,Taiwan-side,2015-2025_internet_wanghong_capital,official_event_page,tertiary,0.2,0.125,0.1475,1.0,0.1475
BATCH_AC_102,Taiwan-side,2015-2025_internet_wanghong_capital,official_event_page,tertiary,0.2,1.0,0.76,1.0,0.76
BATCH_AC_103,Taiwan-side,2015-2025_internet_wanghong_capital,official_event_page,tertiary,0.2,1.0,0.76,1.0,0.76
BATCH_AC_104,Taiwan-side,2015-2025_internet_wanghong_capital,official_event_page,tertiary,0.2,0.125,0.1475,1.0,0.1475
BATCH_AC_105,Taiwan-side,2015-2025_internet_wanghong_capital,official_event_page,tertiary,0.2,1.0,0.76,1.0,0.76
BATCH_AC_106,Taiwan-side,2015-2025_internet_wanghong_capital,official_event_page,tertiary,0.2,1.0,0.76,1.0,0.76
BATCH_AC_107,Taiwan-side,2015-2025_internet_wanghong_capital,official_event_page,tertiary,0.2,1.0,0.76,1.0,0.76
BATCH_AC_108,Taiwan-side,2015-2025_internet_wanghong_capital,official_event_page,tertiary,0.2,1.0,0.76,1.0,0.76
BATCH_AC_109,Taiwan-side,2015-2025_internet_wanghong_capital,official_event_page,tertiary,0.2,1.0,0.76,1.0,0.76
BATCH_AC_110,Taiwan-side,2015-2025_internet_wanghong_capital,official_event_page,tertiary,0.2,1.0,0.76,1.0,0.76
BATCH_AC_111,Taiwan-side,2015-2025_internet_wanghong_capital,official_event_page,tertiary,0.2,1.0,0.76,1.0,0.76
BATCH_AC_112,Taiwan-side,2015-2025_internet_wanghong_capital,official_event_page,tertiary,0.2,1.0,0.76,1.0,0.76
BATCH_AC_113,Taiwan-side,2015-2025_internet_wanghong_capital,official_event_page,tertiary,0.2,1.0,0.76,1.0,0.76
BATCH_AC_114,Taiwan-side,2015-2025_internet_wanghong_capital,official_event_page,tertiary,0.2,0.125,0.1475,1.0,0.1475
BATCH_AC_115,Taiwan-side,2015-2025_internet_wanghong_capital,official_event_page,tertiary,0.2,0.125,0.1475,1.0,0.1475
BATCH_AC_116,Taiwan-side,2015-2025_internet_wanghong_capital,official_event_page,tertiary,0.2,1.0,0.76,1.0,0.76
BATCH_AC_117,Taiwan-side,2015-2025_internet_wanghong_capital,official_event_page,tertiary,0.2,1.0,0.76,1.0,0.76
BATCH_AC_118,Taiwan-side,2015-2025_internet_wanghong_capital,official_event_page,tertiary,0.2,1.0,0.76,1.0,0.76
BATCH_AC_119,Taiwan-side,2015-2025_internet_wanghong_capital,official_event_page,tertiary,0.2,1.0,0.76,1.0,0.76
BATCH_AC_120,Taiwan-side,2015-2025_internet_wanghong_capital,official_event_page,tertiary,0.2,1.0,0.76,1.0,0.76
BATCH_AC_121,Taiwan-side,2015-2025_internet_wanghong_capital,official_cuisine_index,tertiary,0.2,1.0,0.76,1.0,0.76
BATCH_AC_122,Taiwan-side,2015-2025_internet_wanghong_capital,official_cuisine_index,tertiary,0.2,1.0,0.76,1.0,0.76
BATCH_AC_123,Taiwan-side,2015-2025_internet_wanghong_capital,official_cuisine_index,tertiary,0.2,1.0,0.76,1.0,0.76
BATCH_AC_124,Taiwan-side,2015-2025_internet_wanghong_capital,official_cuisine_index,tertiary,0.2,1.0,0.76,1.0,0.76
BATCH_AC_125,Taiwan-side,2015-2025_internet_wanghong_capital,official_cuisine_index,tertiary,0.2,1.0,0.76,1.0,0.76
BATCH_AD_001,Yangtze River Delta,1987-2015_cross_strait_diffusion,street_food_history_article,secondary,0.7,1.0,0.91,1.0,0.91
BATCH_AD_002,Yangtze River Delta,1987-2015_cross_strait_diffusion,street_food_history_article,secondary,0.7,1.0,0.91,1.0,0.91
BATCH_AD_003,Yangtze River Delta,1987-2015_cross_strait_diffusion,street_food_history_article,secondary,0.7,1.0,0.91,1.0,0.91
BATCH_AD_004,Yangtze River Delta,1987-2015_cross_strait_diffusion,street_food_history_article,secondary,0.7,1.0,0.91,1.0,0.91
BATCH_AD_005,Yangtze River Delta,1987-2015_cross_strait_diffusion,street_food_history_article,secondary,0.7,1.0,0.91,1.0,0.91
BATCH_AD_006,Yangtze River Delta,1987-2015_cross_strait_diffusion,street_food_history_article,secondary,0.7,1.0,0.91,1.0,0.91
BATCH_AD_007,Yangtze River Delta,1987-2015_cross_strait_diffusion,street_food_history_article,secondary,0.7,1.0,0.91,1.0,0.91
BATCH_AD_008,Yangtze River Delta,1987-2015_cross_strait_diffusion,street_food_history_article,secondary,0.7,1.0,0.91,1.0,0.91
BATCH_AD_009,Yangtze River Delta,1987-2015_cross_strait_diffusion,street_food_history_article,secondary,0.7,1.0,0.91,1.0,0.91
BATCH_AD_010,Yangtze River Delta,1987-2015_cross_strait_diffusion,street_food_history_article,secondary,0.7,1.0,0.91,1.0,0.91
BATCH_AD_011,Yangtze River Delta,1987-2015_cross_strait_diffusion,street_food_history_article,secondary,0.7,1.0,0.91,1.0,0.91
BATCH_AD_012,Yangtze River Delta,1987-2015_cross_strait_diffusion,street_food_history_article,secondary,0.7,1.0,0.91,1.0,0.91
BATCH_AD_013,Yangtze River Delta,1987-2015_cross_strait_diffusion,corporate_prospectus,secondary,0.7,1.0,0.91,1.0,0.91
BATCH_AD_014,Yangtze River Delta,1987-2015_cross_strait_diffusion,corporate_prospectus,secondary,0.7,1.0,0.91,1.0,0.91
BATCH_AD_015,Yangtze River Delta,1987-2015_cross_strait_diffusion,corporate_prospectus,secondary,0.7,1.0,0.91,1.0,0.91
BATCH_AD_016,Yangtze River Delta,1987-2015_cross_strait_diffusion,corporate_prospectus,secondary,0.7,1.0,0.91,1.0,0.91
BATCH_AD_017,Yangtze River Delta,1987-2015_cross_strait_diffusion,corporate_prospectus,secondary,0.7,1.0,0.91,1.0,0.91
BATCH_AD_018,Yangtze River Delta,1987-2015_cross_strait_diffusion,corporate_prospectus,secondary,0.7,1.0,0.91,1.0,0.91
BATCH_AD_019,Yangtze River Delta,1987-2015_cross_strait_diffusion,corporate_prospectus,secondary,0.7,1.0,0.91,1.0,0.91
BATCH_AD_020,Yangtze River Delta,1987-2015_cross_strait_diffusion,corporate_prospectus,secondary,0.7,1.0,0.91,1.0,0.91
BATCH_AD_021,Yangtze River Delta,1987-2015_cross_strait_diffusion,corporate_prospectus,secondary,0.7,1.0,0.91,1.0,0.91
BATCH_AD_022,Yangtze River Delta,1987-2015_cross_strait_diffusion,corporate_prospectus,secondary,0.7,1.0,0.91,1.0,0.91
BATCH_AD_023,Yangtze River Delta,1987-2015_cross_strait_diffusion,corporate_prospectus,secondary,0.7,1.0,0.91,1.0,0.91
BATCH_AD_024,Yangtze River Delta,1987-2015_cross_strait_diffusion,corporate_prospectus,secondary,0.7,1.0,0.91,1.0,0.91
BATCH_AD_025,Yangtze River Delta,1987-2015_cross_strait_diffusion,corporate_history,secondary,0.7,1.0,0.91,1.0,0.91
BATCH_AD_026,Yangtze River Delta,1987-2015_cross_strait_diffusion,corporate_history,secondary,0.7,1.0,0.91,1.0,0.91
BATCH_AD_027,Yangtze River Delta,1987-2015_cross_strait_diffusion,corporate_history,secondary,0.7,1.0,0.91,1.0,0.91
BATCH_AD_028,Yangtze River Delta,1987-2015_cross_strait_diffusion,corporate_history,secondary,0.7,1.0,0.91,1.0,0.91
BATCH_AD_029,Yangtze River Delta,1987-2015_cross_strait_diffusion,corporate_history,secondary,0.7,1.0,0.91,1.0,0.91
BATCH_AD_030,Yangtze River Delta,1987-2015_cross_strait_diffusion,corporate_history,secondary,0.7,1.0,0.91,1.0,0.91
BATCH_AD_031,Yangtze River Delta,1987-2015_cross_strait_diffusion,corporate_history,secondary,0.7,1.0,0.91,1.0,0.91
BATCH_AD_032,Yangtze River Delta,1987-2015_cross_strait_diffusion,corporate_history,secondary,0.7,1.0,0.91,1.0,0.91
BATCH_AD_033,Yangtze River Delta,1987-2015_cross_strait_diffusion,corporate_history,secondary,0.7,1.0,0.91,1.0,0.91
BATCH_AD_034,Yangtze River Delta,1987-2015_cross_strait_diffusion,corporate_history,secondary,0.7,1.0,0.91,1.0,0.91
BATCH_AD_035,Yangtze River Delta,1987-2015_cross_strait_diffusion,corporate_history,secondary,0.7,1.0,0.91,1.0,0.91
BATCH_AD_036,Yangtze River Delta,1987-2015_cross_strait_diffusion,corporate_history,secondary,0.7,1.0,0.91,1.0,0.91
BATCH_AD_037,Taiwan-side,1987-2015_cross_strait_diffusion,newspaper_article,primary,1.2,1.0,1.06,1.0,1.06
BATCH_AD_038,Taiwan-side,1987-2015_cross_strait_diffusion,newspaper_article,primary,1.2,1.0,1.06,1.0,1.06
BATCH_AD_039,Taiwan-side,1987-2015_cross_strait_diffusion,newspaper_article,primary,1.2,1.0,1.06,1.0,1.06
BATCH_AD_040,Taiwan-side,1987-2015_cross_strait_diffusion,newspaper_article,primary,1.2,1.0,1.06,1.0,1.06
BATCH_AD_041,Taiwan-side,1987-2015_cross_strait_diffusion,newspaper_article,primary,1.2,1.0,1.06,1.0,1.06
BATCH_AD_042,Taiwan-side,1987-2015_cross_strait_diffusion,newspaper_article,primary,1.2,1.0,1.06,1.0,1.06
BATCH_AD_043,Taiwan-side,1987-2015_cross_strait_diffusion,newspaper_article,primary,1.2,1.0,1.06,1.0,1.06
BATCH_AD_044,Taiwan-side,1987-2015_cross_strait_diffusion,newspaper_article,primary,1.2,1.0,1.06,1.0,1.06
BATCH_AD_045,Taiwan-side,1987-2015_cross_strait_diffusion,newspaper_article,primary,1.2,1.0,1.06,1.0,1.06
BATCH_AD_046,Taiwan-side,1987-2015_cross_strait_diffusion,newspaper_article,primary,1.2,1.0,1.06,1.0,1.06
BATCH_AD_047,Taiwan-side,1987-2015_cross_strait_diffusion,newspaper_article,primary,1.2,1.0,1.06,1.0,1.06
BATCH_AD_048,Taiwan-side,1987-2015_cross_strait_diffusion,newspaper_article,primary,1.2,1.0,1.06,1.0,1.06
BATCH_AD_049,Singapore,1987-2015_cross_strait_diffusion,corporate_prospectus,secondary,0.7,1.0,0.91,1.0,0.91
BATCH_AD_050,Singapore,1987-2015_cross_strait_diffusion,corporate_prospectus,secondary,0.7,1.0,0.91,1.0,0.91
BATCH_AD_051,Singapore,1987-2015_cross_strait_diffusion,corporate_prospectus,secondary,0.7,1.0,0.91,1.0,0.91
BATCH_AD_052,Singapore,1987-2015_cross_strait_diffusion,corporate_prospectus,secondary,0.7,1.0,0.91,1.0,0.91
BATCH_AD_053,Singapore,1987-2015_cross_strait_diffusion,corporate_prospectus,secondary,0.7,1.0,0.91,1.0,0.91
BATCH_AD_054,Singapore,1987-2015_cross_strait_diffusion,corporate_prospectus,secondary,0.7,1.0,0.91,1.0,0.91
BATCH_AD_055,Singapore,1987-2015_cross_strait_diffusion,corporate_prospectus,secondary,0.7,1.0,0.91,1.0,0.91
BATCH_AD_056,Singapore,1987-2015_cross_strait_diffusion,corporate_prospectus,secondary,0.7,1.0,0.91,1.0,0.91
BATCH_AD_057,Singapore,1987-2015_cross_strait_diffusion,corporate_prospectus,secondary,0.7,1.0,0.91,1.0,0.91
BATCH_AD_058,Singapore,1987-2015_cross_strait_diffusion,corporate_prospectus,secondary,0.7,1.0,0.91,1.0,0.91
BATCH_AD_059,Singapore,1987-2015_cross_strait_diffusion,corporate_prospectus,secondary,0.7,1.0,0.91,1.0,0.91
BATCH_AD_060,Singapore,1987-2015_cross_strait_diffusion,corporate_prospectus,secondary,0.7,1.0,0.91,1.0,0.91
BATCH_AD_061,Singapore,1987-2015_cross_strait_diffusion,newspaper_issue,primary,1.2,1.0,1.06,1.0,1.06
BATCH_AD_062,Singapore,1987-2015_cross_strait_diffusion,newspaper_issue,primary,1.2,1.0,1.06,1.0,1.06
BATCH_AD_063,Singapore,1987-2015_cross_strait_diffusion,newspaper_issue,primary,1.2,1.0,1.06,1.0,1.06
BATCH_AD_064,Singapore,1987-2015_cross_strait_diffusion,newspaper_issue,primary,1.2,1.0,1.06,1.0,1.06
BATCH_AD_065,Singapore,1987-2015_cross_strait_diffusion,newspaper_issue,primary,1.2,1.0,1.06,1.0,1.06
BATCH_AD_066,Singapore,1987-2015_cross_strait_diffusion,newspaper_issue,primary,1.2,1.0,1.06,1.0,1.06
BATCH_AD_067,Singapore,1987-2015_cross_strait_diffusion,newspaper_issue,primary,1.2,1.0,1.06,1.0,1.06
BATCH_AD_068,Singapore,1987-2015_cross_strait_diffusion,newspaper_issue,primary,1.2,1.0,1.06,1.0,1.06
BATCH_AD_069,Singapore,1987-2015_cross_strait_diffusion,newspaper_issue,primary,1.2,1.0,1.06,1.0,1.06
BATCH_AD_070,Singapore,1987-2015_cross_strait_diffusion,newspaper_issue,primary,1.2,1.0,1.06,1.0,1.06
BATCH_AD_071,Singapore,1987-2015_cross_strait_diffusion,newspaper_issue,primary,1.2,1.0,1.06,1.0,1.06
BATCH_AD_072,Singapore,1987-2015_cross_strait_diffusion,newspaper_issue,primary,1.2,1.0,1.06,1.0,1.06
BATCH_AD_073,Singapore,1987-2015_cross_strait_diffusion,newspaper_issue,primary,1.2,1.0,1.06,1.0,1.06
BATCH_AD_074,Singapore,1987-2015_cross_strait_diffusion,newspaper_issue,primary,1.2,1.0,1.06,1.0,1.06
BATCH_AD_075,Singapore,1987-2015_cross_strait_diffusion,newspaper_issue,primary,1.2,1.0,1.06,1.0,1.06
BATCH_AD_076,Singapore,1987-2015_cross_strait_diffusion,newspaper_issue,primary,1.2,1.0,1.06,1.0,1.06
BATCH_AD_077,Singapore,1987-2015_cross_strait_diffusion,newspaper_issue,primary,1.2,1.0,1.06,1.0,1.06
BATCH_AD_078,Singapore,1987-2015_cross_strait_diffusion,newspaper_issue,primary,1.2,1.0,1.06,1.0,1.06
BATCH_AD_079,Singapore,1987-2015_cross_strait_diffusion,newspaper_issue,primary,1.2,1.0,1.06,1.0,1.06
BATCH_AD_080,Singapore,1987-2015_cross_strait_diffusion,newspaper_issue,primary,1.2,1.0,1.06,1.0,1.06
BATCH_AD_081,Singapore,1987-2015_cross_strait_diffusion,newspaper_issue,primary,1.2,1.0,1.06,1.0,1.06
BATCH_AD_082,Singapore,1987-2015_cross_strait_diffusion,newspaper_issue,primary,1.2,1.0,1.06,1.0,1.06
BATCH_AD_083,Singapore,1987-2015_cross_strait_diffusion,newspaper_issue,primary,1.2,1.0,1.06,1.0,1.06
BATCH_AD_084,Singapore,1987-2015_cross_strait_diffusion,newspaper_issue,primary,1.2,1.0,1.06,1.0,1.06
BATCH_AD_085,Singapore,1987-2015_cross_strait_diffusion,newspaper_issue,primary,1.2,1.0,1.06,1.0,1.06
BATCH_AD_086,Singapore,1987-2015_cross_strait_diffusion,newspaper_issue,primary,1.2,1.0,1.06,1.0,1.06
BATCH_AD_087,Singapore,1987-2015_cross_strait_diffusion,newspaper_issue,primary,1.2,1.0,1.06,1.0,1.06
BATCH_AD_088,Singapore,1987-2015_cross_strait_diffusion,newspaper_issue,primary,1.2,1.0,1.06,1.0,1.06
BATCH_AD_089,Singapore,1987-2015_cross_strait_diffusion,newspaper_issue,primary,1.2,0.3913,0.6339,1.0,0.6339
BATCH_AD_090,Singapore,1987-2015_cross_strait_diffusion,newspaper_issue,primary,1.2,0.3913,0.6339,1.0,0.6339
BATCH_AD_091,Singapore,1987-2015_cross_strait_diffusion,newspaper_issue,primary,1.2,1.0,1.06,1.0,1.06
BATCH_AD_092,Singapore,1987-2015_cross_strait_diffusion,newspaper_issue,primary,1.2,1.0,1.06,1.0,1.06
BATCH_AD_093,Singapore,1987-2015_cross_strait_diffusion,newspaper_issue,primary,1.2,1.0,1.06,1.0,1.06
BATCH_AD_094,Singapore,1987-2015_cross_strait_diffusion,newspaper_issue,primary,1.2,1.0,1.06,1.0,1.06
BATCH_AD_095,Singapore,1987-2015_cross_strait_diffusion,newspaper_issue,primary,1.2,1.0,1.06,1.0,1.06
BATCH_AD_096,Singapore,1987-2015_cross_strait_diffusion,newspaper_issue,primary,1.2,1.0,1.06,1.0,1.06
BATCH_AD_097,Taiwan-side,1987-2015_cross_strait_diffusion,official_event_page,tertiary,0.2,1.0,0.76,1.0,0.76
BATCH_AD_098,Taiwan-side,1987-2015_cross_strait_diffusion,official_event_page,tertiary,0.2,1.0,0.76,1.0,0.76
BATCH_AD_099,Taiwan-side,1987-2015_cross_strait_diffusion,official_event_page,tertiary,0.2,1.0,0.76,1.0,0.76
BATCH_AD_100,Taiwan-side,1987-2015_cross_strait_diffusion,official_event_page,tertiary,0.2,0.1765,0.1835,1.0,0.1835
BATCH_AD_101,Taiwan-side,1987-2015_cross_strait_diffusion,official_event_page,tertiary,0.2,1.0,0.76,1.0,0.76
BATCH_AD_102,Taiwan-side,1987-2015_cross_strait_diffusion,official_event_page,tertiary,0.2,1.0,0.76,1.0,0.76
BATCH_AD_103,Taiwan-side,1987-2015_cross_strait_diffusion,official_event_page,tertiary,0.2,1.0,0.76,1.0,0.76
BATCH_AD_104,Taiwan-side,1987-2015_cross_strait_diffusion,official_event_page,tertiary,0.2,0.1765,0.1835,1.0,0.1835
BATCH_AD_105,Taiwan-side,1987-2015_cross_strait_diffusion,official_event_page,tertiary,0.2,1.0,0.76,1.0,0.76
BATCH_AD_106,Taiwan-side,1987-2015_cross_strait_diffusion,official_event_page,tertiary,0.2,1.0,0.76,1.0,0.76
BATCH_AD_107,Taiwan-side,1987-2015_cross_strait_diffusion,official_event_page,tertiary,0.2,1.0,0.76,1.0,0.76
BATCH_AD_108,Taiwan-side,1987-2015_cross_strait_diffusion,official_event_page,tertiary,0.2,0.1765,0.1835,1.0,0.1835
BATCH_AD_109,Taiwan-side,1987-2015_cross_strait_diffusion,official_itinerary_file,tertiary,0.2,1.0,0.76,1.0,0.76
BATCH_AD_110,Taiwan-side,1987-2015_cross_strait_diffusion,official_itinerary_file,tertiary,0.2,1.0,0.76,1.0,0.76
BATCH_AD_111,Taiwan-side,1987-2015_cross_strait_diffusion,official_itinerary_file,tertiary,0.2,0.3333,0.2933,1.0,0.2933
BATCH_AD_112,Taiwan-side,1987-2015_cross_strait_diffusion,official_itinerary_file,tertiary,0.2,1.0,0.76,1.0,0.76
BATCH_AD_113,Taiwan-side,1987-2015_cross_strait_diffusion,official_itinerary_file,tertiary,0.2,1.0,0.76,1.0,0.76
BATCH_AD_114,Taiwan-side,1987-2015_cross_strait_diffusion,official_itinerary_file,tertiary,0.2,0.2353,0.2247,1.0,0.2247
BATCH_AD_115,Taiwan-side,1987-2015_cross_strait_diffusion,official_itinerary_file,tertiary,0.2,1.0,0.76,1.0,0.76
BATCH_AD_116,Taiwan-side,1987-2015_cross_strait_diffusion,official_itinerary_file,tertiary,0.2,1.0,0.76,1.0,0.76
BATCH_AD_117,Taiwan-side,1987-2015_cross_strait_diffusion,official_itinerary_file,tertiary,0.2,1.0,0.76,1.0,0.76
BATCH_AD_118,Taiwan-side,1987-2015_cross_strait_diffusion,official_itinerary_file,tertiary,0.2,1.0,0.76,1.0,0.76
BATCH_AD_119,Taiwan-side,1987-2015_cross_strait_diffusion,official_itinerary_file,tertiary,0.2,1.0,0.76,1.0,0.76
BATCH_AD_120,Taiwan-side,1987-2015_cross_strait_diffusion,official_itinerary_file,tertiary,0.2,1.0,0.76,1.0,0.76
BATCH_AD_121,Taiwan-side,2015-2025_internet_wanghong_capital,official_event_page,tertiary,0.2,0.125,0.1475,1.0,0.1475
BATCH_AD_122,Taiwan-side,2015-2025_internet_wanghong_capital,official_event_page,tertiary,0.2,0.125,0.1475,1.0,0.1475
BATCH_AD_123,Taiwan-side,2015-2025_internet_wanghong_capital,official_event_page,tertiary,0.2,0.125,0.1475,1.0,0.1475
BATCH_AD_124,Taiwan-side,2015-2025_internet_wanghong_capital,official_event_page,tertiary,0.2,0.125,0.1475,1.0,0.1475
BATCH_AD_125,Taiwan-side,2015-2025_internet_wanghong_capital,official_event_page,tertiary,0.2,0.125,0.1475,1.0,0.1475
SRC_NEWSG_MANUAL_19810523_MAYGARDEN,Singapore,1946-1987_taiwan_side_formation,newspaper_archive,primary,1.2,0.7663,0.8964,1.0,0.8964
SRC_NEWSG_MANUAL_19860919_EQUATORIAL,Singapore,1946-1987_taiwan_side_formation,newspaper_archive,primary,1.2,1.0,1.06,1.0,1.06
SRC_NEWSG_MANUAL_19760928_MAYGARDEN,Singapore,1946-1987_taiwan_side_formation,newspaper_archive,primary,1.2,0.7089,0.8562,1.0,0.8562
SRC_NEWSG_MANUAL_19780206_TWSEAFOOD,Singapore,1946-1987_taiwan_side_formation,newspaper_archive,primary,1.2,1.0,1.06,1.0,1.06
SRC_NEWSG_MANUAL_19791110_MAYGARDEN,Singapore,1946-1987_taiwan_side_formation,newspaper_archive,primary,1.2,0.7986,0.919,1.0,0.919
SRC_NEWSG_MANUAL_19800712_TWSEAFOOD,Singapore,1946-1987_taiwan_side_formation,newspaper_archive,primary,1.2,0.3692,0.6184,1.0,0.6184
SRC_NEWSG_MANUAL_19800802_TWSEAFOOD,Singapore,1946-1987_taiwan_side_formation,newspaper_archive,primary,1.2,0.5023,0.7116,1.0,0.7116
SRC_NEWSG_MANUAL_19810102_TWSEAFOOD,Singapore,1946-1987_taiwan_side_formation,newspaper_archive,primary,1.2,0.7264,0.8685,1.0,0.8685
SRC_NEWSG_MANUAL_19810815_TWSEAFOOD,Singapore,1946-1987_taiwan_side_formation,newspaper_archive,primary,1.2,0.3549,0.6084,1.0,0.6084
SRC_NEWSG_MANUAL_19810912_TWSEAFOOD,Singapore,1946-1987_taiwan_side_formation,newspaper_archive,primary,1.2,0.2829,0.558,1.0,0.558
SRC_NEWSG_MANUAL_19810914_UMEKO,Singapore,1946-1987_taiwan_side_formation,newspaper_archive,primary,1.2,1.0,1.06,1.0,1.06
SRC_NEWSG_MANUAL_19820405_USZECHUAN,Singapore,1946-1987_taiwan_side_formation,newspaper_archive,primary,1.2,1.0,1.06,1.0,1.06
SRC_NEWSG_MANUAL_19820715_OMEI,Singapore,1946-1987_taiwan_side_formation,newspaper_archive,primary,1.2,1.0,1.06,1.0,1.06
SRC_NEWSG_MANUAL_19821101_UMEKO,Singapore,1946-1987_taiwan_side_formation,newspaper_archive,primary,1.2,1.0,1.06,1.0,1.06
SRC_NEWSG_MANUAL_19831212_UMEKO,Singapore,1946-1987_taiwan_side_formation,newspaper_archive,primary,1.2,0.5815,0.7671,1.0,0.7671
SRC_NEWSG_MANUAL_19840419_UMEKO,Singapore,1946-1987_taiwan_side_formation,newspaper_archive,primary,1.2,0.5815,0.7671,1.0,0.7671
SRC_NEWSG_MANUAL_19840813_UMEKO,Singapore,1946-1987_taiwan_side_formation,newspaper_archive,primary,1.2,0.5947,0.7763,1.0,0.7763
SRC_NEWSG_MANUAL_19850217_UMEKO,Singapore,1946-1987_taiwan_side_formation,newspaper_archive,primary,1.2,0.6131,0.7892,1.0,0.7892
SRC_NEWSG_MANUAL_19851102_UMEKO,Singapore,1946-1987_taiwan_side_formation,newspaper_archive,primary,1.2,0.6576,0.8203,1.0,0.8203
SRC_NEWSG_MANUAL_19860913_FORTUNE,Singapore,1946-1987_taiwan_side_formation,newspaper_archive,primary,1.2,1.0,1.06,1.0,1.06
SRC_NEWSG_MANUAL_19861213_TIENCOURT,Singapore,1946-1987_taiwan_side_formation,newspaper_archive,primary,1.2,0.6899,0.8429,1.0,0.8429
SRC_NEWSG_MANUAL_19770827_MAYGARDEN,Singapore,1946-1987_taiwan_side_formation,newspaper_archive,primary,1.2,0.5558,0.7491,1.0,0.7491
SRC_NEWSG_MANUAL_19790808_MAYGARDEN,Singapore,1946-1987_taiwan_side_formation,newspaper_archive,primary,1.2,0.5559,0.7491,1.0,0.7491
SRC_NEWSG_MANUAL_19800317_MAYGARDEN,Singapore,1946-1987_taiwan_side_formation,newspaper_archive,primary,1.2,0.6368,0.8058,1.0,0.8058
SRC_NEWSG_MANUAL_19800317_TWRESTAURANT,Singapore,1946-1987_taiwan_side_formation,newspaper_archive,primary,1.2,1.0,1.06,1.0,1.06
SRC_NEWSG_MANUAL_19800913_TWSEAFOOD,Singapore,1946-1987_taiwan_side_formation,newspaper_archive,primary,1.2,0.2829,0.558,1.0,0.558
SRC_NEWSG_MANUAL_19801004_MAYGARDEN,Singapore,1946-1987_taiwan_side_formation,newspaper_archive,primary,1.2,0.5559,0.7491,1.0,0.7491
SRC_NEWSG_MANUAL_19810102_MAYGARDEN,Singapore,1946-1987_taiwan_side_formation,newspaper_archive,primary,1.2,0.6354,0.8048,1.0,0.8048
SRC_NEWSG_MANUAL_19810314_TWSEAFOOD,Singapore,1946-1987_taiwan_side_formation,newspaper_archive,primary,1.2,0.2829,0.558,1.0,0.558
SRC_NEWSG_MANUAL_19810502_TWSEAFOOD,Singapore,1946-1987_taiwan_side_formation,newspaper_archive,primary,1.2,0.3702,0.6191,1.0,0.6191
SRC_NEWSG_MANUAL_19810904_TWSEAFOOD,Singapore,1946-1987_taiwan_side_formation,newspaper_archive,primary,1.2,0.448,0.6736,1.0,0.6736
SRC_NEWSG_MANUAL_19860809_TIENCOURT,Singapore,1946-1987_taiwan_side_formation,newspaper_archive,primary,1.2,0.6402,0.8081,1.0,0.8081
SRC_NEWSG_MANUAL_19870122_TIENCOURT,Singapore,1946-1987_taiwan_side_formation,newspaper_archive,primary,1.2,0.555,0.7485,1.0,0.7485
SRC_NEWSG_MANUAL_19870127_TIENCOURT,Singapore,1946-1987_taiwan_side_formation,newspaper_archive,primary,1.2,0.5774,0.7642,1.0,0.7642
SRC_NEWSG_MANUAL_19870215_TIENCOURT,Singapore,1946-1987_taiwan_side_formation,newspaper_archive,primary,1.2,0.5626,0.7538,1.0,0.7538
SRC_NEWSG_MANUAL_19730425_OASIS,Singapore,1946-1987_taiwan_side_formation,newspaper_archive,primary,1.2,0.7714,0.9,1.0,0.9
SRC_NEWSG_MANUAL_19800406_GOLDLEAF,Singapore,1946-1987_taiwan_side_formation,newspaper_archive,primary,1.2,1.0,1.06,1.0,1.06
SRC_NEWSG_MANUAL_19800419_MAYGARDEN,Singapore,1946-1987_taiwan_side_formation,newspaper_archive,primary,1.2,0.5996,0.7797,1.0,0.7797
SRC_NEWSG_MANUAL_19820906_MAYGARDEN,Singapore,1946-1987_taiwan_side_formation,newspaper_archive,primary,1.2,0.6535,0.8175,1.0,0.8175
SRC_NEWSG_MANUAL_19840419_UMEKO_MONITOR1,Singapore,1946-1987_taiwan_side_formation,newspaper_archive,primary,1.2,1.0,1.06,1.0,1.06
SRC_NEWSG_MANUAL_19840522_OASIS,Singapore,1946-1987_taiwan_side_formation,newspaper_archive,primary,1.2,0.9091,0.9964,1.0,0.9964
SRC_NEWSG_MANUAL_19860907_TIENCOURT,Singapore,1946-1987_taiwan_side_formation,newspaper_archive,primary,1.2,0.6389,0.8072,1.0,0.8072
SRC_NEWSG_MANUAL_19860913_TIENCOURT,Singapore,1946-1987_taiwan_side_formation,newspaper_archive,primary,1.2,0.6174,0.7922,1.0,0.7922
SRC_NEWSG_MANUAL_19750614_OASIS,Singapore,1946-1987_taiwan_side_formation,newspaper_archive,primary,1.2,0.5483,0.7438,1.0,0.7438
SRC_NEWSG_MANUAL_19750628_OASIS,Singapore,1946-1987_taiwan_side_formation,newspaper_archive,primary,1.2,0.4365,0.6655,1.0,0.6655
SRC_KHHOLD_1951_DONGMEI_FRUIT,Taiwan-side,1946-1987_taiwan_side_formation,official_tourism_profile,tertiary,0.2,1.0,0.76,1.0,0.76
SRC_KHHOLD_1946_XIANGMING_TEA,Taiwan-side,1946-1987_taiwan_side_formation,official_tourism_profile,tertiary,0.2,1.0,0.76,1.0,0.76
SRC_KHHOLD_1954_LAOZHENGXING,Taiwan-side,1946-1987_taiwan_side_formation,official_tourism_profile,tertiary,0.2,1.0,0.76,1.0,0.76
SRC_KHHOLD_1958_LAOZHOU_DRINKS,Taiwan-side,1946-1987_taiwan_side_formation,official_tourism_profile,tertiary,0.2,1.0,0.76,1.0,0.76
SRC_KHHSHOP_1977_JIBO,Taiwan-side,1946-1987_taiwan_side_formation,official_tourism_profile,tertiary,0.2,1.0,0.76,1.0,0.76
SRC_KHHSHOP_1971_XIANXIANG,Taiwan-side,1946-1987_taiwan_side_formation,official_tourism_profile,tertiary,0.2,1.0,0.76,1.0,0.76
SRC_KHHSHOP_1961_SANLUN,Taiwan-side,1946-1987_taiwan_side_formation,official_tourism_profile,tertiary,0.2,1.0,0.76,1.0,0.76
SRC_TNN_1962_MINGXIN_MAIN,Taiwan-side,1946-1987_taiwan_side_formation,official_tourism_profile,tertiary,0.2,1.0,0.76,1.0,0.76
SRC_TNN_1962_MIE_WANLI_LAMB,Taiwan-side,1946-1987_taiwan_side_formation,official_tourism_profile,tertiary,0.2,1.0,0.76,1.0,0.76
SRC_NTPT_1981_DIWANG_GINGER_DUCK,Taiwan-side,1946-1987_taiwan_side_formation,official_tourism_profile,tertiary,0.2,1.0,0.76,1.0,0.76
SRC_NTPT_1975_LIANWU_LURou,Taiwan-side,1946-1987_taiwan_side_formation,official_tourism_profile,tertiary,0.2,1.0,0.76,1.0,0.76
SRC_R010_TW_TAINAN_ASHIA_1940_OFFICIAL,Taiwan-side,1940-1945_preformation,official_tourism_news,tertiary,0.2,0.6667,0.5267,1.0,0.5267
SRC_R010_TW_TAINAN_XINXIN_2024_OFFICIAL,Taiwan-side,2015-2025_platformization,official_tourism_news,tertiary,0.2,1.0,0.76,1.0,0.76
SRC_R010_TW_TAINAN_AMEI_2024_OFFICIAL,Taiwan-side,2015-2025_platformization,official_tourism_news,tertiary,0.2,0.6667,0.5267,1.0,0.5267
SRC_R010_TW_TAINAN_MINSIN_1962_OFFICIAL,Taiwan-side,1946-1987_taiwan_side_formation,official_tourism_profile,tertiary,0.2,1.0,0.76,1.0,0.76
SRC_R010_TW_TAIPEI_GOLDENFORMOSA_1954_MICHELIN,Taiwan-side,1946-1987_taiwan_side_formation,michelin_editorial,secondary,0.7,1.0,0.91,1.0,0.91
SRC_R010_KR_SEOUL_NIUROUMIANGUAN_2026_MICHELIN,Korea,2015-2025_platformization,michelin_restaurant_page,primary,1.2,1.0,1.06,1.0,1.06
SRC_R010_KR_BUSAN_MICHELIN_2024_TAIWANESE_BIB,Korea,2015-2025_platformization,michelin_press_release_pdf,secondary,0.7,1.0,0.91,1.0,0.91
SRC_R010B02_TW_TAINAN_ASHIA_BOOK_2022,Taiwan-side,2015-2025_platformization,official_tourism_news,tertiary,0.2,0.6667,0.5267,1.0,0.5267
SRC_R010B02_TW_TAINAN_FULOU_2024,Taiwan-side,2015-2025_platformization,official_tourism_news,tertiary,0.2,1.0,0.76,1.0,0.76
SRC_R010B02_TW_TAINAN_SHIJIA_2024_16,Taiwan-side,2015-2025_platformization,official_tourism_news,tertiary,0.2,1.0,0.76,1.0,0.76
SRC_R010B02_TW_TAINAN_XIQING_2024_22,Taiwan-side,2015-2025_platformization,official_tourism_news,tertiary,0.2,0.6667,0.5267,1.0,0.5267
SRC_R010B02_TW_TAINAN_NANJI_2024_18,Taiwan-side,2015-2025_platformization,official_tourism_news,tertiary,0.2,0.6667,0.5267,1.0,0.5267
SRC_R010B02_TW_TAINAN_BAJIATIAN_2024,Taiwan-side,2015-2025_platformization,official_tourism_news,tertiary,0.2,1.0,0.76,1.0,0.76
SRC_R010B02_TW_TAINAN_NANJI_2024_05,Taiwan-side,2015-2025_platformization,official_tourism_news,tertiary,0.2,0.6667,0.5267,1.0,0.5267
SRC_R010B02_TW_TAINAN_AMEI_2024_12,Taiwan-side,2015-2025_platformization,official_tourism_news,tertiary,0.2,0.6667,0.5267,1.0,0.5267
SRC_R010B02_TW_TAINAN_ZHUXINJU_2024,Taiwan-side,2015-2025_platformization,official_tourism_news,tertiary,0.2,1.0,0.76,1.0,0.76
SRC_R010B02_TW_TAINAN_FUCHENGSHIFU_2024,Taiwan-side,2015-2025_platformization,official_tourism_news,tertiary,0.2,1.0,0.76,1.0,0.76
SRC_R010B02_TW_TAINAN_BAOWEIZHEN_2024,Taiwan-side,2015-2025_platformization,official_tourism_news,tertiary,0.2,1.0,0.76,1.0,0.76
SRC_R010B02_TW_TAINAN_SHIJIA_2024_02,Taiwan-side,2015-2025_platformization,official_tourism_news,tertiary,0.2,1.0,0.76,1.0,0.76
SRC_R010B02_TW_TAINAN_LIWAN_2024,Taiwan-side,2015-2025_platformization,official_tourism_news,tertiary,0.2,1.0,0.76,1.0,0.76
SRC_R010B02_TW_TAINAN_XIQING_2024_08,Taiwan-side,2015-2025_platformization,official_tourism_news,tertiary,0.2,0.6667,0.5267,1.0,0.5267
SRC_R010B02_TW_TAINAN_CHENJINMING_2024,Taiwan-side,2015-2025_platformization,official_tourism_news,tertiary,0.2,1.0,0.76,1.0,0.76
SRC_R010B02_TW_TAINAN_DONGXIANG_2024,Taiwan-side,2015-2025_platformization,official_tourism_news,tertiary,0.2,1.0,0.76,1.0,0.76
SRC_R010B02_TW_TAINAN_CHEFS_HANDBOOK_2024,Taiwan-side,2015-2025_platformization,official_tourism_news,tertiary,0.2,1.0,0.76,1.0,0.76
SRC_R010B02_TW_TAINAN_ZONGPUSHI_2025,Taiwan-side,2015-2025_platformization,official_tourism_news,tertiary,0.2,1.0,0.76,1.0,0.76
SRC_R010B02_TW_TAINAN_CHANGYUAN_2024,Taiwan-side,2015-2025_platformization,official_tourism_news,tertiary,0.2,1.0,0.76,1.0,0.76
SRC_R010B02_TW_TAINAN_AHUI_EEL_2022,Taiwan-side,2015-2025_platformization,official_tourism_profile,tertiary,0.2,1.0,0.76,1.0,0.76
SRC_R010B02_TW_KHH_STREET_SNACKS_2023,Taiwan-side,2015-2025_platformization,official_tourism_news,tertiary,0.2,1.0,0.76,1.0,0.76
SRC_R010B02_TW_KHH_MICHELIN_2022,Taiwan-side,2015-2025_platformization,official_tourism_news,tertiary,0.2,1.0,0.76,1.0,0.76
SRC_R010B02_TW_KHH_LOCAL_CHINESE_2023,Taiwan-side,2015-2025_platformization,official_tourism_news,tertiary,0.2,1.0,0.76,1.0,0.76
SRC_R010B02_TW_KHH_MICHELIN_2023,Taiwan-side,2015-2025_platformization,official_tourism_news,tertiary,0.2,1.0,0.76,1.0,0.76
SRC_R010B02_TW_KHH_YANCHENG_2022,Taiwan-side,2015-2025_platformization,official_tourism_news,tertiary,0.2,1.0,0.76,1.0,0.76
SRC_R010B02_KR_BUSAN_BAOHAUS_2026_MICHELIN,Korea,2015-2025_platformization,michelin_restaurant_page,secondary,0.7,1.0,0.91,1.0,0.91
SRC_R010B02_KR_BUSAN_NIUROU_2026_MICHELIN,Korea,2015-2025_platformization,michelin_restaurant_page,secondary,0.7,1.0,0.91,1.0,0.91
SRC_R010B03_TW_NANTOU_SUIYI_2023_OFFICIAL,Taiwan-side,2015-2025_platformization,official_open_data,tertiary,0.2,1.0,0.76,1.0,0.76
SRC_R010B03_TW_NANTOU_KOUFU_2023_OFFICIAL,Taiwan-side,2015-2025_platformization,official_open_data,tertiary,0.2,1.0,0.76,1.0,0.76
SRC_R010B03_TW_NANTOU_ASEN_2023_OFFICIAL,Taiwan-side,2015-2025_platformization,official_open_data,tertiary,0.2,1.0,0.76,1.0,0.76
SRC_R010B03_TW_NANTOU_XITOU_CUIGU_2023_OFFICIAL,Taiwan-side,2015-2025_platformization,official_open_data,tertiary,0.2,1.0,0.76,1.0,0.76
SRC_R010B03_TW_NANTOU_SHUILI_LAMB_1971_OFFICIAL,Taiwan-side,1946-1987_taiwan_side_formation,official_open_data,tertiary,0.2,1.0,0.76,1.0,0.76
SRC_R010B03_TW_NANTOU_ROUYUANLI_2023_OFFICIAL,Taiwan-side,2015-2025_platformization,official_open_data,tertiary,0.2,1.0,0.76,1.0,0.76
SRC_R010B03_TW_NANTOU_BAZHANG_BEEFNOODLE_2023_OFFICIAL,Taiwan-side,2015-2025_platformization,official_open_data,tertiary,0.2,1.0,0.76,1.0,0.76
SRC_R010B03_TW_TAICHUNG_ZAILAI_2025_MICHELIN_OPEN,Taiwan-side,2015-2025_platformization,official_open_data_michelin,tertiary,0.2,1.0,0.76,1.0,0.76
SRC_R010B03_TW_NANTOU_QILINTAN_2023_OFFICIAL,Taiwan-side,2015-2025_platformization,official_open_data,tertiary,0.2,1.0,0.76,1.0,0.76
SRC_R010B03_TW_CHANGHUA_SHANHAIZHEN_2023_OFFICIAL,Taiwan-side,2015-2025_platformization,official_open_data,tertiary,0.2,1.0,0.76,1.0,0.76
SRC_R010B03_TW_NANTOU_JINZHUWEI_2023_OFFICIAL,Taiwan-side,2015-2025_platformization,official_open_data,tertiary,0.2,1.0,0.76,1.0,0.76
SRC_R010B03_TW_MATSU_XIEHE_1976_OFFICIAL,Taiwan-side,1946-1987_taiwan_side_formation,official_open_data,tertiary,0.2,1.0,0.76,1.0,0.76
SRC_R010B03_TW_TAINAN_SANHAO_DUCK_1949_MICHELIN_OPEN,Taiwan-side,1946-1987_taiwan_side_formation,official_open_data_michelin,tertiary,0.2,1.0,0.76,1.0,0.76
SRC_R010B03_TW_TAINAN_TIANHOU_2025_MICHELIN_OPEN,Taiwan-side,2015-2025_platformization,official_open_data_michelin,tertiary,0.2,1.0,0.76,1.0,0.76
SRC_R010B03_TW_TAIPEI_DAQIAOTOU_RICECAKE_1973_OPEN,Taiwan-side,1946-1987_taiwan_side_formation,official_open_data_michelin,tertiary,0.2,1.0,0.76,1.0,0.76
SRC_R010B03_TW_TAIPEI_SANJIU_2025_MICHELIN_OPEN,Taiwan-side,2015-2025_platformization,official_open_data_michelin,tertiary,0.2,1.0,0.76,1.0,0.76
SRC_R010B03_TW_NEWTAIPEI_ABBA_TARO_2025_OPEN,Taiwan-side,2015-2025_platformization,official_open_data_michelin,tertiary,0.2,1.0,0.76,1.0,0.76
SRC_R010B03_TW_TAIPEI_SHINYEH_ZHONGCAI_2025_OPEN,Taiwan-side,2015-2025_platformization,official_open_data_michelin,tertiary,0.2,1.0,0.76,1.0,0.76
SRC_R010B03_TW_TAIPEI_XIONGJI_SCALLION_2024_OPEN,Taiwan-side,2015-2025_platformization,official_open_data_michelin,tertiary,0.2,1.0,0.76,1.0,0.76
SRC_R010B03_TW_CHANGHUA_OYSTER_AREN_2022_OFFICIAL,Taiwan-side,2015-2025_platformization,official_open_data,tertiary,0.2,1.0,0.76,1.0,0.76
SRC_R010B03_TW_CHANGHUA_DALU_BEEFNOODLE_2023_OFFICIAL,Taiwan-side,2015-2025_platformization,official_open_data,tertiary,0.2,1.0,0.76,1.0,0.76
SRC_R010B03_TW_NANTOU_LAOHU_2023_OFFICIAL,Taiwan-side,2015-2025_platformization,official_open_data,tertiary,0.2,1.0,0.76,1.0,0.76
SRC_R010B03_TW_NANTOU_QIAOTOUBIAN_ROUYUAN_2023_OFFICIAL,Taiwan-side,2015-2025_platformization,official_open_data,tertiary,0.2,1.0,0.76,1.0,0.76
SRC_R010B03_TW_NANTOU_TAIWAN_SNACKS_2023_OFFICIAL,Taiwan-side,2015-2025_platformization,official_open_data,tertiary,0.2,1.0,0.76,1.0,0.76
SRC_R010B03_TW_NANTOU_MAZU_TEMPLE_RICECAKE_2023_OFFICIAL,Taiwan-side,2015-2025_platformization,official_open_data,tertiary,0.2,1.0,0.76,1.0,0.76
SRC_R010B04_TW_376440000A_000397_OFFICIAL,Taiwan-side,2015-2025_platformization,official_open_data,tertiary,0.2,1.0,0.76,1.0,0.76
SRC_R010B04_TW_376440000A_000485_OFFICIAL,Taiwan-side,2015-2025_platformization,official_open_data,tertiary,0.2,1.0,0.76,1.0,0.76
SRC_R010B04_TW_376440000A_000198_OFFICIAL,Taiwan-side,2015-2025_platformization,official_open_data,tertiary,0.2,1.0,0.76,1.0,0.76
SRC_R010B04_TW_376440000A_000529_OFFICIAL,Taiwan-side,2015-2025_platformization,official_open_data,tertiary,0.2,1.0,0.76,1.0,0.76
SRC_R010B04_TW_376440000A_000130_OFFICIAL,Taiwan-side,2015-2025_platformization,official_open_data,tertiary,0.2,1.0,0.76,1.0,0.76
SRC_R010B04_TW_376440000A_000112_OFFICIAL,Taiwan-side,2015-2025_platformization,official_open_data,tertiary,0.2,1.0,0.76,1.0,0.76
SRC_R010B04_TW_376440000A_000458_OFFICIAL,Taiwan-side,2015-2025_platformization,official_open_data,tertiary,0.2,1.0,0.76,1.0,0.76
SRC_R010B04_TW_376440000A_000452_OFFICIAL,Taiwan-side,2015-2025_platformization,official_open_data,tertiary,0.2,1.0,0.76,1.0,0.76
SRC_R010B04_TW_376440000A_000109_OFFICIAL,Taiwan-side,2015-2025_platformization,official_open_data,tertiary,0.2,1.0,0.76,1.0,0.76
SRC_R010B04_TW_376480000A_000060_OFFICIAL,Taiwan-side,2015-2025_platformization,official_open_data,tertiary,0.2,1.0,0.76,1.0,0.76
SRC_R010B04_TW_376470000A_000226_OFFICIAL,Taiwan-side,2015-2025_platformization,official_open_data,tertiary,0.2,1.0,0.76,1.0,0.76
SRC_R010B04_TW_376470000A_000196_OFFICIAL,Taiwan-side,2015-2025_platformization,official_open_data,tertiary,0.2,1.0,0.76,1.0,0.76
SRC_R010B04_TW_376470000A_000183_OFFICIAL,Taiwan-side,2015-2025_platformization,official_open_data,tertiary,0.2,1.0,0.76,1.0,0.76
SRC_R010B04_TW_376470000A_000205_OFFICIAL,Taiwan-side,2015-2025_platformization,official_open_data,tertiary,0.2,1.0,0.76,1.0,0.76
SRC_R010B04_TW_376470000A_000191_OFFICIAL,Taiwan-side,2015-2025_platformization,official_open_data,tertiary,0.2,1.0,0.76,1.0,0.76
SRC_R010B04_TW_A15010200H_000085_OFFICIAL,Taiwan-side,2015-2025_platformization,official_open_data,tertiary,0.2,1.0,0.76,1.0,0.76
SRC_R010B04_TW_A15010200H_000113_OFFICIAL,Taiwan-side,2015-2025_platformization,official_open_data,tertiary,0.2,1.0,0.76,1.0,0.76
SRC_R010B04_TW_376440000A_000119_OFFICIAL,Taiwan-side,2015-2025_platformization,official_open_data,tertiary,0.2,1.0,0.76,1.0,0.76
SRC_R010B04_TW_376470000A_000257_OFFICIAL,Taiwan-side,2015-2025_platformization,official_open_data,tertiary,0.2,1.0,0.76,1.0,0.76
SRC_R010B04_TW_376470000A_000303_OFFICIAL,Taiwan-side,2015-2025_platformization,official_open_data,tertiary,0.2,1.0,0.76,1.0,0.76
SRC_R010B04_TW_376470000A_000193_OFFICIAL,Taiwan-side,2015-2025_platformization,official_open_data,tertiary,0.2,1.0,0.76,1.0,0.76
SRC_R010B04_TW_376440000A_000189_OFFICIAL,Taiwan-side,2015-2025_platformization,official_open_data,tertiary,0.2,1.0,0.76,1.0,0.76
SRC_R010B04_TW_376440000A_000046_OFFICIAL,Taiwan-side,2015-2025_platformization,official_open_data,tertiary,0.2,1.0,0.76,1.0,0.76
SRC_R010B04_TW_376440000A_000059_OFFICIAL,Taiwan-side,2015-2025_platformization,official_open_data,tertiary,0.2,1.0,0.76,1.0,0.76
SRC_R010B04_TW_376440000A_000044_OFFICIAL,Taiwan-side,2015-2025_platformization,official_open_data,tertiary,0.2,1.0,0.76,1.0,0.76
SRC_R010B04_TW_376440000A_000390_OFFICIAL,Taiwan-side,2015-2025_platformization,official_open_data,tertiary,0.2,1.0,0.76,1.0,0.76
SRC_R010B04_TW_376440000A_000521_OFFICIAL,Taiwan-side,2015-2025_platformization,official_open_data,tertiary,0.2,1.0,0.76,1.0,0.76
SRC_R010B04_TW_376440000A_000075_OFFICIAL,Taiwan-side,2015-2025_platformization,official_open_data,tertiary,0.2,1.0,0.76,1.0,0.76
SRC_R010B04_TW_376440000A_000049_OFFICIAL,Taiwan-side,2015-2025_platformization,official_open_data,tertiary,0.2,1.0,0.76,1.0,0.76
SRC_R010B04_TW_376440000A_000078_OFFICIAL,Taiwan-side,2015-2025_platformization,official_open_data,tertiary,0.2,1.0,0.76,1.0,0.76
SRC_R010B04_TW_376440000A_000305_OFFICIAL,Taiwan-side,2015-2025_platformization,official_open_data,tertiary,0.2,1.0,0.76,1.0,0.76
SRC_R010B04_TW_376440000A_000328_OFFICIAL,Taiwan-side,2015-2025_platformization,official_open_data,tertiary,0.2,1.0,0.76,1.0,0.76
SRC_R010B04_TW_376440000A_000071_OFFICIAL,Taiwan-side,2015-2025_platformization,official_open_data,tertiary,0.2,1.0,0.76,1.0,0.76
SRC_R010B04_TW_376440000A_000085_OFFICIAL,Taiwan-side,2015-2025_platformization,official_open_data,tertiary,0.2,1.0,0.76,1.0,0.76
SRC_R010B04_TW_376470000A_000060_OFFICIAL,Taiwan-side,2015-2025_platformization,official_open_data,tertiary,0.2,1.0,0.76,1.0,0.76
SRC_R010B04_TW_376470000A_000280_OFFICIAL,Taiwan-side,2015-2025_platformization,official_open_data,tertiary,0.2,1.0,0.76,1.0,0.76
SRC_R010B04_TW_376470000A_000243_OFFICIAL,Taiwan-side,2015-2025_platformization,official_open_data,tertiary,0.2,1.0,0.76,1.0,0.76
SRC_R010B04_TW_376470000A_000347_OFFICIAL,Taiwan-side,2015-2025_platformization,official_open_data,tertiary,0.2,1.0,0.76,1.0,0.76
SRC_R010B04_TW_376470000A_000201_OFFICIAL,Taiwan-side,2015-2025_platformization,official_open_data,tertiary,0.2,1.0,0.76,1.0,0.76
SRC_R010B04_TW_376470000A_000015_OFFICIAL,Taiwan-side,2015-2025_platformization,official_open_data,tertiary,0.2,1.0,0.76,1.0,0.76
SRC_R010B04_TW_376470000A_000345_OFFICIAL,Taiwan-side,2015-2025_platformization,official_open_data,tertiary,0.2,1.0,0.76,1.0,0.76
SRC_R010B05_TW_376470000A_000005_OFFICIAL,Taiwan-side,2015-2025_platformization,official_open_data,tertiary,0.2,1.0,0.76,1.0,0.76
SRC_R010B05_TW_376470000A_000006_OFFICIAL,Taiwan-side,2015-2025_platformization,official_open_data,tertiary,0.2,1.0,0.76,1.0,0.76
SRC_R010B05_TW_376470000A_000007_OFFICIAL,Taiwan-side,2015-2025_platformization,official_open_data,tertiary,0.2,1.0,0.76,1.0,0.76
SRC_R010B05_TW_376470000A_000018_OFFICIAL,Taiwan-side,2015-2025_platformization,official_open_data,tertiary,0.2,1.0,0.76,1.0,0.76
SRC_R010B05_TW_376470000A_000019_OFFICIAL,Taiwan-side,2015-2025_platformization,official_open_data,tertiary,0.2,1.0,0.76,1.0,0.76
SRC_R010B05_TW_376470000A_000020_OFFICIAL,Taiwan-side,2015-2025_platformization,official_open_data,tertiary,0.2,1.0,0.76,1.0,0.76
SRC_R010B05_TW_376470000A_000025_OFFICIAL,Taiwan-side,2015-2025_platformization,official_open_data,tertiary,0.2,1.0,0.76,1.0,0.76
SRC_R010B05_TW_376470000A_000030_OFFICIAL,Taiwan-side,2015-2025_platformization,official_open_data,tertiary,0.2,1.0,0.76,1.0,0.76
SRC_R010B05_TW_376470000A_000027_OFFICIAL,Taiwan-side,2015-2025_platformization,official_open_data,tertiary,0.2,1.0,0.76,1.0,0.76
SRC_R010B05_TW_376470000A_000032_OFFICIAL,Taiwan-side,2015-2025_platformization,official_open_data,tertiary,0.2,1.0,0.76,1.0,0.76
SRC_R010B05_TW_376470000A_000033_OFFICIAL,Taiwan-side,2015-2025_platformization,official_open_data,tertiary,0.2,1.0,0.76,1.0,0.76
SRC_R010B05_TW_376470000A_000034_OFFICIAL,Taiwan-side,2015-2025_platformization,official_open_data,tertiary,0.2,1.0,0.76,1.0,0.76
SRC_R010B05_TW_376470000A_000035_OFFICIAL,Taiwan-side,2015-2025_platformization,official_open_data,tertiary,0.2,1.0,0.76,1.0,0.76
SRC_R010B05_TW_376470000A_000038_OFFICIAL,Taiwan-side,2015-2025_platformization,official_open_data,tertiary,0.2,1.0,0.76,1.0,0.76
SRC_R010B05_TW_376470000A_000039_OFFICIAL,Taiwan-side,2015-2025_platformization,official_open_data,tertiary,0.2,1.0,0.76,1.0,0.76
SRC_R010B05_TW_376470000A_000041_OFFICIAL,Taiwan-side,2015-2025_platformization,official_open_data,tertiary,0.2,1.0,0.76,1.0,0.76
SRC_R010B05_TW_376470000A_000046_OFFICIAL,Taiwan-side,2015-2025_platformization,official_open_data,tertiary,0.2,1.0,0.76,1.0,0.76
SRC_R010B05_TW_376470000A_000047_OFFICIAL,Taiwan-side,2015-2025_platformization,official_open_data,tertiary,0.2,1.0,0.76,1.0,0.76
SRC_R010B05_TW_376470000A_000048_OFFICIAL,Taiwan-side,2015-2025_platformization,official_open_data,tertiary,0.2,1.0,0.76,1.0,0.76
SRC_R010B05_TW_376470000A_000052_OFFICIAL,Taiwan-side,2015-2025_platformization,official_open_data,tertiary,0.2,1.0,0.76,1.0,0.76
SRC_R010B05_TW_376470000A_000058_OFFICIAL,Taiwan-side,2015-2025_platformization,official_open_data,tertiary,0.2,1.0,0.76,1.0,0.76
SRC_R010B05_TW_376470000A_000061_OFFICIAL,Taiwan-side,2015-2025_platformization,official_open_data,tertiary,0.2,1.0,0.76,1.0,0.76
SRC_R010B05_TW_376470000A_000064_OFFICIAL,Taiwan-side,2015-2025_platformization,official_open_data,tertiary,0.2,1.0,0.76,1.0,0.76
SRC_R010B05_TW_376470000A_000067_OFFICIAL,Taiwan-side,2015-2025_platformization,official_open_data,tertiary,0.2,1.0,0.76,1.0,0.76
SRC_R010B05_TW_376470000A_000070_OFFICIAL,Taiwan-side,2015-2025_platformization,official_open_data,tertiary,0.2,1.0,0.76,1.0,0.76
SRC_R010B05_TW_376470000A_000071_OFFICIAL,Taiwan-side,2015-2025_platformization,official_open_data,tertiary,0.2,1.0,0.76,1.0,0.76
SRC_R010B05_TW_376470000A_000072_OFFICIAL,Taiwan-side,2015-2025_platformization,official_open_data,tertiary,0.2,1.0,0.76,1.0,0.76
SRC_R010B05_TW_376470000A_000074_OFFICIAL,Taiwan-side,2015-2025_platformization,official_open_data,tertiary,0.2,1.0,0.76,1.0,0.76
SRC_R010B05_TW_376470000A_000076_OFFICIAL,Taiwan-side,2015-2025_platformization,official_open_data,tertiary,0.2,1.0,0.76,1.0,0.76
SRC_R010B05_TW_376470000A_000077_OFFICIAL,Taiwan-side,2015-2025_platformization,official_open_data,tertiary,0.2,1.0,0.76,1.0,0.76
SRC_R010B05_TW_376470000A_000075_OFFICIAL,Taiwan-side,2015-2025_platformization,official_open_data,tertiary,0.2,1.0,0.76,1.0,0.76
SRC_R010B05_TW_376470000A_000084_OFFICIAL,Taiwan-side,2015-2025_platformization,official_open_data,tertiary,0.2,1.0,0.76,1.0,0.76
SRC_R010B05_TW_376470000A_000081_OFFICIAL,Taiwan-side,2015-2025_platformization,official_open_data,tertiary,0.2,1.0,0.76,1.0,0.76
SRC_R010B05_TW_376470000A_000095_OFFICIAL,Taiwan-side,2015-2025_platformization,official_open_data,tertiary,0.2,1.0,0.76,1.0,0.76
SRC_R010B05_TW_376470000A_000131_OFFICIAL,Taiwan-side,2015-2025_platformization,official_open_data,tertiary,0.2,1.0,0.76,1.0,0.76
SRC_R010B05_TW_376470000A_000152_OFFICIAL,Taiwan-side,2015-2025_platformization,official_open_data,tertiary,0.2,1.0,0.76,1.0,0.76
SRC_R010B05_TW_376470000A_000153_OFFICIAL,Taiwan-side,2015-2025_platformization,official_open_data,tertiary,0.2,1.0,0.76,1.0,0.76
SRC_R010B05_TW_376470000A_000158_OFFICIAL,Taiwan-side,2015-2025_platformization,official_open_data,tertiary,0.2,1.0,0.76,1.0,0.76
SRC_R010B05_TW_376470000A_000166_OFFICIAL,Taiwan-side,2015-2025_platformization,official_open_data,tertiary,0.2,1.0,0.76,1.0,0.76
SRC_R010B05_TW_376470000A_000174_OFFICIAL,Taiwan-side,2015-2025_platformization,official_open_data,tertiary,0.2,1.0,0.76,1.0,0.76
SRC_R010B05_TW_376470000A_000175_OFFICIAL,Taiwan-side,2015-2025_platformization,official_open_data,tertiary,0.2,1.0,0.76,1.0,0.76
SRC_R010B05_TW_376470000A_000176_OFFICIAL,Taiwan-side,2015-2025_platformization,official_open_data,tertiary,0.2,1.0,0.76,1.0,0.76
SRC_R010B05_TW_376470000A_000179_OFFICIAL,Taiwan-side,2015-2025_platformization,official_open_data,tertiary,0.2,1.0,0.76,1.0,0.76
SRC_R010B05_TW_376470000A_000184_OFFICIAL,Taiwan-side,2015-2025_platformization,official_open_data,tertiary,0.2,1.0,0.76,1.0,0.76
SRC_R010B05_TW_376470000A_000182_OFFICIAL,Taiwan-side,2015-2025_platformization,official_open_data,tertiary,0.2,1.0,0.76,1.0,0.76
SRC_R010B05_TW_376470000A_000186_OFFICIAL,Taiwan-side,2015-2025_platformization,official_open_data,tertiary,0.2,1.0,0.76,1.0,0.76
SRC_R010B05_TW_376470000A_000187_OFFICIAL,Taiwan-side,2015-2025_platformization,official_open_data,tertiary,0.2,1.0,0.76,1.0,0.76
SRC_R010B05_TW_376470000A_000189_OFFICIAL,Taiwan-side,2015-2025_platformization,official_open_data,tertiary,0.2,1.0,0.76,1.0,0.76
SRC_R010B05_TW_376470000A_000199_OFFICIAL,Taiwan-side,2015-2025_platformization,official_open_data,tertiary,0.2,1.0,0.76,1.0,0.76
SRC_R010B05_TW_376470000A_000202_OFFICIAL,Taiwan-side,2015-2025_platformization,official_open_data,tertiary,0.2,1.0,0.76,1.0,0.76
SRC_R010B05_TW_376470000A_000204_OFFICIAL,Taiwan-side,2015-2025_platformization,official_open_data,tertiary,0.2,1.0,0.76,1.0,0.76
SRC_R010B05_TW_376470000A_000206_OFFICIAL,Taiwan-side,2015-2025_platformization,official_open_data,tertiary,0.2,1.0,0.76,1.0,0.76
SRC_R010B05_TW_376470000A_000208_OFFICIAL,Taiwan-side,2015-2025_platformization,official_open_data,tertiary,0.2,1.0,0.76,1.0,0.76
SRC_R010B05_TW_376470000A_000210_OFFICIAL,Taiwan-side,2015-2025_platformization,official_open_data,tertiary,0.2,1.0,0.76,1.0,0.76
SRC_R010B05_TW_376470000A_000209_OFFICIAL,Taiwan-side,2015-2025_platformization,official_open_data,tertiary,0.2,1.0,0.76,1.0,0.76
SRC_R010B05_TW_376470000A_000211_OFFICIAL,Taiwan-side,2015-2025_platformization,official_open_data,tertiary,0.2,1.0,0.76,1.0,0.76
SRC_R010B05_TW_376470000A_000212_OFFICIAL,Taiwan-side,2015-2025_platformization,official_open_data,tertiary,0.2,1.0,0.76,1.0,0.76
SRC_R010B05_TW_376470000A_000213_OFFICIAL,Taiwan-side,2015-2025_platformization,official_open_data,tertiary,0.2,1.0,0.76,1.0,0.76
SRC_R010B05_TW_376470000A_000215_OFFICIAL,Taiwan-side,2015-2025_platformization,official_open_data,tertiary,0.2,1.0,0.76,1.0,0.76
SRC_R010B05_TW_376470000A_000214_OFFICIAL,Taiwan-side,2015-2025_platformization,official_open_data,tertiary,0.2,1.0,0.76,1.0,0.76
SRC_R010B05_TW_376470000A_000217_OFFICIAL,Taiwan-side,2015-2025_platformization,official_open_data,tertiary,0.2,1.0,0.76,1.0,0.76
SRC_R010B05_TW_376470000A_000219_OFFICIAL,Taiwan-side,2015-2025_platformization,official_open_data,tertiary,0.2,1.0,0.76,1.0,0.76
SRC_R010B05_TW_376470000A_000225_OFFICIAL,Taiwan-side,2015-2025_platformization,official_open_data,tertiary,0.2,1.0,0.76,1.0,0.76
SRC_R010B05_TW_376470000A_000220_OFFICIAL,Taiwan-side,2015-2025_platformization,official_open_data,tertiary,0.2,1.0,0.76,1.0,0.76
SRC_R010B05_TW_376470000A_000233_OFFICIAL,Taiwan-side,2015-2025_platformization,official_open_data,tertiary,0.2,1.0,0.76,1.0,0.76
SRC_R010B05_TW_376470000A_000232_OFFICIAL,Taiwan-side,2015-2025_platformization,official_open_data,tertiary,0.2,1.0,0.76,1.0,0.76
SRC_R010B05_TW_376470000A_000235_OFFICIAL,Taiwan-side,2015-2025_platformization,official_open_data,tertiary,0.2,1.0,0.76,1.0,0.76
SRC_R010B05_TW_376470000A_000236_OFFICIAL,Taiwan-side,2015-2025_platformization,official_open_data,tertiary,0.2,1.0,0.76,1.0,0.76
SRC_R010B05_TW_376470000A_000247_OFFICIAL,Taiwan-side,2015-2025_platformization,official_open_data,tertiary,0.2,1.0,0.76,1.0,0.76
SRC_R010B05_TW_376470000A_000246_OFFICIAL,Taiwan-side,2015-2025_platformization,official_open_data,tertiary,0.2,1.0,0.76,1.0,0.76
SRC_R010B05_TW_376470000A_000250_OFFICIAL,Taiwan-side,2015-2025_platformization,official_open_data,tertiary,0.2,1.0,0.76,1.0,0.76
SRC_R010B05_TW_376470000A_000249_OFFICIAL,Taiwan-side,2015-2025_platformization,official_open_data,tertiary,0.2,1.0,0.76,1.0,0.76
SRC_R010B05_TW_376470000A_000253_OFFICIAL,Taiwan-side,2015-2025_platformization,official_open_data,tertiary,0.2,1.0,0.76,1.0,0.76
SRC_R010B05_TW_376470000A_000256_OFFICIAL,Taiwan-side,2015-2025_platformization,official_open_data,tertiary,0.2,1.0,0.76,1.0,0.76
SRC_R010B05_TW_376470000A_000260_OFFICIAL,Taiwan-side,2015-2025_platformization,official_open_data,tertiary,0.2,1.0,0.76,1.0,0.76
SRC_R010B05_TW_376470000A_000262_OFFICIAL,Taiwan-side,2015-2025_platformization,official_open_data,tertiary,0.2,1.0,0.76,1.0,0.76
SRC_R010B05_TW_376470000A_000263_OFFICIAL,Taiwan-side,2015-2025_platformization,official_open_data,tertiary,0.2,1.0,0.76,1.0,0.76
SRC_R010B05_TW_376470000A_000264_OFFICIAL,Taiwan-side,2015-2025_platformization,official_open_data,tertiary,0.2,1.0,0.76,1.0,0.76
SRC_R010B05_TW_376470000A_000265_OFFICIAL,Taiwan-side,2015-2025_platformization,official_open_data,tertiary,0.2,1.0,0.76,1.0,0.76
SRC_R010B05_TW_376470000A_000267_OFFICIAL,Taiwan-side,2015-2025_platformization,official_open_data,tertiary,0.2,1.0,0.76,1.0,0.76
SRC_R010B05_TW_376470000A_000270_OFFICIAL,Taiwan-side,2015-2025_platformization,official_open_data,tertiary,0.2,1.0,0.76,1.0,0.76
SRC_R010B05_TW_376470000A_000277_OFFICIAL,Taiwan-side,2015-2025_platformization,official_open_data,tertiary,0.2,1.0,0.76,1.0,0.76
SRC_R010B05_TW_376470000A_000278_OFFICIAL,Taiwan-side,2015-2025_platformization,official_open_data,tertiary,0.2,1.0,0.76,1.0,0.76
SRC_R010B05_TW_376470000A_000285_OFFICIAL,Taiwan-side,2015-2025_platformization,official_open_data,tertiary,0.2,1.0,0.76,1.0,0.76
SRC_R010B05_TW_376470000A_000287_OFFICIAL,Taiwan-side,2015-2025_platformization,official_open_data,tertiary,0.2,1.0,0.76,1.0,0.76
SRC_R010B05_TW_376470000A_000289_OFFICIAL,Taiwan-side,2015-2025_platformization,official_open_data,tertiary,0.2,1.0,0.76,1.0,0.76
SRC_R010B05_TW_376470000A_000290_OFFICIAL,Taiwan-side,2015-2025_platformization,official_open_data,tertiary,0.2,1.0,0.76,1.0,0.76
SRC_R010B05_TW_376470000A_000291_OFFICIAL,Taiwan-side,2015-2025_platformization,official_open_data,tertiary,0.2,1.0,0.76,1.0,0.76
SRC_R010B05_TW_376470000A_000292_OFFICIAL,Taiwan-side,2015-2025_platformization,official_open_data,tertiary,0.2,1.0,0.76,1.0,0.76
SRC_R010B05_TW_376470000A_000293_OFFICIAL,Taiwan-side,2015-2025_platformization,official_open_data,tertiary,0.2,1.0,0.76,1.0,0.76
SRC_R010B05_TW_376470000A_000300_OFFICIAL,Taiwan-side,2015-2025_platformization,official_open_data,tertiary,0.2,1.0,0.76,1.0,0.76
SRC_R010B05_TW_376470000A_000305_OFFICIAL,Taiwan-side,2015-2025_platformization,official_open_data,tertiary,0.2,1.0,0.76,1.0,0.76
SRC_R010B05_TW_376470000A_000306_OFFICIAL,Taiwan-side,2015-2025_platformization,official_open_data,tertiary,0.2,1.0,0.76,1.0,0.76
SRC_R010B05_TW_376470000A_000309_OFFICIAL,Taiwan-side,2015-2025_platformization,official_open_data,tertiary,0.2,1.0,0.76,1.0,0.76
SRC_R010B05_TW_376470000A_000313_OFFICIAL,Taiwan-side,2015-2025_platformization,official_open_data,tertiary,0.2,1.0,0.76,1.0,0.76
SRC_R010B05_TW_376470000A_000314_OFFICIAL,Taiwan-side,2015-2025_platformization,official_open_data,tertiary,0.2,1.0,0.76,1.0,0.76
SRC_R010B05_TW_376470000A_000315_OFFICIAL,Taiwan-side,2015-2025_platformization,official_open_data,tertiary,0.2,1.0,0.76,1.0,0.76
SRC_R010B05_TW_376470000A_000320_OFFICIAL,Taiwan-side,2015-2025_platformization,official_open_data,tertiary,0.2,1.0,0.76,1.0,0.76
SRC_R010B05_TW_376470000A_000328_OFFICIAL,Taiwan-side,2015-2025_platformization,official_open_data,tertiary,0.2,1.0,0.76,1.0,0.76
SRC_R010B05_TW_376470000A_000330_OFFICIAL,Taiwan-side,2015-2025_platformization,official_open_data,tertiary,0.2,1.0,0.76,1.0,0.76
SRC_R010B06_TW_376440000A_000005_OFFICIAL,Taiwan-side,2015-2025_platformization,official_open_data,tertiary,0.2,1.0,0.76,1.0,0.76
SRC_R010B06_TW_376440000A_000020_OFFICIAL,Taiwan-side,2015-2025_platformization,official_open_data,tertiary,0.2,1.0,0.76,1.0,0.76
SRC_R010B06_TW_376440000A_000022_OFFICIAL,Taiwan-side,2015-2025_platformization,official_open_data,tertiary,0.2,1.0,0.76,1.0,0.76
SRC_R010B06_TW_376440000A_000023_OFFICIAL,Taiwan-side,2015-2025_platformization,official_open_data,tertiary,0.2,1.0,0.76,1.0,0.76
SRC_R010B06_TW_376440000A_000030_OFFICIAL,Taiwan-side,2015-2025_platformization,official_open_data,tertiary,0.2,1.0,0.76,1.0,0.76
SRC_R010B06_TW_376440000A_000028_OFFICIAL,Taiwan-side,2015-2025_platformization,official_open_data,tertiary,0.2,1.0,0.76,1.0,0.76
SRC_R010B06_TW_376440000A_000029_OFFICIAL,Taiwan-side,2015-2025_platformization,official_open_data,tertiary,0.2,1.0,0.76,1.0,0.76
SRC_R010B06_TW_376440000A_000041_OFFICIAL,Taiwan-side,2015-2025_platformization,official_open_data,tertiary,0.2,1.0,0.76,1.0,0.76
SRC_R010B06_TW_376440000A_000042_OFFICIAL,Taiwan-side,2015-2025_platformization,official_open_data,tertiary,0.2,1.0,0.76,1.0,0.76
SRC_R010B06_TW_376440000A_000043_OFFICIAL,Taiwan-side,2015-2025_platformization,official_open_data,tertiary,0.2,1.0,0.76,1.0,0.76
SRC_R010B06_TW_376440000A_000045_OFFICIAL,Taiwan-side,2015-2025_platformization,official_open_data,tertiary,0.2,1.0,0.76,1.0,0.76
SRC_R010B06_TW_376440000A_000047_OFFICIAL,Taiwan-side,2015-2025_platformization,official_open_data,tertiary,0.2,1.0,0.76,1.0,0.76
SRC_R010B06_TW_376440000A_000048_OFFICIAL,Taiwan-side,2015-2025_platformization,official_open_data,tertiary,0.2,1.0,0.76,1.0,0.76
SRC_R010B06_TW_376440000A_000051_OFFICIAL,Taiwan-side,2015-2025_platformization,official_open_data,tertiary,0.2,1.0,0.76,1.0,0.76
SRC_R010B06_TW_376440000A_000050_OFFICIAL,Taiwan-side,2015-2025_platformization,official_open_data,tertiary,0.2,1.0,0.76,1.0,0.76
SRC_R010B06_TW_376440000A_000052_OFFICIAL,Taiwan-side,2015-2025_platformization,official_open_data,tertiary,0.2,1.0,0.76,1.0,0.76
SRC_R010B06_TW_376440000A_000054_OFFICIAL,Taiwan-side,2015-2025_platformization,official_open_data,tertiary,0.2,1.0,0.76,1.0,0.76
SRC_R010B06_TW_376440000A_000053_OFFICIAL,Taiwan-side,2015-2025_platformization,official_open_data,tertiary,0.2,1.0,0.76,1.0,0.76
SRC_R010B06_TW_376440000A_000056_OFFICIAL,Taiwan-side,2015-2025_platformization,official_open_data,tertiary,0.2,1.0,0.76,1.0,0.76
SRC_R010B06_TW_376440000A_000058_OFFICIAL,Taiwan-side,2015-2025_platformization,official_open_data,tertiary,0.2,1.0,0.76,1.0,0.76
SRC_R010B06_TW_376440000A_000062_OFFICIAL,Taiwan-side,2015-2025_platformization,official_open_data,tertiary,0.2,1.0,0.76,1.0,0.76
SRC_R010B06_TW_376440000A_000063_OFFICIAL,Taiwan-side,2015-2025_platformization,official_open_data,tertiary,0.2,1.0,0.76,1.0,0.76
SRC_R010B06_TW_376440000A_000061_OFFICIAL,Taiwan-side,2015-2025_platformization,official_open_data,tertiary,0.2,1.0,0.76,1.0,0.76
SRC_R010B06_TW_376440000A_000064_OFFICIAL,Taiwan-side,2015-2025_platformization,official_open_data,tertiary,0.2,1.0,0.76,1.0,0.76
SRC_R010B06_TW_376440000A_000065_OFFICIAL,Taiwan-side,2015-2025_platformization,official_open_data,tertiary,0.2,1.0,0.76,1.0,0.76
SRC_R010B06_TW_376440000A_000068_OFFICIAL,Taiwan-side,2015-2025_platformization,official_open_data,tertiary,0.2,1.0,0.76,1.0,0.76
SRC_R010B06_TW_376440000A_000067_OFFICIAL,Taiwan-side,2015-2025_platformization,official_open_data,tertiary,0.2,1.0,0.76,1.0,0.76
SRC_R010B06_TW_376440000A_000066_OFFICIAL,Taiwan-side,2015-2025_platformization,official_open_data,tertiary,0.2,1.0,0.76,1.0,0.76
SRC_R010B06_TW_376440000A_000069_OFFICIAL,Taiwan-side,2015-2025_platformization,official_open_data,tertiary,0.2,1.0,0.76,1.0,0.76
SRC_R010B06_TW_376440000A_000072_OFFICIAL,Taiwan-side,2015-2025_platformization,official_open_data,tertiary,0.2,1.0,0.76,1.0,0.76
SRC_R010B06_TW_376440000A_000073_OFFICIAL,Taiwan-side,2015-2025_platformization,official_open_data,tertiary,0.2,1.0,0.76,1.0,0.76
SRC_R010B06_TW_376440000A_000077_OFFICIAL,Taiwan-side,2015-2025_platformization,official_open_data,tertiary,0.2,1.0,0.76,1.0,0.76
SRC_R010B06_TW_376440000A_000074_OFFICIAL,Taiwan-side,2015-2025_platformization,official_open_data,tertiary,0.2,1.0,0.76,1.0,0.76
SRC_R010B06_TW_376440000A_000081_OFFICIAL,Taiwan-side,2015-2025_platformization,official_open_data,tertiary,0.2,1.0,0.76,1.0,0.76
SRC_R010B06_TW_376440000A_000082_OFFICIAL,Taiwan-side,2015-2025_platformization,official_open_data,tertiary,0.2,1.0,0.76,1.0,0.76
SRC_R010B06_TW_376440000A_000086_OFFICIAL,Taiwan-side,2015-2025_platformization,official_open_data,tertiary,0.2,1.0,0.76,1.0,0.76
SRC_R010B06_TW_376440000A_000083_OFFICIAL,Taiwan-side,2015-2025_platformization,official_open_data,tertiary,0.2,1.0,0.76,1.0,0.76
SRC_R010B06_TW_376440000A_000088_OFFICIAL,Taiwan-side,2015-2025_platformization,official_open_data,tertiary,0.2,1.0,0.76,1.0,0.76
SRC_R010B06_TW_376440000A_000091_OFFICIAL,Taiwan-side,2015-2025_platformization,official_open_data,tertiary,0.2,1.0,0.76,1.0,0.76
SRC_R010B06_TW_376440000A_000090_OFFICIAL,Taiwan-side,2015-2025_platformization,official_open_data,tertiary,0.2,1.0,0.76,1.0,0.76
SRC_R010B06_TW_376440000A_000089_OFFICIAL,Taiwan-side,2015-2025_platformization,official_open_data,tertiary,0.2,1.0,0.76,1.0,0.76
SRC_R010B06_TW_376440000A_000093_OFFICIAL,Taiwan-side,2015-2025_platformization,official_open_data,tertiary,0.2,1.0,0.76,1.0,0.76
SRC_R010B06_TW_376440000A_000100_OFFICIAL,Taiwan-side,2015-2025_platformization,official_open_data,tertiary,0.2,1.0,0.76,1.0,0.76
SRC_R010B06_TW_376440000A_000099_OFFICIAL,Taiwan-side,2015-2025_platformization,official_open_data,tertiary,0.2,1.0,0.76,1.0,0.76
SRC_R010B06_TW_376440000A_000101_OFFICIAL,Taiwan-side,2015-2025_platformization,official_open_data,tertiary,0.2,1.0,0.76,1.0,0.76
SRC_R010B06_TW_376440000A_000104_OFFICIAL,Taiwan-side,2015-2025_platformization,official_open_data,tertiary,0.2,1.0,0.76,1.0,0.76
SRC_R010B06_TW_376440000A_000105_OFFICIAL,Taiwan-side,2015-2025_platformization,official_open_data,tertiary,0.2,1.0,0.76,1.0,0.76
SRC_R010B06_TW_376440000A_000108_OFFICIAL,Taiwan-side,2015-2025_platformization,official_open_data,tertiary,0.2,1.0,0.76,1.0,0.76
SRC_R010B06_TW_376440000A_000110_OFFICIAL,Taiwan-side,2015-2025_platformization,official_open_data,tertiary,0.2,1.0,0.76,1.0,0.76
SRC_R010B06_TW_376440000A_000107_OFFICIAL,Taiwan-side,2015-2025_platformization,official_open_data,tertiary,0.2,1.0,0.76,1.0,0.76
SRC_R010B06_TW_376440000A_000117_OFFICIAL,Taiwan-side,2015-2025_platformization,official_open_data,tertiary,0.2,1.0,0.76,1.0,0.76
SRC_R010B06_TW_376440000A_000116_OFFICIAL,Taiwan-side,2015-2025_platformization,official_open_data,tertiary,0.2,1.0,0.76,1.0,0.76
SRC_R010B06_TW_376440000A_000118_OFFICIAL,Taiwan-side,2015-2025_platformization,official_open_data,tertiary,0.2,1.0,0.76,1.0,0.76
SRC_R010B06_TW_376440000A_000123_OFFICIAL,Taiwan-side,2015-2025_platformization,official_open_data,tertiary,0.2,1.0,0.76,1.0,0.76
SRC_R010B06_TW_376440000A_000127_OFFICIAL,Taiwan-side,2015-2025_platformization,official_open_data,tertiary,0.2,1.0,0.76,1.0,0.76
SRC_R010B06_TW_376440000A_000131_OFFICIAL,Taiwan-side,2015-2025_platformization,official_open_data,tertiary,0.2,1.0,0.76,1.0,0.76
SRC_R010B06_TW_376440000A_000134_OFFICIAL,Taiwan-side,2015-2025_platformization,official_open_data,tertiary,0.2,1.0,0.76,1.0,0.76
SRC_R010B06_TW_376440000A_000136_OFFICIAL,Taiwan-side,2015-2025_platformization,official_open_data,tertiary,0.2,1.0,0.76,1.0,0.76
SRC_R010B06_TW_376440000A_000139_OFFICIAL,Taiwan-side,2015-2025_platformization,official_open_data,tertiary,0.2,1.0,0.76,1.0,0.76
SRC_R010B06_TW_376440000A_000146_OFFICIAL,Taiwan-side,2015-2025_platformization,official_open_data,tertiary,0.2,1.0,0.76,1.0,0.76
SRC_R010B06_TW_376440000A_000147_OFFICIAL,Taiwan-side,2015-2025_platformization,official_open_data,tertiary,0.2,1.0,0.76,1.0,0.76
SRC_R010B06_TW_376440000A_000132_OFFICIAL,Taiwan-side,2015-2025_platformization,official_open_data,tertiary,0.2,1.0,0.76,1.0,0.76
SRC_R010B06_TW_376440000A_000148_OFFICIAL,Taiwan-side,2015-2025_platformization,official_open_data,tertiary,0.2,1.0,0.76,1.0,0.76
SRC_R010B06_TW_376440000A_000150_OFFICIAL,Taiwan-side,2015-2025_platformization,official_open_data,tertiary,0.2,1.0,0.76,1.0,0.76
SRC_R010B06_TW_376440000A_000151_OFFICIAL,Taiwan-side,2015-2025_platformization,official_open_data,tertiary,0.2,1.0,0.76,1.0,0.76
SRC_R010B06_TW_376440000A_000158_OFFICIAL,Taiwan-side,2015-2025_platformization,official_open_data,tertiary,0.2,1.0,0.76,1.0,0.76
SRC_R010B06_TW_376440000A_000159_OFFICIAL,Taiwan-side,2015-2025_platformization,official_open_data,tertiary,0.2,1.0,0.76,1.0,0.76
SRC_R010B06_TW_376440000A_000161_OFFICIAL,Taiwan-side,2015-2025_platformization,official_open_data,tertiary,0.2,1.0,0.76,1.0,0.76
SRC_R010B06_TW_376440000A_000163_OFFICIAL,Taiwan-side,2015-2025_platformization,official_open_data,tertiary,0.2,1.0,0.76,1.0,0.76
SRC_R010B06_TW_376440000A_000168_OFFICIAL,Taiwan-side,2015-2025_platformization,official_open_data,tertiary,0.2,1.0,0.76,1.0,0.76
SRC_R010B06_TW_376440000A_000169_OFFICIAL,Taiwan-side,2015-2025_platformization,official_open_data,tertiary,0.2,1.0,0.76,1.0,0.76
SRC_R010B06_TW_376440000A_000171_OFFICIAL,Taiwan-side,2015-2025_platformization,official_open_data,tertiary,0.2,1.0,0.76,1.0,0.76
SRC_R010B06_TW_376440000A_000172_OFFICIAL,Taiwan-side,2015-2025_platformization,official_open_data,tertiary,0.2,1.0,0.76,1.0,0.76
SRC_R010B06_TW_376440000A_000174_OFFICIAL,Taiwan-side,2015-2025_platformization,official_open_data,tertiary,0.2,1.0,0.76,1.0,0.76
SRC_R010B06_TW_376440000A_000176_OFFICIAL,Taiwan-side,2015-2025_platformization,official_open_data,tertiary,0.2,1.0,0.76,1.0,0.76
SRC_R010B06_TW_376440000A_000182_OFFICIAL,Taiwan-side,2015-2025_platformization,official_open_data,tertiary,0.2,1.0,0.76,1.0,0.76
SRC_R010B06_TW_376440000A_000190_OFFICIAL,Taiwan-side,2015-2025_platformization,official_open_data,tertiary,0.2,1.0,0.76,1.0,0.76
SRC_R010B06_TW_376440000A_000193_OFFICIAL,Taiwan-side,2015-2025_platformization,official_open_data,tertiary,0.2,1.0,0.76,1.0,0.76
SRC_R010B06_TW_376440000A_000195_OFFICIAL,Taiwan-side,2015-2025_platformization,official_open_data,tertiary,0.2,1.0,0.76,1.0,0.76
SRC_R010B06_TW_376440000A_000196_OFFICIAL,Taiwan-side,2015-2025_platformization,official_open_data,tertiary,0.2,1.0,0.76,1.0,0.76
SRC_R010B06_TW_376440000A_000197_OFFICIAL,Taiwan-side,2015-2025_platformization,official_open_data,tertiary,0.2,1.0,0.76,1.0,0.76
SRC_R010B06_TW_376440000A_000200_OFFICIAL,Taiwan-side,2015-2025_platformization,official_open_data,tertiary,0.2,1.0,0.76,1.0,0.76
SRC_R010B06_TW_376440000A_000207_OFFICIAL,Taiwan-side,2015-2025_platformization,official_open_data,tertiary,0.2,1.0,0.76,1.0,0.76
SRC_R010B06_TW_376440000A_000212_OFFICIAL,Taiwan-side,2015-2025_platformization,official_open_data,tertiary,0.2,1.0,0.76,1.0,0.76
SRC_R010B06_TW_376440000A_000208_OFFICIAL,Taiwan-side,2015-2025_platformization,official_open_data,tertiary,0.2,1.0,0.76,1.0,0.76
SRC_R010B06_TW_376440000A_000223_OFFICIAL,Taiwan-side,2015-2025_platformization,official_open_data,tertiary,0.2,1.0,0.76,1.0,0.76
SRC_R010B06_TW_376440000A_000251_OFFICIAL,Taiwan-side,2015-2025_platformization,official_open_data,tertiary,0.2,1.0,0.76,1.0,0.76
SRC_R010B06_TW_376440000A_000252_OFFICIAL,Taiwan-side,2015-2025_platformization,official_open_data,tertiary,0.2,1.0,0.76,1.0,0.76
SRC_R010B06_TW_376440000A_000253_OFFICIAL,Taiwan-side,2015-2025_platformization,official_open_data,tertiary,0.2,1.0,0.76,1.0,0.76
SRC_R010B06_TW_376440000A_000254_OFFICIAL,Taiwan-side,2015-2025_platformization,official_open_data,tertiary,0.2,1.0,0.76,1.0,0.76
SRC_R010B06_TW_376440000A_000255_OFFICIAL,Taiwan-side,2015-2025_platformization,official_open_data,tertiary,0.2,1.0,0.76,1.0,0.76
SRC_R010B06_TW_376440000A_000260_OFFICIAL,Taiwan-side,2015-2025_platformization,official_open_data,tertiary,0.2,1.0,0.76,1.0,0.76
SRC_R010B06_TW_376440000A_000263_OFFICIAL,Taiwan-side,2015-2025_platformization,official_open_data,tertiary,0.2,1.0,0.76,1.0,0.76
SRC_R010B06_TW_376440000A_000261_OFFICIAL,Taiwan-side,2015-2025_platformization,official_open_data,tertiary,0.2,1.0,0.76,1.0,0.76
SRC_R010B06_TW_376440000A_000262_OFFICIAL,Taiwan-side,2015-2025_platformization,official_open_data,tertiary,0.2,1.0,0.76,1.0,0.76
SRC_R010B06_TW_376440000A_000271_OFFICIAL,Taiwan-side,2015-2025_platformization,official_open_data,tertiary,0.2,1.0,0.76,1.0,0.76
SRC_R010B06_TW_376440000A_000272_OFFICIAL,Taiwan-side,2015-2025_platformization,official_open_data,tertiary,0.2,1.0,0.76,1.0,0.76
SRC_R010B06_TW_376440000A_000280_OFFICIAL,Taiwan-side,2015-2025_platformization,official_open_data,tertiary,0.2,1.0,0.76,1.0,0.76
SRC_R010B06_TW_376440000A_000282_OFFICIAL,Taiwan-side,2015-2025_platformization,official_open_data,tertiary,0.2,1.0,0.76,1.0,0.76
SRC_R010B06_TW_376440000A_000286_OFFICIAL,Taiwan-side,2015-2025_platformization,official_open_data,tertiary,0.2,1.0,0.76,1.0,0.76
SRC_R010B07_TW_376440000A_000289_OFFICIAL,Taiwan-side,2015-2025_platformization,official_open_data,tertiary,0.2,1.0,0.76,1.0,0.76
SRC_R010B07_TW_376440000A_000297_OFFICIAL,Taiwan-side,2015-2025_platformization,official_open_data,tertiary,0.2,1.0,0.76,1.0,0.76
SRC_R010B07_TW_376440000A_000302_OFFICIAL,Taiwan-side,2015-2025_platformization,official_open_data,tertiary,0.2,1.0,0.76,1.0,0.76
SRC_R010B07_TW_376440000A_000307_OFFICIAL,Taiwan-side,2015-2025_platformization,official_open_data,tertiary,0.2,1.0,0.76,1.0,0.76
SRC_R010B07_TW_376440000A_000311_OFFICIAL,Taiwan-side,2015-2025_platformization,official_open_data,tertiary,0.2,1.0,0.76,1.0,0.76
SRC_R010B07_TW_376440000A_000326_OFFICIAL,Taiwan-side,2015-2025_platformization,official_open_data,tertiary,0.2,1.0,0.76,1.0,0.76
SRC_R010B07_TW_376440000A_000327_OFFICIAL,Taiwan-side,2015-2025_platformization,official_open_data,tertiary,0.2,1.0,0.76,1.0,0.76
SRC_R010B07_TW_376440000A_000330_OFFICIAL,Taiwan-side,2015-2025_platformization,official_open_data,tertiary,0.2,1.0,0.76,1.0,0.76
SRC_R010B07_TW_376440000A_000341_OFFICIAL,Taiwan-side,2015-2025_platformization,official_open_data,tertiary,0.2,1.0,0.76,1.0,0.76
SRC_R010B07_TW_376440000A_000344_OFFICIAL,Taiwan-side,2015-2025_platformization,official_open_data,tertiary,0.2,1.0,0.76,1.0,0.76
SRC_R010B07_TW_376440000A_000345_OFFICIAL,Taiwan-side,2015-2025_platformization,official_open_data,tertiary,0.2,1.0,0.76,1.0,0.76
SRC_R010B07_TW_376440000A_000352_OFFICIAL,Taiwan-side,2015-2025_platformization,official_open_data,tertiary,0.2,1.0,0.76,1.0,0.76
SRC_R010B07_TW_376440000A_000354_OFFICIAL,Taiwan-side,2015-2025_platformization,official_open_data,tertiary,0.2,1.0,0.76,1.0,0.76
SRC_R010B07_TW_376440000A_000360_OFFICIAL,Taiwan-side,2015-2025_platformization,official_open_data,tertiary,0.2,1.0,0.76,1.0,0.76
SRC_R010B07_TW_376440000A_000361_OFFICIAL,Taiwan-side,2015-2025_platformization,official_open_data,tertiary,0.2,1.0,0.76,1.0,0.76
SRC_R010B07_TW_376440000A_000364_OFFICIAL,Taiwan-side,2015-2025_platformization,official_open_data,tertiary,0.2,1.0,0.76,1.0,0.76
SRC_R010B07_TW_376440000A_000365_OFFICIAL,Taiwan-side,2015-2025_platformization,official_open_data,tertiary,0.2,1.0,0.76,1.0,0.76
SRC_R010B07_TW_376440000A_000367_OFFICIAL,Taiwan-side,2015-2025_platformization,official_open_data,tertiary,0.2,1.0,0.76,1.0,0.76
SRC_R010B07_TW_376440000A_000370_OFFICIAL,Taiwan-side,2015-2025_platformization,official_open_data,tertiary,0.2,1.0,0.76,1.0,0.76
SRC_R010B07_TW_376440000A_000378_OFFICIAL,Taiwan-side,2015-2025_platformization,official_open_data,tertiary,0.2,1.0,0.76,1.0,0.76
SRC_R010B07_TW_376440000A_000379_OFFICIAL,Taiwan-side,2015-2025_platformization,official_open_data,tertiary,0.2,1.0,0.76,1.0,0.76
SRC_R010B07_TW_376440000A_000380_OFFICIAL,Taiwan-side,2015-2025_platformization,official_open_data,tertiary,0.2,1.0,0.76,1.0,0.76
SRC_R010B07_TW_376440000A_000381_OFFICIAL,Taiwan-side,2015-2025_platformization,official_open_data,tertiary,0.2,1.0,0.76,1.0,0.76
SRC_R010B07_TW_376440000A_000382_OFFICIAL,Taiwan-side,2015-2025_platformization,official_open_data,tertiary,0.2,1.0,0.76,1.0,0.76
SRC_R010B07_TW_376440000A_000383_OFFICIAL,Taiwan-side,2015-2025_platformization,official_open_data,tertiary,0.2,1.0,0.76,1.0,0.76
SRC_R010B07_TW_376440000A_000385_OFFICIAL,Taiwan-side,2015-2025_platformization,official_open_data,tertiary,0.2,1.0,0.76,1.0,0.76
SRC_R010B07_TW_376440000A_000386_OFFICIAL,Taiwan-side,2015-2025_platformization,official_open_data,tertiary,0.2,1.0,0.76,1.0,0.76
SRC_R010B07_TW_376440000A_000389_OFFICIAL,Taiwan-side,2015-2025_platformization,official_open_data,tertiary,0.2,1.0,0.76,1.0,0.76
SRC_R010B07_TW_376440000A_000391_OFFICIAL,Taiwan-side,2015-2025_platformization,official_open_data,tertiary,0.2,1.0,0.76,1.0,0.76
SRC_R010B07_TW_376440000A_000398_OFFICIAL,Taiwan-side,2015-2025_platformization,official_open_data,tertiary,0.2,1.0,0.76,1.0,0.76
SRC_R010B07_TW_376440000A_000400_OFFICIAL,Taiwan-side,2015-2025_platformization,official_open_data,tertiary,0.2,1.0,0.76,1.0,0.76
SRC_R010B07_TW_376440000A_000402_OFFICIAL,Taiwan-side,2015-2025_platformization,official_open_data,tertiary,0.2,1.0,0.76,1.0,0.76
SRC_R010B07_TW_376440000A_000407_OFFICIAL,Taiwan-side,2015-2025_platformization,official_open_data,tertiary,0.2,1.0,0.76,1.0,0.76
SRC_R010B07_TW_376440000A_000406_OFFICIAL,Taiwan-side,2015-2025_platformization,official_open_data,tertiary,0.2,1.0,0.76,1.0,0.76
SRC_R010B07_TW_376440000A_000408_OFFICIAL,Taiwan-side,2015-2025_platformization,official_open_data,tertiary,0.2,1.0,0.76,1.0,0.76
SRC_R010B07_TW_376440000A_000410_OFFICIAL,Taiwan-side,2015-2025_platformization,official_open_data,tertiary,0.2,1.0,0.76,1.0,0.76
SRC_R010B07_TW_376440000A_000414_OFFICIAL,Taiwan-side,2015-2025_platformization,official_open_data,tertiary,0.2,1.0,0.76,1.0,0.76
SRC_R010B07_TW_376440000A_000415_OFFICIAL,Taiwan-side,2015-2025_platformization,official_open_data,tertiary,0.2,1.0,0.76,1.0,0.76
SRC_R010B07_TW_376440000A_000417_OFFICIAL,Taiwan-side,2015-2025_platformization,official_open_data,tertiary,0.2,1.0,0.76,1.0,0.76
SRC_R010B07_TW_376440000A_000418_OFFICIAL,Taiwan-side,2015-2025_platformization,official_open_data,tertiary,0.2,1.0,0.76,1.0,0.76
SRC_R010B07_TW_376440000A_000419_OFFICIAL,Taiwan-side,2015-2025_platformization,official_open_data,tertiary,0.2,1.0,0.76,1.0,0.76
SRC_R010B07_TW_376440000A_000423_OFFICIAL,Taiwan-side,2015-2025_platformization,official_open_data,tertiary,0.2,1.0,0.76,1.0,0.76
SRC_R010B07_TW_376440000A_000424_OFFICIAL,Taiwan-side,2015-2025_platformization,official_open_data,tertiary,0.2,1.0,0.76,1.0,0.76
SRC_R010B07_TW_376440000A_000429_OFFICIAL,Taiwan-side,2015-2025_platformization,official_open_data,tertiary,0.2,1.0,0.76,1.0,0.76
SRC_R010B07_TW_376440000A_000428_OFFICIAL,Taiwan-side,2015-2025_platformization,official_open_data,tertiary,0.2,1.0,0.76,1.0,0.76
SRC_R010B07_TW_376440000A_000431_OFFICIAL,Taiwan-side,2015-2025_platformization,official_open_data,tertiary,0.2,1.0,0.76,1.0,0.76
SRC_R010B07_TW_376440000A_000430_OFFICIAL,Taiwan-side,2015-2025_platformization,official_open_data,tertiary,0.2,1.0,0.76,1.0,0.76
SRC_R010B07_TW_376440000A_000437_OFFICIAL,Taiwan-side,2015-2025_platformization,official_open_data,tertiary,0.2,1.0,0.76,1.0,0.76
SRC_R010B07_TW_376440000A_000435_OFFICIAL,Taiwan-side,2015-2025_platformization,official_open_data,tertiary,0.2,1.0,0.76,1.0,0.76
SRC_R010B07_TW_376440000A_000436_OFFICIAL,Taiwan-side,2015-2025_platformization,official_open_data,tertiary,0.2,1.0,0.76,1.0,0.76
SRC_R010B07_TW_376440000A_000442_OFFICIAL,Taiwan-side,2015-2025_platformization,official_open_data,tertiary,0.2,1.0,0.76,1.0,0.76
SRC_R010B07_TW_376440000A_000448_OFFICIAL,Taiwan-side,2015-2025_platformization,official_open_data,tertiary,0.2,1.0,0.76,1.0,0.76
SRC_R010B07_TW_376440000A_000456_OFFICIAL,Taiwan-side,2015-2025_platformization,official_open_data,tertiary,0.2,1.0,0.76,1.0,0.76
SRC_R010B07_TW_376440000A_000462_OFFICIAL,Taiwan-side,2015-2025_platformization,official_open_data,tertiary,0.2,1.0,0.76,1.0,0.76
SRC_R010B07_TW_376440000A_000463_OFFICIAL,Taiwan-side,2015-2025_platformization,official_open_data,tertiary,0.2,1.0,0.76,1.0,0.76
SRC_R010B07_TW_376440000A_000468_OFFICIAL,Taiwan-side,2015-2025_platformization,official_open_data,tertiary,0.2,1.0,0.76,1.0,0.76
SRC_R010B07_TW_376440000A_000469_OFFICIAL,Taiwan-side,2015-2025_platformization,official_open_data,tertiary,0.2,1.0,0.76,1.0,0.76
SRC_R010B07_TW_376440000A_000470_OFFICIAL,Taiwan-side,2015-2025_platformization,official_open_data,tertiary,0.2,1.0,0.76,1.0,0.76
SRC_R010B07_TW_376440000A_000471_OFFICIAL,Taiwan-side,2015-2025_platformization,official_open_data,tertiary,0.2,1.0,0.76,1.0,0.76
SRC_R010B07_TW_376440000A_000474_OFFICIAL,Taiwan-side,2015-2025_platformization,official_open_data,tertiary,0.2,1.0,0.76,1.0,0.76
SRC_R010B07_TW_376440000A_000476_OFFICIAL,Taiwan-side,2015-2025_platformization,official_open_data,tertiary,0.2,1.0,0.76,1.0,0.76
SRC_R010B07_TW_376440000A_000480_OFFICIAL,Taiwan-side,2015-2025_platformization,official_open_data,tertiary,0.2,1.0,0.76,1.0,0.76
SRC_R010B07_TW_376440000A_000484_OFFICIAL,Taiwan-side,2015-2025_platformization,official_open_data,tertiary,0.2,1.0,0.76,1.0,0.76
SRC_R010B07_TW_376440000A_000481_OFFICIAL,Taiwan-side,2015-2025_platformization,official_open_data,tertiary,0.2,1.0,0.76,1.0,0.76
SRC_R010B07_TW_376440000A_000490_OFFICIAL,Taiwan-side,2015-2025_platformization,official_open_data,tertiary,0.2,1.0,0.76,1.0,0.76
SRC_R010B07_TW_376440000A_000495_OFFICIAL,Taiwan-side,2015-2025_platformization,official_open_data,tertiary,0.2,1.0,0.76,1.0,0.76
SRC_R010B07_TW_376440000A_000516_OFFICIAL,Taiwan-side,2015-2025_platformization,official_open_data,tertiary,0.2,1.0,0.76,1.0,0.76
SRC_R010B07_TW_376440000A_000514_OFFICIAL,Taiwan-side,2015-2025_platformization,official_open_data,tertiary,0.2,1.0,0.76,1.0,0.76
SRC_R010B07_TW_376440000A_000515_OFFICIAL,Taiwan-side,2015-2025_platformization,official_open_data,tertiary,0.2,1.0,0.76,1.0,0.76
SRC_R010B07_TW_376440000A_000522_OFFICIAL,Taiwan-side,2015-2025_platformization,official_open_data,tertiary,0.2,1.0,0.76,1.0,0.76
SRC_R010B07_TW_376440000A_000531_OFFICIAL,Taiwan-side,2015-2025_platformization,official_open_data,tertiary,0.2,1.0,0.76,1.0,0.76
SRC_R010B07_TW_376440000A_000530_OFFICIAL,Taiwan-side,2015-2025_platformization,official_open_data,tertiary,0.2,1.0,0.76,1.0,0.76
SRC_R010B07_TW_376440000A_000532_OFFICIAL,Taiwan-side,2015-2025_platformization,official_open_data,tertiary,0.2,1.0,0.76,1.0,0.76
SRC_R010B07_TW_376440000A_000538_OFFICIAL,Taiwan-side,2015-2025_platformization,official_open_data,tertiary,0.2,1.0,0.76,1.0,0.76
SRC_R010B07_TW_376440000A_000541_OFFICIAL,Taiwan-side,2015-2025_platformization,official_open_data,tertiary,0.2,1.0,0.76,1.0,0.76
SRC_R010B07_TW_376440000A_000545_OFFICIAL,Taiwan-side,2015-2025_platformization,official_open_data,tertiary,0.2,1.0,0.76,1.0,0.76
SRC_R010B07_TW_376440000A_000546_OFFICIAL,Taiwan-side,2015-2025_platformization,official_open_data,tertiary,0.2,1.0,0.76,1.0,0.76
SRC_R010B07_TW_376440000A_000547_OFFICIAL,Taiwan-side,2015-2025_platformization,official_open_data,tertiary,0.2,1.0,0.76,1.0,0.76
SRC_R010B07_TW_376440000A_000548_OFFICIAL,Taiwan-side,2015-2025_platformization,official_open_data,tertiary,0.2,1.0,0.76,1.0,0.76
SRC_R010B07_TW_376440000A_000550_OFFICIAL,Taiwan-side,2015-2025_platformization,official_open_data,tertiary,0.2,1.0,0.76,1.0,0.76
SRC_R010B07_TW_376440000A_000551_OFFICIAL,Taiwan-side,2015-2025_platformization,official_open_data,tertiary,0.2,1.0,0.76,1.0,0.76
SRC_R010B07_TW_376440000A_000553_OFFICIAL,Taiwan-side,2015-2025_platformization,official_open_data,tertiary,0.2,1.0,0.76,1.0,0.76
SRC_R010B07_TW_376440000A_000566_OFFICIAL,Taiwan-side,2015-2025_platformization,official_open_data,tertiary,0.2,1.0,0.76,1.0,0.76
SRC_R010B07_TW_376470000A_000333_OFFICIAL,Taiwan-side,2015-2025_platformization,official_open_data,tertiary,0.2,1.0,0.76,1.0,0.76
SRC_R010B07_TW_376470000A_000343_OFFICIAL,Taiwan-side,2015-2025_platformization,official_open_data,tertiary,0.2,1.0,0.76,1.0,0.76
SRC_R010B07_TW_376470000A_000344_OFFICIAL,Taiwan-side,2015-2025_platformization,official_open_data,tertiary,0.2,1.0,0.76,1.0,0.76
SRC_R010B07_TW_376470000A_000349_OFFICIAL,Taiwan-side,2015-2025_platformization,official_open_data,tertiary,0.2,1.0,0.76,1.0,0.76
SRC_R010B07_TW_376470000A_000352_OFFICIAL,Taiwan-side,2015-2025_platformization,official_open_data,tertiary,0.2,1.0,0.76,1.0,0.76
SRC_R010B07_TW_376470000A_000354_OFFICIAL,Taiwan-side,2015-2025_platformization,official_open_data,tertiary,0.2,1.0,0.76,1.0,0.76
SRC_R010B07_TW_376470000A_000356_OFFICIAL,Taiwan-side,2015-2025_platformization,official_open_data,tertiary,0.2,1.0,0.76,1.0,0.76
SRC_R010B07_TW_376470000A_000368_OFFICIAL,Taiwan-side,2015-2025_platformization,official_open_data,tertiary,0.2,1.0,0.76,1.0,0.76
SRC_R010B07_TW_376470000A_000470_OFFICIAL,Taiwan-side,2015-2025_platformization,official_open_data,tertiary,0.2,1.0,0.76,1.0,0.76
SRC_R010B07_TW_376470000A_000492_OFFICIAL,Taiwan-side,2015-2025_platformization,official_open_data,tertiary,0.2,1.0,0.76,1.0,0.76
SRC_R010B07_TW_376470000A_000497_OFFICIAL,Taiwan-side,2015-2025_platformization,official_open_data,tertiary,0.2,1.0,0.76,1.0,0.76
SRC_R010B07_TW_376470000A_000496_OFFICIAL,Taiwan-side,2015-2025_platformization,official_open_data,tertiary,0.2,1.0,0.76,1.0,0.76
SRC_R010B07_TW_376470000A_000515_OFFICIAL,Taiwan-side,2015-2025_platformization,official_open_data,tertiary,0.2,1.0,0.76,1.0,0.76
SRC_R010B07_TW_376480000A_000008_OFFICIAL,Taiwan-side,2015-2025_platformization,official_open_data,tertiary,0.2,1.0,0.76,1.0,0.76
SRC_R010B07_TW_376480000A_000004_OFFICIAL,Taiwan-side,2015-2025_platformization,official_open_data,tertiary,0.2,1.0,0.76,1.0,0.76
SRC_R010B07_TW_376480000A_000010_OFFICIAL,Taiwan-side,2015-2025_platformization,official_open_data,tertiary,0.2,1.0,0.76,1.0,0.76
SRC_R010B07_TW_376480000A_000012_OFFICIAL,Taiwan-side,2015-2025_platformization,official_open_data,tertiary,0.2,1.0,0.76,1.0,0.76
ROUND012_NEWSG_19880129_MAYGARDEN_CONTROL,Singapore,1987-2015_cross_strait_diffusion,newspaper_archive,primary,1.2,1.0,1.06,1.0,1.06
ROUND012_NEWSG_19891004_TAIPEI_UMEKO_CONTROL,Singapore,1987-2015_cross_strait_diffusion,newspaper_archive,primary,1.2,1.0,1.06,1.0,1.06
ROUND012_NEWSG_19900912_MAYGARDEN_CONTROL,Singapore,1987-2015_cross_strait_diffusion,newspaper_archive,primary,1.2,0.7881,0.9117,1.0,0.9117
ROUND012_NEWSG_19920209_MAYGARDEN_CONTROL,Singapore,1987-2015_cross_strait_diffusion,newspaper_archive,primary,1.2,0.7781,0.9047,1.0,0.9047
