search_id,source_id,query_terms,date_start,date_end,filters,result_count,earliest_hit_date,latest_hit_date,sample_hit_ids,search_url_or_command,notes
MANUAL_000001,UDNData,魯肉飯,1946-01-01,1946-12-31,"{""source_name"": ""UDNData""}",,,,,https://udndata.com/ndapp/udntag/finance/Search?keyword=%E9%AD%AF%E8%82%89%E9%A3%AF&from=19460101&to=19461231,manual restricted-archive search queue
MANUAL_000002,UDNData,魯肉飯,1947-01-01,1947-12-31,"{""source_name"": ""UDNData""}",,,,,https://udndata.com/ndapp/udntag/finance/Search?keyword=%E9%AD%AF%E8%82%89%E9%A3%AF&from=19470101&to=19471231,manual restricted-archive search queue
MANUAL_000003,UDNData,魯肉飯,1948-01-01,1948-12-31,"{""source_name"": ""UDNData""}",,,,,https://udndata.com/ndapp/udntag/finance/Search?keyword=%E9%AD%AF%E8%82%89%E9%A3%AF&from=19480101&to=19481231,manual restricted-archive search queue
MANUAL_000004,UDNData,魯肉飯,1949-01-01,1949-12-31,"{""source_name"": ""UDNData""}",,,,,https://udndata.com/ndapp/udntag/finance/Search?keyword=%E9%AD%AF%E8%82%89%E9%A3%AF&from=19490101&to=19491231,manual restricted-archive search queue
MANUAL_000005,UDNData,魯肉飯,1950-01-01,1950-12-31,"{""source_name"": ""UDNData""}",,,,,https://udndata.com/ndapp/udntag/finance/Search?keyword=%E9%AD%AF%E8%82%89%E9%A3%AF&from=19500101&to=19501231,manual restricted-archive search queue
MANUAL_000006,UDNData,魯肉飯,1951-01-01,1951-12-31,"{""source_name"": ""UDNData""}",,,,,https://udndata.com/ndapp/udntag/finance/Search?keyword=%E9%AD%AF%E8%82%89%E9%A3%AF&from=19510101&to=19511231,manual restricted-archive search queue
MANUAL_000007,UDNData,魯肉飯,1952-01-01,1952-12-31,"{""source_name"": ""UDNData""}",,,,,https://udndata.com/ndapp/udntag/finance/Search?keyword=%E9%AD%AF%E8%82%89%E9%A3%AF&from=19520101&to=19521231,manual restricted-archive search queue
MANUAL_000008,UDNData,魯肉飯,1953-01-01,1953-12-31,"{""source_name"": ""UDNData""}",,,,,https://udndata.com/ndapp/udntag/finance/Search?keyword=%E9%AD%AF%E8%82%89%E9%A3%AF&from=19530101&to=19531231,manual restricted-archive search queue
MANUAL_000009,UDNData,魯肉飯,1954-01-01,1954-12-31,"{""source_name"": ""UDNData""}",,,,,https://udndata.com/ndapp/udntag/finance/Search?keyword=%E9%AD%AF%E8%82%89%E9%A3%AF&from=19540101&to=19541231,manual restricted-archive search queue
MANUAL_000010,UDNData,魯肉飯,1955-01-01,1955-12-31,"{""source_name"": ""UDNData""}",,,,,https://udndata.com/ndapp/udntag/finance/Search?keyword=%E9%AD%AF%E8%82%89%E9%A3%AF&from=19550101&to=19551231,manual restricted-archive search queue
MANUAL_000011,UDNData,魯肉飯,1956-01-01,1956-12-31,"{""source_name"": ""UDNData""}",,,,,https://udndata.com/ndapp/udntag/finance/Search?keyword=%E9%AD%AF%E8%82%89%E9%A3%AF&from=19560101&to=19561231,manual restricted-archive search queue
MANUAL_000012,UDNData,魯肉飯,1957-01-01,1957-12-31,"{""source_name"": ""UDNData""}",,,,,https://udndata.com/ndapp/udntag/finance/Search?keyword=%E9%AD%AF%E8%82%89%E9%A3%AF&from=19570101&to=19571231,manual restricted-archive search queue
MANUAL_000013,UDNData,魯肉飯,1958-01-01,1958-12-31,"{""source_name"": ""UDNData""}",,,,,https://udndata.com/ndapp/udntag/finance/Search?keyword=%E9%AD%AF%E8%82%89%E9%A3%AF&from=19580101&to=19581231,manual restricted-archive search queue
MANUAL_000014,UDNData,魯肉飯,1959-01-01,1959-12-31,"{""source_name"": ""UDNData""}",,,,,https://udndata.com/ndapp/udntag/finance/Search?keyword=%E9%AD%AF%E8%82%89%E9%A3%AF&from=19590101&to=19591231,manual restricted-archive search queue
MANUAL_000015,UDNData,魯肉飯,1960-01-01,1960-12-31,"{""source_name"": ""UDNData""}",,,,,https://udndata.com/ndapp/udntag/finance/Search?keyword=%E9%AD%AF%E8%82%89%E9%A3%AF&from=19600101&to=19601231,manual restricted-archive search queue
MANUAL_000016,UDNData,魯肉飯,1961-01-01,1961-12-31,"{""source_name"": ""UDNData""}",,,,,https://udndata.com/ndapp/udntag/finance/Search?keyword=%E9%AD%AF%E8%82%89%E9%A3%AF&from=19610101&to=19611231,manual restricted-archive search queue
MANUAL_000017,UDNData,魯肉飯,1962-01-01,1962-12-31,"{""source_name"": ""UDNData""}",,,,,https://udndata.com/ndapp/udntag/finance/Search?keyword=%E9%AD%AF%E8%82%89%E9%A3%AF&from=19620101&to=19621231,manual restricted-archive search queue
MANUAL_000018,UDNData,魯肉飯,1963-01-01,1963-12-31,"{""source_name"": ""UDNData""}",,,,,https://udndata.com/ndapp/udntag/finance/Search?keyword=%E9%AD%AF%E8%82%89%E9%A3%AF&from=19630101&to=19631231,manual restricted-archive search queue
MANUAL_000019,UDNData,魯肉飯,1964-01-01,1964-12-31,"{""source_name"": ""UDNData""}",,,,,https://udndata.com/ndapp/udntag/finance/Search?keyword=%E9%AD%AF%E8%82%89%E9%A3%AF&from=19640101&to=19641231,manual restricted-archive search queue
MANUAL_000020,UDNData,魯肉飯,1965-01-01,1965-12-31,"{""source_name"": ""UDNData""}",,,,,https://udndata.com/ndapp/udntag/finance/Search?keyword=%E9%AD%AF%E8%82%89%E9%A3%AF&from=19650101&to=19651231,manual restricted-archive search queue
MANUAL_000021,UDNData,魯肉飯,1966-01-01,1966-12-31,"{""source_name"": ""UDNData""}",,,,,https://udndata.com/ndapp/udntag/finance/Search?keyword=%E9%AD%AF%E8%82%89%E9%A3%AF&from=19660101&to=19661231,manual restricted-archive search queue
MANUAL_000022,UDNData,魯肉飯,1967-01-01,1967-12-31,"{""source_name"": ""UDNData""}",,,,,https://udndata.com/ndapp/udntag/finance/Search?keyword=%E9%AD%AF%E8%82%89%E9%A3%AF&from=19670101&to=19671231,manual restricted-archive search queue
MANUAL_000023,UDNData,魯肉飯,1968-01-01,1968-12-31,"{""source_name"": ""UDNData""}",,,,,https://udndata.com/ndapp/udntag/finance/Search?keyword=%E9%AD%AF%E8%82%89%E9%A3%AF&from=19680101&to=19681231,manual restricted-archive search queue
MANUAL_000024,UDNData,魯肉飯,1969-01-01,1969-12-31,"{""source_name"": ""UDNData""}",,,,,https://udndata.com/ndapp/udntag/finance/Search?keyword=%E9%AD%AF%E8%82%89%E9%A3%AF&from=19690101&to=19691231,manual restricted-archive search queue
MANUAL_000025,UDNData,魯肉飯,1970-01-01,1970-12-31,"{""source_name"": ""UDNData""}",,,,,https://udndata.com/ndapp/udntag/finance/Search?keyword=%E9%AD%AF%E8%82%89%E9%A3%AF&from=19700101&to=19701231,manual restricted-archive search queue
MANUAL_000026,UDNData,魯肉飯,1971-01-01,1971-12-31,"{""source_name"": ""UDNData""}",,,,,https://udndata.com/ndapp/udntag/finance/Search?keyword=%E9%AD%AF%E8%82%89%E9%A3%AF&from=19710101&to=19711231,manual restricted-archive search queue
MANUAL_000027,UDNData,魯肉飯,1972-01-01,1972-12-31,"{""source_name"": ""UDNData""}",,,,,https://udndata.com/ndapp/udntag/finance/Search?keyword=%E9%AD%AF%E8%82%89%E9%A3%AF&from=19720101&to=19721231,manual restricted-archive search queue
MANUAL_000028,UDNData,魯肉飯,1973-01-01,1973-12-31,"{""source_name"": ""UDNData""}",,,,,https://udndata.com/ndapp/udntag/finance/Search?keyword=%E9%AD%AF%E8%82%89%E9%A3%AF&from=19730101&to=19731231,manual restricted-archive search queue
MANUAL_000029,UDNData,魯肉飯,1974-01-01,1974-12-31,"{""source_name"": ""UDNData""}",,,,,https://udndata.com/ndapp/udntag/finance/Search?keyword=%E9%AD%AF%E8%82%89%E9%A3%AF&from=19740101&to=19741231,manual restricted-archive search queue
MANUAL_000030,UDNData,魯肉飯,1975-01-01,1975-12-31,"{""source_name"": ""UDNData""}",,,,,https://udndata.com/ndapp/udntag/finance/Search?keyword=%E9%AD%AF%E8%82%89%E9%A3%AF&from=19750101&to=19751231,manual restricted-archive search queue
MANUAL_000031,UDNData,魯肉飯,1976-01-01,1976-12-31,"{""source_name"": ""UDNData""}",,,,,https://udndata.com/ndapp/udntag/finance/Search?keyword=%E9%AD%AF%E8%82%89%E9%A3%AF&from=19760101&to=19761231,manual restricted-archive search queue
MANUAL_000032,UDNData,魯肉飯,1977-01-01,1977-12-31,"{""source_name"": ""UDNData""}",,,,,https://udndata.com/ndapp/udntag/finance/Search?keyword=%E9%AD%AF%E8%82%89%E9%A3%AF&from=19770101&to=19771231,manual restricted-archive search queue
MANUAL_000033,UDNData,魯肉飯,1978-01-01,1978-12-31,"{""source_name"": ""UDNData""}",,,,,https://udndata.com/ndapp/udntag/finance/Search?keyword=%E9%AD%AF%E8%82%89%E9%A3%AF&from=19780101&to=19781231,manual restricted-archive search queue
MANUAL_000034,UDNData,魯肉飯,1979-01-01,1979-12-31,"{""source_name"": ""UDNData""}",,,,,https://udndata.com/ndapp/udntag/finance/Search?keyword=%E9%AD%AF%E8%82%89%E9%A3%AF&from=19790101&to=19791231,manual restricted-archive search queue
MANUAL_000035,UDNData,魯肉飯,1980-01-01,1980-12-31,"{""source_name"": ""UDNData""}",,,,,https://udndata.com/ndapp/udntag/finance/Search?keyword=%E9%AD%AF%E8%82%89%E9%A3%AF&from=19800101&to=19801231,manual restricted-archive search queue
MANUAL_000036,UDNData,魯肉飯,1981-01-01,1981-12-31,"{""source_name"": ""UDNData""}",,,,,https://udndata.com/ndapp/udntag/finance/Search?keyword=%E9%AD%AF%E8%82%89%E9%A3%AF&from=19810101&to=19811231,manual restricted-archive search queue
MANUAL_000037,UDNData,魯肉飯,1982-01-01,1982-12-31,"{""source_name"": ""UDNData""}",,,,,https://udndata.com/ndapp/udntag/finance/Search?keyword=%E9%AD%AF%E8%82%89%E9%A3%AF&from=19820101&to=19821231,manual restricted-archive search queue
MANUAL_000038,UDNData,魯肉飯,1983-01-01,1983-12-31,"{""source_name"": ""UDNData""}",,,,,https://udndata.com/ndapp/udntag/finance/Search?keyword=%E9%AD%AF%E8%82%89%E9%A3%AF&from=19830101&to=19831231,manual restricted-archive search queue
MANUAL_000039,UDNData,魯肉飯,1984-01-01,1984-12-31,"{""source_name"": ""UDNData""}",,,,,https://udndata.com/ndapp/udntag/finance/Search?keyword=%E9%AD%AF%E8%82%89%E9%A3%AF&from=19840101&to=19841231,manual restricted-archive search queue
MANUAL_000040,UDNData,魯肉飯,1985-01-01,1985-12-31,"{""source_name"": ""UDNData""}",,,,,https://udndata.com/ndapp/udntag/finance/Search?keyword=%E9%AD%AF%E8%82%89%E9%A3%AF&from=19850101&to=19851231,manual restricted-archive search queue
MANUAL_000041,UDNData,魯肉飯,1986-01-01,1986-12-31,"{""source_name"": ""UDNData""}",,,,,https://udndata.com/ndapp/udntag/finance/Search?keyword=%E9%AD%AF%E8%82%89%E9%A3%AF&from=19860101&to=19861231,manual restricted-archive search queue
MANUAL_000042,UDNData,魯肉飯,1987-01-01,1987-12-31,"{""source_name"": ""UDNData""}",,,,,https://udndata.com/ndapp/udntag/finance/Search?keyword=%E9%AD%AF%E8%82%89%E9%A3%AF&from=19870101&to=19871231,manual restricted-archive search queue
MANUAL_000043,UDNData,滷肉飯,1946-01-01,1946-12-31,"{""source_name"": ""UDNData""}",,,,,https://udndata.com/ndapp/udntag/finance/Search?keyword=%E6%BB%B7%E8%82%89%E9%A3%AF&from=19460101&to=19461231,manual restricted-archive search queue
MANUAL_000044,UDNData,滷肉飯,1947-01-01,1947-12-31,"{""source_name"": ""UDNData""}",,,,,https://udndata.com/ndapp/udntag/finance/Search?keyword=%E6%BB%B7%E8%82%89%E9%A3%AF&from=19470101&to=19471231,manual restricted-archive search queue
MANUAL_000045,UDNData,滷肉飯,1948-01-01,1948-12-31,"{""source_name"": ""UDNData""}",,,,,https://udndata.com/ndapp/udntag/finance/Search?keyword=%E6%BB%B7%E8%82%89%E9%A3%AF&from=19480101&to=19481231,manual restricted-archive search queue
MANUAL_000046,UDNData,滷肉飯,1949-01-01,1949-12-31,"{""source_name"": ""UDNData""}",,,,,https://udndata.com/ndapp/udntag/finance/Search?keyword=%E6%BB%B7%E8%82%89%E9%A3%AF&from=19490101&to=19491231,manual restricted-archive search queue
MANUAL_000047,UDNData,滷肉飯,1950-01-01,1950-12-31,"{""source_name"": ""UDNData""}",,,,,https://udndata.com/ndapp/udntag/finance/Search?keyword=%E6%BB%B7%E8%82%89%E9%A3%AF&from=19500101&to=19501231,manual restricted-archive search queue
MANUAL_000048,UDNData,滷肉飯,1951-01-01,1951-12-31,"{""source_name"": ""UDNData""}",,,,,https://udndata.com/ndapp/udntag/finance/Search?keyword=%E6%BB%B7%E8%82%89%E9%A3%AF&from=19510101&to=19511231,manual restricted-archive search queue
MANUAL_000049,UDNData,滷肉飯,1952-01-01,1952-12-31,"{""source_name"": ""UDNData""}",,,,,https://udndata.com/ndapp/udntag/finance/Search?keyword=%E6%BB%B7%E8%82%89%E9%A3%AF&from=19520101&to=19521231,manual restricted-archive search queue
MANUAL_000050,UDNData,滷肉飯,1953-01-01,1953-12-31,"{""source_name"": ""UDNData""}",,,,,https://udndata.com/ndapp/udntag/finance/Search?keyword=%E6%BB%B7%E8%82%89%E9%A3%AF&from=19530101&to=19531231,manual restricted-archive search queue
MANUAL_000051,UDNData,滷肉飯,1954-01-01,1954-12-31,"{""source_name"": ""UDNData""}",,,,,https://udndata.com/ndapp/udntag/finance/Search?keyword=%E6%BB%B7%E8%82%89%E9%A3%AF&from=19540101&to=19541231,manual restricted-archive search queue
MANUAL_000052,UDNData,滷肉飯,1955-01-01,1955-12-31,"{""source_name"": ""UDNData""}",,,,,https://udndata.com/ndapp/udntag/finance/Search?keyword=%E6%BB%B7%E8%82%89%E9%A3%AF&from=19550101&to=19551231,manual restricted-archive search queue
MANUAL_000053,UDNData,滷肉飯,1956-01-01,1956-12-31,"{""source_name"": ""UDNData""}",,,,,https://udndata.com/ndapp/udntag/finance/Search?keyword=%E6%BB%B7%E8%82%89%E9%A3%AF&from=19560101&to=19561231,manual restricted-archive search queue
MANUAL_000054,UDNData,滷肉飯,1957-01-01,1957-12-31,"{""source_name"": ""UDNData""}",,,,,https://udndata.com/ndapp/udntag/finance/Search?keyword=%E6%BB%B7%E8%82%89%E9%A3%AF&from=19570101&to=19571231,manual restricted-archive search queue
MANUAL_000055,UDNData,滷肉飯,1958-01-01,1958-12-31,"{""source_name"": ""UDNData""}",,,,,https://udndata.com/ndapp/udntag/finance/Search?keyword=%E6%BB%B7%E8%82%89%E9%A3%AF&from=19580101&to=19581231,manual restricted-archive search queue
MANUAL_000056,UDNData,滷肉飯,1959-01-01,1959-12-31,"{""source_name"": ""UDNData""}",,,,,https://udndata.com/ndapp/udntag/finance/Search?keyword=%E6%BB%B7%E8%82%89%E9%A3%AF&from=19590101&to=19591231,manual restricted-archive search queue
MANUAL_000057,UDNData,滷肉飯,1960-01-01,1960-12-31,"{""source_name"": ""UDNData""}",,,,,https://udndata.com/ndapp/udntag/finance/Search?keyword=%E6%BB%B7%E8%82%89%E9%A3%AF&from=19600101&to=19601231,manual restricted-archive search queue
MANUAL_000058,UDNData,滷肉飯,1961-01-01,1961-12-31,"{""source_name"": ""UDNData""}",,,,,https://udndata.com/ndapp/udntag/finance/Search?keyword=%E6%BB%B7%E8%82%89%E9%A3%AF&from=19610101&to=19611231,manual restricted-archive search queue
MANUAL_000059,UDNData,滷肉飯,1962-01-01,1962-12-31,"{""source_name"": ""UDNData""}",,,,,https://udndata.com/ndapp/udntag/finance/Search?keyword=%E6%BB%B7%E8%82%89%E9%A3%AF&from=19620101&to=19621231,manual restricted-archive search queue
MANUAL_000060,UDNData,滷肉飯,1963-01-01,1963-12-31,"{""source_name"": ""UDNData""}",,,,,https://udndata.com/ndapp/udntag/finance/Search?keyword=%E6%BB%B7%E8%82%89%E9%A3%AF&from=19630101&to=19631231,manual restricted-archive search queue
MANUAL_000061,UDNData,滷肉飯,1964-01-01,1964-12-31,"{""source_name"": ""UDNData""}",,,,,https://udndata.com/ndapp/udntag/finance/Search?keyword=%E6%BB%B7%E8%82%89%E9%A3%AF&from=19640101&to=19641231,manual restricted-archive search queue
MANUAL_000062,UDNData,滷肉飯,1965-01-01,1965-12-31,"{""source_name"": ""UDNData""}",,,,,https://udndata.com/ndapp/udntag/finance/Search?keyword=%E6%BB%B7%E8%82%89%E9%A3%AF&from=19650101&to=19651231,manual restricted-archive search queue
MANUAL_000063,UDNData,滷肉飯,1966-01-01,1966-12-31,"{""source_name"": ""UDNData""}",,,,,https://udndata.com/ndapp/udntag/finance/Search?keyword=%E6%BB%B7%E8%82%89%E9%A3%AF&from=19660101&to=19661231,manual restricted-archive search queue
MANUAL_000064,UDNData,滷肉飯,1967-01-01,1967-12-31,"{""source_name"": ""UDNData""}",,,,,https://udndata.com/ndapp/udntag/finance/Search?keyword=%E6%BB%B7%E8%82%89%E9%A3%AF&from=19670101&to=19671231,manual restricted-archive search queue
MANUAL_000065,UDNData,滷肉飯,1968-01-01,1968-12-31,"{""source_name"": ""UDNData""}",,,,,https://udndata.com/ndapp/udntag/finance/Search?keyword=%E6%BB%B7%E8%82%89%E9%A3%AF&from=19680101&to=19681231,manual restricted-archive search queue
MANUAL_000066,UDNData,滷肉飯,1969-01-01,1969-12-31,"{""source_name"": ""UDNData""}",,,,,https://udndata.com/ndapp/udntag/finance/Search?keyword=%E6%BB%B7%E8%82%89%E9%A3%AF&from=19690101&to=19691231,manual restricted-archive search queue
MANUAL_000067,UDNData,滷肉飯,1970-01-01,1970-12-31,"{""source_name"": ""UDNData""}",,,,,https://udndata.com/ndapp/udntag/finance/Search?keyword=%E6%BB%B7%E8%82%89%E9%A3%AF&from=19700101&to=19701231,manual restricted-archive search queue
MANUAL_000068,UDNData,滷肉飯,1971-01-01,1971-12-31,"{""source_name"": ""UDNData""}",,,,,https://udndata.com/ndapp/udntag/finance/Search?keyword=%E6%BB%B7%E8%82%89%E9%A3%AF&from=19710101&to=19711231,manual restricted-archive search queue
MANUAL_000069,UDNData,滷肉飯,1972-01-01,1972-12-31,"{""source_name"": ""UDNData""}",,,,,https://udndata.com/ndapp/udntag/finance/Search?keyword=%E6%BB%B7%E8%82%89%E9%A3%AF&from=19720101&to=19721231,manual restricted-archive search queue
MANUAL_000070,UDNData,滷肉飯,1973-01-01,1973-12-31,"{""source_name"": ""UDNData""}",,,,,https://udndata.com/ndapp/udntag/finance/Search?keyword=%E6%BB%B7%E8%82%89%E9%A3%AF&from=19730101&to=19731231,manual restricted-archive search queue
MANUAL_000071,UDNData,滷肉飯,1974-01-01,1974-12-31,"{""source_name"": ""UDNData""}",,,,,https://udndata.com/ndapp/udntag/finance/Search?keyword=%E6%BB%B7%E8%82%89%E9%A3%AF&from=19740101&to=19741231,manual restricted-archive search queue
MANUAL_000072,UDNData,滷肉飯,1975-01-01,1975-12-31,"{""source_name"": ""UDNData""}",,,,,https://udndata.com/ndapp/udntag/finance/Search?keyword=%E6%BB%B7%E8%82%89%E9%A3%AF&from=19750101&to=19751231,manual restricted-archive search queue
MANUAL_000073,UDNData,滷肉飯,1976-01-01,1976-12-31,"{""source_name"": ""UDNData""}",,,,,https://udndata.com/ndapp/udntag/finance/Search?keyword=%E6%BB%B7%E8%82%89%E9%A3%AF&from=19760101&to=19761231,manual restricted-archive search queue
MANUAL_000074,UDNData,滷肉飯,1977-01-01,1977-12-31,"{""source_name"": ""UDNData""}",,,,,https://udndata.com/ndapp/udntag/finance/Search?keyword=%E6%BB%B7%E8%82%89%E9%A3%AF&from=19770101&to=19771231,manual restricted-archive search queue
MANUAL_000075,UDNData,滷肉飯,1978-01-01,1978-12-31,"{""source_name"": ""UDNData""}",,,,,https://udndata.com/ndapp/udntag/finance/Search?keyword=%E6%BB%B7%E8%82%89%E9%A3%AF&from=19780101&to=19781231,manual restricted-archive search queue
MANUAL_000076,UDNData,滷肉飯,1979-01-01,1979-12-31,"{""source_name"": ""UDNData""}",,,,,https://udndata.com/ndapp/udntag/finance/Search?keyword=%E6%BB%B7%E8%82%89%E9%A3%AF&from=19790101&to=19791231,manual restricted-archive search queue
MANUAL_000077,UDNData,滷肉飯,1980-01-01,1980-12-31,"{""source_name"": ""UDNData""}",,,,,https://udndata.com/ndapp/udntag/finance/Search?keyword=%E6%BB%B7%E8%82%89%E9%A3%AF&from=19800101&to=19801231,manual restricted-archive search queue
MANUAL_000078,UDNData,滷肉飯,1981-01-01,1981-12-31,"{""source_name"": ""UDNData""}",,,,,https://udndata.com/ndapp/udntag/finance/Search?keyword=%E6%BB%B7%E8%82%89%E9%A3%AF&from=19810101&to=19811231,manual restricted-archive search queue
MANUAL_000079,UDNData,滷肉飯,1982-01-01,1982-12-31,"{""source_name"": ""UDNData""}",,,,,https://udndata.com/ndapp/udntag/finance/Search?keyword=%E6%BB%B7%E8%82%89%E9%A3%AF&from=19820101&to=19821231,manual restricted-archive search queue
MANUAL_000080,UDNData,滷肉飯,1983-01-01,1983-12-31,"{""source_name"": ""UDNData""}",,,,,https://udndata.com/ndapp/udntag/finance/Search?keyword=%E6%BB%B7%E8%82%89%E9%A3%AF&from=19830101&to=19831231,manual restricted-archive search queue
MANUAL_000081,UDNData,滷肉飯,1984-01-01,1984-12-31,"{""source_name"": ""UDNData""}",,,,,https://udndata.com/ndapp/udntag/finance/Search?keyword=%E6%BB%B7%E8%82%89%E9%A3%AF&from=19840101&to=19841231,manual restricted-archive search queue
MANUAL_000082,UDNData,滷肉飯,1985-01-01,1985-12-31,"{""source_name"": ""UDNData""}",,,,,https://udndata.com/ndapp/udntag/finance/Search?keyword=%E6%BB%B7%E8%82%89%E9%A3%AF&from=19850101&to=19851231,manual restricted-archive search queue
MANUAL_000083,UDNData,滷肉飯,1986-01-01,1986-12-31,"{""source_name"": ""UDNData""}",,,,,https://udndata.com/ndapp/udntag/finance/Search?keyword=%E6%BB%B7%E8%82%89%E9%A3%AF&from=19860101&to=19861231,manual restricted-archive search queue
MANUAL_000084,UDNData,滷肉飯,1987-01-01,1987-12-31,"{""source_name"": ""UDNData""}",,,,,https://udndata.com/ndapp/udntag/finance/Search?keyword=%E6%BB%B7%E8%82%89%E9%A3%AF&from=19870101&to=19871231,manual restricted-archive search queue
MANUAL_000085,UDNData,肉燥飯,1946-01-01,1946-12-31,"{""source_name"": ""UDNData""}",,,,,https://udndata.com/ndapp/udntag/finance/Search?keyword=%E8%82%89%E7%87%A5%E9%A3%AF&from=19460101&to=19461231,manual restricted-archive search queue
MANUAL_000086,UDNData,肉燥飯,1947-01-01,1947-12-31,"{""source_name"": ""UDNData""}",,,,,https://udndata.com/ndapp/udntag/finance/Search?keyword=%E8%82%89%E7%87%A5%E9%A3%AF&from=19470101&to=19471231,manual restricted-archive search queue
MANUAL_000087,UDNData,肉燥飯,1948-01-01,1948-12-31,"{""source_name"": ""UDNData""}",,,,,https://udndata.com/ndapp/udntag/finance/Search?keyword=%E8%82%89%E7%87%A5%E9%A3%AF&from=19480101&to=19481231,manual restricted-archive search queue
MANUAL_000088,UDNData,肉燥飯,1949-01-01,1949-12-31,"{""source_name"": ""UDNData""}",,,,,https://udndata.com/ndapp/udntag/finance/Search?keyword=%E8%82%89%E7%87%A5%E9%A3%AF&from=19490101&to=19491231,manual restricted-archive search queue
MANUAL_000089,UDNData,肉燥飯,1950-01-01,1950-12-31,"{""source_name"": ""UDNData""}",,,,,https://udndata.com/ndapp/udntag/finance/Search?keyword=%E8%82%89%E7%87%A5%E9%A3%AF&from=19500101&to=19501231,manual restricted-archive search queue
MANUAL_000090,UDNData,肉燥飯,1951-01-01,1951-12-31,"{""source_name"": ""UDNData""}",,,,,https://udndata.com/ndapp/udntag/finance/Search?keyword=%E8%82%89%E7%87%A5%E9%A3%AF&from=19510101&to=19511231,manual restricted-archive search queue
MANUAL_000091,UDNData,肉燥飯,1952-01-01,1952-12-31,"{""source_name"": ""UDNData""}",,,,,https://udndata.com/ndapp/udntag/finance/Search?keyword=%E8%82%89%E7%87%A5%E9%A3%AF&from=19520101&to=19521231,manual restricted-archive search queue
MANUAL_000092,UDNData,肉燥飯,1953-01-01,1953-12-31,"{""source_name"": ""UDNData""}",,,,,https://udndata.com/ndapp/udntag/finance/Search?keyword=%E8%82%89%E7%87%A5%E9%A3%AF&from=19530101&to=19531231,manual restricted-archive search queue
MANUAL_000093,UDNData,肉燥飯,1954-01-01,1954-12-31,"{""source_name"": ""UDNData""}",,,,,https://udndata.com/ndapp/udntag/finance/Search?keyword=%E8%82%89%E7%87%A5%E9%A3%AF&from=19540101&to=19541231,manual restricted-archive search queue
MANUAL_000094,UDNData,肉燥飯,1955-01-01,1955-12-31,"{""source_name"": ""UDNData""}",,,,,https://udndata.com/ndapp/udntag/finance/Search?keyword=%E8%82%89%E7%87%A5%E9%A3%AF&from=19550101&to=19551231,manual restricted-archive search queue
MANUAL_000095,UDNData,肉燥飯,1956-01-01,1956-12-31,"{""source_name"": ""UDNData""}",,,,,https://udndata.com/ndapp/udntag/finance/Search?keyword=%E8%82%89%E7%87%A5%E9%A3%AF&from=19560101&to=19561231,manual restricted-archive search queue
MANUAL_000096,UDNData,肉燥飯,1957-01-01,1957-12-31,"{""source_name"": ""UDNData""}",,,,,https://udndata.com/ndapp/udntag/finance/Search?keyword=%E8%82%89%E7%87%A5%E9%A3%AF&from=19570101&to=19571231,manual restricted-archive search queue
MANUAL_000097,UDNData,肉燥飯,1958-01-01,1958-12-31,"{""source_name"": ""UDNData""}",,,,,https://udndata.com/ndapp/udntag/finance/Search?keyword=%E8%82%89%E7%87%A5%E9%A3%AF&from=19580101&to=19581231,manual restricted-archive search queue
MANUAL_000098,UDNData,肉燥飯,1959-01-01,1959-12-31,"{""source_name"": ""UDNData""}",,,,,https://udndata.com/ndapp/udntag/finance/Search?keyword=%E8%82%89%E7%87%A5%E9%A3%AF&from=19590101&to=19591231,manual restricted-archive search queue
MANUAL_000099,UDNData,肉燥飯,1960-01-01,1960-12-31,"{""source_name"": ""UDNData""}",,,,,https://udndata.com/ndapp/udntag/finance/Search?keyword=%E8%82%89%E7%87%A5%E9%A3%AF&from=19600101&to=19601231,manual restricted-archive search queue
MANUAL_000100,UDNData,肉燥飯,1961-01-01,1961-12-31,"{""source_name"": ""UDNData""}",,,,,https://udndata.com/ndapp/udntag/finance/Search?keyword=%E8%82%89%E7%87%A5%E9%A3%AF&from=19610101&to=19611231,manual restricted-archive search queue
MANUAL_000101,UDNData,肉燥飯,1962-01-01,1962-12-31,"{""source_name"": ""UDNData""}",,,,,https://udndata.com/ndapp/udntag/finance/Search?keyword=%E8%82%89%E7%87%A5%E9%A3%AF&from=19620101&to=19621231,manual restricted-archive search queue
MANUAL_000102,UDNData,肉燥飯,1963-01-01,1963-12-31,"{""source_name"": ""UDNData""}",,,,,https://udndata.com/ndapp/udntag/finance/Search?keyword=%E8%82%89%E7%87%A5%E9%A3%AF&from=19630101&to=19631231,manual restricted-archive search queue
MANUAL_000103,UDNData,肉燥飯,1964-01-01,1964-12-31,"{""source_name"": ""UDNData""}",,,,,https://udndata.com/ndapp/udntag/finance/Search?keyword=%E8%82%89%E7%87%A5%E9%A3%AF&from=19640101&to=19641231,manual restricted-archive search queue
MANUAL_000104,UDNData,肉燥飯,1965-01-01,1965-12-31,"{""source_name"": ""UDNData""}",,,,,https://udndata.com/ndapp/udntag/finance/Search?keyword=%E8%82%89%E7%87%A5%E9%A3%AF&from=19650101&to=19651231,manual restricted-archive search queue
MANUAL_000105,UDNData,肉燥飯,1966-01-01,1966-12-31,"{""source_name"": ""UDNData""}",,,,,https://udndata.com/ndapp/udntag/finance/Search?keyword=%E8%82%89%E7%87%A5%E9%A3%AF&from=19660101&to=19661231,manual restricted-archive search queue
MANUAL_000106,UDNData,肉燥飯,1967-01-01,1967-12-31,"{""source_name"": ""UDNData""}",,,,,https://udndata.com/ndapp/udntag/finance/Search?keyword=%E8%82%89%E7%87%A5%E9%A3%AF&from=19670101&to=19671231,manual restricted-archive search queue
MANUAL_000107,UDNData,肉燥飯,1968-01-01,1968-12-31,"{""source_name"": ""UDNData""}",,,,,https://udndata.com/ndapp/udntag/finance/Search?keyword=%E8%82%89%E7%87%A5%E9%A3%AF&from=19680101&to=19681231,manual restricted-archive search queue
MANUAL_000108,UDNData,肉燥飯,1969-01-01,1969-12-31,"{""source_name"": ""UDNData""}",,,,,https://udndata.com/ndapp/udntag/finance/Search?keyword=%E8%82%89%E7%87%A5%E9%A3%AF&from=19690101&to=19691231,manual restricted-archive search queue
MANUAL_000109,UDNData,肉燥飯,1970-01-01,1970-12-31,"{""source_name"": ""UDNData""}",,,,,https://udndata.com/ndapp/udntag/finance/Search?keyword=%E8%82%89%E7%87%A5%E9%A3%AF&from=19700101&to=19701231,manual restricted-archive search queue
MANUAL_000110,UDNData,肉燥飯,1971-01-01,1971-12-31,"{""source_name"": ""UDNData""}",,,,,https://udndata.com/ndapp/udntag/finance/Search?keyword=%E8%82%89%E7%87%A5%E9%A3%AF&from=19710101&to=19711231,manual restricted-archive search queue
MANUAL_000111,UDNData,肉燥飯,1972-01-01,1972-12-31,"{""source_name"": ""UDNData""}",,,,,https://udndata.com/ndapp/udntag/finance/Search?keyword=%E8%82%89%E7%87%A5%E9%A3%AF&from=19720101&to=19721231,manual restricted-archive search queue
MANUAL_000112,UDNData,肉燥飯,1973-01-01,1973-12-31,"{""source_name"": ""UDNData""}",,,,,https://udndata.com/ndapp/udntag/finance/Search?keyword=%E8%82%89%E7%87%A5%E9%A3%AF&from=19730101&to=19731231,manual restricted-archive search queue
MANUAL_000113,UDNData,肉燥飯,1974-01-01,1974-12-31,"{""source_name"": ""UDNData""}",,,,,https://udndata.com/ndapp/udntag/finance/Search?keyword=%E8%82%89%E7%87%A5%E9%A3%AF&from=19740101&to=19741231,manual restricted-archive search queue
MANUAL_000114,UDNData,肉燥飯,1975-01-01,1975-12-31,"{""source_name"": ""UDNData""}",,,,,https://udndata.com/ndapp/udntag/finance/Search?keyword=%E8%82%89%E7%87%A5%E9%A3%AF&from=19750101&to=19751231,manual restricted-archive search queue
MANUAL_000115,UDNData,肉燥飯,1976-01-01,1976-12-31,"{""source_name"": ""UDNData""}",,,,,https://udndata.com/ndapp/udntag/finance/Search?keyword=%E8%82%89%E7%87%A5%E9%A3%AF&from=19760101&to=19761231,manual restricted-archive search queue
MANUAL_000116,UDNData,肉燥飯,1977-01-01,1977-12-31,"{""source_name"": ""UDNData""}",,,,,https://udndata.com/ndapp/udntag/finance/Search?keyword=%E8%82%89%E7%87%A5%E9%A3%AF&from=19770101&to=19771231,manual restricted-archive search queue
MANUAL_000117,UDNData,肉燥飯,1978-01-01,1978-12-31,"{""source_name"": ""UDNData""}",,,,,https://udndata.com/ndapp/udntag/finance/Search?keyword=%E8%82%89%E7%87%A5%E9%A3%AF&from=19780101&to=19781231,manual restricted-archive search queue
MANUAL_000118,UDNData,肉燥飯,1979-01-01,1979-12-31,"{""source_name"": ""UDNData""}",,,,,https://udndata.com/ndapp/udntag/finance/Search?keyword=%E8%82%89%E7%87%A5%E9%A3%AF&from=19790101&to=19791231,manual restricted-archive search queue
MANUAL_000119,UDNData,肉燥飯,1980-01-01,1980-12-31,"{""source_name"": ""UDNData""}",,,,,https://udndata.com/ndapp/udntag/finance/Search?keyword=%E8%82%89%E7%87%A5%E9%A3%AF&from=19800101&to=19801231,manual restricted-archive search queue
MANUAL_000120,UDNData,肉燥飯,1981-01-01,1981-12-31,"{""source_name"": ""UDNData""}",,,,,https://udndata.com/ndapp/udntag/finance/Search?keyword=%E8%82%89%E7%87%A5%E9%A3%AF&from=19810101&to=19811231,manual restricted-archive search queue
MANUAL_000121,UDNData,肉燥飯,1982-01-01,1982-12-31,"{""source_name"": ""UDNData""}",,,,,https://udndata.com/ndapp/udntag/finance/Search?keyword=%E8%82%89%E7%87%A5%E9%A3%AF&from=19820101&to=19821231,manual restricted-archive search queue
MANUAL_000122,UDNData,肉燥飯,1983-01-01,1983-12-31,"{""source_name"": ""UDNData""}",,,,,https://udndata.com/ndapp/udntag/finance/Search?keyword=%E8%82%89%E7%87%A5%E9%A3%AF&from=19830101&to=19831231,manual restricted-archive search queue
MANUAL_000123,UDNData,肉燥飯,1984-01-01,1984-12-31,"{""source_name"": ""UDNData""}",,,,,https://udndata.com/ndapp/udntag/finance/Search?keyword=%E8%82%89%E7%87%A5%E9%A3%AF&from=19840101&to=19841231,manual restricted-archive search queue
MANUAL_000124,UDNData,肉燥飯,1985-01-01,1985-12-31,"{""source_name"": ""UDNData""}",,,,,https://udndata.com/ndapp/udntag/finance/Search?keyword=%E8%82%89%E7%87%A5%E9%A3%AF&from=19850101&to=19851231,manual restricted-archive search queue
MANUAL_000125,UDNData,肉燥飯,1986-01-01,1986-12-31,"{""source_name"": ""UDNData""}",,,,,https://udndata.com/ndapp/udntag/finance/Search?keyword=%E8%82%89%E7%87%A5%E9%A3%AF&from=19860101&to=19861231,manual restricted-archive search queue
MANUAL_000126,UDNData,肉燥飯,1987-01-01,1987-12-31,"{""source_name"": ""UDNData""}",,,,,https://udndata.com/ndapp/udntag/finance/Search?keyword=%E8%82%89%E7%87%A5%E9%A3%AF&from=19870101&to=19871231,manual restricted-archive search queue
MANUAL_000127,UDNData,肉臊飯,1946-01-01,1946-12-31,"{""source_name"": ""UDNData""}",,,,,https://udndata.com/ndapp/udntag/finance/Search?keyword=%E8%82%89%E8%87%8A%E9%A3%AF&from=19460101&to=19461231,manual restricted-archive search queue
MANUAL_000128,UDNData,肉臊飯,1947-01-01,1947-12-31,"{""source_name"": ""UDNData""}",,,,,https://udndata.com/ndapp/udntag/finance/Search?keyword=%E8%82%89%E8%87%8A%E9%A3%AF&from=19470101&to=19471231,manual restricted-archive search queue
MANUAL_000129,UDNData,肉臊飯,1948-01-01,1948-12-31,"{""source_name"": ""UDNData""}",,,,,https://udndata.com/ndapp/udntag/finance/Search?keyword=%E8%82%89%E8%87%8A%E9%A3%AF&from=19480101&to=19481231,manual restricted-archive search queue
MANUAL_000130,UDNData,肉臊飯,1949-01-01,1949-12-31,"{""source_name"": ""UDNData""}",,,,,https://udndata.com/ndapp/udntag/finance/Search?keyword=%E8%82%89%E8%87%8A%E9%A3%AF&from=19490101&to=19491231,manual restricted-archive search queue
MANUAL_000131,UDNData,肉臊飯,1950-01-01,1950-12-31,"{""source_name"": ""UDNData""}",,,,,https://udndata.com/ndapp/udntag/finance/Search?keyword=%E8%82%89%E8%87%8A%E9%A3%AF&from=19500101&to=19501231,manual restricted-archive search queue
MANUAL_000132,UDNData,肉臊飯,1951-01-01,1951-12-31,"{""source_name"": ""UDNData""}",,,,,https://udndata.com/ndapp/udntag/finance/Search?keyword=%E8%82%89%E8%87%8A%E9%A3%AF&from=19510101&to=19511231,manual restricted-archive search queue
MANUAL_000133,UDNData,肉臊飯,1952-01-01,1952-12-31,"{""source_name"": ""UDNData""}",,,,,https://udndata.com/ndapp/udntag/finance/Search?keyword=%E8%82%89%E8%87%8A%E9%A3%AF&from=19520101&to=19521231,manual restricted-archive search queue
MANUAL_000134,UDNData,肉臊飯,1953-01-01,1953-12-31,"{""source_name"": ""UDNData""}",,,,,https://udndata.com/ndapp/udntag/finance/Search?keyword=%E8%82%89%E8%87%8A%E9%A3%AF&from=19530101&to=19531231,manual restricted-archive search queue
MANUAL_000135,UDNData,肉臊飯,1954-01-01,1954-12-31,"{""source_name"": ""UDNData""}",,,,,https://udndata.com/ndapp/udntag/finance/Search?keyword=%E8%82%89%E8%87%8A%E9%A3%AF&from=19540101&to=19541231,manual restricted-archive search queue
MANUAL_000136,UDNData,肉臊飯,1955-01-01,1955-12-31,"{""source_name"": ""UDNData""}",,,,,https://udndata.com/ndapp/udntag/finance/Search?keyword=%E8%82%89%E8%87%8A%E9%A3%AF&from=19550101&to=19551231,manual restricted-archive search queue
MANUAL_000137,UDNData,肉臊飯,1956-01-01,1956-12-31,"{""source_name"": ""UDNData""}",,,,,https://udndata.com/ndapp/udntag/finance/Search?keyword=%E8%82%89%E8%87%8A%E9%A3%AF&from=19560101&to=19561231,manual restricted-archive search queue
MANUAL_000138,UDNData,肉臊飯,1957-01-01,1957-12-31,"{""source_name"": ""UDNData""}",,,,,https://udndata.com/ndapp/udntag/finance/Search?keyword=%E8%82%89%E8%87%8A%E9%A3%AF&from=19570101&to=19571231,manual restricted-archive search queue
MANUAL_000139,UDNData,肉臊飯,1958-01-01,1958-12-31,"{""source_name"": ""UDNData""}",,,,,https://udndata.com/ndapp/udntag/finance/Search?keyword=%E8%82%89%E8%87%8A%E9%A3%AF&from=19580101&to=19581231,manual restricted-archive search queue
MANUAL_000140,UDNData,肉臊飯,1959-01-01,1959-12-31,"{""source_name"": ""UDNData""}",,,,,https://udndata.com/ndapp/udntag/finance/Search?keyword=%E8%82%89%E8%87%8A%E9%A3%AF&from=19590101&to=19591231,manual restricted-archive search queue
MANUAL_000141,UDNData,肉臊飯,1960-01-01,1960-12-31,"{""source_name"": ""UDNData""}",,,,,https://udndata.com/ndapp/udntag/finance/Search?keyword=%E8%82%89%E8%87%8A%E9%A3%AF&from=19600101&to=19601231,manual restricted-archive search queue
MANUAL_000142,UDNData,肉臊飯,1961-01-01,1961-12-31,"{""source_name"": ""UDNData""}",,,,,https://udndata.com/ndapp/udntag/finance/Search?keyword=%E8%82%89%E8%87%8A%E9%A3%AF&from=19610101&to=19611231,manual restricted-archive search queue
MANUAL_000143,UDNData,肉臊飯,1962-01-01,1962-12-31,"{""source_name"": ""UDNData""}",,,,,https://udndata.com/ndapp/udntag/finance/Search?keyword=%E8%82%89%E8%87%8A%E9%A3%AF&from=19620101&to=19621231,manual restricted-archive search queue
MANUAL_000144,UDNData,肉臊飯,1963-01-01,1963-12-31,"{""source_name"": ""UDNData""}",,,,,https://udndata.com/ndapp/udntag/finance/Search?keyword=%E8%82%89%E8%87%8A%E9%A3%AF&from=19630101&to=19631231,manual restricted-archive search queue
MANUAL_000145,UDNData,肉臊飯,1964-01-01,1964-12-31,"{""source_name"": ""UDNData""}",,,,,https://udndata.com/ndapp/udntag/finance/Search?keyword=%E8%82%89%E8%87%8A%E9%A3%AF&from=19640101&to=19641231,manual restricted-archive search queue
MANUAL_000146,UDNData,肉臊飯,1965-01-01,1965-12-31,"{""source_name"": ""UDNData""}",,,,,https://udndata.com/ndapp/udntag/finance/Search?keyword=%E8%82%89%E8%87%8A%E9%A3%AF&from=19650101&to=19651231,manual restricted-archive search queue
MANUAL_000147,UDNData,肉臊飯,1966-01-01,1966-12-31,"{""source_name"": ""UDNData""}",,,,,https://udndata.com/ndapp/udntag/finance/Search?keyword=%E8%82%89%E8%87%8A%E9%A3%AF&from=19660101&to=19661231,manual restricted-archive search queue
MANUAL_000148,UDNData,肉臊飯,1967-01-01,1967-12-31,"{""source_name"": ""UDNData""}",,,,,https://udndata.com/ndapp/udntag/finance/Search?keyword=%E8%82%89%E8%87%8A%E9%A3%AF&from=19670101&to=19671231,manual restricted-archive search queue
MANUAL_000149,UDNData,肉臊飯,1968-01-01,1968-12-31,"{""source_name"": ""UDNData""}",,,,,https://udndata.com/ndapp/udntag/finance/Search?keyword=%E8%82%89%E8%87%8A%E9%A3%AF&from=19680101&to=19681231,manual restricted-archive search queue
MANUAL_000150,UDNData,肉臊飯,1969-01-01,1969-12-31,"{""source_name"": ""UDNData""}",,,,,https://udndata.com/ndapp/udntag/finance/Search?keyword=%E8%82%89%E8%87%8A%E9%A3%AF&from=19690101&to=19691231,manual restricted-archive search queue
MANUAL_000151,UDNData,肉臊飯,1970-01-01,1970-12-31,"{""source_name"": ""UDNData""}",,,,,https://udndata.com/ndapp/udntag/finance/Search?keyword=%E8%82%89%E8%87%8A%E9%A3%AF&from=19700101&to=19701231,manual restricted-archive search queue
MANUAL_000152,UDNData,肉臊飯,1971-01-01,1971-12-31,"{""source_name"": ""UDNData""}",,,,,https://udndata.com/ndapp/udntag/finance/Search?keyword=%E8%82%89%E8%87%8A%E9%A3%AF&from=19710101&to=19711231,manual restricted-archive search queue
MANUAL_000153,UDNData,肉臊飯,1972-01-01,1972-12-31,"{""source_name"": ""UDNData""}",,,,,https://udndata.com/ndapp/udntag/finance/Search?keyword=%E8%82%89%E8%87%8A%E9%A3%AF&from=19720101&to=19721231,manual restricted-archive search queue
MANUAL_000154,UDNData,肉臊飯,1973-01-01,1973-12-31,"{""source_name"": ""UDNData""}",,,,,https://udndata.com/ndapp/udntag/finance/Search?keyword=%E8%82%89%E8%87%8A%E9%A3%AF&from=19730101&to=19731231,manual restricted-archive search queue
MANUAL_000155,UDNData,肉臊飯,1974-01-01,1974-12-31,"{""source_name"": ""UDNData""}",,,,,https://udndata.com/ndapp/udntag/finance/Search?keyword=%E8%82%89%E8%87%8A%E9%A3%AF&from=19740101&to=19741231,manual restricted-archive search queue
MANUAL_000156,UDNData,肉臊飯,1975-01-01,1975-12-31,"{""source_name"": ""UDNData""}",,,,,https://udndata.com/ndapp/udntag/finance/Search?keyword=%E8%82%89%E8%87%8A%E9%A3%AF&from=19750101&to=19751231,manual restricted-archive search queue
MANUAL_000157,UDNData,肉臊飯,1976-01-01,1976-12-31,"{""source_name"": ""UDNData""}",,,,,https://udndata.com/ndapp/udntag/finance/Search?keyword=%E8%82%89%E8%87%8A%E9%A3%AF&from=19760101&to=19761231,manual restricted-archive search queue
MANUAL_000158,UDNData,肉臊飯,1977-01-01,1977-12-31,"{""source_name"": ""UDNData""}",,,,,https://udndata.com/ndapp/udntag/finance/Search?keyword=%E8%82%89%E8%87%8A%E9%A3%AF&from=19770101&to=19771231,manual restricted-archive search queue
MANUAL_000159,UDNData,肉臊飯,1978-01-01,1978-12-31,"{""source_name"": ""UDNData""}",,,,,https://udndata.com/ndapp/udntag/finance/Search?keyword=%E8%82%89%E8%87%8A%E9%A3%AF&from=19780101&to=19781231,manual restricted-archive search queue
MANUAL_000160,UDNData,肉臊飯,1979-01-01,1979-12-31,"{""source_name"": ""UDNData""}",,,,,https://udndata.com/ndapp/udntag/finance/Search?keyword=%E8%82%89%E8%87%8A%E9%A3%AF&from=19790101&to=19791231,manual restricted-archive search queue
MANUAL_000161,UDNData,肉臊飯,1980-01-01,1980-12-31,"{""source_name"": ""UDNData""}",,,,,https://udndata.com/ndapp/udntag/finance/Search?keyword=%E8%82%89%E8%87%8A%E9%A3%AF&from=19800101&to=19801231,manual restricted-archive search queue
MANUAL_000162,UDNData,肉臊飯,1981-01-01,1981-12-31,"{""source_name"": ""UDNData""}",,,,,https://udndata.com/ndapp/udntag/finance/Search?keyword=%E8%82%89%E8%87%8A%E9%A3%AF&from=19810101&to=19811231,manual restricted-archive search queue
MANUAL_000163,UDNData,肉臊飯,1982-01-01,1982-12-31,"{""source_name"": ""UDNData""}",,,,,https://udndata.com/ndapp/udntag/finance/Search?keyword=%E8%82%89%E8%87%8A%E9%A3%AF&from=19820101&to=19821231,manual restricted-archive search queue
MANUAL_000164,UDNData,肉臊飯,1983-01-01,1983-12-31,"{""source_name"": ""UDNData""}",,,,,https://udndata.com/ndapp/udntag/finance/Search?keyword=%E8%82%89%E8%87%8A%E9%A3%AF&from=19830101&to=19831231,manual restricted-archive search queue
MANUAL_000165,UDNData,肉臊飯,1984-01-01,1984-12-31,"{""source_name"": ""UDNData""}",,,,,https://udndata.com/ndapp/udntag/finance/Search?keyword=%E8%82%89%E8%87%8A%E9%A3%AF&from=19840101&to=19841231,manual restricted-archive search queue
MANUAL_000166,UDNData,肉臊飯,1985-01-01,1985-12-31,"{""source_name"": ""UDNData""}",,,,,https://udndata.com/ndapp/udntag/finance/Search?keyword=%E8%82%89%E8%87%8A%E9%A3%AF&from=19850101&to=19851231,manual restricted-archive search queue
MANUAL_000167,UDNData,肉臊飯,1986-01-01,1986-12-31,"{""source_name"": ""UDNData""}",,,,,https://udndata.com/ndapp/udntag/finance/Search?keyword=%E8%82%89%E8%87%8A%E9%A3%AF&from=19860101&to=19861231,manual restricted-archive search queue
MANUAL_000168,UDNData,肉臊飯,1987-01-01,1987-12-31,"{""source_name"": ""UDNData""}",,,,,https://udndata.com/ndapp/udntag/finance/Search?keyword=%E8%82%89%E8%87%8A%E9%A3%AF&from=19870101&to=19871231,manual restricted-archive search queue
MANUAL_000169,UDNData,台菜,1946-01-01,1946-12-31,"{""source_name"": ""UDNData""}",,,,,https://udndata.com/ndapp/udntag/finance/Search?keyword=%E5%8F%B0%E8%8F%9C&from=19460101&to=19461231,manual restricted-archive search queue
MANUAL_000170,UDNData,台菜,1947-01-01,1947-12-31,"{""source_name"": ""UDNData""}",,,,,https://udndata.com/ndapp/udntag/finance/Search?keyword=%E5%8F%B0%E8%8F%9C&from=19470101&to=19471231,manual restricted-archive search queue
MANUAL_000171,UDNData,台菜,1948-01-01,1948-12-31,"{""source_name"": ""UDNData""}",,,,,https://udndata.com/ndapp/udntag/finance/Search?keyword=%E5%8F%B0%E8%8F%9C&from=19480101&to=19481231,manual restricted-archive search queue
MANUAL_000172,UDNData,台菜,1949-01-01,1949-12-31,"{""source_name"": ""UDNData""}",,,,,https://udndata.com/ndapp/udntag/finance/Search?keyword=%E5%8F%B0%E8%8F%9C&from=19490101&to=19491231,manual restricted-archive search queue
MANUAL_000173,UDNData,台菜,1950-01-01,1950-12-31,"{""source_name"": ""UDNData""}",,,,,https://udndata.com/ndapp/udntag/finance/Search?keyword=%E5%8F%B0%E8%8F%9C&from=19500101&to=19501231,manual restricted-archive search queue
MANUAL_000174,UDNData,台菜,1951-01-01,1951-12-31,"{""source_name"": ""UDNData""}",,,,,https://udndata.com/ndapp/udntag/finance/Search?keyword=%E5%8F%B0%E8%8F%9C&from=19510101&to=19511231,manual restricted-archive search queue
MANUAL_000175,UDNData,台菜,1952-01-01,1952-12-31,"{""source_name"": ""UDNData""}",,,,,https://udndata.com/ndapp/udntag/finance/Search?keyword=%E5%8F%B0%E8%8F%9C&from=19520101&to=19521231,manual restricted-archive search queue
MANUAL_000176,UDNData,台菜,1953-01-01,1953-12-31,"{""source_name"": ""UDNData""}",,,,,https://udndata.com/ndapp/udntag/finance/Search?keyword=%E5%8F%B0%E8%8F%9C&from=19530101&to=19531231,manual restricted-archive search queue
MANUAL_000177,UDNData,台菜,1954-01-01,1954-12-31,"{""source_name"": ""UDNData""}",,,,,https://udndata.com/ndapp/udntag/finance/Search?keyword=%E5%8F%B0%E8%8F%9C&from=19540101&to=19541231,manual restricted-archive search queue
MANUAL_000178,UDNData,台菜,1955-01-01,1955-12-31,"{""source_name"": ""UDNData""}",,,,,https://udndata.com/ndapp/udntag/finance/Search?keyword=%E5%8F%B0%E8%8F%9C&from=19550101&to=19551231,manual restricted-archive search queue
MANUAL_000179,UDNData,台菜,1956-01-01,1956-12-31,"{""source_name"": ""UDNData""}",,,,,https://udndata.com/ndapp/udntag/finance/Search?keyword=%E5%8F%B0%E8%8F%9C&from=19560101&to=19561231,manual restricted-archive search queue
MANUAL_000180,UDNData,台菜,1957-01-01,1957-12-31,"{""source_name"": ""UDNData""}",,,,,https://udndata.com/ndapp/udntag/finance/Search?keyword=%E5%8F%B0%E8%8F%9C&from=19570101&to=19571231,manual restricted-archive search queue
MANUAL_000181,UDNData,台菜,1958-01-01,1958-12-31,"{""source_name"": ""UDNData""}",,,,,https://udndata.com/ndapp/udntag/finance/Search?keyword=%E5%8F%B0%E8%8F%9C&from=19580101&to=19581231,manual restricted-archive search queue
MANUAL_000182,UDNData,台菜,1959-01-01,1959-12-31,"{""source_name"": ""UDNData""}",,,,,https://udndata.com/ndapp/udntag/finance/Search?keyword=%E5%8F%B0%E8%8F%9C&from=19590101&to=19591231,manual restricted-archive search queue
MANUAL_000183,UDNData,台菜,1960-01-01,1960-12-31,"{""source_name"": ""UDNData""}",,,,,https://udndata.com/ndapp/udntag/finance/Search?keyword=%E5%8F%B0%E8%8F%9C&from=19600101&to=19601231,manual restricted-archive search queue
MANUAL_000184,UDNData,台菜,1961-01-01,1961-12-31,"{""source_name"": ""UDNData""}",,,,,https://udndata.com/ndapp/udntag/finance/Search?keyword=%E5%8F%B0%E8%8F%9C&from=19610101&to=19611231,manual restricted-archive search queue
MANUAL_000185,UDNData,台菜,1962-01-01,1962-12-31,"{""source_name"": ""UDNData""}",,,,,https://udndata.com/ndapp/udntag/finance/Search?keyword=%E5%8F%B0%E8%8F%9C&from=19620101&to=19621231,manual restricted-archive search queue
MANUAL_000186,UDNData,台菜,1963-01-01,1963-12-31,"{""source_name"": ""UDNData""}",,,,,https://udndata.com/ndapp/udntag/finance/Search?keyword=%E5%8F%B0%E8%8F%9C&from=19630101&to=19631231,manual restricted-archive search queue
MANUAL_000187,UDNData,台菜,1964-01-01,1964-12-31,"{""source_name"": ""UDNData""}",,,,,https://udndata.com/ndapp/udntag/finance/Search?keyword=%E5%8F%B0%E8%8F%9C&from=19640101&to=19641231,manual restricted-archive search queue
MANUAL_000188,UDNData,台菜,1965-01-01,1965-12-31,"{""source_name"": ""UDNData""}",,,,,https://udndata.com/ndapp/udntag/finance/Search?keyword=%E5%8F%B0%E8%8F%9C&from=19650101&to=19651231,manual restricted-archive search queue
MANUAL_000189,UDNData,台菜,1966-01-01,1966-12-31,"{""source_name"": ""UDNData""}",,,,,https://udndata.com/ndapp/udntag/finance/Search?keyword=%E5%8F%B0%E8%8F%9C&from=19660101&to=19661231,manual restricted-archive search queue
MANUAL_000190,UDNData,台菜,1967-01-01,1967-12-31,"{""source_name"": ""UDNData""}",,,,,https://udndata.com/ndapp/udntag/finance/Search?keyword=%E5%8F%B0%E8%8F%9C&from=19670101&to=19671231,manual restricted-archive search queue
MANUAL_000191,UDNData,台菜,1968-01-01,1968-12-31,"{""source_name"": ""UDNData""}",,,,,https://udndata.com/ndapp/udntag/finance/Search?keyword=%E5%8F%B0%E8%8F%9C&from=19680101&to=19681231,manual restricted-archive search queue
MANUAL_000192,UDNData,台菜,1969-01-01,1969-12-31,"{""source_name"": ""UDNData""}",,,,,https://udndata.com/ndapp/udntag/finance/Search?keyword=%E5%8F%B0%E8%8F%9C&from=19690101&to=19691231,manual restricted-archive search queue
MANUAL_000193,UDNData,台菜,1970-01-01,1970-12-31,"{""source_name"": ""UDNData""}",,,,,https://udndata.com/ndapp/udntag/finance/Search?keyword=%E5%8F%B0%E8%8F%9C&from=19700101&to=19701231,manual restricted-archive search queue
MANUAL_000194,UDNData,台菜,1971-01-01,1971-12-31,"{""source_name"": ""UDNData""}",,,,,https://udndata.com/ndapp/udntag/finance/Search?keyword=%E5%8F%B0%E8%8F%9C&from=19710101&to=19711231,manual restricted-archive search queue
MANUAL_000195,UDNData,台菜,1972-01-01,1972-12-31,"{""source_name"": ""UDNData""}",,,,,https://udndata.com/ndapp/udntag/finance/Search?keyword=%E5%8F%B0%E8%8F%9C&from=19720101&to=19721231,manual restricted-archive search queue
MANUAL_000196,UDNData,台菜,1973-01-01,1973-12-31,"{""source_name"": ""UDNData""}",,,,,https://udndata.com/ndapp/udntag/finance/Search?keyword=%E5%8F%B0%E8%8F%9C&from=19730101&to=19731231,manual restricted-archive search queue
MANUAL_000197,UDNData,台菜,1974-01-01,1974-12-31,"{""source_name"": ""UDNData""}",,,,,https://udndata.com/ndapp/udntag/finance/Search?keyword=%E5%8F%B0%E8%8F%9C&from=19740101&to=19741231,manual restricted-archive search queue
MANUAL_000198,UDNData,台菜,1975-01-01,1975-12-31,"{""source_name"": ""UDNData""}",,,,,https://udndata.com/ndapp/udntag/finance/Search?keyword=%E5%8F%B0%E8%8F%9C&from=19750101&to=19751231,manual restricted-archive search queue
MANUAL_000199,UDNData,台菜,1976-01-01,1976-12-31,"{""source_name"": ""UDNData""}",,,,,https://udndata.com/ndapp/udntag/finance/Search?keyword=%E5%8F%B0%E8%8F%9C&from=19760101&to=19761231,manual restricted-archive search queue
MANUAL_000200,UDNData,台菜,1977-01-01,1977-12-31,"{""source_name"": ""UDNData""}",,,,,https://udndata.com/ndapp/udntag/finance/Search?keyword=%E5%8F%B0%E8%8F%9C&from=19770101&to=19771231,manual restricted-archive search queue
MANUAL_000201,UDNData,台菜,1978-01-01,1978-12-31,"{""source_name"": ""UDNData""}",,,,,https://udndata.com/ndapp/udntag/finance/Search?keyword=%E5%8F%B0%E8%8F%9C&from=19780101&to=19781231,manual restricted-archive search queue
MANUAL_000202,UDNData,台菜,1979-01-01,1979-12-31,"{""source_name"": ""UDNData""}",,,,,https://udndata.com/ndapp/udntag/finance/Search?keyword=%E5%8F%B0%E8%8F%9C&from=19790101&to=19791231,manual restricted-archive search queue
MANUAL_000203,UDNData,台菜,1980-01-01,1980-12-31,"{""source_name"": ""UDNData""}",,,,,https://udndata.com/ndapp/udntag/finance/Search?keyword=%E5%8F%B0%E8%8F%9C&from=19800101&to=19801231,manual restricted-archive search queue
MANUAL_000204,UDNData,台菜,1981-01-01,1981-12-31,"{""source_name"": ""UDNData""}",,,,,https://udndata.com/ndapp/udntag/finance/Search?keyword=%E5%8F%B0%E8%8F%9C&from=19810101&to=19811231,manual restricted-archive search queue
MANUAL_000205,UDNData,台菜,1982-01-01,1982-12-31,"{""source_name"": ""UDNData""}",,,,,https://udndata.com/ndapp/udntag/finance/Search?keyword=%E5%8F%B0%E8%8F%9C&from=19820101&to=19821231,manual restricted-archive search queue
MANUAL_000206,UDNData,台菜,1983-01-01,1983-12-31,"{""source_name"": ""UDNData""}",,,,,https://udndata.com/ndapp/udntag/finance/Search?keyword=%E5%8F%B0%E8%8F%9C&from=19830101&to=19831231,manual restricted-archive search queue
MANUAL_000207,UDNData,台菜,1984-01-01,1984-12-31,"{""source_name"": ""UDNData""}",,,,,https://udndata.com/ndapp/udntag/finance/Search?keyword=%E5%8F%B0%E8%8F%9C&from=19840101&to=19841231,manual restricted-archive search queue
MANUAL_000208,UDNData,台菜,1985-01-01,1985-12-31,"{""source_name"": ""UDNData""}",,,,,https://udndata.com/ndapp/udntag/finance/Search?keyword=%E5%8F%B0%E8%8F%9C&from=19850101&to=19851231,manual restricted-archive search queue
MANUAL_000209,UDNData,台菜,1986-01-01,1986-12-31,"{""source_name"": ""UDNData""}",,,,,https://udndata.com/ndapp/udntag/finance/Search?keyword=%E5%8F%B0%E8%8F%9C&from=19860101&to=19861231,manual restricted-archive search queue
MANUAL_000210,UDNData,台菜,1987-01-01,1987-12-31,"{""source_name"": ""UDNData""}",,,,,https://udndata.com/ndapp/udntag/finance/Search?keyword=%E5%8F%B0%E8%8F%9C&from=19870101&to=19871231,manual restricted-archive search queue
MANUAL_000211,UDNData,臺菜,1946-01-01,1946-12-31,"{""source_name"": ""UDNData""}",,,,,https://udndata.com/ndapp/udntag/finance/Search?keyword=%E8%87%BA%E8%8F%9C&from=19460101&to=19461231,manual restricted-archive search queue
MANUAL_000212,UDNData,臺菜,1947-01-01,1947-12-31,"{""source_name"": ""UDNData""}",,,,,https://udndata.com/ndapp/udntag/finance/Search?keyword=%E8%87%BA%E8%8F%9C&from=19470101&to=19471231,manual restricted-archive search queue
MANUAL_000213,UDNData,臺菜,1948-01-01,1948-12-31,"{""source_name"": ""UDNData""}",,,,,https://udndata.com/ndapp/udntag/finance/Search?keyword=%E8%87%BA%E8%8F%9C&from=19480101&to=19481231,manual restricted-archive search queue
MANUAL_000214,UDNData,臺菜,1949-01-01,1949-12-31,"{""source_name"": ""UDNData""}",,,,,https://udndata.com/ndapp/udntag/finance/Search?keyword=%E8%87%BA%E8%8F%9C&from=19490101&to=19491231,manual restricted-archive search queue
MANUAL_000215,UDNData,臺菜,1950-01-01,1950-12-31,"{""source_name"": ""UDNData""}",,,,,https://udndata.com/ndapp/udntag/finance/Search?keyword=%E8%87%BA%E8%8F%9C&from=19500101&to=19501231,manual restricted-archive search queue
MANUAL_000216,UDNData,臺菜,1951-01-01,1951-12-31,"{""source_name"": ""UDNData""}",,,,,https://udndata.com/ndapp/udntag/finance/Search?keyword=%E8%87%BA%E8%8F%9C&from=19510101&to=19511231,manual restricted-archive search queue
MANUAL_000217,UDNData,臺菜,1952-01-01,1952-12-31,"{""source_name"": ""UDNData""}",,,,,https://udndata.com/ndapp/udntag/finance/Search?keyword=%E8%87%BA%E8%8F%9C&from=19520101&to=19521231,manual restricted-archive search queue
MANUAL_000218,UDNData,臺菜,1953-01-01,1953-12-31,"{""source_name"": ""UDNData""}",,,,,https://udndata.com/ndapp/udntag/finance/Search?keyword=%E8%87%BA%E8%8F%9C&from=19530101&to=19531231,manual restricted-archive search queue
MANUAL_000219,UDNData,臺菜,1954-01-01,1954-12-31,"{""source_name"": ""UDNData""}",,,,,https://udndata.com/ndapp/udntag/finance/Search?keyword=%E8%87%BA%E8%8F%9C&from=19540101&to=19541231,manual restricted-archive search queue
MANUAL_000220,UDNData,臺菜,1955-01-01,1955-12-31,"{""source_name"": ""UDNData""}",,,,,https://udndata.com/ndapp/udntag/finance/Search?keyword=%E8%87%BA%E8%8F%9C&from=19550101&to=19551231,manual restricted-archive search queue
MANUAL_000221,UDNData,臺菜,1956-01-01,1956-12-31,"{""source_name"": ""UDNData""}",,,,,https://udndata.com/ndapp/udntag/finance/Search?keyword=%E8%87%BA%E8%8F%9C&from=19560101&to=19561231,manual restricted-archive search queue
MANUAL_000222,UDNData,臺菜,1957-01-01,1957-12-31,"{""source_name"": ""UDNData""}",,,,,https://udndata.com/ndapp/udntag/finance/Search?keyword=%E8%87%BA%E8%8F%9C&from=19570101&to=19571231,manual restricted-archive search queue
MANUAL_000223,UDNData,臺菜,1958-01-01,1958-12-31,"{""source_name"": ""UDNData""}",,,,,https://udndata.com/ndapp/udntag/finance/Search?keyword=%E8%87%BA%E8%8F%9C&from=19580101&to=19581231,manual restricted-archive search queue
MANUAL_000224,UDNData,臺菜,1959-01-01,1959-12-31,"{""source_name"": ""UDNData""}",,,,,https://udndata.com/ndapp/udntag/finance/Search?keyword=%E8%87%BA%E8%8F%9C&from=19590101&to=19591231,manual restricted-archive search queue
MANUAL_000225,UDNData,臺菜,1960-01-01,1960-12-31,"{""source_name"": ""UDNData""}",,,,,https://udndata.com/ndapp/udntag/finance/Search?keyword=%E8%87%BA%E8%8F%9C&from=19600101&to=19601231,manual restricted-archive search queue
MANUAL_000226,UDNData,臺菜,1961-01-01,1961-12-31,"{""source_name"": ""UDNData""}",,,,,https://udndata.com/ndapp/udntag/finance/Search?keyword=%E8%87%BA%E8%8F%9C&from=19610101&to=19611231,manual restricted-archive search queue
MANUAL_000227,UDNData,臺菜,1962-01-01,1962-12-31,"{""source_name"": ""UDNData""}",,,,,https://udndata.com/ndapp/udntag/finance/Search?keyword=%E8%87%BA%E8%8F%9C&from=19620101&to=19621231,manual restricted-archive search queue
MANUAL_000228,UDNData,臺菜,1963-01-01,1963-12-31,"{""source_name"": ""UDNData""}",,,,,https://udndata.com/ndapp/udntag/finance/Search?keyword=%E8%87%BA%E8%8F%9C&from=19630101&to=19631231,manual restricted-archive search queue
MANUAL_000229,UDNData,臺菜,1964-01-01,1964-12-31,"{""source_name"": ""UDNData""}",,,,,https://udndata.com/ndapp/udntag/finance/Search?keyword=%E8%87%BA%E8%8F%9C&from=19640101&to=19641231,manual restricted-archive search queue
MANUAL_000230,UDNData,臺菜,1965-01-01,1965-12-31,"{""source_name"": ""UDNData""}",,,,,https://udndata.com/ndapp/udntag/finance/Search?keyword=%E8%87%BA%E8%8F%9C&from=19650101&to=19651231,manual restricted-archive search queue
MANUAL_000231,UDNData,臺菜,1966-01-01,1966-12-31,"{""source_name"": ""UDNData""}",,,,,https://udndata.com/ndapp/udntag/finance/Search?keyword=%E8%87%BA%E8%8F%9C&from=19660101&to=19661231,manual restricted-archive search queue
MANUAL_000232,UDNData,臺菜,1967-01-01,1967-12-31,"{""source_name"": ""UDNData""}",,,,,https://udndata.com/ndapp/udntag/finance/Search?keyword=%E8%87%BA%E8%8F%9C&from=19670101&to=19671231,manual restricted-archive search queue
MANUAL_000233,UDNData,臺菜,1968-01-01,1968-12-31,"{""source_name"": ""UDNData""}",,,,,https://udndata.com/ndapp/udntag/finance/Search?keyword=%E8%87%BA%E8%8F%9C&from=19680101&to=19681231,manual restricted-archive search queue
MANUAL_000234,UDNData,臺菜,1969-01-01,1969-12-31,"{""source_name"": ""UDNData""}",,,,,https://udndata.com/ndapp/udntag/finance/Search?keyword=%E8%87%BA%E8%8F%9C&from=19690101&to=19691231,manual restricted-archive search queue
MANUAL_000235,UDNData,臺菜,1970-01-01,1970-12-31,"{""source_name"": ""UDNData""}",,,,,https://udndata.com/ndapp/udntag/finance/Search?keyword=%E8%87%BA%E8%8F%9C&from=19700101&to=19701231,manual restricted-archive search queue
MANUAL_000236,UDNData,臺菜,1971-01-01,1971-12-31,"{""source_name"": ""UDNData""}",,,,,https://udndata.com/ndapp/udntag/finance/Search?keyword=%E8%87%BA%E8%8F%9C&from=19710101&to=19711231,manual restricted-archive search queue
MANUAL_000237,UDNData,臺菜,1972-01-01,1972-12-31,"{""source_name"": ""UDNData""}",,,,,https://udndata.com/ndapp/udntag/finance/Search?keyword=%E8%87%BA%E8%8F%9C&from=19720101&to=19721231,manual restricted-archive search queue
MANUAL_000238,UDNData,臺菜,1973-01-01,1973-12-31,"{""source_name"": ""UDNData""}",,,,,https://udndata.com/ndapp/udntag/finance/Search?keyword=%E8%87%BA%E8%8F%9C&from=19730101&to=19731231,manual restricted-archive search queue
MANUAL_000239,UDNData,臺菜,1974-01-01,1974-12-31,"{""source_name"": ""UDNData""}",,,,,https://udndata.com/ndapp/udntag/finance/Search?keyword=%E8%87%BA%E8%8F%9C&from=19740101&to=19741231,manual restricted-archive search queue
MANUAL_000240,UDNData,臺菜,1975-01-01,1975-12-31,"{""source_name"": ""UDNData""}",,,,,https://udndata.com/ndapp/udntag/finance/Search?keyword=%E8%87%BA%E8%8F%9C&from=19750101&to=19751231,manual restricted-archive search queue
MANUAL_000241,UDNData,臺菜,1976-01-01,1976-12-31,"{""source_name"": ""UDNData""}",,,,,https://udndata.com/ndapp/udntag/finance/Search?keyword=%E8%87%BA%E8%8F%9C&from=19760101&to=19761231,manual restricted-archive search queue
MANUAL_000242,UDNData,臺菜,1977-01-01,1977-12-31,"{""source_name"": ""UDNData""}",,,,,https://udndata.com/ndapp/udntag/finance/Search?keyword=%E8%87%BA%E8%8F%9C&from=19770101&to=19771231,manual restricted-archive search queue
MANUAL_000243,UDNData,臺菜,1978-01-01,1978-12-31,"{""source_name"": ""UDNData""}",,,,,https://udndata.com/ndapp/udntag/finance/Search?keyword=%E8%87%BA%E8%8F%9C&from=19780101&to=19781231,manual restricted-archive search queue
MANUAL_000244,UDNData,臺菜,1979-01-01,1979-12-31,"{""source_name"": ""UDNData""}",,,,,https://udndata.com/ndapp/udntag/finance/Search?keyword=%E8%87%BA%E8%8F%9C&from=19790101&to=19791231,manual restricted-archive search queue
MANUAL_000245,UDNData,臺菜,1980-01-01,1980-12-31,"{""source_name"": ""UDNData""}",,,,,https://udndata.com/ndapp/udntag/finance/Search?keyword=%E8%87%BA%E8%8F%9C&from=19800101&to=19801231,manual restricted-archive search queue
MANUAL_000246,UDNData,臺菜,1981-01-01,1981-12-31,"{""source_name"": ""UDNData""}",,,,,https://udndata.com/ndapp/udntag/finance/Search?keyword=%E8%87%BA%E8%8F%9C&from=19810101&to=19811231,manual restricted-archive search queue
MANUAL_000247,UDNData,臺菜,1982-01-01,1982-12-31,"{""source_name"": ""UDNData""}",,,,,https://udndata.com/ndapp/udntag/finance/Search?keyword=%E8%87%BA%E8%8F%9C&from=19820101&to=19821231,manual restricted-archive search queue
MANUAL_000248,UDNData,臺菜,1983-01-01,1983-12-31,"{""source_name"": ""UDNData""}",,,,,https://udndata.com/ndapp/udntag/finance/Search?keyword=%E8%87%BA%E8%8F%9C&from=19830101&to=19831231,manual restricted-archive search queue
MANUAL_000249,UDNData,臺菜,1984-01-01,1984-12-31,"{""source_name"": ""UDNData""}",,,,,https://udndata.com/ndapp/udntag/finance/Search?keyword=%E8%87%BA%E8%8F%9C&from=19840101&to=19841231,manual restricted-archive search queue
MANUAL_000250,UDNData,臺菜,1985-01-01,1985-12-31,"{""source_name"": ""UDNData""}",,,,,https://udndata.com/ndapp/udntag/finance/Search?keyword=%E8%87%BA%E8%8F%9C&from=19850101&to=19851231,manual restricted-archive search queue
MANUAL_000251,UDNData,臺菜,1986-01-01,1986-12-31,"{""source_name"": ""UDNData""}",,,,,https://udndata.com/ndapp/udntag/finance/Search?keyword=%E8%87%BA%E8%8F%9C&from=19860101&to=19861231,manual restricted-archive search queue
MANUAL_000252,UDNData,臺菜,1987-01-01,1987-12-31,"{""source_name"": ""UDNData""}",,,,,https://udndata.com/ndapp/udntag/finance/Search?keyword=%E8%87%BA%E8%8F%9C&from=19870101&to=19871231,manual restricted-archive search queue
MANUAL_000253,UDNData,小吃,1946-01-01,1946-12-31,"{""source_name"": ""UDNData""}",,,,,https://udndata.com/ndapp/udntag/finance/Search?keyword=%E5%B0%8F%E5%90%83&from=19460101&to=19461231,manual restricted-archive search queue
MANUAL_000254,UDNData,小吃,1947-01-01,1947-12-31,"{""source_name"": ""UDNData""}",,,,,https://udndata.com/ndapp/udntag/finance/Search?keyword=%E5%B0%8F%E5%90%83&from=19470101&to=19471231,manual restricted-archive search queue
MANUAL_000255,UDNData,小吃,1948-01-01,1948-12-31,"{""source_name"": ""UDNData""}",,,,,https://udndata.com/ndapp/udntag/finance/Search?keyword=%E5%B0%8F%E5%90%83&from=19480101&to=19481231,manual restricted-archive search queue
MANUAL_000256,UDNData,小吃,1949-01-01,1949-12-31,"{""source_name"": ""UDNData""}",,,,,https://udndata.com/ndapp/udntag/finance/Search?keyword=%E5%B0%8F%E5%90%83&from=19490101&to=19491231,manual restricted-archive search queue
MANUAL_000257,UDNData,小吃,1950-01-01,1950-12-31,"{""source_name"": ""UDNData""}",,,,,https://udndata.com/ndapp/udntag/finance/Search?keyword=%E5%B0%8F%E5%90%83&from=19500101&to=19501231,manual restricted-archive search queue
MANUAL_000258,UDNData,小吃,1951-01-01,1951-12-31,"{""source_name"": ""UDNData""}",,,,,https://udndata.com/ndapp/udntag/finance/Search?keyword=%E5%B0%8F%E5%90%83&from=19510101&to=19511231,manual restricted-archive search queue
MANUAL_000259,UDNData,小吃,1952-01-01,1952-12-31,"{""source_name"": ""UDNData""}",,,,,https://udndata.com/ndapp/udntag/finance/Search?keyword=%E5%B0%8F%E5%90%83&from=19520101&to=19521231,manual restricted-archive search queue
MANUAL_000260,UDNData,小吃,1953-01-01,1953-12-31,"{""source_name"": ""UDNData""}",,,,,https://udndata.com/ndapp/udntag/finance/Search?keyword=%E5%B0%8F%E5%90%83&from=19530101&to=19531231,manual restricted-archive search queue
MANUAL_000261,UDNData,小吃,1954-01-01,1954-12-31,"{""source_name"": ""UDNData""}",,,,,https://udndata.com/ndapp/udntag/finance/Search?keyword=%E5%B0%8F%E5%90%83&from=19540101&to=19541231,manual restricted-archive search queue
MANUAL_000262,UDNData,小吃,1955-01-01,1955-12-31,"{""source_name"": ""UDNData""}",,,,,https://udndata.com/ndapp/udntag/finance/Search?keyword=%E5%B0%8F%E5%90%83&from=19550101&to=19551231,manual restricted-archive search queue
MANUAL_000263,UDNData,小吃,1956-01-01,1956-12-31,"{""source_name"": ""UDNData""}",,,,,https://udndata.com/ndapp/udntag/finance/Search?keyword=%E5%B0%8F%E5%90%83&from=19560101&to=19561231,manual restricted-archive search queue
MANUAL_000264,UDNData,小吃,1957-01-01,1957-12-31,"{""source_name"": ""UDNData""}",,,,,https://udndata.com/ndapp/udntag/finance/Search?keyword=%E5%B0%8F%E5%90%83&from=19570101&to=19571231,manual restricted-archive search queue
MANUAL_000265,UDNData,小吃,1958-01-01,1958-12-31,"{""source_name"": ""UDNData""}",,,,,https://udndata.com/ndapp/udntag/finance/Search?keyword=%E5%B0%8F%E5%90%83&from=19580101&to=19581231,manual restricted-archive search queue
MANUAL_000266,UDNData,小吃,1959-01-01,1959-12-31,"{""source_name"": ""UDNData""}",,,,,https://udndata.com/ndapp/udntag/finance/Search?keyword=%E5%B0%8F%E5%90%83&from=19590101&to=19591231,manual restricted-archive search queue
MANUAL_000267,UDNData,小吃,1960-01-01,1960-12-31,"{""source_name"": ""UDNData""}",,,,,https://udndata.com/ndapp/udntag/finance/Search?keyword=%E5%B0%8F%E5%90%83&from=19600101&to=19601231,manual restricted-archive search queue
MANUAL_000268,UDNData,小吃,1961-01-01,1961-12-31,"{""source_name"": ""UDNData""}",,,,,https://udndata.com/ndapp/udntag/finance/Search?keyword=%E5%B0%8F%E5%90%83&from=19610101&to=19611231,manual restricted-archive search queue
MANUAL_000269,UDNData,小吃,1962-01-01,1962-12-31,"{""source_name"": ""UDNData""}",,,,,https://udndata.com/ndapp/udntag/finance/Search?keyword=%E5%B0%8F%E5%90%83&from=19620101&to=19621231,manual restricted-archive search queue
MANUAL_000270,UDNData,小吃,1963-01-01,1963-12-31,"{""source_name"": ""UDNData""}",,,,,https://udndata.com/ndapp/udntag/finance/Search?keyword=%E5%B0%8F%E5%90%83&from=19630101&to=19631231,manual restricted-archive search queue
MANUAL_000271,UDNData,小吃,1964-01-01,1964-12-31,"{""source_name"": ""UDNData""}",,,,,https://udndata.com/ndapp/udntag/finance/Search?keyword=%E5%B0%8F%E5%90%83&from=19640101&to=19641231,manual restricted-archive search queue
MANUAL_000272,UDNData,小吃,1965-01-01,1965-12-31,"{""source_name"": ""UDNData""}",,,,,https://udndata.com/ndapp/udntag/finance/Search?keyword=%E5%B0%8F%E5%90%83&from=19650101&to=19651231,manual restricted-archive search queue
MANUAL_000273,UDNData,小吃,1966-01-01,1966-12-31,"{""source_name"": ""UDNData""}",,,,,https://udndata.com/ndapp/udntag/finance/Search?keyword=%E5%B0%8F%E5%90%83&from=19660101&to=19661231,manual restricted-archive search queue
MANUAL_000274,UDNData,小吃,1967-01-01,1967-12-31,"{""source_name"": ""UDNData""}",,,,,https://udndata.com/ndapp/udntag/finance/Search?keyword=%E5%B0%8F%E5%90%83&from=19670101&to=19671231,manual restricted-archive search queue
MANUAL_000275,UDNData,小吃,1968-01-01,1968-12-31,"{""source_name"": ""UDNData""}",,,,,https://udndata.com/ndapp/udntag/finance/Search?keyword=%E5%B0%8F%E5%90%83&from=19680101&to=19681231,manual restricted-archive search queue
MANUAL_000276,UDNData,小吃,1969-01-01,1969-12-31,"{""source_name"": ""UDNData""}",,,,,https://udndata.com/ndapp/udntag/finance/Search?keyword=%E5%B0%8F%E5%90%83&from=19690101&to=19691231,manual restricted-archive search queue
MANUAL_000277,UDNData,小吃,1970-01-01,1970-12-31,"{""source_name"": ""UDNData""}",,,,,https://udndata.com/ndapp/udntag/finance/Search?keyword=%E5%B0%8F%E5%90%83&from=19700101&to=19701231,manual restricted-archive search queue
MANUAL_000278,UDNData,小吃,1971-01-01,1971-12-31,"{""source_name"": ""UDNData""}",,,,,https://udndata.com/ndapp/udntag/finance/Search?keyword=%E5%B0%8F%E5%90%83&from=19710101&to=19711231,manual restricted-archive search queue
MANUAL_000279,UDNData,小吃,1972-01-01,1972-12-31,"{""source_name"": ""UDNData""}",,,,,https://udndata.com/ndapp/udntag/finance/Search?keyword=%E5%B0%8F%E5%90%83&from=19720101&to=19721231,manual restricted-archive search queue
MANUAL_000280,UDNData,小吃,1973-01-01,1973-12-31,"{""source_name"": ""UDNData""}",,,,,https://udndata.com/ndapp/udntag/finance/Search?keyword=%E5%B0%8F%E5%90%83&from=19730101&to=19731231,manual restricted-archive search queue
MANUAL_000281,UDNData,小吃,1974-01-01,1974-12-31,"{""source_name"": ""UDNData""}",,,,,https://udndata.com/ndapp/udntag/finance/Search?keyword=%E5%B0%8F%E5%90%83&from=19740101&to=19741231,manual restricted-archive search queue
MANUAL_000282,UDNData,小吃,1975-01-01,1975-12-31,"{""source_name"": ""UDNData""}",,,,,https://udndata.com/ndapp/udntag/finance/Search?keyword=%E5%B0%8F%E5%90%83&from=19750101&to=19751231,manual restricted-archive search queue
MANUAL_000283,UDNData,小吃,1976-01-01,1976-12-31,"{""source_name"": ""UDNData""}",,,,,https://udndata.com/ndapp/udntag/finance/Search?keyword=%E5%B0%8F%E5%90%83&from=19760101&to=19761231,manual restricted-archive search queue
MANUAL_000284,UDNData,小吃,1977-01-01,1977-12-31,"{""source_name"": ""UDNData""}",,,,,https://udndata.com/ndapp/udntag/finance/Search?keyword=%E5%B0%8F%E5%90%83&from=19770101&to=19771231,manual restricted-archive search queue
MANUAL_000285,UDNData,小吃,1978-01-01,1978-12-31,"{""source_name"": ""UDNData""}",,,,,https://udndata.com/ndapp/udntag/finance/Search?keyword=%E5%B0%8F%E5%90%83&from=19780101&to=19781231,manual restricted-archive search queue
MANUAL_000286,UDNData,小吃,1979-01-01,1979-12-31,"{""source_name"": ""UDNData""}",,,,,https://udndata.com/ndapp/udntag/finance/Search?keyword=%E5%B0%8F%E5%90%83&from=19790101&to=19791231,manual restricted-archive search queue
MANUAL_000287,UDNData,小吃,1980-01-01,1980-12-31,"{""source_name"": ""UDNData""}",,,,,https://udndata.com/ndapp/udntag/finance/Search?keyword=%E5%B0%8F%E5%90%83&from=19800101&to=19801231,manual restricted-archive search queue
MANUAL_000288,UDNData,小吃,1981-01-01,1981-12-31,"{""source_name"": ""UDNData""}",,,,,https://udndata.com/ndapp/udntag/finance/Search?keyword=%E5%B0%8F%E5%90%83&from=19810101&to=19811231,manual restricted-archive search queue
MANUAL_000289,UDNData,小吃,1982-01-01,1982-12-31,"{""source_name"": ""UDNData""}",,,,,https://udndata.com/ndapp/udntag/finance/Search?keyword=%E5%B0%8F%E5%90%83&from=19820101&to=19821231,manual restricted-archive search queue
MANUAL_000290,UDNData,小吃,1983-01-01,1983-12-31,"{""source_name"": ""UDNData""}",,,,,https://udndata.com/ndapp/udntag/finance/Search?keyword=%E5%B0%8F%E5%90%83&from=19830101&to=19831231,manual restricted-archive search queue
MANUAL_000291,UDNData,小吃,1984-01-01,1984-12-31,"{""source_name"": ""UDNData""}",,,,,https://udndata.com/ndapp/udntag/finance/Search?keyword=%E5%B0%8F%E5%90%83&from=19840101&to=19841231,manual restricted-archive search queue
MANUAL_000292,UDNData,小吃,1985-01-01,1985-12-31,"{""source_name"": ""UDNData""}",,,,,https://udndata.com/ndapp/udntag/finance/Search?keyword=%E5%B0%8F%E5%90%83&from=19850101&to=19851231,manual restricted-archive search queue
MANUAL_000293,UDNData,小吃,1986-01-01,1986-12-31,"{""source_name"": ""UDNData""}",,,,,https://udndata.com/ndapp/udntag/finance/Search?keyword=%E5%B0%8F%E5%90%83&from=19860101&to=19861231,manual restricted-archive search queue
MANUAL_000294,UDNData,小吃,1987-01-01,1987-12-31,"{""source_name"": ""UDNData""}",,,,,https://udndata.com/ndapp/udntag/finance/Search?keyword=%E5%B0%8F%E5%90%83&from=19870101&to=19871231,manual restricted-archive search queue
MANUAL_000295,UDNData,夜市,1946-01-01,1946-12-31,"{""source_name"": ""UDNData""}",,,,,https://udndata.com/ndapp/udntag/finance/Search?keyword=%E5%A4%9C%E5%B8%82&from=19460101&to=19461231,manual restricted-archive search queue
MANUAL_000296,UDNData,夜市,1947-01-01,1947-12-31,"{""source_name"": ""UDNData""}",,,,,https://udndata.com/ndapp/udntag/finance/Search?keyword=%E5%A4%9C%E5%B8%82&from=19470101&to=19471231,manual restricted-archive search queue
MANUAL_000297,UDNData,夜市,1948-01-01,1948-12-31,"{""source_name"": ""UDNData""}",,,,,https://udndata.com/ndapp/udntag/finance/Search?keyword=%E5%A4%9C%E5%B8%82&from=19480101&to=19481231,manual restricted-archive search queue
MANUAL_000298,UDNData,夜市,1949-01-01,1949-12-31,"{""source_name"": ""UDNData""}",,,,,https://udndata.com/ndapp/udntag/finance/Search?keyword=%E5%A4%9C%E5%B8%82&from=19490101&to=19491231,manual restricted-archive search queue
MANUAL_000299,UDNData,夜市,1950-01-01,1950-12-31,"{""source_name"": ""UDNData""}",,,,,https://udndata.com/ndapp/udntag/finance/Search?keyword=%E5%A4%9C%E5%B8%82&from=19500101&to=19501231,manual restricted-archive search queue
MANUAL_000300,UDNData,夜市,1951-01-01,1951-12-31,"{""source_name"": ""UDNData""}",,,,,https://udndata.com/ndapp/udntag/finance/Search?keyword=%E5%A4%9C%E5%B8%82&from=19510101&to=19511231,manual restricted-archive search queue
MANUAL_000301,UDNData,夜市,1952-01-01,1952-12-31,"{""source_name"": ""UDNData""}",,,,,https://udndata.com/ndapp/udntag/finance/Search?keyword=%E5%A4%9C%E5%B8%82&from=19520101&to=19521231,manual restricted-archive search queue
MANUAL_000302,UDNData,夜市,1953-01-01,1953-12-31,"{""source_name"": ""UDNData""}",,,,,https://udndata.com/ndapp/udntag/finance/Search?keyword=%E5%A4%9C%E5%B8%82&from=19530101&to=19531231,manual restricted-archive search queue
MANUAL_000303,UDNData,夜市,1954-01-01,1954-12-31,"{""source_name"": ""UDNData""}",,,,,https://udndata.com/ndapp/udntag/finance/Search?keyword=%E5%A4%9C%E5%B8%82&from=19540101&to=19541231,manual restricted-archive search queue
MANUAL_000304,UDNData,夜市,1955-01-01,1955-12-31,"{""source_name"": ""UDNData""}",,,,,https://udndata.com/ndapp/udntag/finance/Search?keyword=%E5%A4%9C%E5%B8%82&from=19550101&to=19551231,manual restricted-archive search queue
MANUAL_000305,UDNData,夜市,1956-01-01,1956-12-31,"{""source_name"": ""UDNData""}",,,,,https://udndata.com/ndapp/udntag/finance/Search?keyword=%E5%A4%9C%E5%B8%82&from=19560101&to=19561231,manual restricted-archive search queue
MANUAL_000306,UDNData,夜市,1957-01-01,1957-12-31,"{""source_name"": ""UDNData""}",,,,,https://udndata.com/ndapp/udntag/finance/Search?keyword=%E5%A4%9C%E5%B8%82&from=19570101&to=19571231,manual restricted-archive search queue
MANUAL_000307,UDNData,夜市,1958-01-01,1958-12-31,"{""source_name"": ""UDNData""}",,,,,https://udndata.com/ndapp/udntag/finance/Search?keyword=%E5%A4%9C%E5%B8%82&from=19580101&to=19581231,manual restricted-archive search queue
MANUAL_000308,UDNData,夜市,1959-01-01,1959-12-31,"{""source_name"": ""UDNData""}",,,,,https://udndata.com/ndapp/udntag/finance/Search?keyword=%E5%A4%9C%E5%B8%82&from=19590101&to=19591231,manual restricted-archive search queue
MANUAL_000309,UDNData,夜市,1960-01-01,1960-12-31,"{""source_name"": ""UDNData""}",,,,,https://udndata.com/ndapp/udntag/finance/Search?keyword=%E5%A4%9C%E5%B8%82&from=19600101&to=19601231,manual restricted-archive search queue
MANUAL_000310,UDNData,夜市,1961-01-01,1961-12-31,"{""source_name"": ""UDNData""}",,,,,https://udndata.com/ndapp/udntag/finance/Search?keyword=%E5%A4%9C%E5%B8%82&from=19610101&to=19611231,manual restricted-archive search queue
MANUAL_000311,UDNData,夜市,1962-01-01,1962-12-31,"{""source_name"": ""UDNData""}",,,,,https://udndata.com/ndapp/udntag/finance/Search?keyword=%E5%A4%9C%E5%B8%82&from=19620101&to=19621231,manual restricted-archive search queue
MANUAL_000312,UDNData,夜市,1963-01-01,1963-12-31,"{""source_name"": ""UDNData""}",,,,,https://udndata.com/ndapp/udntag/finance/Search?keyword=%E5%A4%9C%E5%B8%82&from=19630101&to=19631231,manual restricted-archive search queue
MANUAL_000313,UDNData,夜市,1964-01-01,1964-12-31,"{""source_name"": ""UDNData""}",,,,,https://udndata.com/ndapp/udntag/finance/Search?keyword=%E5%A4%9C%E5%B8%82&from=19640101&to=19641231,manual restricted-archive search queue
MANUAL_000314,UDNData,夜市,1965-01-01,1965-12-31,"{""source_name"": ""UDNData""}",,,,,https://udndata.com/ndapp/udntag/finance/Search?keyword=%E5%A4%9C%E5%B8%82&from=19650101&to=19651231,manual restricted-archive search queue
MANUAL_000315,UDNData,夜市,1966-01-01,1966-12-31,"{""source_name"": ""UDNData""}",,,,,https://udndata.com/ndapp/udntag/finance/Search?keyword=%E5%A4%9C%E5%B8%82&from=19660101&to=19661231,manual restricted-archive search queue
MANUAL_000316,UDNData,夜市,1967-01-01,1967-12-31,"{""source_name"": ""UDNData""}",,,,,https://udndata.com/ndapp/udntag/finance/Search?keyword=%E5%A4%9C%E5%B8%82&from=19670101&to=19671231,manual restricted-archive search queue
MANUAL_000317,UDNData,夜市,1968-01-01,1968-12-31,"{""source_name"": ""UDNData""}",,,,,https://udndata.com/ndapp/udntag/finance/Search?keyword=%E5%A4%9C%E5%B8%82&from=19680101&to=19681231,manual restricted-archive search queue
MANUAL_000318,UDNData,夜市,1969-01-01,1969-12-31,"{""source_name"": ""UDNData""}",,,,,https://udndata.com/ndapp/udntag/finance/Search?keyword=%E5%A4%9C%E5%B8%82&from=19690101&to=19691231,manual restricted-archive search queue
MANUAL_000319,UDNData,夜市,1970-01-01,1970-12-31,"{""source_name"": ""UDNData""}",,,,,https://udndata.com/ndapp/udntag/finance/Search?keyword=%E5%A4%9C%E5%B8%82&from=19700101&to=19701231,manual restricted-archive search queue
MANUAL_000320,UDNData,夜市,1971-01-01,1971-12-31,"{""source_name"": ""UDNData""}",,,,,https://udndata.com/ndapp/udntag/finance/Search?keyword=%E5%A4%9C%E5%B8%82&from=19710101&to=19711231,manual restricted-archive search queue
MANUAL_000321,UDNData,夜市,1972-01-01,1972-12-31,"{""source_name"": ""UDNData""}",,,,,https://udndata.com/ndapp/udntag/finance/Search?keyword=%E5%A4%9C%E5%B8%82&from=19720101&to=19721231,manual restricted-archive search queue
MANUAL_000322,UDNData,夜市,1973-01-01,1973-12-31,"{""source_name"": ""UDNData""}",,,,,https://udndata.com/ndapp/udntag/finance/Search?keyword=%E5%A4%9C%E5%B8%82&from=19730101&to=19731231,manual restricted-archive search queue
MANUAL_000323,UDNData,夜市,1974-01-01,1974-12-31,"{""source_name"": ""UDNData""}",,,,,https://udndata.com/ndapp/udntag/finance/Search?keyword=%E5%A4%9C%E5%B8%82&from=19740101&to=19741231,manual restricted-archive search queue
MANUAL_000324,UDNData,夜市,1975-01-01,1975-12-31,"{""source_name"": ""UDNData""}",,,,,https://udndata.com/ndapp/udntag/finance/Search?keyword=%E5%A4%9C%E5%B8%82&from=19750101&to=19751231,manual restricted-archive search queue
MANUAL_000325,UDNData,夜市,1976-01-01,1976-12-31,"{""source_name"": ""UDNData""}",,,,,https://udndata.com/ndapp/udntag/finance/Search?keyword=%E5%A4%9C%E5%B8%82&from=19760101&to=19761231,manual restricted-archive search queue
MANUAL_000326,UDNData,夜市,1977-01-01,1977-12-31,"{""source_name"": ""UDNData""}",,,,,https://udndata.com/ndapp/udntag/finance/Search?keyword=%E5%A4%9C%E5%B8%82&from=19770101&to=19771231,manual restricted-archive search queue
MANUAL_000327,UDNData,夜市,1978-01-01,1978-12-31,"{""source_name"": ""UDNData""}",,,,,https://udndata.com/ndapp/udntag/finance/Search?keyword=%E5%A4%9C%E5%B8%82&from=19780101&to=19781231,manual restricted-archive search queue
MANUAL_000328,UDNData,夜市,1979-01-01,1979-12-31,"{""source_name"": ""UDNData""}",,,,,https://udndata.com/ndapp/udntag/finance/Search?keyword=%E5%A4%9C%E5%B8%82&from=19790101&to=19791231,manual restricted-archive search queue
MANUAL_000329,UDNData,夜市,1980-01-01,1980-12-31,"{""source_name"": ""UDNData""}",,,,,https://udndata.com/ndapp/udntag/finance/Search?keyword=%E5%A4%9C%E5%B8%82&from=19800101&to=19801231,manual restricted-archive search queue
MANUAL_000330,UDNData,夜市,1981-01-01,1981-12-31,"{""source_name"": ""UDNData""}",,,,,https://udndata.com/ndapp/udntag/finance/Search?keyword=%E5%A4%9C%E5%B8%82&from=19810101&to=19811231,manual restricted-archive search queue
MANUAL_000331,UDNData,夜市,1982-01-01,1982-12-31,"{""source_name"": ""UDNData""}",,,,,https://udndata.com/ndapp/udntag/finance/Search?keyword=%E5%A4%9C%E5%B8%82&from=19820101&to=19821231,manual restricted-archive search queue
MANUAL_000332,UDNData,夜市,1983-01-01,1983-12-31,"{""source_name"": ""UDNData""}",,,,,https://udndata.com/ndapp/udntag/finance/Search?keyword=%E5%A4%9C%E5%B8%82&from=19830101&to=19831231,manual restricted-archive search queue
MANUAL_000333,UDNData,夜市,1984-01-01,1984-12-31,"{""source_name"": ""UDNData""}",,,,,https://udndata.com/ndapp/udntag/finance/Search?keyword=%E5%A4%9C%E5%B8%82&from=19840101&to=19841231,manual restricted-archive search queue
MANUAL_000334,UDNData,夜市,1985-01-01,1985-12-31,"{""source_name"": ""UDNData""}",,,,,https://udndata.com/ndapp/udntag/finance/Search?keyword=%E5%A4%9C%E5%B8%82&from=19850101&to=19851231,manual restricted-archive search queue
MANUAL_000335,UDNData,夜市,1986-01-01,1986-12-31,"{""source_name"": ""UDNData""}",,,,,https://udndata.com/ndapp/udntag/finance/Search?keyword=%E5%A4%9C%E5%B8%82&from=19860101&to=19861231,manual restricted-archive search queue
MANUAL_000336,UDNData,夜市,1987-01-01,1987-12-31,"{""source_name"": ""UDNData""}",,,,,https://udndata.com/ndapp/udntag/finance/Search?keyword=%E5%A4%9C%E5%B8%82&from=19870101&to=19871231,manual restricted-archive search queue
MANUAL_000337,ChinaTimes,魯肉飯,1946-01-01,1946-12-31,"{""source_name"": ""ChinaTimes""}",,,,,https://cshopping.chinatimes.com/search.aspx?keyword=%E9%AD%AF%E8%82%89%E9%A3%AF&year=1946,manual restricted-archive search queue
MANUAL_000338,ChinaTimes,魯肉飯,1947-01-01,1947-12-31,"{""source_name"": ""ChinaTimes""}",,,,,https://cshopping.chinatimes.com/search.aspx?keyword=%E9%AD%AF%E8%82%89%E9%A3%AF&year=1947,manual restricted-archive search queue
MANUAL_000339,ChinaTimes,魯肉飯,1948-01-01,1948-12-31,"{""source_name"": ""ChinaTimes""}",,,,,https://cshopping.chinatimes.com/search.aspx?keyword=%E9%AD%AF%E8%82%89%E9%A3%AF&year=1948,manual restricted-archive search queue
MANUAL_000340,ChinaTimes,魯肉飯,1949-01-01,1949-12-31,"{""source_name"": ""ChinaTimes""}",,,,,https://cshopping.chinatimes.com/search.aspx?keyword=%E9%AD%AF%E8%82%89%E9%A3%AF&year=1949,manual restricted-archive search queue
MANUAL_000341,ChinaTimes,魯肉飯,1950-01-01,1950-12-31,"{""source_name"": ""ChinaTimes""}",,,,,https://cshopping.chinatimes.com/search.aspx?keyword=%E9%AD%AF%E8%82%89%E9%A3%AF&year=1950,manual restricted-archive search queue
MANUAL_000342,ChinaTimes,魯肉飯,1951-01-01,1951-12-31,"{""source_name"": ""ChinaTimes""}",,,,,https://cshopping.chinatimes.com/search.aspx?keyword=%E9%AD%AF%E8%82%89%E9%A3%AF&year=1951,manual restricted-archive search queue
MANUAL_000343,ChinaTimes,魯肉飯,1952-01-01,1952-12-31,"{""source_name"": ""ChinaTimes""}",,,,,https://cshopping.chinatimes.com/search.aspx?keyword=%E9%AD%AF%E8%82%89%E9%A3%AF&year=1952,manual restricted-archive search queue
MANUAL_000344,ChinaTimes,魯肉飯,1953-01-01,1953-12-31,"{""source_name"": ""ChinaTimes""}",,,,,https://cshopping.chinatimes.com/search.aspx?keyword=%E9%AD%AF%E8%82%89%E9%A3%AF&year=1953,manual restricted-archive search queue
MANUAL_000345,ChinaTimes,魯肉飯,1954-01-01,1954-12-31,"{""source_name"": ""ChinaTimes""}",,,,,https://cshopping.chinatimes.com/search.aspx?keyword=%E9%AD%AF%E8%82%89%E9%A3%AF&year=1954,manual restricted-archive search queue
MANUAL_000346,ChinaTimes,魯肉飯,1955-01-01,1955-12-31,"{""source_name"": ""ChinaTimes""}",,,,,https://cshopping.chinatimes.com/search.aspx?keyword=%E9%AD%AF%E8%82%89%E9%A3%AF&year=1955,manual restricted-archive search queue
MANUAL_000347,ChinaTimes,魯肉飯,1956-01-01,1956-12-31,"{""source_name"": ""ChinaTimes""}",,,,,https://cshopping.chinatimes.com/search.aspx?keyword=%E9%AD%AF%E8%82%89%E9%A3%AF&year=1956,manual restricted-archive search queue
MANUAL_000348,ChinaTimes,魯肉飯,1957-01-01,1957-12-31,"{""source_name"": ""ChinaTimes""}",,,,,https://cshopping.chinatimes.com/search.aspx?keyword=%E9%AD%AF%E8%82%89%E9%A3%AF&year=1957,manual restricted-archive search queue
MANUAL_000349,ChinaTimes,魯肉飯,1958-01-01,1958-12-31,"{""source_name"": ""ChinaTimes""}",,,,,https://cshopping.chinatimes.com/search.aspx?keyword=%E9%AD%AF%E8%82%89%E9%A3%AF&year=1958,manual restricted-archive search queue
MANUAL_000350,ChinaTimes,魯肉飯,1959-01-01,1959-12-31,"{""source_name"": ""ChinaTimes""}",,,,,https://cshopping.chinatimes.com/search.aspx?keyword=%E9%AD%AF%E8%82%89%E9%A3%AF&year=1959,manual restricted-archive search queue
MANUAL_000351,ChinaTimes,魯肉飯,1960-01-01,1960-12-31,"{""source_name"": ""ChinaTimes""}",,,,,https://cshopping.chinatimes.com/search.aspx?keyword=%E9%AD%AF%E8%82%89%E9%A3%AF&year=1960,manual restricted-archive search queue
MANUAL_000352,ChinaTimes,魯肉飯,1961-01-01,1961-12-31,"{""source_name"": ""ChinaTimes""}",,,,,https://cshopping.chinatimes.com/search.aspx?keyword=%E9%AD%AF%E8%82%89%E9%A3%AF&year=1961,manual restricted-archive search queue
MANUAL_000353,ChinaTimes,魯肉飯,1962-01-01,1962-12-31,"{""source_name"": ""ChinaTimes""}",,,,,https://cshopping.chinatimes.com/search.aspx?keyword=%E9%AD%AF%E8%82%89%E9%A3%AF&year=1962,manual restricted-archive search queue
MANUAL_000354,ChinaTimes,魯肉飯,1963-01-01,1963-12-31,"{""source_name"": ""ChinaTimes""}",,,,,https://cshopping.chinatimes.com/search.aspx?keyword=%E9%AD%AF%E8%82%89%E9%A3%AF&year=1963,manual restricted-archive search queue
MANUAL_000355,ChinaTimes,魯肉飯,1964-01-01,1964-12-31,"{""source_name"": ""ChinaTimes""}",,,,,https://cshopping.chinatimes.com/search.aspx?keyword=%E9%AD%AF%E8%82%89%E9%A3%AF&year=1964,manual restricted-archive search queue
MANUAL_000356,ChinaTimes,魯肉飯,1965-01-01,1965-12-31,"{""source_name"": ""ChinaTimes""}",,,,,https://cshopping.chinatimes.com/search.aspx?keyword=%E9%AD%AF%E8%82%89%E9%A3%AF&year=1965,manual restricted-archive search queue
MANUAL_000357,ChinaTimes,魯肉飯,1966-01-01,1966-12-31,"{""source_name"": ""ChinaTimes""}",,,,,https://cshopping.chinatimes.com/search.aspx?keyword=%E9%AD%AF%E8%82%89%E9%A3%AF&year=1966,manual restricted-archive search queue
MANUAL_000358,ChinaTimes,魯肉飯,1967-01-01,1967-12-31,"{""source_name"": ""ChinaTimes""}",,,,,https://cshopping.chinatimes.com/search.aspx?keyword=%E9%AD%AF%E8%82%89%E9%A3%AF&year=1967,manual restricted-archive search queue
MANUAL_000359,ChinaTimes,魯肉飯,1968-01-01,1968-12-31,"{""source_name"": ""ChinaTimes""}",,,,,https://cshopping.chinatimes.com/search.aspx?keyword=%E9%AD%AF%E8%82%89%E9%A3%AF&year=1968,manual restricted-archive search queue
MANUAL_000360,ChinaTimes,魯肉飯,1969-01-01,1969-12-31,"{""source_name"": ""ChinaTimes""}",,,,,https://cshopping.chinatimes.com/search.aspx?keyword=%E9%AD%AF%E8%82%89%E9%A3%AF&year=1969,manual restricted-archive search queue
MANUAL_000361,ChinaTimes,魯肉飯,1970-01-01,1970-12-31,"{""source_name"": ""ChinaTimes""}",,,,,https://cshopping.chinatimes.com/search.aspx?keyword=%E9%AD%AF%E8%82%89%E9%A3%AF&year=1970,manual restricted-archive search queue
MANUAL_000362,ChinaTimes,魯肉飯,1971-01-01,1971-12-31,"{""source_name"": ""ChinaTimes""}",,,,,https://cshopping.chinatimes.com/search.aspx?keyword=%E9%AD%AF%E8%82%89%E9%A3%AF&year=1971,manual restricted-archive search queue
MANUAL_000363,ChinaTimes,魯肉飯,1972-01-01,1972-12-31,"{""source_name"": ""ChinaTimes""}",,,,,https://cshopping.chinatimes.com/search.aspx?keyword=%E9%AD%AF%E8%82%89%E9%A3%AF&year=1972,manual restricted-archive search queue
MANUAL_000364,ChinaTimes,魯肉飯,1973-01-01,1973-12-31,"{""source_name"": ""ChinaTimes""}",,,,,https://cshopping.chinatimes.com/search.aspx?keyword=%E9%AD%AF%E8%82%89%E9%A3%AF&year=1973,manual restricted-archive search queue
MANUAL_000365,ChinaTimes,魯肉飯,1974-01-01,1974-12-31,"{""source_name"": ""ChinaTimes""}",,,,,https://cshopping.chinatimes.com/search.aspx?keyword=%E9%AD%AF%E8%82%89%E9%A3%AF&year=1974,manual restricted-archive search queue
MANUAL_000366,ChinaTimes,魯肉飯,1975-01-01,1975-12-31,"{""source_name"": ""ChinaTimes""}",,,,,https://cshopping.chinatimes.com/search.aspx?keyword=%E9%AD%AF%E8%82%89%E9%A3%AF&year=1975,manual restricted-archive search queue
MANUAL_000367,ChinaTimes,魯肉飯,1976-01-01,1976-12-31,"{""source_name"": ""ChinaTimes""}",,,,,https://cshopping.chinatimes.com/search.aspx?keyword=%E9%AD%AF%E8%82%89%E9%A3%AF&year=1976,manual restricted-archive search queue
MANUAL_000368,ChinaTimes,魯肉飯,1977-01-01,1977-12-31,"{""source_name"": ""ChinaTimes""}",,,,,https://cshopping.chinatimes.com/search.aspx?keyword=%E9%AD%AF%E8%82%89%E9%A3%AF&year=1977,manual restricted-archive search queue
MANUAL_000369,ChinaTimes,魯肉飯,1978-01-01,1978-12-31,"{""source_name"": ""ChinaTimes""}",,,,,https://cshopping.chinatimes.com/search.aspx?keyword=%E9%AD%AF%E8%82%89%E9%A3%AF&year=1978,manual restricted-archive search queue
MANUAL_000370,ChinaTimes,魯肉飯,1979-01-01,1979-12-31,"{""source_name"": ""ChinaTimes""}",,,,,https://cshopping.chinatimes.com/search.aspx?keyword=%E9%AD%AF%E8%82%89%E9%A3%AF&year=1979,manual restricted-archive search queue
MANUAL_000371,ChinaTimes,魯肉飯,1980-01-01,1980-12-31,"{""source_name"": ""ChinaTimes""}",,,,,https://cshopping.chinatimes.com/search.aspx?keyword=%E9%AD%AF%E8%82%89%E9%A3%AF&year=1980,manual restricted-archive search queue
MANUAL_000372,ChinaTimes,魯肉飯,1981-01-01,1981-12-31,"{""source_name"": ""ChinaTimes""}",,,,,https://cshopping.chinatimes.com/search.aspx?keyword=%E9%AD%AF%E8%82%89%E9%A3%AF&year=1981,manual restricted-archive search queue
MANUAL_000373,ChinaTimes,魯肉飯,1982-01-01,1982-12-31,"{""source_name"": ""ChinaTimes""}",,,,,https://cshopping.chinatimes.com/search.aspx?keyword=%E9%AD%AF%E8%82%89%E9%A3%AF&year=1982,manual restricted-archive search queue
MANUAL_000374,ChinaTimes,魯肉飯,1983-01-01,1983-12-31,"{""source_name"": ""ChinaTimes""}",,,,,https://cshopping.chinatimes.com/search.aspx?keyword=%E9%AD%AF%E8%82%89%E9%A3%AF&year=1983,manual restricted-archive search queue
MANUAL_000375,ChinaTimes,魯肉飯,1984-01-01,1984-12-31,"{""source_name"": ""ChinaTimes""}",,,,,https://cshopping.chinatimes.com/search.aspx?keyword=%E9%AD%AF%E8%82%89%E9%A3%AF&year=1984,manual restricted-archive search queue
MANUAL_000376,ChinaTimes,魯肉飯,1985-01-01,1985-12-31,"{""source_name"": ""ChinaTimes""}",,,,,https://cshopping.chinatimes.com/search.aspx?keyword=%E9%AD%AF%E8%82%89%E9%A3%AF&year=1985,manual restricted-archive search queue
MANUAL_000377,ChinaTimes,魯肉飯,1986-01-01,1986-12-31,"{""source_name"": ""ChinaTimes""}",,,,,https://cshopping.chinatimes.com/search.aspx?keyword=%E9%AD%AF%E8%82%89%E9%A3%AF&year=1986,manual restricted-archive search queue
MANUAL_000378,ChinaTimes,魯肉飯,1987-01-01,1987-12-31,"{""source_name"": ""ChinaTimes""}",,,,,https://cshopping.chinatimes.com/search.aspx?keyword=%E9%AD%AF%E8%82%89%E9%A3%AF&year=1987,manual restricted-archive search queue
MANUAL_000379,ChinaTimes,滷肉飯,1946-01-01,1946-12-31,"{""source_name"": ""ChinaTimes""}",,,,,https://cshopping.chinatimes.com/search.aspx?keyword=%E6%BB%B7%E8%82%89%E9%A3%AF&year=1946,manual restricted-archive search queue
MANUAL_000380,ChinaTimes,滷肉飯,1947-01-01,1947-12-31,"{""source_name"": ""ChinaTimes""}",,,,,https://cshopping.chinatimes.com/search.aspx?keyword=%E6%BB%B7%E8%82%89%E9%A3%AF&year=1947,manual restricted-archive search queue
MANUAL_000381,ChinaTimes,滷肉飯,1948-01-01,1948-12-31,"{""source_name"": ""ChinaTimes""}",,,,,https://cshopping.chinatimes.com/search.aspx?keyword=%E6%BB%B7%E8%82%89%E9%A3%AF&year=1948,manual restricted-archive search queue
MANUAL_000382,ChinaTimes,滷肉飯,1949-01-01,1949-12-31,"{""source_name"": ""ChinaTimes""}",,,,,https://cshopping.chinatimes.com/search.aspx?keyword=%E6%BB%B7%E8%82%89%E9%A3%AF&year=1949,manual restricted-archive search queue
MANUAL_000383,ChinaTimes,滷肉飯,1950-01-01,1950-12-31,"{""source_name"": ""ChinaTimes""}",,,,,https://cshopping.chinatimes.com/search.aspx?keyword=%E6%BB%B7%E8%82%89%E9%A3%AF&year=1950,manual restricted-archive search queue
MANUAL_000384,ChinaTimes,滷肉飯,1951-01-01,1951-12-31,"{""source_name"": ""ChinaTimes""}",,,,,https://cshopping.chinatimes.com/search.aspx?keyword=%E6%BB%B7%E8%82%89%E9%A3%AF&year=1951,manual restricted-archive search queue
MANUAL_000385,ChinaTimes,滷肉飯,1952-01-01,1952-12-31,"{""source_name"": ""ChinaTimes""}",,,,,https://cshopping.chinatimes.com/search.aspx?keyword=%E6%BB%B7%E8%82%89%E9%A3%AF&year=1952,manual restricted-archive search queue
MANUAL_000386,ChinaTimes,滷肉飯,1953-01-01,1953-12-31,"{""source_name"": ""ChinaTimes""}",,,,,https://cshopping.chinatimes.com/search.aspx?keyword=%E6%BB%B7%E8%82%89%E9%A3%AF&year=1953,manual restricted-archive search queue
MANUAL_000387,ChinaTimes,滷肉飯,1954-01-01,1954-12-31,"{""source_name"": ""ChinaTimes""}",,,,,https://cshopping.chinatimes.com/search.aspx?keyword=%E6%BB%B7%E8%82%89%E9%A3%AF&year=1954,manual restricted-archive search queue
MANUAL_000388,ChinaTimes,滷肉飯,1955-01-01,1955-12-31,"{""source_name"": ""ChinaTimes""}",,,,,https://cshopping.chinatimes.com/search.aspx?keyword=%E6%BB%B7%E8%82%89%E9%A3%AF&year=1955,manual restricted-archive search queue
MANUAL_000389,ChinaTimes,滷肉飯,1956-01-01,1956-12-31,"{""source_name"": ""ChinaTimes""}",,,,,https://cshopping.chinatimes.com/search.aspx?keyword=%E6%BB%B7%E8%82%89%E9%A3%AF&year=1956,manual restricted-archive search queue
MANUAL_000390,ChinaTimes,滷肉飯,1957-01-01,1957-12-31,"{""source_name"": ""ChinaTimes""}",,,,,https://cshopping.chinatimes.com/search.aspx?keyword=%E6%BB%B7%E8%82%89%E9%A3%AF&year=1957,manual restricted-archive search queue
MANUAL_000391,ChinaTimes,滷肉飯,1958-01-01,1958-12-31,"{""source_name"": ""ChinaTimes""}",,,,,https://cshopping.chinatimes.com/search.aspx?keyword=%E6%BB%B7%E8%82%89%E9%A3%AF&year=1958,manual restricted-archive search queue
MANUAL_000392,ChinaTimes,滷肉飯,1959-01-01,1959-12-31,"{""source_name"": ""ChinaTimes""}",,,,,https://cshopping.chinatimes.com/search.aspx?keyword=%E6%BB%B7%E8%82%89%E9%A3%AF&year=1959,manual restricted-archive search queue
MANUAL_000393,ChinaTimes,滷肉飯,1960-01-01,1960-12-31,"{""source_name"": ""ChinaTimes""}",,,,,https://cshopping.chinatimes.com/search.aspx?keyword=%E6%BB%B7%E8%82%89%E9%A3%AF&year=1960,manual restricted-archive search queue
MANUAL_000394,ChinaTimes,滷肉飯,1961-01-01,1961-12-31,"{""source_name"": ""ChinaTimes""}",,,,,https://cshopping.chinatimes.com/search.aspx?keyword=%E6%BB%B7%E8%82%89%E9%A3%AF&year=1961,manual restricted-archive search queue
MANUAL_000395,ChinaTimes,滷肉飯,1962-01-01,1962-12-31,"{""source_name"": ""ChinaTimes""}",,,,,https://cshopping.chinatimes.com/search.aspx?keyword=%E6%BB%B7%E8%82%89%E9%A3%AF&year=1962,manual restricted-archive search queue
MANUAL_000396,ChinaTimes,滷肉飯,1963-01-01,1963-12-31,"{""source_name"": ""ChinaTimes""}",,,,,https://cshopping.chinatimes.com/search.aspx?keyword=%E6%BB%B7%E8%82%89%E9%A3%AF&year=1963,manual restricted-archive search queue
MANUAL_000397,ChinaTimes,滷肉飯,1964-01-01,1964-12-31,"{""source_name"": ""ChinaTimes""}",,,,,https://cshopping.chinatimes.com/search.aspx?keyword=%E6%BB%B7%E8%82%89%E9%A3%AF&year=1964,manual restricted-archive search queue
MANUAL_000398,ChinaTimes,滷肉飯,1965-01-01,1965-12-31,"{""source_name"": ""ChinaTimes""}",,,,,https://cshopping.chinatimes.com/search.aspx?keyword=%E6%BB%B7%E8%82%89%E9%A3%AF&year=1965,manual restricted-archive search queue
MANUAL_000399,ChinaTimes,滷肉飯,1966-01-01,1966-12-31,"{""source_name"": ""ChinaTimes""}",,,,,https://cshopping.chinatimes.com/search.aspx?keyword=%E6%BB%B7%E8%82%89%E9%A3%AF&year=1966,manual restricted-archive search queue
MANUAL_000400,ChinaTimes,滷肉飯,1967-01-01,1967-12-31,"{""source_name"": ""ChinaTimes""}",,,,,https://cshopping.chinatimes.com/search.aspx?keyword=%E6%BB%B7%E8%82%89%E9%A3%AF&year=1967,manual restricted-archive search queue
MANUAL_000401,ChinaTimes,滷肉飯,1968-01-01,1968-12-31,"{""source_name"": ""ChinaTimes""}",,,,,https://cshopping.chinatimes.com/search.aspx?keyword=%E6%BB%B7%E8%82%89%E9%A3%AF&year=1968,manual restricted-archive search queue
MANUAL_000402,ChinaTimes,滷肉飯,1969-01-01,1969-12-31,"{""source_name"": ""ChinaTimes""}",,,,,https://cshopping.chinatimes.com/search.aspx?keyword=%E6%BB%B7%E8%82%89%E9%A3%AF&year=1969,manual restricted-archive search queue
MANUAL_000403,ChinaTimes,滷肉飯,1970-01-01,1970-12-31,"{""source_name"": ""ChinaTimes""}",,,,,https://cshopping.chinatimes.com/search.aspx?keyword=%E6%BB%B7%E8%82%89%E9%A3%AF&year=1970,manual restricted-archive search queue
MANUAL_000404,ChinaTimes,滷肉飯,1971-01-01,1971-12-31,"{""source_name"": ""ChinaTimes""}",,,,,https://cshopping.chinatimes.com/search.aspx?keyword=%E6%BB%B7%E8%82%89%E9%A3%AF&year=1971,manual restricted-archive search queue
MANUAL_000405,ChinaTimes,滷肉飯,1972-01-01,1972-12-31,"{""source_name"": ""ChinaTimes""}",,,,,https://cshopping.chinatimes.com/search.aspx?keyword=%E6%BB%B7%E8%82%89%E9%A3%AF&year=1972,manual restricted-archive search queue
MANUAL_000406,ChinaTimes,滷肉飯,1973-01-01,1973-12-31,"{""source_name"": ""ChinaTimes""}",,,,,https://cshopping.chinatimes.com/search.aspx?keyword=%E6%BB%B7%E8%82%89%E9%A3%AF&year=1973,manual restricted-archive search queue
MANUAL_000407,ChinaTimes,滷肉飯,1974-01-01,1974-12-31,"{""source_name"": ""ChinaTimes""}",,,,,https://cshopping.chinatimes.com/search.aspx?keyword=%E6%BB%B7%E8%82%89%E9%A3%AF&year=1974,manual restricted-archive search queue
MANUAL_000408,ChinaTimes,滷肉飯,1975-01-01,1975-12-31,"{""source_name"": ""ChinaTimes""}",,,,,https://cshopping.chinatimes.com/search.aspx?keyword=%E6%BB%B7%E8%82%89%E9%A3%AF&year=1975,manual restricted-archive search queue
MANUAL_000409,ChinaTimes,滷肉飯,1976-01-01,1976-12-31,"{""source_name"": ""ChinaTimes""}",,,,,https://cshopping.chinatimes.com/search.aspx?keyword=%E6%BB%B7%E8%82%89%E9%A3%AF&year=1976,manual restricted-archive search queue
MANUAL_000410,ChinaTimes,滷肉飯,1977-01-01,1977-12-31,"{""source_name"": ""ChinaTimes""}",,,,,https://cshopping.chinatimes.com/search.aspx?keyword=%E6%BB%B7%E8%82%89%E9%A3%AF&year=1977,manual restricted-archive search queue
MANUAL_000411,ChinaTimes,滷肉飯,1978-01-01,1978-12-31,"{""source_name"": ""ChinaTimes""}",,,,,https://cshopping.chinatimes.com/search.aspx?keyword=%E6%BB%B7%E8%82%89%E9%A3%AF&year=1978,manual restricted-archive search queue
MANUAL_000412,ChinaTimes,滷肉飯,1979-01-01,1979-12-31,"{""source_name"": ""ChinaTimes""}",,,,,https://cshopping.chinatimes.com/search.aspx?keyword=%E6%BB%B7%E8%82%89%E9%A3%AF&year=1979,manual restricted-archive search queue
MANUAL_000413,ChinaTimes,滷肉飯,1980-01-01,1980-12-31,"{""source_name"": ""ChinaTimes""}",,,,,https://cshopping.chinatimes.com/search.aspx?keyword=%E6%BB%B7%E8%82%89%E9%A3%AF&year=1980,manual restricted-archive search queue
MANUAL_000414,ChinaTimes,滷肉飯,1981-01-01,1981-12-31,"{""source_name"": ""ChinaTimes""}",,,,,https://cshopping.chinatimes.com/search.aspx?keyword=%E6%BB%B7%E8%82%89%E9%A3%AF&year=1981,manual restricted-archive search queue
MANUAL_000415,ChinaTimes,滷肉飯,1982-01-01,1982-12-31,"{""source_name"": ""ChinaTimes""}",,,,,https://cshopping.chinatimes.com/search.aspx?keyword=%E6%BB%B7%E8%82%89%E9%A3%AF&year=1982,manual restricted-archive search queue
MANUAL_000416,ChinaTimes,滷肉飯,1983-01-01,1983-12-31,"{""source_name"": ""ChinaTimes""}",,,,,https://cshopping.chinatimes.com/search.aspx?keyword=%E6%BB%B7%E8%82%89%E9%A3%AF&year=1983,manual restricted-archive search queue
MANUAL_000417,ChinaTimes,滷肉飯,1984-01-01,1984-12-31,"{""source_name"": ""ChinaTimes""}",,,,,https://cshopping.chinatimes.com/search.aspx?keyword=%E6%BB%B7%E8%82%89%E9%A3%AF&year=1984,manual restricted-archive search queue
MANUAL_000418,ChinaTimes,滷肉飯,1985-01-01,1985-12-31,"{""source_name"": ""ChinaTimes""}",,,,,https://cshopping.chinatimes.com/search.aspx?keyword=%E6%BB%B7%E8%82%89%E9%A3%AF&year=1985,manual restricted-archive search queue
MANUAL_000419,ChinaTimes,滷肉飯,1986-01-01,1986-12-31,"{""source_name"": ""ChinaTimes""}",,,,,https://cshopping.chinatimes.com/search.aspx?keyword=%E6%BB%B7%E8%82%89%E9%A3%AF&year=1986,manual restricted-archive search queue
MANUAL_000420,ChinaTimes,滷肉飯,1987-01-01,1987-12-31,"{""source_name"": ""ChinaTimes""}",,,,,https://cshopping.chinatimes.com/search.aspx?keyword=%E6%BB%B7%E8%82%89%E9%A3%AF&year=1987,manual restricted-archive search queue
MANUAL_000421,ChinaTimes,肉燥飯,1946-01-01,1946-12-31,"{""source_name"": ""ChinaTimes""}",,,,,https://cshopping.chinatimes.com/search.aspx?keyword=%E8%82%89%E7%87%A5%E9%A3%AF&year=1946,manual restricted-archive search queue
MANUAL_000422,ChinaTimes,肉燥飯,1947-01-01,1947-12-31,"{""source_name"": ""ChinaTimes""}",,,,,https://cshopping.chinatimes.com/search.aspx?keyword=%E8%82%89%E7%87%A5%E9%A3%AF&year=1947,manual restricted-archive search queue
MANUAL_000423,ChinaTimes,肉燥飯,1948-01-01,1948-12-31,"{""source_name"": ""ChinaTimes""}",,,,,https://cshopping.chinatimes.com/search.aspx?keyword=%E8%82%89%E7%87%A5%E9%A3%AF&year=1948,manual restricted-archive search queue
MANUAL_000424,ChinaTimes,肉燥飯,1949-01-01,1949-12-31,"{""source_name"": ""ChinaTimes""}",,,,,https://cshopping.chinatimes.com/search.aspx?keyword=%E8%82%89%E7%87%A5%E9%A3%AF&year=1949,manual restricted-archive search queue
MANUAL_000425,ChinaTimes,肉燥飯,1950-01-01,1950-12-31,"{""source_name"": ""ChinaTimes""}",,,,,https://cshopping.chinatimes.com/search.aspx?keyword=%E8%82%89%E7%87%A5%E9%A3%AF&year=1950,manual restricted-archive search queue
MANUAL_000426,ChinaTimes,肉燥飯,1951-01-01,1951-12-31,"{""source_name"": ""ChinaTimes""}",,,,,https://cshopping.chinatimes.com/search.aspx?keyword=%E8%82%89%E7%87%A5%E9%A3%AF&year=1951,manual restricted-archive search queue
MANUAL_000427,ChinaTimes,肉燥飯,1952-01-01,1952-12-31,"{""source_name"": ""ChinaTimes""}",,,,,https://cshopping.chinatimes.com/search.aspx?keyword=%E8%82%89%E7%87%A5%E9%A3%AF&year=1952,manual restricted-archive search queue
MANUAL_000428,ChinaTimes,肉燥飯,1953-01-01,1953-12-31,"{""source_name"": ""ChinaTimes""}",,,,,https://cshopping.chinatimes.com/search.aspx?keyword=%E8%82%89%E7%87%A5%E9%A3%AF&year=1953,manual restricted-archive search queue
MANUAL_000429,ChinaTimes,肉燥飯,1954-01-01,1954-12-31,"{""source_name"": ""ChinaTimes""}",,,,,https://cshopping.chinatimes.com/search.aspx?keyword=%E8%82%89%E7%87%A5%E9%A3%AF&year=1954,manual restricted-archive search queue
MANUAL_000430,ChinaTimes,肉燥飯,1955-01-01,1955-12-31,"{""source_name"": ""ChinaTimes""}",,,,,https://cshopping.chinatimes.com/search.aspx?keyword=%E8%82%89%E7%87%A5%E9%A3%AF&year=1955,manual restricted-archive search queue
MANUAL_000431,ChinaTimes,肉燥飯,1956-01-01,1956-12-31,"{""source_name"": ""ChinaTimes""}",,,,,https://cshopping.chinatimes.com/search.aspx?keyword=%E8%82%89%E7%87%A5%E9%A3%AF&year=1956,manual restricted-archive search queue
MANUAL_000432,ChinaTimes,肉燥飯,1957-01-01,1957-12-31,"{""source_name"": ""ChinaTimes""}",,,,,https://cshopping.chinatimes.com/search.aspx?keyword=%E8%82%89%E7%87%A5%E9%A3%AF&year=1957,manual restricted-archive search queue
MANUAL_000433,ChinaTimes,肉燥飯,1958-01-01,1958-12-31,"{""source_name"": ""ChinaTimes""}",,,,,https://cshopping.chinatimes.com/search.aspx?keyword=%E8%82%89%E7%87%A5%E9%A3%AF&year=1958,manual restricted-archive search queue
MANUAL_000434,ChinaTimes,肉燥飯,1959-01-01,1959-12-31,"{""source_name"": ""ChinaTimes""}",,,,,https://cshopping.chinatimes.com/search.aspx?keyword=%E8%82%89%E7%87%A5%E9%A3%AF&year=1959,manual restricted-archive search queue
MANUAL_000435,ChinaTimes,肉燥飯,1960-01-01,1960-12-31,"{""source_name"": ""ChinaTimes""}",,,,,https://cshopping.chinatimes.com/search.aspx?keyword=%E8%82%89%E7%87%A5%E9%A3%AF&year=1960,manual restricted-archive search queue
MANUAL_000436,ChinaTimes,肉燥飯,1961-01-01,1961-12-31,"{""source_name"": ""ChinaTimes""}",,,,,https://cshopping.chinatimes.com/search.aspx?keyword=%E8%82%89%E7%87%A5%E9%A3%AF&year=1961,manual restricted-archive search queue
MANUAL_000437,ChinaTimes,肉燥飯,1962-01-01,1962-12-31,"{""source_name"": ""ChinaTimes""}",,,,,https://cshopping.chinatimes.com/search.aspx?keyword=%E8%82%89%E7%87%A5%E9%A3%AF&year=1962,manual restricted-archive search queue
MANUAL_000438,ChinaTimes,肉燥飯,1963-01-01,1963-12-31,"{""source_name"": ""ChinaTimes""}",,,,,https://cshopping.chinatimes.com/search.aspx?keyword=%E8%82%89%E7%87%A5%E9%A3%AF&year=1963,manual restricted-archive search queue
MANUAL_000439,ChinaTimes,肉燥飯,1964-01-01,1964-12-31,"{""source_name"": ""ChinaTimes""}",,,,,https://cshopping.chinatimes.com/search.aspx?keyword=%E8%82%89%E7%87%A5%E9%A3%AF&year=1964,manual restricted-archive search queue
MANUAL_000440,ChinaTimes,肉燥飯,1965-01-01,1965-12-31,"{""source_name"": ""ChinaTimes""}",,,,,https://cshopping.chinatimes.com/search.aspx?keyword=%E8%82%89%E7%87%A5%E9%A3%AF&year=1965,manual restricted-archive search queue
MANUAL_000441,ChinaTimes,肉燥飯,1966-01-01,1966-12-31,"{""source_name"": ""ChinaTimes""}",,,,,https://cshopping.chinatimes.com/search.aspx?keyword=%E8%82%89%E7%87%A5%E9%A3%AF&year=1966,manual restricted-archive search queue
MANUAL_000442,ChinaTimes,肉燥飯,1967-01-01,1967-12-31,"{""source_name"": ""ChinaTimes""}",,,,,https://cshopping.chinatimes.com/search.aspx?keyword=%E8%82%89%E7%87%A5%E9%A3%AF&year=1967,manual restricted-archive search queue
MANUAL_000443,ChinaTimes,肉燥飯,1968-01-01,1968-12-31,"{""source_name"": ""ChinaTimes""}",,,,,https://cshopping.chinatimes.com/search.aspx?keyword=%E8%82%89%E7%87%A5%E9%A3%AF&year=1968,manual restricted-archive search queue
MANUAL_000444,ChinaTimes,肉燥飯,1969-01-01,1969-12-31,"{""source_name"": ""ChinaTimes""}",,,,,https://cshopping.chinatimes.com/search.aspx?keyword=%E8%82%89%E7%87%A5%E9%A3%AF&year=1969,manual restricted-archive search queue
MANUAL_000445,ChinaTimes,肉燥飯,1970-01-01,1970-12-31,"{""source_name"": ""ChinaTimes""}",,,,,https://cshopping.chinatimes.com/search.aspx?keyword=%E8%82%89%E7%87%A5%E9%A3%AF&year=1970,manual restricted-archive search queue
MANUAL_000446,ChinaTimes,肉燥飯,1971-01-01,1971-12-31,"{""source_name"": ""ChinaTimes""}",,,,,https://cshopping.chinatimes.com/search.aspx?keyword=%E8%82%89%E7%87%A5%E9%A3%AF&year=1971,manual restricted-archive search queue
MANUAL_000447,ChinaTimes,肉燥飯,1972-01-01,1972-12-31,"{""source_name"": ""ChinaTimes""}",,,,,https://cshopping.chinatimes.com/search.aspx?keyword=%E8%82%89%E7%87%A5%E9%A3%AF&year=1972,manual restricted-archive search queue
MANUAL_000448,ChinaTimes,肉燥飯,1973-01-01,1973-12-31,"{""source_name"": ""ChinaTimes""}",,,,,https://cshopping.chinatimes.com/search.aspx?keyword=%E8%82%89%E7%87%A5%E9%A3%AF&year=1973,manual restricted-archive search queue
MANUAL_000449,ChinaTimes,肉燥飯,1974-01-01,1974-12-31,"{""source_name"": ""ChinaTimes""}",,,,,https://cshopping.chinatimes.com/search.aspx?keyword=%E8%82%89%E7%87%A5%E9%A3%AF&year=1974,manual restricted-archive search queue
MANUAL_000450,ChinaTimes,肉燥飯,1975-01-01,1975-12-31,"{""source_name"": ""ChinaTimes""}",,,,,https://cshopping.chinatimes.com/search.aspx?keyword=%E8%82%89%E7%87%A5%E9%A3%AF&year=1975,manual restricted-archive search queue
MANUAL_000451,ChinaTimes,肉燥飯,1976-01-01,1976-12-31,"{""source_name"": ""ChinaTimes""}",,,,,https://cshopping.chinatimes.com/search.aspx?keyword=%E8%82%89%E7%87%A5%E9%A3%AF&year=1976,manual restricted-archive search queue
MANUAL_000452,ChinaTimes,肉燥飯,1977-01-01,1977-12-31,"{""source_name"": ""ChinaTimes""}",,,,,https://cshopping.chinatimes.com/search.aspx?keyword=%E8%82%89%E7%87%A5%E9%A3%AF&year=1977,manual restricted-archive search queue
MANUAL_000453,ChinaTimes,肉燥飯,1978-01-01,1978-12-31,"{""source_name"": ""ChinaTimes""}",,,,,https://cshopping.chinatimes.com/search.aspx?keyword=%E8%82%89%E7%87%A5%E9%A3%AF&year=1978,manual restricted-archive search queue
MANUAL_000454,ChinaTimes,肉燥飯,1979-01-01,1979-12-31,"{""source_name"": ""ChinaTimes""}",,,,,https://cshopping.chinatimes.com/search.aspx?keyword=%E8%82%89%E7%87%A5%E9%A3%AF&year=1979,manual restricted-archive search queue
MANUAL_000455,ChinaTimes,肉燥飯,1980-01-01,1980-12-31,"{""source_name"": ""ChinaTimes""}",,,,,https://cshopping.chinatimes.com/search.aspx?keyword=%E8%82%89%E7%87%A5%E9%A3%AF&year=1980,manual restricted-archive search queue
MANUAL_000456,ChinaTimes,肉燥飯,1981-01-01,1981-12-31,"{""source_name"": ""ChinaTimes""}",,,,,https://cshopping.chinatimes.com/search.aspx?keyword=%E8%82%89%E7%87%A5%E9%A3%AF&year=1981,manual restricted-archive search queue
MANUAL_000457,ChinaTimes,肉燥飯,1982-01-01,1982-12-31,"{""source_name"": ""ChinaTimes""}",,,,,https://cshopping.chinatimes.com/search.aspx?keyword=%E8%82%89%E7%87%A5%E9%A3%AF&year=1982,manual restricted-archive search queue
MANUAL_000458,ChinaTimes,肉燥飯,1983-01-01,1983-12-31,"{""source_name"": ""ChinaTimes""}",,,,,https://cshopping.chinatimes.com/search.aspx?keyword=%E8%82%89%E7%87%A5%E9%A3%AF&year=1983,manual restricted-archive search queue
MANUAL_000459,ChinaTimes,肉燥飯,1984-01-01,1984-12-31,"{""source_name"": ""ChinaTimes""}",,,,,https://cshopping.chinatimes.com/search.aspx?keyword=%E8%82%89%E7%87%A5%E9%A3%AF&year=1984,manual restricted-archive search queue
MANUAL_000460,ChinaTimes,肉燥飯,1985-01-01,1985-12-31,"{""source_name"": ""ChinaTimes""}",,,,,https://cshopping.chinatimes.com/search.aspx?keyword=%E8%82%89%E7%87%A5%E9%A3%AF&year=1985,manual restricted-archive search queue
MANUAL_000461,ChinaTimes,肉燥飯,1986-01-01,1986-12-31,"{""source_name"": ""ChinaTimes""}",,,,,https://cshopping.chinatimes.com/search.aspx?keyword=%E8%82%89%E7%87%A5%E9%A3%AF&year=1986,manual restricted-archive search queue
MANUAL_000462,ChinaTimes,肉燥飯,1987-01-01,1987-12-31,"{""source_name"": ""ChinaTimes""}",,,,,https://cshopping.chinatimes.com/search.aspx?keyword=%E8%82%89%E7%87%A5%E9%A3%AF&year=1987,manual restricted-archive search queue
MANUAL_000463,ChinaTimes,肉臊飯,1946-01-01,1946-12-31,"{""source_name"": ""ChinaTimes""}",,,,,https://cshopping.chinatimes.com/search.aspx?keyword=%E8%82%89%E8%87%8A%E9%A3%AF&year=1946,manual restricted-archive search queue
MANUAL_000464,ChinaTimes,肉臊飯,1947-01-01,1947-12-31,"{""source_name"": ""ChinaTimes""}",,,,,https://cshopping.chinatimes.com/search.aspx?keyword=%E8%82%89%E8%87%8A%E9%A3%AF&year=1947,manual restricted-archive search queue
MANUAL_000465,ChinaTimes,肉臊飯,1948-01-01,1948-12-31,"{""source_name"": ""ChinaTimes""}",,,,,https://cshopping.chinatimes.com/search.aspx?keyword=%E8%82%89%E8%87%8A%E9%A3%AF&year=1948,manual restricted-archive search queue
MANUAL_000466,ChinaTimes,肉臊飯,1949-01-01,1949-12-31,"{""source_name"": ""ChinaTimes""}",,,,,https://cshopping.chinatimes.com/search.aspx?keyword=%E8%82%89%E8%87%8A%E9%A3%AF&year=1949,manual restricted-archive search queue
MANUAL_000467,ChinaTimes,肉臊飯,1950-01-01,1950-12-31,"{""source_name"": ""ChinaTimes""}",,,,,https://cshopping.chinatimes.com/search.aspx?keyword=%E8%82%89%E8%87%8A%E9%A3%AF&year=1950,manual restricted-archive search queue
MANUAL_000468,ChinaTimes,肉臊飯,1951-01-01,1951-12-31,"{""source_name"": ""ChinaTimes""}",,,,,https://cshopping.chinatimes.com/search.aspx?keyword=%E8%82%89%E8%87%8A%E9%A3%AF&year=1951,manual restricted-archive search queue
MANUAL_000469,ChinaTimes,肉臊飯,1952-01-01,1952-12-31,"{""source_name"": ""ChinaTimes""}",,,,,https://cshopping.chinatimes.com/search.aspx?keyword=%E8%82%89%E8%87%8A%E9%A3%AF&year=1952,manual restricted-archive search queue
MANUAL_000470,ChinaTimes,肉臊飯,1953-01-01,1953-12-31,"{""source_name"": ""ChinaTimes""}",,,,,https://cshopping.chinatimes.com/search.aspx?keyword=%E8%82%89%E8%87%8A%E9%A3%AF&year=1953,manual restricted-archive search queue
MANUAL_000471,ChinaTimes,肉臊飯,1954-01-01,1954-12-31,"{""source_name"": ""ChinaTimes""}",,,,,https://cshopping.chinatimes.com/search.aspx?keyword=%E8%82%89%E8%87%8A%E9%A3%AF&year=1954,manual restricted-archive search queue
MANUAL_000472,ChinaTimes,肉臊飯,1955-01-01,1955-12-31,"{""source_name"": ""ChinaTimes""}",,,,,https://cshopping.chinatimes.com/search.aspx?keyword=%E8%82%89%E8%87%8A%E9%A3%AF&year=1955,manual restricted-archive search queue
MANUAL_000473,ChinaTimes,肉臊飯,1956-01-01,1956-12-31,"{""source_name"": ""ChinaTimes""}",,,,,https://cshopping.chinatimes.com/search.aspx?keyword=%E8%82%89%E8%87%8A%E9%A3%AF&year=1956,manual restricted-archive search queue
MANUAL_000474,ChinaTimes,肉臊飯,1957-01-01,1957-12-31,"{""source_name"": ""ChinaTimes""}",,,,,https://cshopping.chinatimes.com/search.aspx?keyword=%E8%82%89%E8%87%8A%E9%A3%AF&year=1957,manual restricted-archive search queue
MANUAL_000475,ChinaTimes,肉臊飯,1958-01-01,1958-12-31,"{""source_name"": ""ChinaTimes""}",,,,,https://cshopping.chinatimes.com/search.aspx?keyword=%E8%82%89%E8%87%8A%E9%A3%AF&year=1958,manual restricted-archive search queue
MANUAL_000476,ChinaTimes,肉臊飯,1959-01-01,1959-12-31,"{""source_name"": ""ChinaTimes""}",,,,,https://cshopping.chinatimes.com/search.aspx?keyword=%E8%82%89%E8%87%8A%E9%A3%AF&year=1959,manual restricted-archive search queue
MANUAL_000477,ChinaTimes,肉臊飯,1960-01-01,1960-12-31,"{""source_name"": ""ChinaTimes""}",,,,,https://cshopping.chinatimes.com/search.aspx?keyword=%E8%82%89%E8%87%8A%E9%A3%AF&year=1960,manual restricted-archive search queue
MANUAL_000478,ChinaTimes,肉臊飯,1961-01-01,1961-12-31,"{""source_name"": ""ChinaTimes""}",,,,,https://cshopping.chinatimes.com/search.aspx?keyword=%E8%82%89%E8%87%8A%E9%A3%AF&year=1961,manual restricted-archive search queue
MANUAL_000479,ChinaTimes,肉臊飯,1962-01-01,1962-12-31,"{""source_name"": ""ChinaTimes""}",,,,,https://cshopping.chinatimes.com/search.aspx?keyword=%E8%82%89%E8%87%8A%E9%A3%AF&year=1962,manual restricted-archive search queue
MANUAL_000480,ChinaTimes,肉臊飯,1963-01-01,1963-12-31,"{""source_name"": ""ChinaTimes""}",,,,,https://cshopping.chinatimes.com/search.aspx?keyword=%E8%82%89%E8%87%8A%E9%A3%AF&year=1963,manual restricted-archive search queue
MANUAL_000481,ChinaTimes,肉臊飯,1964-01-01,1964-12-31,"{""source_name"": ""ChinaTimes""}",,,,,https://cshopping.chinatimes.com/search.aspx?keyword=%E8%82%89%E8%87%8A%E9%A3%AF&year=1964,manual restricted-archive search queue
MANUAL_000482,ChinaTimes,肉臊飯,1965-01-01,1965-12-31,"{""source_name"": ""ChinaTimes""}",,,,,https://cshopping.chinatimes.com/search.aspx?keyword=%E8%82%89%E8%87%8A%E9%A3%AF&year=1965,manual restricted-archive search queue
MANUAL_000483,ChinaTimes,肉臊飯,1966-01-01,1966-12-31,"{""source_name"": ""ChinaTimes""}",,,,,https://cshopping.chinatimes.com/search.aspx?keyword=%E8%82%89%E8%87%8A%E9%A3%AF&year=1966,manual restricted-archive search queue
MANUAL_000484,ChinaTimes,肉臊飯,1967-01-01,1967-12-31,"{""source_name"": ""ChinaTimes""}",,,,,https://cshopping.chinatimes.com/search.aspx?keyword=%E8%82%89%E8%87%8A%E9%A3%AF&year=1967,manual restricted-archive search queue
MANUAL_000485,ChinaTimes,肉臊飯,1968-01-01,1968-12-31,"{""source_name"": ""ChinaTimes""}",,,,,https://cshopping.chinatimes.com/search.aspx?keyword=%E8%82%89%E8%87%8A%E9%A3%AF&year=1968,manual restricted-archive search queue
MANUAL_000486,ChinaTimes,肉臊飯,1969-01-01,1969-12-31,"{""source_name"": ""ChinaTimes""}",,,,,https://cshopping.chinatimes.com/search.aspx?keyword=%E8%82%89%E8%87%8A%E9%A3%AF&year=1969,manual restricted-archive search queue
MANUAL_000487,ChinaTimes,肉臊飯,1970-01-01,1970-12-31,"{""source_name"": ""ChinaTimes""}",,,,,https://cshopping.chinatimes.com/search.aspx?keyword=%E8%82%89%E8%87%8A%E9%A3%AF&year=1970,manual restricted-archive search queue
MANUAL_000488,ChinaTimes,肉臊飯,1971-01-01,1971-12-31,"{""source_name"": ""ChinaTimes""}",,,,,https://cshopping.chinatimes.com/search.aspx?keyword=%E8%82%89%E8%87%8A%E9%A3%AF&year=1971,manual restricted-archive search queue
MANUAL_000489,ChinaTimes,肉臊飯,1972-01-01,1972-12-31,"{""source_name"": ""ChinaTimes""}",,,,,https://cshopping.chinatimes.com/search.aspx?keyword=%E8%82%89%E8%87%8A%E9%A3%AF&year=1972,manual restricted-archive search queue
MANUAL_000490,ChinaTimes,肉臊飯,1973-01-01,1973-12-31,"{""source_name"": ""ChinaTimes""}",,,,,https://cshopping.chinatimes.com/search.aspx?keyword=%E8%82%89%E8%87%8A%E9%A3%AF&year=1973,manual restricted-archive search queue
MANUAL_000491,ChinaTimes,肉臊飯,1974-01-01,1974-12-31,"{""source_name"": ""ChinaTimes""}",,,,,https://cshopping.chinatimes.com/search.aspx?keyword=%E8%82%89%E8%87%8A%E9%A3%AF&year=1974,manual restricted-archive search queue
MANUAL_000492,ChinaTimes,肉臊飯,1975-01-01,1975-12-31,"{""source_name"": ""ChinaTimes""}",,,,,https://cshopping.chinatimes.com/search.aspx?keyword=%E8%82%89%E8%87%8A%E9%A3%AF&year=1975,manual restricted-archive search queue
MANUAL_000493,ChinaTimes,肉臊飯,1976-01-01,1976-12-31,"{""source_name"": ""ChinaTimes""}",,,,,https://cshopping.chinatimes.com/search.aspx?keyword=%E8%82%89%E8%87%8A%E9%A3%AF&year=1976,manual restricted-archive search queue
MANUAL_000494,ChinaTimes,肉臊飯,1977-01-01,1977-12-31,"{""source_name"": ""ChinaTimes""}",,,,,https://cshopping.chinatimes.com/search.aspx?keyword=%E8%82%89%E8%87%8A%E9%A3%AF&year=1977,manual restricted-archive search queue
MANUAL_000495,ChinaTimes,肉臊飯,1978-01-01,1978-12-31,"{""source_name"": ""ChinaTimes""}",,,,,https://cshopping.chinatimes.com/search.aspx?keyword=%E8%82%89%E8%87%8A%E9%A3%AF&year=1978,manual restricted-archive search queue
MANUAL_000496,ChinaTimes,肉臊飯,1979-01-01,1979-12-31,"{""source_name"": ""ChinaTimes""}",,,,,https://cshopping.chinatimes.com/search.aspx?keyword=%E8%82%89%E8%87%8A%E9%A3%AF&year=1979,manual restricted-archive search queue
MANUAL_000497,ChinaTimes,肉臊飯,1980-01-01,1980-12-31,"{""source_name"": ""ChinaTimes""}",,,,,https://cshopping.chinatimes.com/search.aspx?keyword=%E8%82%89%E8%87%8A%E9%A3%AF&year=1980,manual restricted-archive search queue
MANUAL_000498,ChinaTimes,肉臊飯,1981-01-01,1981-12-31,"{""source_name"": ""ChinaTimes""}",,,,,https://cshopping.chinatimes.com/search.aspx?keyword=%E8%82%89%E8%87%8A%E9%A3%AF&year=1981,manual restricted-archive search queue
MANUAL_000499,ChinaTimes,肉臊飯,1982-01-01,1982-12-31,"{""source_name"": ""ChinaTimes""}",,,,,https://cshopping.chinatimes.com/search.aspx?keyword=%E8%82%89%E8%87%8A%E9%A3%AF&year=1982,manual restricted-archive search queue
MANUAL_000500,ChinaTimes,肉臊飯,1983-01-01,1983-12-31,"{""source_name"": ""ChinaTimes""}",,,,,https://cshopping.chinatimes.com/search.aspx?keyword=%E8%82%89%E8%87%8A%E9%A3%AF&year=1983,manual restricted-archive search queue
MANUAL_000501,ChinaTimes,肉臊飯,1984-01-01,1984-12-31,"{""source_name"": ""ChinaTimes""}",,,,,https://cshopping.chinatimes.com/search.aspx?keyword=%E8%82%89%E8%87%8A%E9%A3%AF&year=1984,manual restricted-archive search queue
MANUAL_000502,ChinaTimes,肉臊飯,1985-01-01,1985-12-31,"{""source_name"": ""ChinaTimes""}",,,,,https://cshopping.chinatimes.com/search.aspx?keyword=%E8%82%89%E8%87%8A%E9%A3%AF&year=1985,manual restricted-archive search queue
MANUAL_000503,ChinaTimes,肉臊飯,1986-01-01,1986-12-31,"{""source_name"": ""ChinaTimes""}",,,,,https://cshopping.chinatimes.com/search.aspx?keyword=%E8%82%89%E8%87%8A%E9%A3%AF&year=1986,manual restricted-archive search queue
MANUAL_000504,ChinaTimes,肉臊飯,1987-01-01,1987-12-31,"{""source_name"": ""ChinaTimes""}",,,,,https://cshopping.chinatimes.com/search.aspx?keyword=%E8%82%89%E8%87%8A%E9%A3%AF&year=1987,manual restricted-archive search queue
MANUAL_000505,ChinaTimes,台菜,1946-01-01,1946-12-31,"{""source_name"": ""ChinaTimes""}",,,,,https://cshopping.chinatimes.com/search.aspx?keyword=%E5%8F%B0%E8%8F%9C&year=1946,manual restricted-archive search queue
MANUAL_000506,ChinaTimes,台菜,1947-01-01,1947-12-31,"{""source_name"": ""ChinaTimes""}",,,,,https://cshopping.chinatimes.com/search.aspx?keyword=%E5%8F%B0%E8%8F%9C&year=1947,manual restricted-archive search queue
MANUAL_000507,ChinaTimes,台菜,1948-01-01,1948-12-31,"{""source_name"": ""ChinaTimes""}",,,,,https://cshopping.chinatimes.com/search.aspx?keyword=%E5%8F%B0%E8%8F%9C&year=1948,manual restricted-archive search queue
MANUAL_000508,ChinaTimes,台菜,1949-01-01,1949-12-31,"{""source_name"": ""ChinaTimes""}",,,,,https://cshopping.chinatimes.com/search.aspx?keyword=%E5%8F%B0%E8%8F%9C&year=1949,manual restricted-archive search queue
MANUAL_000509,ChinaTimes,台菜,1950-01-01,1950-12-31,"{""source_name"": ""ChinaTimes""}",,,,,https://cshopping.chinatimes.com/search.aspx?keyword=%E5%8F%B0%E8%8F%9C&year=1950,manual restricted-archive search queue
MANUAL_000510,ChinaTimes,台菜,1951-01-01,1951-12-31,"{""source_name"": ""ChinaTimes""}",,,,,https://cshopping.chinatimes.com/search.aspx?keyword=%E5%8F%B0%E8%8F%9C&year=1951,manual restricted-archive search queue
MANUAL_000511,ChinaTimes,台菜,1952-01-01,1952-12-31,"{""source_name"": ""ChinaTimes""}",,,,,https://cshopping.chinatimes.com/search.aspx?keyword=%E5%8F%B0%E8%8F%9C&year=1952,manual restricted-archive search queue
MANUAL_000512,ChinaTimes,台菜,1953-01-01,1953-12-31,"{""source_name"": ""ChinaTimes""}",,,,,https://cshopping.chinatimes.com/search.aspx?keyword=%E5%8F%B0%E8%8F%9C&year=1953,manual restricted-archive search queue
MANUAL_000513,ChinaTimes,台菜,1954-01-01,1954-12-31,"{""source_name"": ""ChinaTimes""}",,,,,https://cshopping.chinatimes.com/search.aspx?keyword=%E5%8F%B0%E8%8F%9C&year=1954,manual restricted-archive search queue
MANUAL_000514,ChinaTimes,台菜,1955-01-01,1955-12-31,"{""source_name"": ""ChinaTimes""}",,,,,https://cshopping.chinatimes.com/search.aspx?keyword=%E5%8F%B0%E8%8F%9C&year=1955,manual restricted-archive search queue
MANUAL_000515,ChinaTimes,台菜,1956-01-01,1956-12-31,"{""source_name"": ""ChinaTimes""}",,,,,https://cshopping.chinatimes.com/search.aspx?keyword=%E5%8F%B0%E8%8F%9C&year=1956,manual restricted-archive search queue
MANUAL_000516,ChinaTimes,台菜,1957-01-01,1957-12-31,"{""source_name"": ""ChinaTimes""}",,,,,https://cshopping.chinatimes.com/search.aspx?keyword=%E5%8F%B0%E8%8F%9C&year=1957,manual restricted-archive search queue
MANUAL_000517,ChinaTimes,台菜,1958-01-01,1958-12-31,"{""source_name"": ""ChinaTimes""}",,,,,https://cshopping.chinatimes.com/search.aspx?keyword=%E5%8F%B0%E8%8F%9C&year=1958,manual restricted-archive search queue
MANUAL_000518,ChinaTimes,台菜,1959-01-01,1959-12-31,"{""source_name"": ""ChinaTimes""}",,,,,https://cshopping.chinatimes.com/search.aspx?keyword=%E5%8F%B0%E8%8F%9C&year=1959,manual restricted-archive search queue
MANUAL_000519,ChinaTimes,台菜,1960-01-01,1960-12-31,"{""source_name"": ""ChinaTimes""}",,,,,https://cshopping.chinatimes.com/search.aspx?keyword=%E5%8F%B0%E8%8F%9C&year=1960,manual restricted-archive search queue
MANUAL_000520,ChinaTimes,台菜,1961-01-01,1961-12-31,"{""source_name"": ""ChinaTimes""}",,,,,https://cshopping.chinatimes.com/search.aspx?keyword=%E5%8F%B0%E8%8F%9C&year=1961,manual restricted-archive search queue
MANUAL_000521,ChinaTimes,台菜,1962-01-01,1962-12-31,"{""source_name"": ""ChinaTimes""}",,,,,https://cshopping.chinatimes.com/search.aspx?keyword=%E5%8F%B0%E8%8F%9C&year=1962,manual restricted-archive search queue
MANUAL_000522,ChinaTimes,台菜,1963-01-01,1963-12-31,"{""source_name"": ""ChinaTimes""}",,,,,https://cshopping.chinatimes.com/search.aspx?keyword=%E5%8F%B0%E8%8F%9C&year=1963,manual restricted-archive search queue
MANUAL_000523,ChinaTimes,台菜,1964-01-01,1964-12-31,"{""source_name"": ""ChinaTimes""}",,,,,https://cshopping.chinatimes.com/search.aspx?keyword=%E5%8F%B0%E8%8F%9C&year=1964,manual restricted-archive search queue
MANUAL_000524,ChinaTimes,台菜,1965-01-01,1965-12-31,"{""source_name"": ""ChinaTimes""}",,,,,https://cshopping.chinatimes.com/search.aspx?keyword=%E5%8F%B0%E8%8F%9C&year=1965,manual restricted-archive search queue
MANUAL_000525,ChinaTimes,台菜,1966-01-01,1966-12-31,"{""source_name"": ""ChinaTimes""}",,,,,https://cshopping.chinatimes.com/search.aspx?keyword=%E5%8F%B0%E8%8F%9C&year=1966,manual restricted-archive search queue
MANUAL_000526,ChinaTimes,台菜,1967-01-01,1967-12-31,"{""source_name"": ""ChinaTimes""}",,,,,https://cshopping.chinatimes.com/search.aspx?keyword=%E5%8F%B0%E8%8F%9C&year=1967,manual restricted-archive search queue
MANUAL_000527,ChinaTimes,台菜,1968-01-01,1968-12-31,"{""source_name"": ""ChinaTimes""}",,,,,https://cshopping.chinatimes.com/search.aspx?keyword=%E5%8F%B0%E8%8F%9C&year=1968,manual restricted-archive search queue
MANUAL_000528,ChinaTimes,台菜,1969-01-01,1969-12-31,"{""source_name"": ""ChinaTimes""}",,,,,https://cshopping.chinatimes.com/search.aspx?keyword=%E5%8F%B0%E8%8F%9C&year=1969,manual restricted-archive search queue
MANUAL_000529,ChinaTimes,台菜,1970-01-01,1970-12-31,"{""source_name"": ""ChinaTimes""}",,,,,https://cshopping.chinatimes.com/search.aspx?keyword=%E5%8F%B0%E8%8F%9C&year=1970,manual restricted-archive search queue
MANUAL_000530,ChinaTimes,台菜,1971-01-01,1971-12-31,"{""source_name"": ""ChinaTimes""}",,,,,https://cshopping.chinatimes.com/search.aspx?keyword=%E5%8F%B0%E8%8F%9C&year=1971,manual restricted-archive search queue
MANUAL_000531,ChinaTimes,台菜,1972-01-01,1972-12-31,"{""source_name"": ""ChinaTimes""}",,,,,https://cshopping.chinatimes.com/search.aspx?keyword=%E5%8F%B0%E8%8F%9C&year=1972,manual restricted-archive search queue
MANUAL_000532,ChinaTimes,台菜,1973-01-01,1973-12-31,"{""source_name"": ""ChinaTimes""}",,,,,https://cshopping.chinatimes.com/search.aspx?keyword=%E5%8F%B0%E8%8F%9C&year=1973,manual restricted-archive search queue
MANUAL_000533,ChinaTimes,台菜,1974-01-01,1974-12-31,"{""source_name"": ""ChinaTimes""}",,,,,https://cshopping.chinatimes.com/search.aspx?keyword=%E5%8F%B0%E8%8F%9C&year=1974,manual restricted-archive search queue
MANUAL_000534,ChinaTimes,台菜,1975-01-01,1975-12-31,"{""source_name"": ""ChinaTimes""}",,,,,https://cshopping.chinatimes.com/search.aspx?keyword=%E5%8F%B0%E8%8F%9C&year=1975,manual restricted-archive search queue
MANUAL_000535,ChinaTimes,台菜,1976-01-01,1976-12-31,"{""source_name"": ""ChinaTimes""}",,,,,https://cshopping.chinatimes.com/search.aspx?keyword=%E5%8F%B0%E8%8F%9C&year=1976,manual restricted-archive search queue
MANUAL_000536,ChinaTimes,台菜,1977-01-01,1977-12-31,"{""source_name"": ""ChinaTimes""}",,,,,https://cshopping.chinatimes.com/search.aspx?keyword=%E5%8F%B0%E8%8F%9C&year=1977,manual restricted-archive search queue
MANUAL_000537,ChinaTimes,台菜,1978-01-01,1978-12-31,"{""source_name"": ""ChinaTimes""}",,,,,https://cshopping.chinatimes.com/search.aspx?keyword=%E5%8F%B0%E8%8F%9C&year=1978,manual restricted-archive search queue
MANUAL_000538,ChinaTimes,台菜,1979-01-01,1979-12-31,"{""source_name"": ""ChinaTimes""}",,,,,https://cshopping.chinatimes.com/search.aspx?keyword=%E5%8F%B0%E8%8F%9C&year=1979,manual restricted-archive search queue
MANUAL_000539,ChinaTimes,台菜,1980-01-01,1980-12-31,"{""source_name"": ""ChinaTimes""}",,,,,https://cshopping.chinatimes.com/search.aspx?keyword=%E5%8F%B0%E8%8F%9C&year=1980,manual restricted-archive search queue
MANUAL_000540,ChinaTimes,台菜,1981-01-01,1981-12-31,"{""source_name"": ""ChinaTimes""}",,,,,https://cshopping.chinatimes.com/search.aspx?keyword=%E5%8F%B0%E8%8F%9C&year=1981,manual restricted-archive search queue
MANUAL_000541,ChinaTimes,台菜,1982-01-01,1982-12-31,"{""source_name"": ""ChinaTimes""}",,,,,https://cshopping.chinatimes.com/search.aspx?keyword=%E5%8F%B0%E8%8F%9C&year=1982,manual restricted-archive search queue
MANUAL_000542,ChinaTimes,台菜,1983-01-01,1983-12-31,"{""source_name"": ""ChinaTimes""}",,,,,https://cshopping.chinatimes.com/search.aspx?keyword=%E5%8F%B0%E8%8F%9C&year=1983,manual restricted-archive search queue
MANUAL_000543,ChinaTimes,台菜,1984-01-01,1984-12-31,"{""source_name"": ""ChinaTimes""}",,,,,https://cshopping.chinatimes.com/search.aspx?keyword=%E5%8F%B0%E8%8F%9C&year=1984,manual restricted-archive search queue
MANUAL_000544,ChinaTimes,台菜,1985-01-01,1985-12-31,"{""source_name"": ""ChinaTimes""}",,,,,https://cshopping.chinatimes.com/search.aspx?keyword=%E5%8F%B0%E8%8F%9C&year=1985,manual restricted-archive search queue
MANUAL_000545,ChinaTimes,台菜,1986-01-01,1986-12-31,"{""source_name"": ""ChinaTimes""}",,,,,https://cshopping.chinatimes.com/search.aspx?keyword=%E5%8F%B0%E8%8F%9C&year=1986,manual restricted-archive search queue
MANUAL_000546,ChinaTimes,台菜,1987-01-01,1987-12-31,"{""source_name"": ""ChinaTimes""}",,,,,https://cshopping.chinatimes.com/search.aspx?keyword=%E5%8F%B0%E8%8F%9C&year=1987,manual restricted-archive search queue
MANUAL_000547,ChinaTimes,臺菜,1946-01-01,1946-12-31,"{""source_name"": ""ChinaTimes""}",,,,,https://cshopping.chinatimes.com/search.aspx?keyword=%E8%87%BA%E8%8F%9C&year=1946,manual restricted-archive search queue
MANUAL_000548,ChinaTimes,臺菜,1947-01-01,1947-12-31,"{""source_name"": ""ChinaTimes""}",,,,,https://cshopping.chinatimes.com/search.aspx?keyword=%E8%87%BA%E8%8F%9C&year=1947,manual restricted-archive search queue
MANUAL_000549,ChinaTimes,臺菜,1948-01-01,1948-12-31,"{""source_name"": ""ChinaTimes""}",,,,,https://cshopping.chinatimes.com/search.aspx?keyword=%E8%87%BA%E8%8F%9C&year=1948,manual restricted-archive search queue
MANUAL_000550,ChinaTimes,臺菜,1949-01-01,1949-12-31,"{""source_name"": ""ChinaTimes""}",,,,,https://cshopping.chinatimes.com/search.aspx?keyword=%E8%87%BA%E8%8F%9C&year=1949,manual restricted-archive search queue
MANUAL_000551,ChinaTimes,臺菜,1950-01-01,1950-12-31,"{""source_name"": ""ChinaTimes""}",,,,,https://cshopping.chinatimes.com/search.aspx?keyword=%E8%87%BA%E8%8F%9C&year=1950,manual restricted-archive search queue
MANUAL_000552,ChinaTimes,臺菜,1951-01-01,1951-12-31,"{""source_name"": ""ChinaTimes""}",,,,,https://cshopping.chinatimes.com/search.aspx?keyword=%E8%87%BA%E8%8F%9C&year=1951,manual restricted-archive search queue
MANUAL_000553,ChinaTimes,臺菜,1952-01-01,1952-12-31,"{""source_name"": ""ChinaTimes""}",,,,,https://cshopping.chinatimes.com/search.aspx?keyword=%E8%87%BA%E8%8F%9C&year=1952,manual restricted-archive search queue
MANUAL_000554,ChinaTimes,臺菜,1953-01-01,1953-12-31,"{""source_name"": ""ChinaTimes""}",,,,,https://cshopping.chinatimes.com/search.aspx?keyword=%E8%87%BA%E8%8F%9C&year=1953,manual restricted-archive search queue
MANUAL_000555,ChinaTimes,臺菜,1954-01-01,1954-12-31,"{""source_name"": ""ChinaTimes""}",,,,,https://cshopping.chinatimes.com/search.aspx?keyword=%E8%87%BA%E8%8F%9C&year=1954,manual restricted-archive search queue
MANUAL_000556,ChinaTimes,臺菜,1955-01-01,1955-12-31,"{""source_name"": ""ChinaTimes""}",,,,,https://cshopping.chinatimes.com/search.aspx?keyword=%E8%87%BA%E8%8F%9C&year=1955,manual restricted-archive search queue
MANUAL_000557,ChinaTimes,臺菜,1956-01-01,1956-12-31,"{""source_name"": ""ChinaTimes""}",,,,,https://cshopping.chinatimes.com/search.aspx?keyword=%E8%87%BA%E8%8F%9C&year=1956,manual restricted-archive search queue
MANUAL_000558,ChinaTimes,臺菜,1957-01-01,1957-12-31,"{""source_name"": ""ChinaTimes""}",,,,,https://cshopping.chinatimes.com/search.aspx?keyword=%E8%87%BA%E8%8F%9C&year=1957,manual restricted-archive search queue
MANUAL_000559,ChinaTimes,臺菜,1958-01-01,1958-12-31,"{""source_name"": ""ChinaTimes""}",,,,,https://cshopping.chinatimes.com/search.aspx?keyword=%E8%87%BA%E8%8F%9C&year=1958,manual restricted-archive search queue
MANUAL_000560,ChinaTimes,臺菜,1959-01-01,1959-12-31,"{""source_name"": ""ChinaTimes""}",,,,,https://cshopping.chinatimes.com/search.aspx?keyword=%E8%87%BA%E8%8F%9C&year=1959,manual restricted-archive search queue
MANUAL_000561,ChinaTimes,臺菜,1960-01-01,1960-12-31,"{""source_name"": ""ChinaTimes""}",,,,,https://cshopping.chinatimes.com/search.aspx?keyword=%E8%87%BA%E8%8F%9C&year=1960,manual restricted-archive search queue
MANUAL_000562,ChinaTimes,臺菜,1961-01-01,1961-12-31,"{""source_name"": ""ChinaTimes""}",,,,,https://cshopping.chinatimes.com/search.aspx?keyword=%E8%87%BA%E8%8F%9C&year=1961,manual restricted-archive search queue
MANUAL_000563,ChinaTimes,臺菜,1962-01-01,1962-12-31,"{""source_name"": ""ChinaTimes""}",,,,,https://cshopping.chinatimes.com/search.aspx?keyword=%E8%87%BA%E8%8F%9C&year=1962,manual restricted-archive search queue
MANUAL_000564,ChinaTimes,臺菜,1963-01-01,1963-12-31,"{""source_name"": ""ChinaTimes""}",,,,,https://cshopping.chinatimes.com/search.aspx?keyword=%E8%87%BA%E8%8F%9C&year=1963,manual restricted-archive search queue
MANUAL_000565,ChinaTimes,臺菜,1964-01-01,1964-12-31,"{""source_name"": ""ChinaTimes""}",,,,,https://cshopping.chinatimes.com/search.aspx?keyword=%E8%87%BA%E8%8F%9C&year=1964,manual restricted-archive search queue
MANUAL_000566,ChinaTimes,臺菜,1965-01-01,1965-12-31,"{""source_name"": ""ChinaTimes""}",,,,,https://cshopping.chinatimes.com/search.aspx?keyword=%E8%87%BA%E8%8F%9C&year=1965,manual restricted-archive search queue
MANUAL_000567,ChinaTimes,臺菜,1966-01-01,1966-12-31,"{""source_name"": ""ChinaTimes""}",,,,,https://cshopping.chinatimes.com/search.aspx?keyword=%E8%87%BA%E8%8F%9C&year=1966,manual restricted-archive search queue
MANUAL_000568,ChinaTimes,臺菜,1967-01-01,1967-12-31,"{""source_name"": ""ChinaTimes""}",,,,,https://cshopping.chinatimes.com/search.aspx?keyword=%E8%87%BA%E8%8F%9C&year=1967,manual restricted-archive search queue
MANUAL_000569,ChinaTimes,臺菜,1968-01-01,1968-12-31,"{""source_name"": ""ChinaTimes""}",,,,,https://cshopping.chinatimes.com/search.aspx?keyword=%E8%87%BA%E8%8F%9C&year=1968,manual restricted-archive search queue
MANUAL_000570,ChinaTimes,臺菜,1969-01-01,1969-12-31,"{""source_name"": ""ChinaTimes""}",,,,,https://cshopping.chinatimes.com/search.aspx?keyword=%E8%87%BA%E8%8F%9C&year=1969,manual restricted-archive search queue
MANUAL_000571,ChinaTimes,臺菜,1970-01-01,1970-12-31,"{""source_name"": ""ChinaTimes""}",,,,,https://cshopping.chinatimes.com/search.aspx?keyword=%E8%87%BA%E8%8F%9C&year=1970,manual restricted-archive search queue
MANUAL_000572,ChinaTimes,臺菜,1971-01-01,1971-12-31,"{""source_name"": ""ChinaTimes""}",,,,,https://cshopping.chinatimes.com/search.aspx?keyword=%E8%87%BA%E8%8F%9C&year=1971,manual restricted-archive search queue
MANUAL_000573,ChinaTimes,臺菜,1972-01-01,1972-12-31,"{""source_name"": ""ChinaTimes""}",,,,,https://cshopping.chinatimes.com/search.aspx?keyword=%E8%87%BA%E8%8F%9C&year=1972,manual restricted-archive search queue
MANUAL_000574,ChinaTimes,臺菜,1973-01-01,1973-12-31,"{""source_name"": ""ChinaTimes""}",,,,,https://cshopping.chinatimes.com/search.aspx?keyword=%E8%87%BA%E8%8F%9C&year=1973,manual restricted-archive search queue
MANUAL_000575,ChinaTimes,臺菜,1974-01-01,1974-12-31,"{""source_name"": ""ChinaTimes""}",,,,,https://cshopping.chinatimes.com/search.aspx?keyword=%E8%87%BA%E8%8F%9C&year=1974,manual restricted-archive search queue
MANUAL_000576,ChinaTimes,臺菜,1975-01-01,1975-12-31,"{""source_name"": ""ChinaTimes""}",,,,,https://cshopping.chinatimes.com/search.aspx?keyword=%E8%87%BA%E8%8F%9C&year=1975,manual restricted-archive search queue
MANUAL_000577,ChinaTimes,臺菜,1976-01-01,1976-12-31,"{""source_name"": ""ChinaTimes""}",,,,,https://cshopping.chinatimes.com/search.aspx?keyword=%E8%87%BA%E8%8F%9C&year=1976,manual restricted-archive search queue
MANUAL_000578,ChinaTimes,臺菜,1977-01-01,1977-12-31,"{""source_name"": ""ChinaTimes""}",,,,,https://cshopping.chinatimes.com/search.aspx?keyword=%E8%87%BA%E8%8F%9C&year=1977,manual restricted-archive search queue
MANUAL_000579,ChinaTimes,臺菜,1978-01-01,1978-12-31,"{""source_name"": ""ChinaTimes""}",,,,,https://cshopping.chinatimes.com/search.aspx?keyword=%E8%87%BA%E8%8F%9C&year=1978,manual restricted-archive search queue
MANUAL_000580,ChinaTimes,臺菜,1979-01-01,1979-12-31,"{""source_name"": ""ChinaTimes""}",,,,,https://cshopping.chinatimes.com/search.aspx?keyword=%E8%87%BA%E8%8F%9C&year=1979,manual restricted-archive search queue
MANUAL_000581,ChinaTimes,臺菜,1980-01-01,1980-12-31,"{""source_name"": ""ChinaTimes""}",,,,,https://cshopping.chinatimes.com/search.aspx?keyword=%E8%87%BA%E8%8F%9C&year=1980,manual restricted-archive search queue
MANUAL_000582,ChinaTimes,臺菜,1981-01-01,1981-12-31,"{""source_name"": ""ChinaTimes""}",,,,,https://cshopping.chinatimes.com/search.aspx?keyword=%E8%87%BA%E8%8F%9C&year=1981,manual restricted-archive search queue
MANUAL_000583,ChinaTimes,臺菜,1982-01-01,1982-12-31,"{""source_name"": ""ChinaTimes""}",,,,,https://cshopping.chinatimes.com/search.aspx?keyword=%E8%87%BA%E8%8F%9C&year=1982,manual restricted-archive search queue
MANUAL_000584,ChinaTimes,臺菜,1983-01-01,1983-12-31,"{""source_name"": ""ChinaTimes""}",,,,,https://cshopping.chinatimes.com/search.aspx?keyword=%E8%87%BA%E8%8F%9C&year=1983,manual restricted-archive search queue
MANUAL_000585,ChinaTimes,臺菜,1984-01-01,1984-12-31,"{""source_name"": ""ChinaTimes""}",,,,,https://cshopping.chinatimes.com/search.aspx?keyword=%E8%87%BA%E8%8F%9C&year=1984,manual restricted-archive search queue
MANUAL_000586,ChinaTimes,臺菜,1985-01-01,1985-12-31,"{""source_name"": ""ChinaTimes""}",,,,,https://cshopping.chinatimes.com/search.aspx?keyword=%E8%87%BA%E8%8F%9C&year=1985,manual restricted-archive search queue
MANUAL_000587,ChinaTimes,臺菜,1986-01-01,1986-12-31,"{""source_name"": ""ChinaTimes""}",,,,,https://cshopping.chinatimes.com/search.aspx?keyword=%E8%87%BA%E8%8F%9C&year=1986,manual restricted-archive search queue
MANUAL_000588,ChinaTimes,臺菜,1987-01-01,1987-12-31,"{""source_name"": ""ChinaTimes""}",,,,,https://cshopping.chinatimes.com/search.aspx?keyword=%E8%87%BA%E8%8F%9C&year=1987,manual restricted-archive search queue
MANUAL_000589,ChinaTimes,小吃,1946-01-01,1946-12-31,"{""source_name"": ""ChinaTimes""}",,,,,https://cshopping.chinatimes.com/search.aspx?keyword=%E5%B0%8F%E5%90%83&year=1946,manual restricted-archive search queue
MANUAL_000590,ChinaTimes,小吃,1947-01-01,1947-12-31,"{""source_name"": ""ChinaTimes""}",,,,,https://cshopping.chinatimes.com/search.aspx?keyword=%E5%B0%8F%E5%90%83&year=1947,manual restricted-archive search queue
MANUAL_000591,ChinaTimes,小吃,1948-01-01,1948-12-31,"{""source_name"": ""ChinaTimes""}",,,,,https://cshopping.chinatimes.com/search.aspx?keyword=%E5%B0%8F%E5%90%83&year=1948,manual restricted-archive search queue
MANUAL_000592,ChinaTimes,小吃,1949-01-01,1949-12-31,"{""source_name"": ""ChinaTimes""}",,,,,https://cshopping.chinatimes.com/search.aspx?keyword=%E5%B0%8F%E5%90%83&year=1949,manual restricted-archive search queue
MANUAL_000593,ChinaTimes,小吃,1950-01-01,1950-12-31,"{""source_name"": ""ChinaTimes""}",,,,,https://cshopping.chinatimes.com/search.aspx?keyword=%E5%B0%8F%E5%90%83&year=1950,manual restricted-archive search queue
MANUAL_000594,ChinaTimes,小吃,1951-01-01,1951-12-31,"{""source_name"": ""ChinaTimes""}",,,,,https://cshopping.chinatimes.com/search.aspx?keyword=%E5%B0%8F%E5%90%83&year=1951,manual restricted-archive search queue
MANUAL_000595,ChinaTimes,小吃,1952-01-01,1952-12-31,"{""source_name"": ""ChinaTimes""}",,,,,https://cshopping.chinatimes.com/search.aspx?keyword=%E5%B0%8F%E5%90%83&year=1952,manual restricted-archive search queue
MANUAL_000596,ChinaTimes,小吃,1953-01-01,1953-12-31,"{""source_name"": ""ChinaTimes""}",,,,,https://cshopping.chinatimes.com/search.aspx?keyword=%E5%B0%8F%E5%90%83&year=1953,manual restricted-archive search queue
MANUAL_000597,ChinaTimes,小吃,1954-01-01,1954-12-31,"{""source_name"": ""ChinaTimes""}",,,,,https://cshopping.chinatimes.com/search.aspx?keyword=%E5%B0%8F%E5%90%83&year=1954,manual restricted-archive search queue
MANUAL_000598,ChinaTimes,小吃,1955-01-01,1955-12-31,"{""source_name"": ""ChinaTimes""}",,,,,https://cshopping.chinatimes.com/search.aspx?keyword=%E5%B0%8F%E5%90%83&year=1955,manual restricted-archive search queue
MANUAL_000599,ChinaTimes,小吃,1956-01-01,1956-12-31,"{""source_name"": ""ChinaTimes""}",,,,,https://cshopping.chinatimes.com/search.aspx?keyword=%E5%B0%8F%E5%90%83&year=1956,manual restricted-archive search queue
MANUAL_000600,ChinaTimes,小吃,1957-01-01,1957-12-31,"{""source_name"": ""ChinaTimes""}",,,,,https://cshopping.chinatimes.com/search.aspx?keyword=%E5%B0%8F%E5%90%83&year=1957,manual restricted-archive search queue
MANUAL_000601,ChinaTimes,小吃,1958-01-01,1958-12-31,"{""source_name"": ""ChinaTimes""}",,,,,https://cshopping.chinatimes.com/search.aspx?keyword=%E5%B0%8F%E5%90%83&year=1958,manual restricted-archive search queue
MANUAL_000602,ChinaTimes,小吃,1959-01-01,1959-12-31,"{""source_name"": ""ChinaTimes""}",,,,,https://cshopping.chinatimes.com/search.aspx?keyword=%E5%B0%8F%E5%90%83&year=1959,manual restricted-archive search queue
MANUAL_000603,ChinaTimes,小吃,1960-01-01,1960-12-31,"{""source_name"": ""ChinaTimes""}",,,,,https://cshopping.chinatimes.com/search.aspx?keyword=%E5%B0%8F%E5%90%83&year=1960,manual restricted-archive search queue
MANUAL_000604,ChinaTimes,小吃,1961-01-01,1961-12-31,"{""source_name"": ""ChinaTimes""}",,,,,https://cshopping.chinatimes.com/search.aspx?keyword=%E5%B0%8F%E5%90%83&year=1961,manual restricted-archive search queue
MANUAL_000605,ChinaTimes,小吃,1962-01-01,1962-12-31,"{""source_name"": ""ChinaTimes""}",,,,,https://cshopping.chinatimes.com/search.aspx?keyword=%E5%B0%8F%E5%90%83&year=1962,manual restricted-archive search queue
MANUAL_000606,ChinaTimes,小吃,1963-01-01,1963-12-31,"{""source_name"": ""ChinaTimes""}",,,,,https://cshopping.chinatimes.com/search.aspx?keyword=%E5%B0%8F%E5%90%83&year=1963,manual restricted-archive search queue
MANUAL_000607,ChinaTimes,小吃,1964-01-01,1964-12-31,"{""source_name"": ""ChinaTimes""}",,,,,https://cshopping.chinatimes.com/search.aspx?keyword=%E5%B0%8F%E5%90%83&year=1964,manual restricted-archive search queue
MANUAL_000608,ChinaTimes,小吃,1965-01-01,1965-12-31,"{""source_name"": ""ChinaTimes""}",,,,,https://cshopping.chinatimes.com/search.aspx?keyword=%E5%B0%8F%E5%90%83&year=1965,manual restricted-archive search queue
MANUAL_000609,ChinaTimes,小吃,1966-01-01,1966-12-31,"{""source_name"": ""ChinaTimes""}",,,,,https://cshopping.chinatimes.com/search.aspx?keyword=%E5%B0%8F%E5%90%83&year=1966,manual restricted-archive search queue
MANUAL_000610,ChinaTimes,小吃,1967-01-01,1967-12-31,"{""source_name"": ""ChinaTimes""}",,,,,https://cshopping.chinatimes.com/search.aspx?keyword=%E5%B0%8F%E5%90%83&year=1967,manual restricted-archive search queue
MANUAL_000611,ChinaTimes,小吃,1968-01-01,1968-12-31,"{""source_name"": ""ChinaTimes""}",,,,,https://cshopping.chinatimes.com/search.aspx?keyword=%E5%B0%8F%E5%90%83&year=1968,manual restricted-archive search queue
MANUAL_000612,ChinaTimes,小吃,1969-01-01,1969-12-31,"{""source_name"": ""ChinaTimes""}",,,,,https://cshopping.chinatimes.com/search.aspx?keyword=%E5%B0%8F%E5%90%83&year=1969,manual restricted-archive search queue
MANUAL_000613,ChinaTimes,小吃,1970-01-01,1970-12-31,"{""source_name"": ""ChinaTimes""}",,,,,https://cshopping.chinatimes.com/search.aspx?keyword=%E5%B0%8F%E5%90%83&year=1970,manual restricted-archive search queue
MANUAL_000614,ChinaTimes,小吃,1971-01-01,1971-12-31,"{""source_name"": ""ChinaTimes""}",,,,,https://cshopping.chinatimes.com/search.aspx?keyword=%E5%B0%8F%E5%90%83&year=1971,manual restricted-archive search queue
MANUAL_000615,ChinaTimes,小吃,1972-01-01,1972-12-31,"{""source_name"": ""ChinaTimes""}",,,,,https://cshopping.chinatimes.com/search.aspx?keyword=%E5%B0%8F%E5%90%83&year=1972,manual restricted-archive search queue
MANUAL_000616,ChinaTimes,小吃,1973-01-01,1973-12-31,"{""source_name"": ""ChinaTimes""}",,,,,https://cshopping.chinatimes.com/search.aspx?keyword=%E5%B0%8F%E5%90%83&year=1973,manual restricted-archive search queue
MANUAL_000617,ChinaTimes,小吃,1974-01-01,1974-12-31,"{""source_name"": ""ChinaTimes""}",,,,,https://cshopping.chinatimes.com/search.aspx?keyword=%E5%B0%8F%E5%90%83&year=1974,manual restricted-archive search queue
MANUAL_000618,ChinaTimes,小吃,1975-01-01,1975-12-31,"{""source_name"": ""ChinaTimes""}",,,,,https://cshopping.chinatimes.com/search.aspx?keyword=%E5%B0%8F%E5%90%83&year=1975,manual restricted-archive search queue
MANUAL_000619,ChinaTimes,小吃,1976-01-01,1976-12-31,"{""source_name"": ""ChinaTimes""}",,,,,https://cshopping.chinatimes.com/search.aspx?keyword=%E5%B0%8F%E5%90%83&year=1976,manual restricted-archive search queue
MANUAL_000620,ChinaTimes,小吃,1977-01-01,1977-12-31,"{""source_name"": ""ChinaTimes""}",,,,,https://cshopping.chinatimes.com/search.aspx?keyword=%E5%B0%8F%E5%90%83&year=1977,manual restricted-archive search queue
MANUAL_000621,ChinaTimes,小吃,1978-01-01,1978-12-31,"{""source_name"": ""ChinaTimes""}",,,,,https://cshopping.chinatimes.com/search.aspx?keyword=%E5%B0%8F%E5%90%83&year=1978,manual restricted-archive search queue
MANUAL_000622,ChinaTimes,小吃,1979-01-01,1979-12-31,"{""source_name"": ""ChinaTimes""}",,,,,https://cshopping.chinatimes.com/search.aspx?keyword=%E5%B0%8F%E5%90%83&year=1979,manual restricted-archive search queue
MANUAL_000623,ChinaTimes,小吃,1980-01-01,1980-12-31,"{""source_name"": ""ChinaTimes""}",,,,,https://cshopping.chinatimes.com/search.aspx?keyword=%E5%B0%8F%E5%90%83&year=1980,manual restricted-archive search queue
MANUAL_000624,ChinaTimes,小吃,1981-01-01,1981-12-31,"{""source_name"": ""ChinaTimes""}",,,,,https://cshopping.chinatimes.com/search.aspx?keyword=%E5%B0%8F%E5%90%83&year=1981,manual restricted-archive search queue
MANUAL_000625,ChinaTimes,小吃,1982-01-01,1982-12-31,"{""source_name"": ""ChinaTimes""}",,,,,https://cshopping.chinatimes.com/search.aspx?keyword=%E5%B0%8F%E5%90%83&year=1982,manual restricted-archive search queue
MANUAL_000626,ChinaTimes,小吃,1983-01-01,1983-12-31,"{""source_name"": ""ChinaTimes""}",,,,,https://cshopping.chinatimes.com/search.aspx?keyword=%E5%B0%8F%E5%90%83&year=1983,manual restricted-archive search queue
MANUAL_000627,ChinaTimes,小吃,1984-01-01,1984-12-31,"{""source_name"": ""ChinaTimes""}",,,,,https://cshopping.chinatimes.com/search.aspx?keyword=%E5%B0%8F%E5%90%83&year=1984,manual restricted-archive search queue
MANUAL_000628,ChinaTimes,小吃,1985-01-01,1985-12-31,"{""source_name"": ""ChinaTimes""}",,,,,https://cshopping.chinatimes.com/search.aspx?keyword=%E5%B0%8F%E5%90%83&year=1985,manual restricted-archive search queue
MANUAL_000629,ChinaTimes,小吃,1986-01-01,1986-12-31,"{""source_name"": ""ChinaTimes""}",,,,,https://cshopping.chinatimes.com/search.aspx?keyword=%E5%B0%8F%E5%90%83&year=1986,manual restricted-archive search queue
MANUAL_000630,ChinaTimes,小吃,1987-01-01,1987-12-31,"{""source_name"": ""ChinaTimes""}",,,,,https://cshopping.chinatimes.com/search.aspx?keyword=%E5%B0%8F%E5%90%83&year=1987,manual restricted-archive search queue
MANUAL_000631,ChinaTimes,夜市,1946-01-01,1946-12-31,"{""source_name"": ""ChinaTimes""}",,,,,https://cshopping.chinatimes.com/search.aspx?keyword=%E5%A4%9C%E5%B8%82&year=1946,manual restricted-archive search queue
MANUAL_000632,ChinaTimes,夜市,1947-01-01,1947-12-31,"{""source_name"": ""ChinaTimes""}",,,,,https://cshopping.chinatimes.com/search.aspx?keyword=%E5%A4%9C%E5%B8%82&year=1947,manual restricted-archive search queue
MANUAL_000633,ChinaTimes,夜市,1948-01-01,1948-12-31,"{""source_name"": ""ChinaTimes""}",,,,,https://cshopping.chinatimes.com/search.aspx?keyword=%E5%A4%9C%E5%B8%82&year=1948,manual restricted-archive search queue
MANUAL_000634,ChinaTimes,夜市,1949-01-01,1949-12-31,"{""source_name"": ""ChinaTimes""}",,,,,https://cshopping.chinatimes.com/search.aspx?keyword=%E5%A4%9C%E5%B8%82&year=1949,manual restricted-archive search queue
MANUAL_000635,ChinaTimes,夜市,1950-01-01,1950-12-31,"{""source_name"": ""ChinaTimes""}",,,,,https://cshopping.chinatimes.com/search.aspx?keyword=%E5%A4%9C%E5%B8%82&year=1950,manual restricted-archive search queue
MANUAL_000636,ChinaTimes,夜市,1951-01-01,1951-12-31,"{""source_name"": ""ChinaTimes""}",,,,,https://cshopping.chinatimes.com/search.aspx?keyword=%E5%A4%9C%E5%B8%82&year=1951,manual restricted-archive search queue
MANUAL_000637,ChinaTimes,夜市,1952-01-01,1952-12-31,"{""source_name"": ""ChinaTimes""}",,,,,https://cshopping.chinatimes.com/search.aspx?keyword=%E5%A4%9C%E5%B8%82&year=1952,manual restricted-archive search queue
MANUAL_000638,ChinaTimes,夜市,1953-01-01,1953-12-31,"{""source_name"": ""ChinaTimes""}",,,,,https://cshopping.chinatimes.com/search.aspx?keyword=%E5%A4%9C%E5%B8%82&year=1953,manual restricted-archive search queue
MANUAL_000639,ChinaTimes,夜市,1954-01-01,1954-12-31,"{""source_name"": ""ChinaTimes""}",,,,,https://cshopping.chinatimes.com/search.aspx?keyword=%E5%A4%9C%E5%B8%82&year=1954,manual restricted-archive search queue
MANUAL_000640,ChinaTimes,夜市,1955-01-01,1955-12-31,"{""source_name"": ""ChinaTimes""}",,,,,https://cshopping.chinatimes.com/search.aspx?keyword=%E5%A4%9C%E5%B8%82&year=1955,manual restricted-archive search queue
MANUAL_000641,ChinaTimes,夜市,1956-01-01,1956-12-31,"{""source_name"": ""ChinaTimes""}",,,,,https://cshopping.chinatimes.com/search.aspx?keyword=%E5%A4%9C%E5%B8%82&year=1956,manual restricted-archive search queue
MANUAL_000642,ChinaTimes,夜市,1957-01-01,1957-12-31,"{""source_name"": ""ChinaTimes""}",,,,,https://cshopping.chinatimes.com/search.aspx?keyword=%E5%A4%9C%E5%B8%82&year=1957,manual restricted-archive search queue
MANUAL_000643,ChinaTimes,夜市,1958-01-01,1958-12-31,"{""source_name"": ""ChinaTimes""}",,,,,https://cshopping.chinatimes.com/search.aspx?keyword=%E5%A4%9C%E5%B8%82&year=1958,manual restricted-archive search queue
MANUAL_000644,ChinaTimes,夜市,1959-01-01,1959-12-31,"{""source_name"": ""ChinaTimes""}",,,,,https://cshopping.chinatimes.com/search.aspx?keyword=%E5%A4%9C%E5%B8%82&year=1959,manual restricted-archive search queue
MANUAL_000645,ChinaTimes,夜市,1960-01-01,1960-12-31,"{""source_name"": ""ChinaTimes""}",,,,,https://cshopping.chinatimes.com/search.aspx?keyword=%E5%A4%9C%E5%B8%82&year=1960,manual restricted-archive search queue
MANUAL_000646,ChinaTimes,夜市,1961-01-01,1961-12-31,"{""source_name"": ""ChinaTimes""}",,,,,https://cshopping.chinatimes.com/search.aspx?keyword=%E5%A4%9C%E5%B8%82&year=1961,manual restricted-archive search queue
MANUAL_000647,ChinaTimes,夜市,1962-01-01,1962-12-31,"{""source_name"": ""ChinaTimes""}",,,,,https://cshopping.chinatimes.com/search.aspx?keyword=%E5%A4%9C%E5%B8%82&year=1962,manual restricted-archive search queue
MANUAL_000648,ChinaTimes,夜市,1963-01-01,1963-12-31,"{""source_name"": ""ChinaTimes""}",,,,,https://cshopping.chinatimes.com/search.aspx?keyword=%E5%A4%9C%E5%B8%82&year=1963,manual restricted-archive search queue
MANUAL_000649,ChinaTimes,夜市,1964-01-01,1964-12-31,"{""source_name"": ""ChinaTimes""}",,,,,https://cshopping.chinatimes.com/search.aspx?keyword=%E5%A4%9C%E5%B8%82&year=1964,manual restricted-archive search queue
MANUAL_000650,ChinaTimes,夜市,1965-01-01,1965-12-31,"{""source_name"": ""ChinaTimes""}",,,,,https://cshopping.chinatimes.com/search.aspx?keyword=%E5%A4%9C%E5%B8%82&year=1965,manual restricted-archive search queue
MANUAL_000651,ChinaTimes,夜市,1966-01-01,1966-12-31,"{""source_name"": ""ChinaTimes""}",,,,,https://cshopping.chinatimes.com/search.aspx?keyword=%E5%A4%9C%E5%B8%82&year=1966,manual restricted-archive search queue
MANUAL_000652,ChinaTimes,夜市,1967-01-01,1967-12-31,"{""source_name"": ""ChinaTimes""}",,,,,https://cshopping.chinatimes.com/search.aspx?keyword=%E5%A4%9C%E5%B8%82&year=1967,manual restricted-archive search queue
MANUAL_000653,ChinaTimes,夜市,1968-01-01,1968-12-31,"{""source_name"": ""ChinaTimes""}",,,,,https://cshopping.chinatimes.com/search.aspx?keyword=%E5%A4%9C%E5%B8%82&year=1968,manual restricted-archive search queue
MANUAL_000654,ChinaTimes,夜市,1969-01-01,1969-12-31,"{""source_name"": ""ChinaTimes""}",,,,,https://cshopping.chinatimes.com/search.aspx?keyword=%E5%A4%9C%E5%B8%82&year=1969,manual restricted-archive search queue
MANUAL_000655,ChinaTimes,夜市,1970-01-01,1970-12-31,"{""source_name"": ""ChinaTimes""}",,,,,https://cshopping.chinatimes.com/search.aspx?keyword=%E5%A4%9C%E5%B8%82&year=1970,manual restricted-archive search queue
MANUAL_000656,ChinaTimes,夜市,1971-01-01,1971-12-31,"{""source_name"": ""ChinaTimes""}",,,,,https://cshopping.chinatimes.com/search.aspx?keyword=%E5%A4%9C%E5%B8%82&year=1971,manual restricted-archive search queue
MANUAL_000657,ChinaTimes,夜市,1972-01-01,1972-12-31,"{""source_name"": ""ChinaTimes""}",,,,,https://cshopping.chinatimes.com/search.aspx?keyword=%E5%A4%9C%E5%B8%82&year=1972,manual restricted-archive search queue
MANUAL_000658,ChinaTimes,夜市,1973-01-01,1973-12-31,"{""source_name"": ""ChinaTimes""}",,,,,https://cshopping.chinatimes.com/search.aspx?keyword=%E5%A4%9C%E5%B8%82&year=1973,manual restricted-archive search queue
MANUAL_000659,ChinaTimes,夜市,1974-01-01,1974-12-31,"{""source_name"": ""ChinaTimes""}",,,,,https://cshopping.chinatimes.com/search.aspx?keyword=%E5%A4%9C%E5%B8%82&year=1974,manual restricted-archive search queue
MANUAL_000660,ChinaTimes,夜市,1975-01-01,1975-12-31,"{""source_name"": ""ChinaTimes""}",,,,,https://cshopping.chinatimes.com/search.aspx?keyword=%E5%A4%9C%E5%B8%82&year=1975,manual restricted-archive search queue
MANUAL_000661,ChinaTimes,夜市,1976-01-01,1976-12-31,"{""source_name"": ""ChinaTimes""}",,,,,https://cshopping.chinatimes.com/search.aspx?keyword=%E5%A4%9C%E5%B8%82&year=1976,manual restricted-archive search queue
MANUAL_000662,ChinaTimes,夜市,1977-01-01,1977-12-31,"{""source_name"": ""ChinaTimes""}",,,,,https://cshopping.chinatimes.com/search.aspx?keyword=%E5%A4%9C%E5%B8%82&year=1977,manual restricted-archive search queue
MANUAL_000663,ChinaTimes,夜市,1978-01-01,1978-12-31,"{""source_name"": ""ChinaTimes""}",,,,,https://cshopping.chinatimes.com/search.aspx?keyword=%E5%A4%9C%E5%B8%82&year=1978,manual restricted-archive search queue
MANUAL_000664,ChinaTimes,夜市,1979-01-01,1979-12-31,"{""source_name"": ""ChinaTimes""}",,,,,https://cshopping.chinatimes.com/search.aspx?keyword=%E5%A4%9C%E5%B8%82&year=1979,manual restricted-archive search queue
MANUAL_000665,ChinaTimes,夜市,1980-01-01,1980-12-31,"{""source_name"": ""ChinaTimes""}",,,,,https://cshopping.chinatimes.com/search.aspx?keyword=%E5%A4%9C%E5%B8%82&year=1980,manual restricted-archive search queue
MANUAL_000666,ChinaTimes,夜市,1981-01-01,1981-12-31,"{""source_name"": ""ChinaTimes""}",,,,,https://cshopping.chinatimes.com/search.aspx?keyword=%E5%A4%9C%E5%B8%82&year=1981,manual restricted-archive search queue
MANUAL_000667,ChinaTimes,夜市,1982-01-01,1982-12-31,"{""source_name"": ""ChinaTimes""}",,,,,https://cshopping.chinatimes.com/search.aspx?keyword=%E5%A4%9C%E5%B8%82&year=1982,manual restricted-archive search queue
MANUAL_000668,ChinaTimes,夜市,1983-01-01,1983-12-31,"{""source_name"": ""ChinaTimes""}",,,,,https://cshopping.chinatimes.com/search.aspx?keyword=%E5%A4%9C%E5%B8%82&year=1983,manual restricted-archive search queue
MANUAL_000669,ChinaTimes,夜市,1984-01-01,1984-12-31,"{""source_name"": ""ChinaTimes""}",,,,,https://cshopping.chinatimes.com/search.aspx?keyword=%E5%A4%9C%E5%B8%82&year=1984,manual restricted-archive search queue
MANUAL_000670,ChinaTimes,夜市,1985-01-01,1985-12-31,"{""source_name"": ""ChinaTimes""}",,,,,https://cshopping.chinatimes.com/search.aspx?keyword=%E5%A4%9C%E5%B8%82&year=1985,manual restricted-archive search queue
MANUAL_000671,ChinaTimes,夜市,1986-01-01,1986-12-31,"{""source_name"": ""ChinaTimes""}",,,,,https://cshopping.chinatimes.com/search.aspx?keyword=%E5%A4%9C%E5%B8%82&year=1986,manual restricted-archive search queue
MANUAL_000672,ChinaTimes,夜市,1987-01-01,1987-12-31,"{""source_name"": ""ChinaTimes""}",,,,,https://cshopping.chinatimes.com/search.aspx?keyword=%E5%A4%9C%E5%B8%82&year=1987,manual restricted-archive search queue
MANUAL_000673,TBMC,魯肉飯,1946-01-01,1946-12-31,"{""source_name"": ""TBMC""}",,,,,https://www.tbmc.com.tw/zh-tw/search?keyword=%E9%AD%AF%E8%82%89%E9%A3%AF&year=1946,manual restricted-archive search queue
MANUAL_000674,TBMC,魯肉飯,1947-01-01,1947-12-31,"{""source_name"": ""TBMC""}",,,,,https://www.tbmc.com.tw/zh-tw/search?keyword=%E9%AD%AF%E8%82%89%E9%A3%AF&year=1947,manual restricted-archive search queue
MANUAL_000675,TBMC,魯肉飯,1948-01-01,1948-12-31,"{""source_name"": ""TBMC""}",,,,,https://www.tbmc.com.tw/zh-tw/search?keyword=%E9%AD%AF%E8%82%89%E9%A3%AF&year=1948,manual restricted-archive search queue
MANUAL_000676,TBMC,魯肉飯,1949-01-01,1949-12-31,"{""source_name"": ""TBMC""}",,,,,https://www.tbmc.com.tw/zh-tw/search?keyword=%E9%AD%AF%E8%82%89%E9%A3%AF&year=1949,manual restricted-archive search queue
MANUAL_000677,TBMC,魯肉飯,1950-01-01,1950-12-31,"{""source_name"": ""TBMC""}",,,,,https://www.tbmc.com.tw/zh-tw/search?keyword=%E9%AD%AF%E8%82%89%E9%A3%AF&year=1950,manual restricted-archive search queue
MANUAL_000678,TBMC,魯肉飯,1951-01-01,1951-12-31,"{""source_name"": ""TBMC""}",,,,,https://www.tbmc.com.tw/zh-tw/search?keyword=%E9%AD%AF%E8%82%89%E9%A3%AF&year=1951,manual restricted-archive search queue
MANUAL_000679,TBMC,魯肉飯,1952-01-01,1952-12-31,"{""source_name"": ""TBMC""}",,,,,https://www.tbmc.com.tw/zh-tw/search?keyword=%E9%AD%AF%E8%82%89%E9%A3%AF&year=1952,manual restricted-archive search queue
MANUAL_000680,TBMC,魯肉飯,1953-01-01,1953-12-31,"{""source_name"": ""TBMC""}",,,,,https://www.tbmc.com.tw/zh-tw/search?keyword=%E9%AD%AF%E8%82%89%E9%A3%AF&year=1953,manual restricted-archive search queue
MANUAL_000681,TBMC,魯肉飯,1954-01-01,1954-12-31,"{""source_name"": ""TBMC""}",,,,,https://www.tbmc.com.tw/zh-tw/search?keyword=%E9%AD%AF%E8%82%89%E9%A3%AF&year=1954,manual restricted-archive search queue
MANUAL_000682,TBMC,魯肉飯,1955-01-01,1955-12-31,"{""source_name"": ""TBMC""}",,,,,https://www.tbmc.com.tw/zh-tw/search?keyword=%E9%AD%AF%E8%82%89%E9%A3%AF&year=1955,manual restricted-archive search queue
MANUAL_000683,TBMC,魯肉飯,1956-01-01,1956-12-31,"{""source_name"": ""TBMC""}",,,,,https://www.tbmc.com.tw/zh-tw/search?keyword=%E9%AD%AF%E8%82%89%E9%A3%AF&year=1956,manual restricted-archive search queue
MANUAL_000684,TBMC,魯肉飯,1957-01-01,1957-12-31,"{""source_name"": ""TBMC""}",,,,,https://www.tbmc.com.tw/zh-tw/search?keyword=%E9%AD%AF%E8%82%89%E9%A3%AF&year=1957,manual restricted-archive search queue
MANUAL_000685,TBMC,魯肉飯,1958-01-01,1958-12-31,"{""source_name"": ""TBMC""}",,,,,https://www.tbmc.com.tw/zh-tw/search?keyword=%E9%AD%AF%E8%82%89%E9%A3%AF&year=1958,manual restricted-archive search queue
MANUAL_000686,TBMC,魯肉飯,1959-01-01,1959-12-31,"{""source_name"": ""TBMC""}",,,,,https://www.tbmc.com.tw/zh-tw/search?keyword=%E9%AD%AF%E8%82%89%E9%A3%AF&year=1959,manual restricted-archive search queue
MANUAL_000687,TBMC,魯肉飯,1960-01-01,1960-12-31,"{""source_name"": ""TBMC""}",,,,,https://www.tbmc.com.tw/zh-tw/search?keyword=%E9%AD%AF%E8%82%89%E9%A3%AF&year=1960,manual restricted-archive search queue
MANUAL_000688,TBMC,魯肉飯,1961-01-01,1961-12-31,"{""source_name"": ""TBMC""}",,,,,https://www.tbmc.com.tw/zh-tw/search?keyword=%E9%AD%AF%E8%82%89%E9%A3%AF&year=1961,manual restricted-archive search queue
MANUAL_000689,TBMC,魯肉飯,1962-01-01,1962-12-31,"{""source_name"": ""TBMC""}",,,,,https://www.tbmc.com.tw/zh-tw/search?keyword=%E9%AD%AF%E8%82%89%E9%A3%AF&year=1962,manual restricted-archive search queue
MANUAL_000690,TBMC,魯肉飯,1963-01-01,1963-12-31,"{""source_name"": ""TBMC""}",,,,,https://www.tbmc.com.tw/zh-tw/search?keyword=%E9%AD%AF%E8%82%89%E9%A3%AF&year=1963,manual restricted-archive search queue
MANUAL_000691,TBMC,魯肉飯,1964-01-01,1964-12-31,"{""source_name"": ""TBMC""}",,,,,https://www.tbmc.com.tw/zh-tw/search?keyword=%E9%AD%AF%E8%82%89%E9%A3%AF&year=1964,manual restricted-archive search queue
MANUAL_000692,TBMC,魯肉飯,1965-01-01,1965-12-31,"{""source_name"": ""TBMC""}",,,,,https://www.tbmc.com.tw/zh-tw/search?keyword=%E9%AD%AF%E8%82%89%E9%A3%AF&year=1965,manual restricted-archive search queue
MANUAL_000693,TBMC,魯肉飯,1966-01-01,1966-12-31,"{""source_name"": ""TBMC""}",,,,,https://www.tbmc.com.tw/zh-tw/search?keyword=%E9%AD%AF%E8%82%89%E9%A3%AF&year=1966,manual restricted-archive search queue
MANUAL_000694,TBMC,魯肉飯,1967-01-01,1967-12-31,"{""source_name"": ""TBMC""}",,,,,https://www.tbmc.com.tw/zh-tw/search?keyword=%E9%AD%AF%E8%82%89%E9%A3%AF&year=1967,manual restricted-archive search queue
MANUAL_000695,TBMC,魯肉飯,1968-01-01,1968-12-31,"{""source_name"": ""TBMC""}",,,,,https://www.tbmc.com.tw/zh-tw/search?keyword=%E9%AD%AF%E8%82%89%E9%A3%AF&year=1968,manual restricted-archive search queue
MANUAL_000696,TBMC,魯肉飯,1969-01-01,1969-12-31,"{""source_name"": ""TBMC""}",,,,,https://www.tbmc.com.tw/zh-tw/search?keyword=%E9%AD%AF%E8%82%89%E9%A3%AF&year=1969,manual restricted-archive search queue
MANUAL_000697,TBMC,魯肉飯,1970-01-01,1970-12-31,"{""source_name"": ""TBMC""}",,,,,https://www.tbmc.com.tw/zh-tw/search?keyword=%E9%AD%AF%E8%82%89%E9%A3%AF&year=1970,manual restricted-archive search queue
MANUAL_000698,TBMC,魯肉飯,1971-01-01,1971-12-31,"{""source_name"": ""TBMC""}",,,,,https://www.tbmc.com.tw/zh-tw/search?keyword=%E9%AD%AF%E8%82%89%E9%A3%AF&year=1971,manual restricted-archive search queue
MANUAL_000699,TBMC,魯肉飯,1972-01-01,1972-12-31,"{""source_name"": ""TBMC""}",,,,,https://www.tbmc.com.tw/zh-tw/search?keyword=%E9%AD%AF%E8%82%89%E9%A3%AF&year=1972,manual restricted-archive search queue
MANUAL_000700,TBMC,魯肉飯,1973-01-01,1973-12-31,"{""source_name"": ""TBMC""}",,,,,https://www.tbmc.com.tw/zh-tw/search?keyword=%E9%AD%AF%E8%82%89%E9%A3%AF&year=1973,manual restricted-archive search queue
MANUAL_000701,TBMC,魯肉飯,1974-01-01,1974-12-31,"{""source_name"": ""TBMC""}",,,,,https://www.tbmc.com.tw/zh-tw/search?keyword=%E9%AD%AF%E8%82%89%E9%A3%AF&year=1974,manual restricted-archive search queue
MANUAL_000702,TBMC,魯肉飯,1975-01-01,1975-12-31,"{""source_name"": ""TBMC""}",,,,,https://www.tbmc.com.tw/zh-tw/search?keyword=%E9%AD%AF%E8%82%89%E9%A3%AF&year=1975,manual restricted-archive search queue
MANUAL_000703,TBMC,魯肉飯,1976-01-01,1976-12-31,"{""source_name"": ""TBMC""}",,,,,https://www.tbmc.com.tw/zh-tw/search?keyword=%E9%AD%AF%E8%82%89%E9%A3%AF&year=1976,manual restricted-archive search queue
MANUAL_000704,TBMC,魯肉飯,1977-01-01,1977-12-31,"{""source_name"": ""TBMC""}",,,,,https://www.tbmc.com.tw/zh-tw/search?keyword=%E9%AD%AF%E8%82%89%E9%A3%AF&year=1977,manual restricted-archive search queue
MANUAL_000705,TBMC,魯肉飯,1978-01-01,1978-12-31,"{""source_name"": ""TBMC""}",,,,,https://www.tbmc.com.tw/zh-tw/search?keyword=%E9%AD%AF%E8%82%89%E9%A3%AF&year=1978,manual restricted-archive search queue
MANUAL_000706,TBMC,魯肉飯,1979-01-01,1979-12-31,"{""source_name"": ""TBMC""}",,,,,https://www.tbmc.com.tw/zh-tw/search?keyword=%E9%AD%AF%E8%82%89%E9%A3%AF&year=1979,manual restricted-archive search queue
MANUAL_000707,TBMC,魯肉飯,1980-01-01,1980-12-31,"{""source_name"": ""TBMC""}",,,,,https://www.tbmc.com.tw/zh-tw/search?keyword=%E9%AD%AF%E8%82%89%E9%A3%AF&year=1980,manual restricted-archive search queue
MANUAL_000708,TBMC,魯肉飯,1981-01-01,1981-12-31,"{""source_name"": ""TBMC""}",,,,,https://www.tbmc.com.tw/zh-tw/search?keyword=%E9%AD%AF%E8%82%89%E9%A3%AF&year=1981,manual restricted-archive search queue
MANUAL_000709,TBMC,魯肉飯,1982-01-01,1982-12-31,"{""source_name"": ""TBMC""}",,,,,https://www.tbmc.com.tw/zh-tw/search?keyword=%E9%AD%AF%E8%82%89%E9%A3%AF&year=1982,manual restricted-archive search queue
MANUAL_000710,TBMC,魯肉飯,1983-01-01,1983-12-31,"{""source_name"": ""TBMC""}",,,,,https://www.tbmc.com.tw/zh-tw/search?keyword=%E9%AD%AF%E8%82%89%E9%A3%AF&year=1983,manual restricted-archive search queue
MANUAL_000711,TBMC,魯肉飯,1984-01-01,1984-12-31,"{""source_name"": ""TBMC""}",,,,,https://www.tbmc.com.tw/zh-tw/search?keyword=%E9%AD%AF%E8%82%89%E9%A3%AF&year=1984,manual restricted-archive search queue
MANUAL_000712,TBMC,魯肉飯,1985-01-01,1985-12-31,"{""source_name"": ""TBMC""}",,,,,https://www.tbmc.com.tw/zh-tw/search?keyword=%E9%AD%AF%E8%82%89%E9%A3%AF&year=1985,manual restricted-archive search queue
MANUAL_000713,TBMC,魯肉飯,1986-01-01,1986-12-31,"{""source_name"": ""TBMC""}",,,,,https://www.tbmc.com.tw/zh-tw/search?keyword=%E9%AD%AF%E8%82%89%E9%A3%AF&year=1986,manual restricted-archive search queue
MANUAL_000714,TBMC,魯肉飯,1987-01-01,1987-12-31,"{""source_name"": ""TBMC""}",,,,,https://www.tbmc.com.tw/zh-tw/search?keyword=%E9%AD%AF%E8%82%89%E9%A3%AF&year=1987,manual restricted-archive search queue
MANUAL_000715,TBMC,滷肉飯,1946-01-01,1946-12-31,"{""source_name"": ""TBMC""}",,,,,https://www.tbmc.com.tw/zh-tw/search?keyword=%E6%BB%B7%E8%82%89%E9%A3%AF&year=1946,manual restricted-archive search queue
MANUAL_000716,TBMC,滷肉飯,1947-01-01,1947-12-31,"{""source_name"": ""TBMC""}",,,,,https://www.tbmc.com.tw/zh-tw/search?keyword=%E6%BB%B7%E8%82%89%E9%A3%AF&year=1947,manual restricted-archive search queue
MANUAL_000717,TBMC,滷肉飯,1948-01-01,1948-12-31,"{""source_name"": ""TBMC""}",,,,,https://www.tbmc.com.tw/zh-tw/search?keyword=%E6%BB%B7%E8%82%89%E9%A3%AF&year=1948,manual restricted-archive search queue
MANUAL_000718,TBMC,滷肉飯,1949-01-01,1949-12-31,"{""source_name"": ""TBMC""}",,,,,https://www.tbmc.com.tw/zh-tw/search?keyword=%E6%BB%B7%E8%82%89%E9%A3%AF&year=1949,manual restricted-archive search queue
MANUAL_000719,TBMC,滷肉飯,1950-01-01,1950-12-31,"{""source_name"": ""TBMC""}",,,,,https://www.tbmc.com.tw/zh-tw/search?keyword=%E6%BB%B7%E8%82%89%E9%A3%AF&year=1950,manual restricted-archive search queue
MANUAL_000720,TBMC,滷肉飯,1951-01-01,1951-12-31,"{""source_name"": ""TBMC""}",,,,,https://www.tbmc.com.tw/zh-tw/search?keyword=%E6%BB%B7%E8%82%89%E9%A3%AF&year=1951,manual restricted-archive search queue
MANUAL_000721,TBMC,滷肉飯,1952-01-01,1952-12-31,"{""source_name"": ""TBMC""}",,,,,https://www.tbmc.com.tw/zh-tw/search?keyword=%E6%BB%B7%E8%82%89%E9%A3%AF&year=1952,manual restricted-archive search queue
MANUAL_000722,TBMC,滷肉飯,1953-01-01,1953-12-31,"{""source_name"": ""TBMC""}",,,,,https://www.tbmc.com.tw/zh-tw/search?keyword=%E6%BB%B7%E8%82%89%E9%A3%AF&year=1953,manual restricted-archive search queue
MANUAL_000723,TBMC,滷肉飯,1954-01-01,1954-12-31,"{""source_name"": ""TBMC""}",,,,,https://www.tbmc.com.tw/zh-tw/search?keyword=%E6%BB%B7%E8%82%89%E9%A3%AF&year=1954,manual restricted-archive search queue
MANUAL_000724,TBMC,滷肉飯,1955-01-01,1955-12-31,"{""source_name"": ""TBMC""}",,,,,https://www.tbmc.com.tw/zh-tw/search?keyword=%E6%BB%B7%E8%82%89%E9%A3%AF&year=1955,manual restricted-archive search queue
MANUAL_000725,TBMC,滷肉飯,1956-01-01,1956-12-31,"{""source_name"": ""TBMC""}",,,,,https://www.tbmc.com.tw/zh-tw/search?keyword=%E6%BB%B7%E8%82%89%E9%A3%AF&year=1956,manual restricted-archive search queue
MANUAL_000726,TBMC,滷肉飯,1957-01-01,1957-12-31,"{""source_name"": ""TBMC""}",,,,,https://www.tbmc.com.tw/zh-tw/search?keyword=%E6%BB%B7%E8%82%89%E9%A3%AF&year=1957,manual restricted-archive search queue
MANUAL_000727,TBMC,滷肉飯,1958-01-01,1958-12-31,"{""source_name"": ""TBMC""}",,,,,https://www.tbmc.com.tw/zh-tw/search?keyword=%E6%BB%B7%E8%82%89%E9%A3%AF&year=1958,manual restricted-archive search queue
MANUAL_000728,TBMC,滷肉飯,1959-01-01,1959-12-31,"{""source_name"": ""TBMC""}",,,,,https://www.tbmc.com.tw/zh-tw/search?keyword=%E6%BB%B7%E8%82%89%E9%A3%AF&year=1959,manual restricted-archive search queue
MANUAL_000729,TBMC,滷肉飯,1960-01-01,1960-12-31,"{""source_name"": ""TBMC""}",,,,,https://www.tbmc.com.tw/zh-tw/search?keyword=%E6%BB%B7%E8%82%89%E9%A3%AF&year=1960,manual restricted-archive search queue
MANUAL_000730,TBMC,滷肉飯,1961-01-01,1961-12-31,"{""source_name"": ""TBMC""}",,,,,https://www.tbmc.com.tw/zh-tw/search?keyword=%E6%BB%B7%E8%82%89%E9%A3%AF&year=1961,manual restricted-archive search queue
MANUAL_000731,TBMC,滷肉飯,1962-01-01,1962-12-31,"{""source_name"": ""TBMC""}",,,,,https://www.tbmc.com.tw/zh-tw/search?keyword=%E6%BB%B7%E8%82%89%E9%A3%AF&year=1962,manual restricted-archive search queue
MANUAL_000732,TBMC,滷肉飯,1963-01-01,1963-12-31,"{""source_name"": ""TBMC""}",,,,,https://www.tbmc.com.tw/zh-tw/search?keyword=%E6%BB%B7%E8%82%89%E9%A3%AF&year=1963,manual restricted-archive search queue
MANUAL_000733,TBMC,滷肉飯,1964-01-01,1964-12-31,"{""source_name"": ""TBMC""}",,,,,https://www.tbmc.com.tw/zh-tw/search?keyword=%E6%BB%B7%E8%82%89%E9%A3%AF&year=1964,manual restricted-archive search queue
MANUAL_000734,TBMC,滷肉飯,1965-01-01,1965-12-31,"{""source_name"": ""TBMC""}",,,,,https://www.tbmc.com.tw/zh-tw/search?keyword=%E6%BB%B7%E8%82%89%E9%A3%AF&year=1965,manual restricted-archive search queue
MANUAL_000735,TBMC,滷肉飯,1966-01-01,1966-12-31,"{""source_name"": ""TBMC""}",,,,,https://www.tbmc.com.tw/zh-tw/search?keyword=%E6%BB%B7%E8%82%89%E9%A3%AF&year=1966,manual restricted-archive search queue
MANUAL_000736,TBMC,滷肉飯,1967-01-01,1967-12-31,"{""source_name"": ""TBMC""}",,,,,https://www.tbmc.com.tw/zh-tw/search?keyword=%E6%BB%B7%E8%82%89%E9%A3%AF&year=1967,manual restricted-archive search queue
MANUAL_000737,TBMC,滷肉飯,1968-01-01,1968-12-31,"{""source_name"": ""TBMC""}",,,,,https://www.tbmc.com.tw/zh-tw/search?keyword=%E6%BB%B7%E8%82%89%E9%A3%AF&year=1968,manual restricted-archive search queue
MANUAL_000738,TBMC,滷肉飯,1969-01-01,1969-12-31,"{""source_name"": ""TBMC""}",,,,,https://www.tbmc.com.tw/zh-tw/search?keyword=%E6%BB%B7%E8%82%89%E9%A3%AF&year=1969,manual restricted-archive search queue
MANUAL_000739,TBMC,滷肉飯,1970-01-01,1970-12-31,"{""source_name"": ""TBMC""}",,,,,https://www.tbmc.com.tw/zh-tw/search?keyword=%E6%BB%B7%E8%82%89%E9%A3%AF&year=1970,manual restricted-archive search queue
MANUAL_000740,TBMC,滷肉飯,1971-01-01,1971-12-31,"{""source_name"": ""TBMC""}",,,,,https://www.tbmc.com.tw/zh-tw/search?keyword=%E6%BB%B7%E8%82%89%E9%A3%AF&year=1971,manual restricted-archive search queue
MANUAL_000741,TBMC,滷肉飯,1972-01-01,1972-12-31,"{""source_name"": ""TBMC""}",,,,,https://www.tbmc.com.tw/zh-tw/search?keyword=%E6%BB%B7%E8%82%89%E9%A3%AF&year=1972,manual restricted-archive search queue
MANUAL_000742,TBMC,滷肉飯,1973-01-01,1973-12-31,"{""source_name"": ""TBMC""}",,,,,https://www.tbmc.com.tw/zh-tw/search?keyword=%E6%BB%B7%E8%82%89%E9%A3%AF&year=1973,manual restricted-archive search queue
MANUAL_000743,TBMC,滷肉飯,1974-01-01,1974-12-31,"{""source_name"": ""TBMC""}",,,,,https://www.tbmc.com.tw/zh-tw/search?keyword=%E6%BB%B7%E8%82%89%E9%A3%AF&year=1974,manual restricted-archive search queue
MANUAL_000744,TBMC,滷肉飯,1975-01-01,1975-12-31,"{""source_name"": ""TBMC""}",,,,,https://www.tbmc.com.tw/zh-tw/search?keyword=%E6%BB%B7%E8%82%89%E9%A3%AF&year=1975,manual restricted-archive search queue
MANUAL_000745,TBMC,滷肉飯,1976-01-01,1976-12-31,"{""source_name"": ""TBMC""}",,,,,https://www.tbmc.com.tw/zh-tw/search?keyword=%E6%BB%B7%E8%82%89%E9%A3%AF&year=1976,manual restricted-archive search queue
MANUAL_000746,TBMC,滷肉飯,1977-01-01,1977-12-31,"{""source_name"": ""TBMC""}",,,,,https://www.tbmc.com.tw/zh-tw/search?keyword=%E6%BB%B7%E8%82%89%E9%A3%AF&year=1977,manual restricted-archive search queue
MANUAL_000747,TBMC,滷肉飯,1978-01-01,1978-12-31,"{""source_name"": ""TBMC""}",,,,,https://www.tbmc.com.tw/zh-tw/search?keyword=%E6%BB%B7%E8%82%89%E9%A3%AF&year=1978,manual restricted-archive search queue
MANUAL_000748,TBMC,滷肉飯,1979-01-01,1979-12-31,"{""source_name"": ""TBMC""}",,,,,https://www.tbmc.com.tw/zh-tw/search?keyword=%E6%BB%B7%E8%82%89%E9%A3%AF&year=1979,manual restricted-archive search queue
MANUAL_000749,TBMC,滷肉飯,1980-01-01,1980-12-31,"{""source_name"": ""TBMC""}",,,,,https://www.tbmc.com.tw/zh-tw/search?keyword=%E6%BB%B7%E8%82%89%E9%A3%AF&year=1980,manual restricted-archive search queue
MANUAL_000750,TBMC,滷肉飯,1981-01-01,1981-12-31,"{""source_name"": ""TBMC""}",,,,,https://www.tbmc.com.tw/zh-tw/search?keyword=%E6%BB%B7%E8%82%89%E9%A3%AF&year=1981,manual restricted-archive search queue
MANUAL_000751,TBMC,滷肉飯,1982-01-01,1982-12-31,"{""source_name"": ""TBMC""}",,,,,https://www.tbmc.com.tw/zh-tw/search?keyword=%E6%BB%B7%E8%82%89%E9%A3%AF&year=1982,manual restricted-archive search queue
MANUAL_000752,TBMC,滷肉飯,1983-01-01,1983-12-31,"{""source_name"": ""TBMC""}",,,,,https://www.tbmc.com.tw/zh-tw/search?keyword=%E6%BB%B7%E8%82%89%E9%A3%AF&year=1983,manual restricted-archive search queue
MANUAL_000753,TBMC,滷肉飯,1984-01-01,1984-12-31,"{""source_name"": ""TBMC""}",,,,,https://www.tbmc.com.tw/zh-tw/search?keyword=%E6%BB%B7%E8%82%89%E9%A3%AF&year=1984,manual restricted-archive search queue
MANUAL_000754,TBMC,滷肉飯,1985-01-01,1985-12-31,"{""source_name"": ""TBMC""}",,,,,https://www.tbmc.com.tw/zh-tw/search?keyword=%E6%BB%B7%E8%82%89%E9%A3%AF&year=1985,manual restricted-archive search queue
MANUAL_000755,TBMC,滷肉飯,1986-01-01,1986-12-31,"{""source_name"": ""TBMC""}",,,,,https://www.tbmc.com.tw/zh-tw/search?keyword=%E6%BB%B7%E8%82%89%E9%A3%AF&year=1986,manual restricted-archive search queue
MANUAL_000756,TBMC,滷肉飯,1987-01-01,1987-12-31,"{""source_name"": ""TBMC""}",,,,,https://www.tbmc.com.tw/zh-tw/search?keyword=%E6%BB%B7%E8%82%89%E9%A3%AF&year=1987,manual restricted-archive search queue
MANUAL_000757,TBMC,肉燥飯,1946-01-01,1946-12-31,"{""source_name"": ""TBMC""}",,,,,https://www.tbmc.com.tw/zh-tw/search?keyword=%E8%82%89%E7%87%A5%E9%A3%AF&year=1946,manual restricted-archive search queue
MANUAL_000758,TBMC,肉燥飯,1947-01-01,1947-12-31,"{""source_name"": ""TBMC""}",,,,,https://www.tbmc.com.tw/zh-tw/search?keyword=%E8%82%89%E7%87%A5%E9%A3%AF&year=1947,manual restricted-archive search queue
MANUAL_000759,TBMC,肉燥飯,1948-01-01,1948-12-31,"{""source_name"": ""TBMC""}",,,,,https://www.tbmc.com.tw/zh-tw/search?keyword=%E8%82%89%E7%87%A5%E9%A3%AF&year=1948,manual restricted-archive search queue
MANUAL_000760,TBMC,肉燥飯,1949-01-01,1949-12-31,"{""source_name"": ""TBMC""}",,,,,https://www.tbmc.com.tw/zh-tw/search?keyword=%E8%82%89%E7%87%A5%E9%A3%AF&year=1949,manual restricted-archive search queue
MANUAL_000761,TBMC,肉燥飯,1950-01-01,1950-12-31,"{""source_name"": ""TBMC""}",,,,,https://www.tbmc.com.tw/zh-tw/search?keyword=%E8%82%89%E7%87%A5%E9%A3%AF&year=1950,manual restricted-archive search queue
MANUAL_000762,TBMC,肉燥飯,1951-01-01,1951-12-31,"{""source_name"": ""TBMC""}",,,,,https://www.tbmc.com.tw/zh-tw/search?keyword=%E8%82%89%E7%87%A5%E9%A3%AF&year=1951,manual restricted-archive search queue
MANUAL_000763,TBMC,肉燥飯,1952-01-01,1952-12-31,"{""source_name"": ""TBMC""}",,,,,https://www.tbmc.com.tw/zh-tw/search?keyword=%E8%82%89%E7%87%A5%E9%A3%AF&year=1952,manual restricted-archive search queue
MANUAL_000764,TBMC,肉燥飯,1953-01-01,1953-12-31,"{""source_name"": ""TBMC""}",,,,,https://www.tbmc.com.tw/zh-tw/search?keyword=%E8%82%89%E7%87%A5%E9%A3%AF&year=1953,manual restricted-archive search queue
MANUAL_000765,TBMC,肉燥飯,1954-01-01,1954-12-31,"{""source_name"": ""TBMC""}",,,,,https://www.tbmc.com.tw/zh-tw/search?keyword=%E8%82%89%E7%87%A5%E9%A3%AF&year=1954,manual restricted-archive search queue
MANUAL_000766,TBMC,肉燥飯,1955-01-01,1955-12-31,"{""source_name"": ""TBMC""}",,,,,https://www.tbmc.com.tw/zh-tw/search?keyword=%E8%82%89%E7%87%A5%E9%A3%AF&year=1955,manual restricted-archive search queue
MANUAL_000767,TBMC,肉燥飯,1956-01-01,1956-12-31,"{""source_name"": ""TBMC""}",,,,,https://www.tbmc.com.tw/zh-tw/search?keyword=%E8%82%89%E7%87%A5%E9%A3%AF&year=1956,manual restricted-archive search queue
MANUAL_000768,TBMC,肉燥飯,1957-01-01,1957-12-31,"{""source_name"": ""TBMC""}",,,,,https://www.tbmc.com.tw/zh-tw/search?keyword=%E8%82%89%E7%87%A5%E9%A3%AF&year=1957,manual restricted-archive search queue
MANUAL_000769,TBMC,肉燥飯,1958-01-01,1958-12-31,"{""source_name"": ""TBMC""}",,,,,https://www.tbmc.com.tw/zh-tw/search?keyword=%E8%82%89%E7%87%A5%E9%A3%AF&year=1958,manual restricted-archive search queue
MANUAL_000770,TBMC,肉燥飯,1959-01-01,1959-12-31,"{""source_name"": ""TBMC""}",,,,,https://www.tbmc.com.tw/zh-tw/search?keyword=%E8%82%89%E7%87%A5%E9%A3%AF&year=1959,manual restricted-archive search queue
MANUAL_000771,TBMC,肉燥飯,1960-01-01,1960-12-31,"{""source_name"": ""TBMC""}",,,,,https://www.tbmc.com.tw/zh-tw/search?keyword=%E8%82%89%E7%87%A5%E9%A3%AF&year=1960,manual restricted-archive search queue
MANUAL_000772,TBMC,肉燥飯,1961-01-01,1961-12-31,"{""source_name"": ""TBMC""}",,,,,https://www.tbmc.com.tw/zh-tw/search?keyword=%E8%82%89%E7%87%A5%E9%A3%AF&year=1961,manual restricted-archive search queue
MANUAL_000773,TBMC,肉燥飯,1962-01-01,1962-12-31,"{""source_name"": ""TBMC""}",,,,,https://www.tbmc.com.tw/zh-tw/search?keyword=%E8%82%89%E7%87%A5%E9%A3%AF&year=1962,manual restricted-archive search queue
MANUAL_000774,TBMC,肉燥飯,1963-01-01,1963-12-31,"{""source_name"": ""TBMC""}",,,,,https://www.tbmc.com.tw/zh-tw/search?keyword=%E8%82%89%E7%87%A5%E9%A3%AF&year=1963,manual restricted-archive search queue
MANUAL_000775,TBMC,肉燥飯,1964-01-01,1964-12-31,"{""source_name"": ""TBMC""}",,,,,https://www.tbmc.com.tw/zh-tw/search?keyword=%E8%82%89%E7%87%A5%E9%A3%AF&year=1964,manual restricted-archive search queue
MANUAL_000776,TBMC,肉燥飯,1965-01-01,1965-12-31,"{""source_name"": ""TBMC""}",,,,,https://www.tbmc.com.tw/zh-tw/search?keyword=%E8%82%89%E7%87%A5%E9%A3%AF&year=1965,manual restricted-archive search queue
MANUAL_000777,TBMC,肉燥飯,1966-01-01,1966-12-31,"{""source_name"": ""TBMC""}",,,,,https://www.tbmc.com.tw/zh-tw/search?keyword=%E8%82%89%E7%87%A5%E9%A3%AF&year=1966,manual restricted-archive search queue
MANUAL_000778,TBMC,肉燥飯,1967-01-01,1967-12-31,"{""source_name"": ""TBMC""}",,,,,https://www.tbmc.com.tw/zh-tw/search?keyword=%E8%82%89%E7%87%A5%E9%A3%AF&year=1967,manual restricted-archive search queue
MANUAL_000779,TBMC,肉燥飯,1968-01-01,1968-12-31,"{""source_name"": ""TBMC""}",,,,,https://www.tbmc.com.tw/zh-tw/search?keyword=%E8%82%89%E7%87%A5%E9%A3%AF&year=1968,manual restricted-archive search queue
MANUAL_000780,TBMC,肉燥飯,1969-01-01,1969-12-31,"{""source_name"": ""TBMC""}",,,,,https://www.tbmc.com.tw/zh-tw/search?keyword=%E8%82%89%E7%87%A5%E9%A3%AF&year=1969,manual restricted-archive search queue
MANUAL_000781,TBMC,肉燥飯,1970-01-01,1970-12-31,"{""source_name"": ""TBMC""}",,,,,https://www.tbmc.com.tw/zh-tw/search?keyword=%E8%82%89%E7%87%A5%E9%A3%AF&year=1970,manual restricted-archive search queue
MANUAL_000782,TBMC,肉燥飯,1971-01-01,1971-12-31,"{""source_name"": ""TBMC""}",,,,,https://www.tbmc.com.tw/zh-tw/search?keyword=%E8%82%89%E7%87%A5%E9%A3%AF&year=1971,manual restricted-archive search queue
MANUAL_000783,TBMC,肉燥飯,1972-01-01,1972-12-31,"{""source_name"": ""TBMC""}",,,,,https://www.tbmc.com.tw/zh-tw/search?keyword=%E8%82%89%E7%87%A5%E9%A3%AF&year=1972,manual restricted-archive search queue
MANUAL_000784,TBMC,肉燥飯,1973-01-01,1973-12-31,"{""source_name"": ""TBMC""}",,,,,https://www.tbmc.com.tw/zh-tw/search?keyword=%E8%82%89%E7%87%A5%E9%A3%AF&year=1973,manual restricted-archive search queue
MANUAL_000785,TBMC,肉燥飯,1974-01-01,1974-12-31,"{""source_name"": ""TBMC""}",,,,,https://www.tbmc.com.tw/zh-tw/search?keyword=%E8%82%89%E7%87%A5%E9%A3%AF&year=1974,manual restricted-archive search queue
MANUAL_000786,TBMC,肉燥飯,1975-01-01,1975-12-31,"{""source_name"": ""TBMC""}",,,,,https://www.tbmc.com.tw/zh-tw/search?keyword=%E8%82%89%E7%87%A5%E9%A3%AF&year=1975,manual restricted-archive search queue
MANUAL_000787,TBMC,肉燥飯,1976-01-01,1976-12-31,"{""source_name"": ""TBMC""}",,,,,https://www.tbmc.com.tw/zh-tw/search?keyword=%E8%82%89%E7%87%A5%E9%A3%AF&year=1976,manual restricted-archive search queue
MANUAL_000788,TBMC,肉燥飯,1977-01-01,1977-12-31,"{""source_name"": ""TBMC""}",,,,,https://www.tbmc.com.tw/zh-tw/search?keyword=%E8%82%89%E7%87%A5%E9%A3%AF&year=1977,manual restricted-archive search queue
MANUAL_000789,TBMC,肉燥飯,1978-01-01,1978-12-31,"{""source_name"": ""TBMC""}",,,,,https://www.tbmc.com.tw/zh-tw/search?keyword=%E8%82%89%E7%87%A5%E9%A3%AF&year=1978,manual restricted-archive search queue
MANUAL_000790,TBMC,肉燥飯,1979-01-01,1979-12-31,"{""source_name"": ""TBMC""}",,,,,https://www.tbmc.com.tw/zh-tw/search?keyword=%E8%82%89%E7%87%A5%E9%A3%AF&year=1979,manual restricted-archive search queue
MANUAL_000791,TBMC,肉燥飯,1980-01-01,1980-12-31,"{""source_name"": ""TBMC""}",,,,,https://www.tbmc.com.tw/zh-tw/search?keyword=%E8%82%89%E7%87%A5%E9%A3%AF&year=1980,manual restricted-archive search queue
MANUAL_000792,TBMC,肉燥飯,1981-01-01,1981-12-31,"{""source_name"": ""TBMC""}",,,,,https://www.tbmc.com.tw/zh-tw/search?keyword=%E8%82%89%E7%87%A5%E9%A3%AF&year=1981,manual restricted-archive search queue
MANUAL_000793,TBMC,肉燥飯,1982-01-01,1982-12-31,"{""source_name"": ""TBMC""}",,,,,https://www.tbmc.com.tw/zh-tw/search?keyword=%E8%82%89%E7%87%A5%E9%A3%AF&year=1982,manual restricted-archive search queue
MANUAL_000794,TBMC,肉燥飯,1983-01-01,1983-12-31,"{""source_name"": ""TBMC""}",,,,,https://www.tbmc.com.tw/zh-tw/search?keyword=%E8%82%89%E7%87%A5%E9%A3%AF&year=1983,manual restricted-archive search queue
MANUAL_000795,TBMC,肉燥飯,1984-01-01,1984-12-31,"{""source_name"": ""TBMC""}",,,,,https://www.tbmc.com.tw/zh-tw/search?keyword=%E8%82%89%E7%87%A5%E9%A3%AF&year=1984,manual restricted-archive search queue
MANUAL_000796,TBMC,肉燥飯,1985-01-01,1985-12-31,"{""source_name"": ""TBMC""}",,,,,https://www.tbmc.com.tw/zh-tw/search?keyword=%E8%82%89%E7%87%A5%E9%A3%AF&year=1985,manual restricted-archive search queue
MANUAL_000797,TBMC,肉燥飯,1986-01-01,1986-12-31,"{""source_name"": ""TBMC""}",,,,,https://www.tbmc.com.tw/zh-tw/search?keyword=%E8%82%89%E7%87%A5%E9%A3%AF&year=1986,manual restricted-archive search queue
MANUAL_000798,TBMC,肉燥飯,1987-01-01,1987-12-31,"{""source_name"": ""TBMC""}",,,,,https://www.tbmc.com.tw/zh-tw/search?keyword=%E8%82%89%E7%87%A5%E9%A3%AF&year=1987,manual restricted-archive search queue
MANUAL_000799,TBMC,肉臊飯,1946-01-01,1946-12-31,"{""source_name"": ""TBMC""}",,,,,https://www.tbmc.com.tw/zh-tw/search?keyword=%E8%82%89%E8%87%8A%E9%A3%AF&year=1946,manual restricted-archive search queue
MANUAL_000800,TBMC,肉臊飯,1947-01-01,1947-12-31,"{""source_name"": ""TBMC""}",,,,,https://www.tbmc.com.tw/zh-tw/search?keyword=%E8%82%89%E8%87%8A%E9%A3%AF&year=1947,manual restricted-archive search queue
MANUAL_000801,TBMC,肉臊飯,1948-01-01,1948-12-31,"{""source_name"": ""TBMC""}",,,,,https://www.tbmc.com.tw/zh-tw/search?keyword=%E8%82%89%E8%87%8A%E9%A3%AF&year=1948,manual restricted-archive search queue
MANUAL_000802,TBMC,肉臊飯,1949-01-01,1949-12-31,"{""source_name"": ""TBMC""}",,,,,https://www.tbmc.com.tw/zh-tw/search?keyword=%E8%82%89%E8%87%8A%E9%A3%AF&year=1949,manual restricted-archive search queue
MANUAL_000803,TBMC,肉臊飯,1950-01-01,1950-12-31,"{""source_name"": ""TBMC""}",,,,,https://www.tbmc.com.tw/zh-tw/search?keyword=%E8%82%89%E8%87%8A%E9%A3%AF&year=1950,manual restricted-archive search queue
MANUAL_000804,TBMC,肉臊飯,1951-01-01,1951-12-31,"{""source_name"": ""TBMC""}",,,,,https://www.tbmc.com.tw/zh-tw/search?keyword=%E8%82%89%E8%87%8A%E9%A3%AF&year=1951,manual restricted-archive search queue
MANUAL_000805,TBMC,肉臊飯,1952-01-01,1952-12-31,"{""source_name"": ""TBMC""}",,,,,https://www.tbmc.com.tw/zh-tw/search?keyword=%E8%82%89%E8%87%8A%E9%A3%AF&year=1952,manual restricted-archive search queue
MANUAL_000806,TBMC,肉臊飯,1953-01-01,1953-12-31,"{""source_name"": ""TBMC""}",,,,,https://www.tbmc.com.tw/zh-tw/search?keyword=%E8%82%89%E8%87%8A%E9%A3%AF&year=1953,manual restricted-archive search queue
MANUAL_000807,TBMC,肉臊飯,1954-01-01,1954-12-31,"{""source_name"": ""TBMC""}",,,,,https://www.tbmc.com.tw/zh-tw/search?keyword=%E8%82%89%E8%87%8A%E9%A3%AF&year=1954,manual restricted-archive search queue
MANUAL_000808,TBMC,肉臊飯,1955-01-01,1955-12-31,"{""source_name"": ""TBMC""}",,,,,https://www.tbmc.com.tw/zh-tw/search?keyword=%E8%82%89%E8%87%8A%E9%A3%AF&year=1955,manual restricted-archive search queue
MANUAL_000809,TBMC,肉臊飯,1956-01-01,1956-12-31,"{""source_name"": ""TBMC""}",,,,,https://www.tbmc.com.tw/zh-tw/search?keyword=%E8%82%89%E8%87%8A%E9%A3%AF&year=1956,manual restricted-archive search queue
MANUAL_000810,TBMC,肉臊飯,1957-01-01,1957-12-31,"{""source_name"": ""TBMC""}",,,,,https://www.tbmc.com.tw/zh-tw/search?keyword=%E8%82%89%E8%87%8A%E9%A3%AF&year=1957,manual restricted-archive search queue
MANUAL_000811,TBMC,肉臊飯,1958-01-01,1958-12-31,"{""source_name"": ""TBMC""}",,,,,https://www.tbmc.com.tw/zh-tw/search?keyword=%E8%82%89%E8%87%8A%E9%A3%AF&year=1958,manual restricted-archive search queue
MANUAL_000812,TBMC,肉臊飯,1959-01-01,1959-12-31,"{""source_name"": ""TBMC""}",,,,,https://www.tbmc.com.tw/zh-tw/search?keyword=%E8%82%89%E8%87%8A%E9%A3%AF&year=1959,manual restricted-archive search queue
MANUAL_000813,TBMC,肉臊飯,1960-01-01,1960-12-31,"{""source_name"": ""TBMC""}",,,,,https://www.tbmc.com.tw/zh-tw/search?keyword=%E8%82%89%E8%87%8A%E9%A3%AF&year=1960,manual restricted-archive search queue
MANUAL_000814,TBMC,肉臊飯,1961-01-01,1961-12-31,"{""source_name"": ""TBMC""}",,,,,https://www.tbmc.com.tw/zh-tw/search?keyword=%E8%82%89%E8%87%8A%E9%A3%AF&year=1961,manual restricted-archive search queue
MANUAL_000815,TBMC,肉臊飯,1962-01-01,1962-12-31,"{""source_name"": ""TBMC""}",,,,,https://www.tbmc.com.tw/zh-tw/search?keyword=%E8%82%89%E8%87%8A%E9%A3%AF&year=1962,manual restricted-archive search queue
MANUAL_000816,TBMC,肉臊飯,1963-01-01,1963-12-31,"{""source_name"": ""TBMC""}",,,,,https://www.tbmc.com.tw/zh-tw/search?keyword=%E8%82%89%E8%87%8A%E9%A3%AF&year=1963,manual restricted-archive search queue
MANUAL_000817,TBMC,肉臊飯,1964-01-01,1964-12-31,"{""source_name"": ""TBMC""}",,,,,https://www.tbmc.com.tw/zh-tw/search?keyword=%E8%82%89%E8%87%8A%E9%A3%AF&year=1964,manual restricted-archive search queue
MANUAL_000818,TBMC,肉臊飯,1965-01-01,1965-12-31,"{""source_name"": ""TBMC""}",,,,,https://www.tbmc.com.tw/zh-tw/search?keyword=%E8%82%89%E8%87%8A%E9%A3%AF&year=1965,manual restricted-archive search queue
MANUAL_000819,TBMC,肉臊飯,1966-01-01,1966-12-31,"{""source_name"": ""TBMC""}",,,,,https://www.tbmc.com.tw/zh-tw/search?keyword=%E8%82%89%E8%87%8A%E9%A3%AF&year=1966,manual restricted-archive search queue
MANUAL_000820,TBMC,肉臊飯,1967-01-01,1967-12-31,"{""source_name"": ""TBMC""}",,,,,https://www.tbmc.com.tw/zh-tw/search?keyword=%E8%82%89%E8%87%8A%E9%A3%AF&year=1967,manual restricted-archive search queue
MANUAL_000821,TBMC,肉臊飯,1968-01-01,1968-12-31,"{""source_name"": ""TBMC""}",,,,,https://www.tbmc.com.tw/zh-tw/search?keyword=%E8%82%89%E8%87%8A%E9%A3%AF&year=1968,manual restricted-archive search queue
MANUAL_000822,TBMC,肉臊飯,1969-01-01,1969-12-31,"{""source_name"": ""TBMC""}",,,,,https://www.tbmc.com.tw/zh-tw/search?keyword=%E8%82%89%E8%87%8A%E9%A3%AF&year=1969,manual restricted-archive search queue
MANUAL_000823,TBMC,肉臊飯,1970-01-01,1970-12-31,"{""source_name"": ""TBMC""}",,,,,https://www.tbmc.com.tw/zh-tw/search?keyword=%E8%82%89%E8%87%8A%E9%A3%AF&year=1970,manual restricted-archive search queue
MANUAL_000824,TBMC,肉臊飯,1971-01-01,1971-12-31,"{""source_name"": ""TBMC""}",,,,,https://www.tbmc.com.tw/zh-tw/search?keyword=%E8%82%89%E8%87%8A%E9%A3%AF&year=1971,manual restricted-archive search queue
MANUAL_000825,TBMC,肉臊飯,1972-01-01,1972-12-31,"{""source_name"": ""TBMC""}",,,,,https://www.tbmc.com.tw/zh-tw/search?keyword=%E8%82%89%E8%87%8A%E9%A3%AF&year=1972,manual restricted-archive search queue
MANUAL_000826,TBMC,肉臊飯,1973-01-01,1973-12-31,"{""source_name"": ""TBMC""}",,,,,https://www.tbmc.com.tw/zh-tw/search?keyword=%E8%82%89%E8%87%8A%E9%A3%AF&year=1973,manual restricted-archive search queue
MANUAL_000827,TBMC,肉臊飯,1974-01-01,1974-12-31,"{""source_name"": ""TBMC""}",,,,,https://www.tbmc.com.tw/zh-tw/search?keyword=%E8%82%89%E8%87%8A%E9%A3%AF&year=1974,manual restricted-archive search queue
MANUAL_000828,TBMC,肉臊飯,1975-01-01,1975-12-31,"{""source_name"": ""TBMC""}",,,,,https://www.tbmc.com.tw/zh-tw/search?keyword=%E8%82%89%E8%87%8A%E9%A3%AF&year=1975,manual restricted-archive search queue
MANUAL_000829,TBMC,肉臊飯,1976-01-01,1976-12-31,"{""source_name"": ""TBMC""}",,,,,https://www.tbmc.com.tw/zh-tw/search?keyword=%E8%82%89%E8%87%8A%E9%A3%AF&year=1976,manual restricted-archive search queue
MANUAL_000830,TBMC,肉臊飯,1977-01-01,1977-12-31,"{""source_name"": ""TBMC""}",,,,,https://www.tbmc.com.tw/zh-tw/search?keyword=%E8%82%89%E8%87%8A%E9%A3%AF&year=1977,manual restricted-archive search queue
MANUAL_000831,TBMC,肉臊飯,1978-01-01,1978-12-31,"{""source_name"": ""TBMC""}",,,,,https://www.tbmc.com.tw/zh-tw/search?keyword=%E8%82%89%E8%87%8A%E9%A3%AF&year=1978,manual restricted-archive search queue
MANUAL_000832,TBMC,肉臊飯,1979-01-01,1979-12-31,"{""source_name"": ""TBMC""}",,,,,https://www.tbmc.com.tw/zh-tw/search?keyword=%E8%82%89%E8%87%8A%E9%A3%AF&year=1979,manual restricted-archive search queue
MANUAL_000833,TBMC,肉臊飯,1980-01-01,1980-12-31,"{""source_name"": ""TBMC""}",,,,,https://www.tbmc.com.tw/zh-tw/search?keyword=%E8%82%89%E8%87%8A%E9%A3%AF&year=1980,manual restricted-archive search queue
MANUAL_000834,TBMC,肉臊飯,1981-01-01,1981-12-31,"{""source_name"": ""TBMC""}",,,,,https://www.tbmc.com.tw/zh-tw/search?keyword=%E8%82%89%E8%87%8A%E9%A3%AF&year=1981,manual restricted-archive search queue
MANUAL_000835,TBMC,肉臊飯,1982-01-01,1982-12-31,"{""source_name"": ""TBMC""}",,,,,https://www.tbmc.com.tw/zh-tw/search?keyword=%E8%82%89%E8%87%8A%E9%A3%AF&year=1982,manual restricted-archive search queue
MANUAL_000836,TBMC,肉臊飯,1983-01-01,1983-12-31,"{""source_name"": ""TBMC""}",,,,,https://www.tbmc.com.tw/zh-tw/search?keyword=%E8%82%89%E8%87%8A%E9%A3%AF&year=1983,manual restricted-archive search queue
MANUAL_000837,TBMC,肉臊飯,1984-01-01,1984-12-31,"{""source_name"": ""TBMC""}",,,,,https://www.tbmc.com.tw/zh-tw/search?keyword=%E8%82%89%E8%87%8A%E9%A3%AF&year=1984,manual restricted-archive search queue
MANUAL_000838,TBMC,肉臊飯,1985-01-01,1985-12-31,"{""source_name"": ""TBMC""}",,,,,https://www.tbmc.com.tw/zh-tw/search?keyword=%E8%82%89%E8%87%8A%E9%A3%AF&year=1985,manual restricted-archive search queue
MANUAL_000839,TBMC,肉臊飯,1986-01-01,1986-12-31,"{""source_name"": ""TBMC""}",,,,,https://www.tbmc.com.tw/zh-tw/search?keyword=%E8%82%89%E8%87%8A%E9%A3%AF&year=1986,manual restricted-archive search queue
MANUAL_000840,TBMC,肉臊飯,1987-01-01,1987-12-31,"{""source_name"": ""TBMC""}",,,,,https://www.tbmc.com.tw/zh-tw/search?keyword=%E8%82%89%E8%87%8A%E9%A3%AF&year=1987,manual restricted-archive search queue
MANUAL_000841,TBMC,台菜,1946-01-01,1946-12-31,"{""source_name"": ""TBMC""}",,,,,https://www.tbmc.com.tw/zh-tw/search?keyword=%E5%8F%B0%E8%8F%9C&year=1946,manual restricted-archive search queue
MANUAL_000842,TBMC,台菜,1947-01-01,1947-12-31,"{""source_name"": ""TBMC""}",,,,,https://www.tbmc.com.tw/zh-tw/search?keyword=%E5%8F%B0%E8%8F%9C&year=1947,manual restricted-archive search queue
MANUAL_000843,TBMC,台菜,1948-01-01,1948-12-31,"{""source_name"": ""TBMC""}",,,,,https://www.tbmc.com.tw/zh-tw/search?keyword=%E5%8F%B0%E8%8F%9C&year=1948,manual restricted-archive search queue
MANUAL_000844,TBMC,台菜,1949-01-01,1949-12-31,"{""source_name"": ""TBMC""}",,,,,https://www.tbmc.com.tw/zh-tw/search?keyword=%E5%8F%B0%E8%8F%9C&year=1949,manual restricted-archive search queue
MANUAL_000845,TBMC,台菜,1950-01-01,1950-12-31,"{""source_name"": ""TBMC""}",,,,,https://www.tbmc.com.tw/zh-tw/search?keyword=%E5%8F%B0%E8%8F%9C&year=1950,manual restricted-archive search queue
MANUAL_000846,TBMC,台菜,1951-01-01,1951-12-31,"{""source_name"": ""TBMC""}",,,,,https://www.tbmc.com.tw/zh-tw/search?keyword=%E5%8F%B0%E8%8F%9C&year=1951,manual restricted-archive search queue
MANUAL_000847,TBMC,台菜,1952-01-01,1952-12-31,"{""source_name"": ""TBMC""}",,,,,https://www.tbmc.com.tw/zh-tw/search?keyword=%E5%8F%B0%E8%8F%9C&year=1952,manual restricted-archive search queue
MANUAL_000848,TBMC,台菜,1953-01-01,1953-12-31,"{""source_name"": ""TBMC""}",,,,,https://www.tbmc.com.tw/zh-tw/search?keyword=%E5%8F%B0%E8%8F%9C&year=1953,manual restricted-archive search queue
MANUAL_000849,TBMC,台菜,1954-01-01,1954-12-31,"{""source_name"": ""TBMC""}",,,,,https://www.tbmc.com.tw/zh-tw/search?keyword=%E5%8F%B0%E8%8F%9C&year=1954,manual restricted-archive search queue
MANUAL_000850,TBMC,台菜,1955-01-01,1955-12-31,"{""source_name"": ""TBMC""}",,,,,https://www.tbmc.com.tw/zh-tw/search?keyword=%E5%8F%B0%E8%8F%9C&year=1955,manual restricted-archive search queue
MANUAL_000851,TBMC,台菜,1956-01-01,1956-12-31,"{""source_name"": ""TBMC""}",,,,,https://www.tbmc.com.tw/zh-tw/search?keyword=%E5%8F%B0%E8%8F%9C&year=1956,manual restricted-archive search queue
MANUAL_000852,TBMC,台菜,1957-01-01,1957-12-31,"{""source_name"": ""TBMC""}",,,,,https://www.tbmc.com.tw/zh-tw/search?keyword=%E5%8F%B0%E8%8F%9C&year=1957,manual restricted-archive search queue
MANUAL_000853,TBMC,台菜,1958-01-01,1958-12-31,"{""source_name"": ""TBMC""}",,,,,https://www.tbmc.com.tw/zh-tw/search?keyword=%E5%8F%B0%E8%8F%9C&year=1958,manual restricted-archive search queue
MANUAL_000854,TBMC,台菜,1959-01-01,1959-12-31,"{""source_name"": ""TBMC""}",,,,,https://www.tbmc.com.tw/zh-tw/search?keyword=%E5%8F%B0%E8%8F%9C&year=1959,manual restricted-archive search queue
MANUAL_000855,TBMC,台菜,1960-01-01,1960-12-31,"{""source_name"": ""TBMC""}",,,,,https://www.tbmc.com.tw/zh-tw/search?keyword=%E5%8F%B0%E8%8F%9C&year=1960,manual restricted-archive search queue
MANUAL_000856,TBMC,台菜,1961-01-01,1961-12-31,"{""source_name"": ""TBMC""}",,,,,https://www.tbmc.com.tw/zh-tw/search?keyword=%E5%8F%B0%E8%8F%9C&year=1961,manual restricted-archive search queue
MANUAL_000857,TBMC,台菜,1962-01-01,1962-12-31,"{""source_name"": ""TBMC""}",,,,,https://www.tbmc.com.tw/zh-tw/search?keyword=%E5%8F%B0%E8%8F%9C&year=1962,manual restricted-archive search queue
MANUAL_000858,TBMC,台菜,1963-01-01,1963-12-31,"{""source_name"": ""TBMC""}",,,,,https://www.tbmc.com.tw/zh-tw/search?keyword=%E5%8F%B0%E8%8F%9C&year=1963,manual restricted-archive search queue
MANUAL_000859,TBMC,台菜,1964-01-01,1964-12-31,"{""source_name"": ""TBMC""}",,,,,https://www.tbmc.com.tw/zh-tw/search?keyword=%E5%8F%B0%E8%8F%9C&year=1964,manual restricted-archive search queue
MANUAL_000860,TBMC,台菜,1965-01-01,1965-12-31,"{""source_name"": ""TBMC""}",,,,,https://www.tbmc.com.tw/zh-tw/search?keyword=%E5%8F%B0%E8%8F%9C&year=1965,manual restricted-archive search queue
MANUAL_000861,TBMC,台菜,1966-01-01,1966-12-31,"{""source_name"": ""TBMC""}",,,,,https://www.tbmc.com.tw/zh-tw/search?keyword=%E5%8F%B0%E8%8F%9C&year=1966,manual restricted-archive search queue
MANUAL_000862,TBMC,台菜,1967-01-01,1967-12-31,"{""source_name"": ""TBMC""}",,,,,https://www.tbmc.com.tw/zh-tw/search?keyword=%E5%8F%B0%E8%8F%9C&year=1967,manual restricted-archive search queue
MANUAL_000863,TBMC,台菜,1968-01-01,1968-12-31,"{""source_name"": ""TBMC""}",,,,,https://www.tbmc.com.tw/zh-tw/search?keyword=%E5%8F%B0%E8%8F%9C&year=1968,manual restricted-archive search queue
MANUAL_000864,TBMC,台菜,1969-01-01,1969-12-31,"{""source_name"": ""TBMC""}",,,,,https://www.tbmc.com.tw/zh-tw/search?keyword=%E5%8F%B0%E8%8F%9C&year=1969,manual restricted-archive search queue
MANUAL_000865,TBMC,台菜,1970-01-01,1970-12-31,"{""source_name"": ""TBMC""}",,,,,https://www.tbmc.com.tw/zh-tw/search?keyword=%E5%8F%B0%E8%8F%9C&year=1970,manual restricted-archive search queue
MANUAL_000866,TBMC,台菜,1971-01-01,1971-12-31,"{""source_name"": ""TBMC""}",,,,,https://www.tbmc.com.tw/zh-tw/search?keyword=%E5%8F%B0%E8%8F%9C&year=1971,manual restricted-archive search queue
MANUAL_000867,TBMC,台菜,1972-01-01,1972-12-31,"{""source_name"": ""TBMC""}",,,,,https://www.tbmc.com.tw/zh-tw/search?keyword=%E5%8F%B0%E8%8F%9C&year=1972,manual restricted-archive search queue
MANUAL_000868,TBMC,台菜,1973-01-01,1973-12-31,"{""source_name"": ""TBMC""}",,,,,https://www.tbmc.com.tw/zh-tw/search?keyword=%E5%8F%B0%E8%8F%9C&year=1973,manual restricted-archive search queue
MANUAL_000869,TBMC,台菜,1974-01-01,1974-12-31,"{""source_name"": ""TBMC""}",,,,,https://www.tbmc.com.tw/zh-tw/search?keyword=%E5%8F%B0%E8%8F%9C&year=1974,manual restricted-archive search queue
MANUAL_000870,TBMC,台菜,1975-01-01,1975-12-31,"{""source_name"": ""TBMC""}",,,,,https://www.tbmc.com.tw/zh-tw/search?keyword=%E5%8F%B0%E8%8F%9C&year=1975,manual restricted-archive search queue
MANUAL_000871,TBMC,台菜,1976-01-01,1976-12-31,"{""source_name"": ""TBMC""}",,,,,https://www.tbmc.com.tw/zh-tw/search?keyword=%E5%8F%B0%E8%8F%9C&year=1976,manual restricted-archive search queue
MANUAL_000872,TBMC,台菜,1977-01-01,1977-12-31,"{""source_name"": ""TBMC""}",,,,,https://www.tbmc.com.tw/zh-tw/search?keyword=%E5%8F%B0%E8%8F%9C&year=1977,manual restricted-archive search queue
MANUAL_000873,TBMC,台菜,1978-01-01,1978-12-31,"{""source_name"": ""TBMC""}",,,,,https://www.tbmc.com.tw/zh-tw/search?keyword=%E5%8F%B0%E8%8F%9C&year=1978,manual restricted-archive search queue
MANUAL_000874,TBMC,台菜,1979-01-01,1979-12-31,"{""source_name"": ""TBMC""}",,,,,https://www.tbmc.com.tw/zh-tw/search?keyword=%E5%8F%B0%E8%8F%9C&year=1979,manual restricted-archive search queue
MANUAL_000875,TBMC,台菜,1980-01-01,1980-12-31,"{""source_name"": ""TBMC""}",,,,,https://www.tbmc.com.tw/zh-tw/search?keyword=%E5%8F%B0%E8%8F%9C&year=1980,manual restricted-archive search queue
MANUAL_000876,TBMC,台菜,1981-01-01,1981-12-31,"{""source_name"": ""TBMC""}",,,,,https://www.tbmc.com.tw/zh-tw/search?keyword=%E5%8F%B0%E8%8F%9C&year=1981,manual restricted-archive search queue
MANUAL_000877,TBMC,台菜,1982-01-01,1982-12-31,"{""source_name"": ""TBMC""}",,,,,https://www.tbmc.com.tw/zh-tw/search?keyword=%E5%8F%B0%E8%8F%9C&year=1982,manual restricted-archive search queue
MANUAL_000878,TBMC,台菜,1983-01-01,1983-12-31,"{""source_name"": ""TBMC""}",,,,,https://www.tbmc.com.tw/zh-tw/search?keyword=%E5%8F%B0%E8%8F%9C&year=1983,manual restricted-archive search queue
MANUAL_000879,TBMC,台菜,1984-01-01,1984-12-31,"{""source_name"": ""TBMC""}",,,,,https://www.tbmc.com.tw/zh-tw/search?keyword=%E5%8F%B0%E8%8F%9C&year=1984,manual restricted-archive search queue
MANUAL_000880,TBMC,台菜,1985-01-01,1985-12-31,"{""source_name"": ""TBMC""}",,,,,https://www.tbmc.com.tw/zh-tw/search?keyword=%E5%8F%B0%E8%8F%9C&year=1985,manual restricted-archive search queue
MANUAL_000881,TBMC,台菜,1986-01-01,1986-12-31,"{""source_name"": ""TBMC""}",,,,,https://www.tbmc.com.tw/zh-tw/search?keyword=%E5%8F%B0%E8%8F%9C&year=1986,manual restricted-archive search queue
MANUAL_000882,TBMC,台菜,1987-01-01,1987-12-31,"{""source_name"": ""TBMC""}",,,,,https://www.tbmc.com.tw/zh-tw/search?keyword=%E5%8F%B0%E8%8F%9C&year=1987,manual restricted-archive search queue
MANUAL_000883,TBMC,臺菜,1946-01-01,1946-12-31,"{""source_name"": ""TBMC""}",,,,,https://www.tbmc.com.tw/zh-tw/search?keyword=%E8%87%BA%E8%8F%9C&year=1946,manual restricted-archive search queue
MANUAL_000884,TBMC,臺菜,1947-01-01,1947-12-31,"{""source_name"": ""TBMC""}",,,,,https://www.tbmc.com.tw/zh-tw/search?keyword=%E8%87%BA%E8%8F%9C&year=1947,manual restricted-archive search queue
MANUAL_000885,TBMC,臺菜,1948-01-01,1948-12-31,"{""source_name"": ""TBMC""}",,,,,https://www.tbmc.com.tw/zh-tw/search?keyword=%E8%87%BA%E8%8F%9C&year=1948,manual restricted-archive search queue
MANUAL_000886,TBMC,臺菜,1949-01-01,1949-12-31,"{""source_name"": ""TBMC""}",,,,,https://www.tbmc.com.tw/zh-tw/search?keyword=%E8%87%BA%E8%8F%9C&year=1949,manual restricted-archive search queue
MANUAL_000887,TBMC,臺菜,1950-01-01,1950-12-31,"{""source_name"": ""TBMC""}",,,,,https://www.tbmc.com.tw/zh-tw/search?keyword=%E8%87%BA%E8%8F%9C&year=1950,manual restricted-archive search queue
MANUAL_000888,TBMC,臺菜,1951-01-01,1951-12-31,"{""source_name"": ""TBMC""}",,,,,https://www.tbmc.com.tw/zh-tw/search?keyword=%E8%87%BA%E8%8F%9C&year=1951,manual restricted-archive search queue
MANUAL_000889,TBMC,臺菜,1952-01-01,1952-12-31,"{""source_name"": ""TBMC""}",,,,,https://www.tbmc.com.tw/zh-tw/search?keyword=%E8%87%BA%E8%8F%9C&year=1952,manual restricted-archive search queue
MANUAL_000890,TBMC,臺菜,1953-01-01,1953-12-31,"{""source_name"": ""TBMC""}",,,,,https://www.tbmc.com.tw/zh-tw/search?keyword=%E8%87%BA%E8%8F%9C&year=1953,manual restricted-archive search queue
MANUAL_000891,TBMC,臺菜,1954-01-01,1954-12-31,"{""source_name"": ""TBMC""}",,,,,https://www.tbmc.com.tw/zh-tw/search?keyword=%E8%87%BA%E8%8F%9C&year=1954,manual restricted-archive search queue
MANUAL_000892,TBMC,臺菜,1955-01-01,1955-12-31,"{""source_name"": ""TBMC""}",,,,,https://www.tbmc.com.tw/zh-tw/search?keyword=%E8%87%BA%E8%8F%9C&year=1955,manual restricted-archive search queue
MANUAL_000893,TBMC,臺菜,1956-01-01,1956-12-31,"{""source_name"": ""TBMC""}",,,,,https://www.tbmc.com.tw/zh-tw/search?keyword=%E8%87%BA%E8%8F%9C&year=1956,manual restricted-archive search queue
MANUAL_000894,TBMC,臺菜,1957-01-01,1957-12-31,"{""source_name"": ""TBMC""}",,,,,https://www.tbmc.com.tw/zh-tw/search?keyword=%E8%87%BA%E8%8F%9C&year=1957,manual restricted-archive search queue
MANUAL_000895,TBMC,臺菜,1958-01-01,1958-12-31,"{""source_name"": ""TBMC""}",,,,,https://www.tbmc.com.tw/zh-tw/search?keyword=%E8%87%BA%E8%8F%9C&year=1958,manual restricted-archive search queue
MANUAL_000896,TBMC,臺菜,1959-01-01,1959-12-31,"{""source_name"": ""TBMC""}",,,,,https://www.tbmc.com.tw/zh-tw/search?keyword=%E8%87%BA%E8%8F%9C&year=1959,manual restricted-archive search queue
MANUAL_000897,TBMC,臺菜,1960-01-01,1960-12-31,"{""source_name"": ""TBMC""}",,,,,https://www.tbmc.com.tw/zh-tw/search?keyword=%E8%87%BA%E8%8F%9C&year=1960,manual restricted-archive search queue
MANUAL_000898,TBMC,臺菜,1961-01-01,1961-12-31,"{""source_name"": ""TBMC""}",,,,,https://www.tbmc.com.tw/zh-tw/search?keyword=%E8%87%BA%E8%8F%9C&year=1961,manual restricted-archive search queue
MANUAL_000899,TBMC,臺菜,1962-01-01,1962-12-31,"{""source_name"": ""TBMC""}",,,,,https://www.tbmc.com.tw/zh-tw/search?keyword=%E8%87%BA%E8%8F%9C&year=1962,manual restricted-archive search queue
MANUAL_000900,TBMC,臺菜,1963-01-01,1963-12-31,"{""source_name"": ""TBMC""}",,,,,https://www.tbmc.com.tw/zh-tw/search?keyword=%E8%87%BA%E8%8F%9C&year=1963,manual restricted-archive search queue
MANUAL_000901,TBMC,臺菜,1964-01-01,1964-12-31,"{""source_name"": ""TBMC""}",,,,,https://www.tbmc.com.tw/zh-tw/search?keyword=%E8%87%BA%E8%8F%9C&year=1964,manual restricted-archive search queue
MANUAL_000902,TBMC,臺菜,1965-01-01,1965-12-31,"{""source_name"": ""TBMC""}",,,,,https://www.tbmc.com.tw/zh-tw/search?keyword=%E8%87%BA%E8%8F%9C&year=1965,manual restricted-archive search queue
MANUAL_000903,TBMC,臺菜,1966-01-01,1966-12-31,"{""source_name"": ""TBMC""}",,,,,https://www.tbmc.com.tw/zh-tw/search?keyword=%E8%87%BA%E8%8F%9C&year=1966,manual restricted-archive search queue
MANUAL_000904,TBMC,臺菜,1967-01-01,1967-12-31,"{""source_name"": ""TBMC""}",,,,,https://www.tbmc.com.tw/zh-tw/search?keyword=%E8%87%BA%E8%8F%9C&year=1967,manual restricted-archive search queue
MANUAL_000905,TBMC,臺菜,1968-01-01,1968-12-31,"{""source_name"": ""TBMC""}",,,,,https://www.tbmc.com.tw/zh-tw/search?keyword=%E8%87%BA%E8%8F%9C&year=1968,manual restricted-archive search queue
MANUAL_000906,TBMC,臺菜,1969-01-01,1969-12-31,"{""source_name"": ""TBMC""}",,,,,https://www.tbmc.com.tw/zh-tw/search?keyword=%E8%87%BA%E8%8F%9C&year=1969,manual restricted-archive search queue
MANUAL_000907,TBMC,臺菜,1970-01-01,1970-12-31,"{""source_name"": ""TBMC""}",,,,,https://www.tbmc.com.tw/zh-tw/search?keyword=%E8%87%BA%E8%8F%9C&year=1970,manual restricted-archive search queue
MANUAL_000908,TBMC,臺菜,1971-01-01,1971-12-31,"{""source_name"": ""TBMC""}",,,,,https://www.tbmc.com.tw/zh-tw/search?keyword=%E8%87%BA%E8%8F%9C&year=1971,manual restricted-archive search queue
MANUAL_000909,TBMC,臺菜,1972-01-01,1972-12-31,"{""source_name"": ""TBMC""}",,,,,https://www.tbmc.com.tw/zh-tw/search?keyword=%E8%87%BA%E8%8F%9C&year=1972,manual restricted-archive search queue
MANUAL_000910,TBMC,臺菜,1973-01-01,1973-12-31,"{""source_name"": ""TBMC""}",,,,,https://www.tbmc.com.tw/zh-tw/search?keyword=%E8%87%BA%E8%8F%9C&year=1973,manual restricted-archive search queue
MANUAL_000911,TBMC,臺菜,1974-01-01,1974-12-31,"{""source_name"": ""TBMC""}",,,,,https://www.tbmc.com.tw/zh-tw/search?keyword=%E8%87%BA%E8%8F%9C&year=1974,manual restricted-archive search queue
MANUAL_000912,TBMC,臺菜,1975-01-01,1975-12-31,"{""source_name"": ""TBMC""}",,,,,https://www.tbmc.com.tw/zh-tw/search?keyword=%E8%87%BA%E8%8F%9C&year=1975,manual restricted-archive search queue
MANUAL_000913,TBMC,臺菜,1976-01-01,1976-12-31,"{""source_name"": ""TBMC""}",,,,,https://www.tbmc.com.tw/zh-tw/search?keyword=%E8%87%BA%E8%8F%9C&year=1976,manual restricted-archive search queue
MANUAL_000914,TBMC,臺菜,1977-01-01,1977-12-31,"{""source_name"": ""TBMC""}",,,,,https://www.tbmc.com.tw/zh-tw/search?keyword=%E8%87%BA%E8%8F%9C&year=1977,manual restricted-archive search queue
MANUAL_000915,TBMC,臺菜,1978-01-01,1978-12-31,"{""source_name"": ""TBMC""}",,,,,https://www.tbmc.com.tw/zh-tw/search?keyword=%E8%87%BA%E8%8F%9C&year=1978,manual restricted-archive search queue
MANUAL_000916,TBMC,臺菜,1979-01-01,1979-12-31,"{""source_name"": ""TBMC""}",,,,,https://www.tbmc.com.tw/zh-tw/search?keyword=%E8%87%BA%E8%8F%9C&year=1979,manual restricted-archive search queue
MANUAL_000917,TBMC,臺菜,1980-01-01,1980-12-31,"{""source_name"": ""TBMC""}",,,,,https://www.tbmc.com.tw/zh-tw/search?keyword=%E8%87%BA%E8%8F%9C&year=1980,manual restricted-archive search queue
MANUAL_000918,TBMC,臺菜,1981-01-01,1981-12-31,"{""source_name"": ""TBMC""}",,,,,https://www.tbmc.com.tw/zh-tw/search?keyword=%E8%87%BA%E8%8F%9C&year=1981,manual restricted-archive search queue
MANUAL_000919,TBMC,臺菜,1982-01-01,1982-12-31,"{""source_name"": ""TBMC""}",,,,,https://www.tbmc.com.tw/zh-tw/search?keyword=%E8%87%BA%E8%8F%9C&year=1982,manual restricted-archive search queue
MANUAL_000920,TBMC,臺菜,1983-01-01,1983-12-31,"{""source_name"": ""TBMC""}",,,,,https://www.tbmc.com.tw/zh-tw/search?keyword=%E8%87%BA%E8%8F%9C&year=1983,manual restricted-archive search queue
MANUAL_000921,TBMC,臺菜,1984-01-01,1984-12-31,"{""source_name"": ""TBMC""}",,,,,https://www.tbmc.com.tw/zh-tw/search?keyword=%E8%87%BA%E8%8F%9C&year=1984,manual restricted-archive search queue
MANUAL_000922,TBMC,臺菜,1985-01-01,1985-12-31,"{""source_name"": ""TBMC""}",,,,,https://www.tbmc.com.tw/zh-tw/search?keyword=%E8%87%BA%E8%8F%9C&year=1985,manual restricted-archive search queue
MANUAL_000923,TBMC,臺菜,1986-01-01,1986-12-31,"{""source_name"": ""TBMC""}",,,,,https://www.tbmc.com.tw/zh-tw/search?keyword=%E8%87%BA%E8%8F%9C&year=1986,manual restricted-archive search queue
MANUAL_000924,TBMC,臺菜,1987-01-01,1987-12-31,"{""source_name"": ""TBMC""}",,,,,https://www.tbmc.com.tw/zh-tw/search?keyword=%E8%87%BA%E8%8F%9C&year=1987,manual restricted-archive search queue
MANUAL_000925,TBMC,小吃,1946-01-01,1946-12-31,"{""source_name"": ""TBMC""}",,,,,https://www.tbmc.com.tw/zh-tw/search?keyword=%E5%B0%8F%E5%90%83&year=1946,manual restricted-archive search queue
MANUAL_000926,TBMC,小吃,1947-01-01,1947-12-31,"{""source_name"": ""TBMC""}",,,,,https://www.tbmc.com.tw/zh-tw/search?keyword=%E5%B0%8F%E5%90%83&year=1947,manual restricted-archive search queue
MANUAL_000927,TBMC,小吃,1948-01-01,1948-12-31,"{""source_name"": ""TBMC""}",,,,,https://www.tbmc.com.tw/zh-tw/search?keyword=%E5%B0%8F%E5%90%83&year=1948,manual restricted-archive search queue
MANUAL_000928,TBMC,小吃,1949-01-01,1949-12-31,"{""source_name"": ""TBMC""}",,,,,https://www.tbmc.com.tw/zh-tw/search?keyword=%E5%B0%8F%E5%90%83&year=1949,manual restricted-archive search queue
MANUAL_000929,TBMC,小吃,1950-01-01,1950-12-31,"{""source_name"": ""TBMC""}",,,,,https://www.tbmc.com.tw/zh-tw/search?keyword=%E5%B0%8F%E5%90%83&year=1950,manual restricted-archive search queue
MANUAL_000930,TBMC,小吃,1951-01-01,1951-12-31,"{""source_name"": ""TBMC""}",,,,,https://www.tbmc.com.tw/zh-tw/search?keyword=%E5%B0%8F%E5%90%83&year=1951,manual restricted-archive search queue
MANUAL_000931,TBMC,小吃,1952-01-01,1952-12-31,"{""source_name"": ""TBMC""}",,,,,https://www.tbmc.com.tw/zh-tw/search?keyword=%E5%B0%8F%E5%90%83&year=1952,manual restricted-archive search queue
MANUAL_000932,TBMC,小吃,1953-01-01,1953-12-31,"{""source_name"": ""TBMC""}",,,,,https://www.tbmc.com.tw/zh-tw/search?keyword=%E5%B0%8F%E5%90%83&year=1953,manual restricted-archive search queue
MANUAL_000933,TBMC,小吃,1954-01-01,1954-12-31,"{""source_name"": ""TBMC""}",,,,,https://www.tbmc.com.tw/zh-tw/search?keyword=%E5%B0%8F%E5%90%83&year=1954,manual restricted-archive search queue
MANUAL_000934,TBMC,小吃,1955-01-01,1955-12-31,"{""source_name"": ""TBMC""}",,,,,https://www.tbmc.com.tw/zh-tw/search?keyword=%E5%B0%8F%E5%90%83&year=1955,manual restricted-archive search queue
MANUAL_000935,TBMC,小吃,1956-01-01,1956-12-31,"{""source_name"": ""TBMC""}",,,,,https://www.tbmc.com.tw/zh-tw/search?keyword=%E5%B0%8F%E5%90%83&year=1956,manual restricted-archive search queue
MANUAL_000936,TBMC,小吃,1957-01-01,1957-12-31,"{""source_name"": ""TBMC""}",,,,,https://www.tbmc.com.tw/zh-tw/search?keyword=%E5%B0%8F%E5%90%83&year=1957,manual restricted-archive search queue
MANUAL_000937,TBMC,小吃,1958-01-01,1958-12-31,"{""source_name"": ""TBMC""}",,,,,https://www.tbmc.com.tw/zh-tw/search?keyword=%E5%B0%8F%E5%90%83&year=1958,manual restricted-archive search queue
MANUAL_000938,TBMC,小吃,1959-01-01,1959-12-31,"{""source_name"": ""TBMC""}",,,,,https://www.tbmc.com.tw/zh-tw/search?keyword=%E5%B0%8F%E5%90%83&year=1959,manual restricted-archive search queue
MANUAL_000939,TBMC,小吃,1960-01-01,1960-12-31,"{""source_name"": ""TBMC""}",,,,,https://www.tbmc.com.tw/zh-tw/search?keyword=%E5%B0%8F%E5%90%83&year=1960,manual restricted-archive search queue
MANUAL_000940,TBMC,小吃,1961-01-01,1961-12-31,"{""source_name"": ""TBMC""}",,,,,https://www.tbmc.com.tw/zh-tw/search?keyword=%E5%B0%8F%E5%90%83&year=1961,manual restricted-archive search queue
MANUAL_000941,TBMC,小吃,1962-01-01,1962-12-31,"{""source_name"": ""TBMC""}",,,,,https://www.tbmc.com.tw/zh-tw/search?keyword=%E5%B0%8F%E5%90%83&year=1962,manual restricted-archive search queue
MANUAL_000942,TBMC,小吃,1963-01-01,1963-12-31,"{""source_name"": ""TBMC""}",,,,,https://www.tbmc.com.tw/zh-tw/search?keyword=%E5%B0%8F%E5%90%83&year=1963,manual restricted-archive search queue
MANUAL_000943,TBMC,小吃,1964-01-01,1964-12-31,"{""source_name"": ""TBMC""}",,,,,https://www.tbmc.com.tw/zh-tw/search?keyword=%E5%B0%8F%E5%90%83&year=1964,manual restricted-archive search queue
MANUAL_000944,TBMC,小吃,1965-01-01,1965-12-31,"{""source_name"": ""TBMC""}",,,,,https://www.tbmc.com.tw/zh-tw/search?keyword=%E5%B0%8F%E5%90%83&year=1965,manual restricted-archive search queue
MANUAL_000945,TBMC,小吃,1966-01-01,1966-12-31,"{""source_name"": ""TBMC""}",,,,,https://www.tbmc.com.tw/zh-tw/search?keyword=%E5%B0%8F%E5%90%83&year=1966,manual restricted-archive search queue
MANUAL_000946,TBMC,小吃,1967-01-01,1967-12-31,"{""source_name"": ""TBMC""}",,,,,https://www.tbmc.com.tw/zh-tw/search?keyword=%E5%B0%8F%E5%90%83&year=1967,manual restricted-archive search queue
MANUAL_000947,TBMC,小吃,1968-01-01,1968-12-31,"{""source_name"": ""TBMC""}",,,,,https://www.tbmc.com.tw/zh-tw/search?keyword=%E5%B0%8F%E5%90%83&year=1968,manual restricted-archive search queue
MANUAL_000948,TBMC,小吃,1969-01-01,1969-12-31,"{""source_name"": ""TBMC""}",,,,,https://www.tbmc.com.tw/zh-tw/search?keyword=%E5%B0%8F%E5%90%83&year=1969,manual restricted-archive search queue
MANUAL_000949,TBMC,小吃,1970-01-01,1970-12-31,"{""source_name"": ""TBMC""}",,,,,https://www.tbmc.com.tw/zh-tw/search?keyword=%E5%B0%8F%E5%90%83&year=1970,manual restricted-archive search queue
MANUAL_000950,TBMC,小吃,1971-01-01,1971-12-31,"{""source_name"": ""TBMC""}",,,,,https://www.tbmc.com.tw/zh-tw/search?keyword=%E5%B0%8F%E5%90%83&year=1971,manual restricted-archive search queue
MANUAL_000951,TBMC,小吃,1972-01-01,1972-12-31,"{""source_name"": ""TBMC""}",,,,,https://www.tbmc.com.tw/zh-tw/search?keyword=%E5%B0%8F%E5%90%83&year=1972,manual restricted-archive search queue
MANUAL_000952,TBMC,小吃,1973-01-01,1973-12-31,"{""source_name"": ""TBMC""}",,,,,https://www.tbmc.com.tw/zh-tw/search?keyword=%E5%B0%8F%E5%90%83&year=1973,manual restricted-archive search queue
MANUAL_000953,TBMC,小吃,1974-01-01,1974-12-31,"{""source_name"": ""TBMC""}",,,,,https://www.tbmc.com.tw/zh-tw/search?keyword=%E5%B0%8F%E5%90%83&year=1974,manual restricted-archive search queue
MANUAL_000954,TBMC,小吃,1975-01-01,1975-12-31,"{""source_name"": ""TBMC""}",,,,,https://www.tbmc.com.tw/zh-tw/search?keyword=%E5%B0%8F%E5%90%83&year=1975,manual restricted-archive search queue
MANUAL_000955,TBMC,小吃,1976-01-01,1976-12-31,"{""source_name"": ""TBMC""}",,,,,https://www.tbmc.com.tw/zh-tw/search?keyword=%E5%B0%8F%E5%90%83&year=1976,manual restricted-archive search queue
MANUAL_000956,TBMC,小吃,1977-01-01,1977-12-31,"{""source_name"": ""TBMC""}",,,,,https://www.tbmc.com.tw/zh-tw/search?keyword=%E5%B0%8F%E5%90%83&year=1977,manual restricted-archive search queue
MANUAL_000957,TBMC,小吃,1978-01-01,1978-12-31,"{""source_name"": ""TBMC""}",,,,,https://www.tbmc.com.tw/zh-tw/search?keyword=%E5%B0%8F%E5%90%83&year=1978,manual restricted-archive search queue
MANUAL_000958,TBMC,小吃,1979-01-01,1979-12-31,"{""source_name"": ""TBMC""}",,,,,https://www.tbmc.com.tw/zh-tw/search?keyword=%E5%B0%8F%E5%90%83&year=1979,manual restricted-archive search queue
MANUAL_000959,TBMC,小吃,1980-01-01,1980-12-31,"{""source_name"": ""TBMC""}",,,,,https://www.tbmc.com.tw/zh-tw/search?keyword=%E5%B0%8F%E5%90%83&year=1980,manual restricted-archive search queue
MANUAL_000960,TBMC,小吃,1981-01-01,1981-12-31,"{""source_name"": ""TBMC""}",,,,,https://www.tbmc.com.tw/zh-tw/search?keyword=%E5%B0%8F%E5%90%83&year=1981,manual restricted-archive search queue
MANUAL_000961,TBMC,小吃,1982-01-01,1982-12-31,"{""source_name"": ""TBMC""}",,,,,https://www.tbmc.com.tw/zh-tw/search?keyword=%E5%B0%8F%E5%90%83&year=1982,manual restricted-archive search queue
MANUAL_000962,TBMC,小吃,1983-01-01,1983-12-31,"{""source_name"": ""TBMC""}",,,,,https://www.tbmc.com.tw/zh-tw/search?keyword=%E5%B0%8F%E5%90%83&year=1983,manual restricted-archive search queue
MANUAL_000963,TBMC,小吃,1984-01-01,1984-12-31,"{""source_name"": ""TBMC""}",,,,,https://www.tbmc.com.tw/zh-tw/search?keyword=%E5%B0%8F%E5%90%83&year=1984,manual restricted-archive search queue
MANUAL_000964,TBMC,小吃,1985-01-01,1985-12-31,"{""source_name"": ""TBMC""}",,,,,https://www.tbmc.com.tw/zh-tw/search?keyword=%E5%B0%8F%E5%90%83&year=1985,manual restricted-archive search queue
MANUAL_000965,TBMC,小吃,1986-01-01,1986-12-31,"{""source_name"": ""TBMC""}",,,,,https://www.tbmc.com.tw/zh-tw/search?keyword=%E5%B0%8F%E5%90%83&year=1986,manual restricted-archive search queue
MANUAL_000966,TBMC,小吃,1987-01-01,1987-12-31,"{""source_name"": ""TBMC""}",,,,,https://www.tbmc.com.tw/zh-tw/search?keyword=%E5%B0%8F%E5%90%83&year=1987,manual restricted-archive search queue
MANUAL_000967,TBMC,夜市,1946-01-01,1946-12-31,"{""source_name"": ""TBMC""}",,,,,https://www.tbmc.com.tw/zh-tw/search?keyword=%E5%A4%9C%E5%B8%82&year=1946,manual restricted-archive search queue
MANUAL_000968,TBMC,夜市,1947-01-01,1947-12-31,"{""source_name"": ""TBMC""}",,,,,https://www.tbmc.com.tw/zh-tw/search?keyword=%E5%A4%9C%E5%B8%82&year=1947,manual restricted-archive search queue
MANUAL_000969,TBMC,夜市,1948-01-01,1948-12-31,"{""source_name"": ""TBMC""}",,,,,https://www.tbmc.com.tw/zh-tw/search?keyword=%E5%A4%9C%E5%B8%82&year=1948,manual restricted-archive search queue
MANUAL_000970,TBMC,夜市,1949-01-01,1949-12-31,"{""source_name"": ""TBMC""}",,,,,https://www.tbmc.com.tw/zh-tw/search?keyword=%E5%A4%9C%E5%B8%82&year=1949,manual restricted-archive search queue
MANUAL_000971,TBMC,夜市,1950-01-01,1950-12-31,"{""source_name"": ""TBMC""}",,,,,https://www.tbmc.com.tw/zh-tw/search?keyword=%E5%A4%9C%E5%B8%82&year=1950,manual restricted-archive search queue
MANUAL_000972,TBMC,夜市,1951-01-01,1951-12-31,"{""source_name"": ""TBMC""}",,,,,https://www.tbmc.com.tw/zh-tw/search?keyword=%E5%A4%9C%E5%B8%82&year=1951,manual restricted-archive search queue
MANUAL_000973,TBMC,夜市,1952-01-01,1952-12-31,"{""source_name"": ""TBMC""}",,,,,https://www.tbmc.com.tw/zh-tw/search?keyword=%E5%A4%9C%E5%B8%82&year=1952,manual restricted-archive search queue
MANUAL_000974,TBMC,夜市,1953-01-01,1953-12-31,"{""source_name"": ""TBMC""}",,,,,https://www.tbmc.com.tw/zh-tw/search?keyword=%E5%A4%9C%E5%B8%82&year=1953,manual restricted-archive search queue
MANUAL_000975,TBMC,夜市,1954-01-01,1954-12-31,"{""source_name"": ""TBMC""}",,,,,https://www.tbmc.com.tw/zh-tw/search?keyword=%E5%A4%9C%E5%B8%82&year=1954,manual restricted-archive search queue
MANUAL_000976,TBMC,夜市,1955-01-01,1955-12-31,"{""source_name"": ""TBMC""}",,,,,https://www.tbmc.com.tw/zh-tw/search?keyword=%E5%A4%9C%E5%B8%82&year=1955,manual restricted-archive search queue
MANUAL_000977,TBMC,夜市,1956-01-01,1956-12-31,"{""source_name"": ""TBMC""}",,,,,https://www.tbmc.com.tw/zh-tw/search?keyword=%E5%A4%9C%E5%B8%82&year=1956,manual restricted-archive search queue
MANUAL_000978,TBMC,夜市,1957-01-01,1957-12-31,"{""source_name"": ""TBMC""}",,,,,https://www.tbmc.com.tw/zh-tw/search?keyword=%E5%A4%9C%E5%B8%82&year=1957,manual restricted-archive search queue
MANUAL_000979,TBMC,夜市,1958-01-01,1958-12-31,"{""source_name"": ""TBMC""}",,,,,https://www.tbmc.com.tw/zh-tw/search?keyword=%E5%A4%9C%E5%B8%82&year=1958,manual restricted-archive search queue
MANUAL_000980,TBMC,夜市,1959-01-01,1959-12-31,"{""source_name"": ""TBMC""}",,,,,https://www.tbmc.com.tw/zh-tw/search?keyword=%E5%A4%9C%E5%B8%82&year=1959,manual restricted-archive search queue
MANUAL_000981,TBMC,夜市,1960-01-01,1960-12-31,"{""source_name"": ""TBMC""}",,,,,https://www.tbmc.com.tw/zh-tw/search?keyword=%E5%A4%9C%E5%B8%82&year=1960,manual restricted-archive search queue
MANUAL_000982,TBMC,夜市,1961-01-01,1961-12-31,"{""source_name"": ""TBMC""}",,,,,https://www.tbmc.com.tw/zh-tw/search?keyword=%E5%A4%9C%E5%B8%82&year=1961,manual restricted-archive search queue
MANUAL_000983,TBMC,夜市,1962-01-01,1962-12-31,"{""source_name"": ""TBMC""}",,,,,https://www.tbmc.com.tw/zh-tw/search?keyword=%E5%A4%9C%E5%B8%82&year=1962,manual restricted-archive search queue
MANUAL_000984,TBMC,夜市,1963-01-01,1963-12-31,"{""source_name"": ""TBMC""}",,,,,https://www.tbmc.com.tw/zh-tw/search?keyword=%E5%A4%9C%E5%B8%82&year=1963,manual restricted-archive search queue
MANUAL_000985,TBMC,夜市,1964-01-01,1964-12-31,"{""source_name"": ""TBMC""}",,,,,https://www.tbmc.com.tw/zh-tw/search?keyword=%E5%A4%9C%E5%B8%82&year=1964,manual restricted-archive search queue
MANUAL_000986,TBMC,夜市,1965-01-01,1965-12-31,"{""source_name"": ""TBMC""}",,,,,https://www.tbmc.com.tw/zh-tw/search?keyword=%E5%A4%9C%E5%B8%82&year=1965,manual restricted-archive search queue
MANUAL_000987,TBMC,夜市,1966-01-01,1966-12-31,"{""source_name"": ""TBMC""}",,,,,https://www.tbmc.com.tw/zh-tw/search?keyword=%E5%A4%9C%E5%B8%82&year=1966,manual restricted-archive search queue
MANUAL_000988,TBMC,夜市,1967-01-01,1967-12-31,"{""source_name"": ""TBMC""}",,,,,https://www.tbmc.com.tw/zh-tw/search?keyword=%E5%A4%9C%E5%B8%82&year=1967,manual restricted-archive search queue
MANUAL_000989,TBMC,夜市,1968-01-01,1968-12-31,"{""source_name"": ""TBMC""}",,,,,https://www.tbmc.com.tw/zh-tw/search?keyword=%E5%A4%9C%E5%B8%82&year=1968,manual restricted-archive search queue
MANUAL_000990,TBMC,夜市,1969-01-01,1969-12-31,"{""source_name"": ""TBMC""}",,,,,https://www.tbmc.com.tw/zh-tw/search?keyword=%E5%A4%9C%E5%B8%82&year=1969,manual restricted-archive search queue
MANUAL_000991,TBMC,夜市,1970-01-01,1970-12-31,"{""source_name"": ""TBMC""}",,,,,https://www.tbmc.com.tw/zh-tw/search?keyword=%E5%A4%9C%E5%B8%82&year=1970,manual restricted-archive search queue
MANUAL_000992,TBMC,夜市,1971-01-01,1971-12-31,"{""source_name"": ""TBMC""}",,,,,https://www.tbmc.com.tw/zh-tw/search?keyword=%E5%A4%9C%E5%B8%82&year=1971,manual restricted-archive search queue
MANUAL_000993,TBMC,夜市,1972-01-01,1972-12-31,"{""source_name"": ""TBMC""}",,,,,https://www.tbmc.com.tw/zh-tw/search?keyword=%E5%A4%9C%E5%B8%82&year=1972,manual restricted-archive search queue
MANUAL_000994,TBMC,夜市,1973-01-01,1973-12-31,"{""source_name"": ""TBMC""}",,,,,https://www.tbmc.com.tw/zh-tw/search?keyword=%E5%A4%9C%E5%B8%82&year=1973,manual restricted-archive search queue
MANUAL_000995,TBMC,夜市,1974-01-01,1974-12-31,"{""source_name"": ""TBMC""}",,,,,https://www.tbmc.com.tw/zh-tw/search?keyword=%E5%A4%9C%E5%B8%82&year=1974,manual restricted-archive search queue
MANUAL_000996,TBMC,夜市,1975-01-01,1975-12-31,"{""source_name"": ""TBMC""}",,,,,https://www.tbmc.com.tw/zh-tw/search?keyword=%E5%A4%9C%E5%B8%82&year=1975,manual restricted-archive search queue
MANUAL_000997,TBMC,夜市,1976-01-01,1976-12-31,"{""source_name"": ""TBMC""}",,,,,https://www.tbmc.com.tw/zh-tw/search?keyword=%E5%A4%9C%E5%B8%82&year=1976,manual restricted-archive search queue
MANUAL_000998,TBMC,夜市,1977-01-01,1977-12-31,"{""source_name"": ""TBMC""}",,,,,https://www.tbmc.com.tw/zh-tw/search?keyword=%E5%A4%9C%E5%B8%82&year=1977,manual restricted-archive search queue
MANUAL_000999,TBMC,夜市,1978-01-01,1978-12-31,"{""source_name"": ""TBMC""}",,,,,https://www.tbmc.com.tw/zh-tw/search?keyword=%E5%A4%9C%E5%B8%82&year=1978,manual restricted-archive search queue
MANUAL_001000,TBMC,夜市,1979-01-01,1979-12-31,"{""source_name"": ""TBMC""}",,,,,https://www.tbmc.com.tw/zh-tw/search?keyword=%E5%A4%9C%E5%B8%82&year=1979,manual restricted-archive search queue
MANUAL_001001,TBMC,夜市,1980-01-01,1980-12-31,"{""source_name"": ""TBMC""}",,,,,https://www.tbmc.com.tw/zh-tw/search?keyword=%E5%A4%9C%E5%B8%82&year=1980,manual restricted-archive search queue
MANUAL_001002,TBMC,夜市,1981-01-01,1981-12-31,"{""source_name"": ""TBMC""}",,,,,https://www.tbmc.com.tw/zh-tw/search?keyword=%E5%A4%9C%E5%B8%82&year=1981,manual restricted-archive search queue
MANUAL_001003,TBMC,夜市,1982-01-01,1982-12-31,"{""source_name"": ""TBMC""}",,,,,https://www.tbmc.com.tw/zh-tw/search?keyword=%E5%A4%9C%E5%B8%82&year=1982,manual restricted-archive search queue
MANUAL_001004,TBMC,夜市,1983-01-01,1983-12-31,"{""source_name"": ""TBMC""}",,,,,https://www.tbmc.com.tw/zh-tw/search?keyword=%E5%A4%9C%E5%B8%82&year=1983,manual restricted-archive search queue
MANUAL_001005,TBMC,夜市,1984-01-01,1984-12-31,"{""source_name"": ""TBMC""}",,,,,https://www.tbmc.com.tw/zh-tw/search?keyword=%E5%A4%9C%E5%B8%82&year=1984,manual restricted-archive search queue
MANUAL_001006,TBMC,夜市,1985-01-01,1985-12-31,"{""source_name"": ""TBMC""}",,,,,https://www.tbmc.com.tw/zh-tw/search?keyword=%E5%A4%9C%E5%B8%82&year=1985,manual restricted-archive search queue
MANUAL_001007,TBMC,夜市,1986-01-01,1986-12-31,"{""source_name"": ""TBMC""}",,,,,https://www.tbmc.com.tw/zh-tw/search?keyword=%E5%A4%9C%E5%B8%82&year=1986,manual restricted-archive search queue
MANUAL_001008,TBMC,夜市,1987-01-01,1987-12-31,"{""source_name"": ""TBMC""}",,,,,https://www.tbmc.com.tw/zh-tw/search?keyword=%E5%A4%9C%E5%B8%82&year=1987,manual restricted-archive search queue
