attestation_id,year,date,period,brand_or_category,city,province,corridor,source_type,source_name,source_url,attestation_type,text_for_scoring,confidence,notes,source_id,verification_level,region,original_text,dish_marker,taiwan_marker,ownership_category,capital_origin,source_url_or_archive_ref,dedupe_key,merged_from_attestation_ids,merged_row_count,novelty_score,avg_text_similarity,novelty_group_size,novelty_group_key,authority_level,authority_weight,authority_reason,analysis_weight,historical_binding_raw,weighted_historical_binding,target_binding_raw,target_control_type,negative_type,capture_id,search_id
MERGED_688c31bc539be3,1947,1947-01-01,1946-1987_taiwan_side_formation,山珍居,Tokyo,Tokyo,Japan,official_merchant_directory,新宿ルーペ / 新宿区商店会連合会,https://shinjuku-loupe.info/p/member/704,taiwan_cuisine_label_pioneer,1947 Tokyo Shinjuku Sanchinkyo first used Taiwan cuisine label in Japan and kept traditional Taiwan taste,medium,Official merchant directory gives a specific 1947 founding claim and explicit Taiwan-cuisine naming claim.,JP_SANCHINKYO_LABEL_1947,probable,Japan,Official merchant page says the shop opened in Showa 22 using the name Taiwan cuisine for the first time in Japan and has continued serving traditional Taiwan flavors.,,台湾料理,,,https://shinjuku-loupe.info/p/member/704,2d73ff09c14e01f0,JP_1947_002,1,0.9436,0.0564,3,山珍居,secondary,0.7000,default secondary classification,0.8705,0.0000,0.0000,0.0000,target_dish_absent_taiwan_context,target_dish_absent_taiwan_context,cap_3abe3dbc43ff,srch_18b44910bcc2
MERGED_6df9a941ad575a,1951,1951-01-01,1946-1987_taiwan_side_formation,ビーフン東,Tokyo,Tokyo,Japan,local_government_magazine,港区芝地区地域情報誌,https://www.city.minato.tokyo.jp/shibachikusei/shiba/koho/documents/shiba45.pdf,old_taiwan_restaurant_origin,1951 Tokyo Shinbashi Bifun Azuma old Taiwan restaurant founded signature bihun and batzang,medium,Local-government district magazine gives a specific 1951 founding year and identifies the shop as an old Taiwan restaurant.,JP_BIFUNAZUMA_1951,probable,Japan,Official Minato City district magazine says Bifun Azuma was founded in Showa 26 1951 and profiles it as a long-running Taiwan restaurant.,ビーフン;バーツァン,台湾料理,,,https://www.city.minato.tokyo.jp/shibachikusei/shiba/koho/documents/shiba45.pdf,d68ef4b989aa1f8f,JP_1951_001,1,0.7458,0.2542,3,ビーフン東,secondary,0.7000,official/media curated narrative source,0.7321,0.0000,0.0000,0.0000,target_dish_absent_taiwan_context,target_dish_absent_taiwan_context,cap_d920c9631497,srch_7394679dc4fa
MERGED_fdc2608c1882bd,1955,1955-01-01,1946-1987_taiwan_side_formation,麗郷,Tokyo,Tokyo,Japan,food_media_retrospective,Kiichiro Yoshimoto,https://kiichiroyoshimoto.jp/2025/06/05/%E9%BA%97%E9%83%B7%E3%83%BB%E6%B8%8B%E8%B0%B7%E9%81%93%E7%8E%84%E5%9D%82%E5%B0%8F%E8%B7%AF-1984%E2%87%942025/,dated_source_event|menu_or_dish_marker|service_or_store_format|urban_memory_or_geography,1955 麗郷 dated public source event anchors the food sign 台湾料理;台湾ソーセージ 渋谷台湾料理 || 1955 麗郷 dish wording binds local food item to Taiwaneseness corpus 台湾料理;台湾ソーセージ 渋谷台湾料理 || 1955 麗郷 store service format records circulation context 台湾料理;台湾ソーセージ 渋谷台湾料理 || 1955 麗郷 urban memory and place geography support historical binding 台湾料理;台湾ソーセージ 渋谷台湾料理,medium,Large source-diverse top-up from manually reviewed public source event; duplicate source-key checked before append.,SRC_BULK_O_017_A,probable,Japan,Reikyo founded in 1955 as Taiwanese restaurant landmark in Shibuya Dogenzaka,台湾料理;台湾ソーセージ,渋谷台湾料理,,,https://kiichiroyoshimoto.jp/2025/06/05/%E9%BA%97%E9%83%B7%E3%83%BB%E6%B8%8B%E8%B0%B7%E9%81%93%E7%8E%84%E5%9D%82%E5%B0%8F%E8%B7%AF-1984%E2%87%942025/,242a97c239a5d990,BULK_O_017_A;BULK_O_017_B;BULK_O_017_C;BULK_O_017_D,4,0.7500,0.2500,2,麗郷,tertiary,0.4000,blog/review/social retrospective source,0.5850,0.0000,0.0000,0.0000,target_dish_absent_taiwan_context,target_dish_absent_taiwan_context,cap_51262b58b419,srch_960b2a1f884f
MERGED_79089476f9ae60,1960,1960-01-01,1946-1987_taiwan_side_formation,味仙今池本店,Nagoya,Aichi,Japan,official_tourism_listing,Nagoya Meshi official site,https://nagoya-meshi.jp/cms/nagoyameshi-search/detail/%E4%B8%AD%E5%9B%BD%E5%8F%B0%E6%B9%BE%E6%96%99%E7%90%86-%E5%91%B3%E4%BB%99-%E6%9C%AC%E5%BA%97/,overseas_taiwanese_restaurant_localization,Nagoya Misen founded 1960 Chinese Taiwanese cuisine Taiwan ramen pork mince chicken soup chili garlic,high,Shows Japan-side Taiwan label becoming localized regional food through Taiwanese restaurant branding.,JP_MISEN_1960,probable,Japan,Official Nagoya Meshi listing calls Misen a 1960-founded original Taiwan ramen shop.,台湾ラーメン,台湾料理,,,https://nagoya-meshi.jp/cms/nagoyameshi-search/detail/%E4%B8%AD%E5%9B%BD%E5%8F%B0%E6%B9%BE%E6%96%99%E7%90%86-%E5%91%B3%E4%BB%99-%E6%9C%AC%E5%BA%97/,e8cd77d1ef4c8e26,JP_1960_001,1,0.8889,0.1111,2,味仙今池本店,secondary,0.7000,official/media curated narrative source,0.8322,0.0000,0.0000,0.0000,target_dish_absent_taiwan_context,target_dish_absent_taiwan_context,cap_b75b6c9c064b,srch_76f77febe4f9
MERGED_294bd5cb18b276,1966,1966-01-01,1946-1987_taiwan_side_formation,ビーフン東,Tokyo,Tokyo,Japan,local_government_magazine,港区芝地区地域情報誌,https://www.city.minato.tokyo.jp/shibachikusei/shiba/koho/documents/shiba45.pdf,station_front_continuity,1966 Tokyo Shinbashi Bifun Azuma entered new Shinbashi Station Front Building and continued Taiwan restaurant trade,medium,Same local-government magazine ties the shop to the 1966 station-front redevelopment and continuous operation in the new building.,JP_BIFUNAZUMA_1966,probable,Japan,Official Minato City district magazine says Bifun Azuma has kept operating in the Shinbashi Station Front Building since the building opened in Showa 41 1966.,ビーフン;バーツァン,台湾料理,,,https://www.city.minato.tokyo.jp/shibachikusei/shiba/koho/documents/shiba45.pdf,14012545ba6d977f,JP_1966_001,1,0.7667,0.2333,3,ビーフン東,secondary,0.7000,official/media curated narrative source,0.7467,0.0000,0.0000,0.0000,target_dish_absent_taiwan_context,target_dish_absent_taiwan_context,cap_035368b9741f,srch_d21f342ed609
MERGED_210f3e30579c1a,1973,1973-01-01,1946-1987_taiwan_side_formation,味仙八事店,Nagoya,Aichi,Japan,brand_history,Yaba Misen official history,https://yabamisen.jp/history/,overseas_taiwanese_restaurant_branching,Misen Yagoto branch opened 1973 Taiwan cuisine group branching,medium,Branching record; helps track Japan-side diffusion of Taiwan-labeled restaurant family before 1987.,JP_MISEN_YAGOTO_1973,probable,Japan,Brand history says the second son opened the Yagoto Misen branch in 1973.,台湾料理,台湾料理,,,https://yabamisen.jp/history/,531cf8c74f9f6a8d,JP_1973_001,1,1.0000,0.0000,1,味仙八事店,secondary,0.7000,default secondary classification,0.9100,0.0000,0.0000,0.0000,target_dish_absent_taiwan_context,target_dish_absent_taiwan_context,cap_4612e342d09c,srch_6918df395418
MERGED_f3e8ad33ccc29b,1977,1977-01-01,1946-1987_taiwan_side_formation,台湾料理 光春,Tokyo,Tokyo,Japan,food_media_list,VOKKA,https://vokka.jp/10689/,dated_source_event|menu_or_dish_marker|service_or_store_format|urban_memory_or_geography,1977 台湾料理 光春 dated public source event anchors the food sign 台湾料理;角煮 東京台湾料理 || 1977 台湾料理 光春 dish wording binds local food item to Taiwaneseness corpus 台湾料理;角煮 東京台湾料理 || 1977 台湾料理 光春 store service format records circulation context 台湾料理;角煮 東京台湾料理 || 1977 台湾料理 光春 urban memory and place geography support historical binding 台湾料理;角煮 東京台湾料理,medium,Large source-diverse top-up from manually reviewed public source event; duplicate source-key checked before append.,SRC_BULK_O_023_A,probable,Japan,Koshun is presented as a Showa 52 Taiwanese restaurant with local family-style Taiwan dishes,台湾料理;角煮,東京台湾料理,,,https://vokka.jp/10689/,b9833b241b68fa8c,BULK_O_023_A;BULK_O_023_B;BULK_O_023_C;BULK_O_023_D,4,1.0000,0.0000,1,台湾料理 光春,secondary,0.7000,official/media curated narrative source,0.9100,0.0000,0.0000,0.0000,target_dish_absent_taiwan_context,target_dish_absent_taiwan_context,cap_5591b18bb11c,srch_c7710a81d6ab
MERGED_41562d2422a551,1980,1980-01-01,1946-1987_taiwan_side_formation,夜来香,Tokyo,Tokyo,Japan,food_media_retrospective,Annju Chillaxing Life,https://chillaxing-life.com/yelaixiang/,dated_source_event|menu_or_dish_marker|service_or_store_format|urban_memory_or_geography,1980 夜来香 dated public source event anchors the food sign 台湾料理;豚角煮飯 西新宿台湾料理 || 1980 夜来香 dish wording binds local food item to Taiwaneseness corpus 台湾料理;豚角煮飯 西新宿台湾料理 || 1980 夜来香 store service format records circulation context 台湾料理;豚角煮飯 西新宿台湾料理 || 1980 夜来香 urban memory and place geography support historical binding 台湾料理;豚角煮飯 西新宿台湾料理,medium,Large source-diverse top-up from manually reviewed public source event; duplicate source-key checked before append.,SRC_BULK_O_021_A,probable,Japan,Yelaixiang in Nishi-Shinjuku is described as Taiwanese restaurant founded in 1980,台湾料理;豚角煮飯,西新宿台湾料理,,,https://chillaxing-life.com/yelaixiang/,7fd5561f0a24583a,BULK_O_021_A;BULK_O_021_B;BULK_O_021_C;BULK_O_021_D,4,0.7273,0.2727,2,夜来香,tertiary,0.4000,blog/review/social retrospective source,0.5691,0.0000,0.0000,0.0000,target_dish_absent_taiwan_context,target_dish_absent_taiwan_context,cap_b54f8181b613,srch_c17573a1a2fb
MERGED_48c82dcd6a3592,1986,1986-01-01,1946-1987_taiwan_side_formation,香味,Tokyo,Tokyo,Japan,food_history_feature,東京ディープチャイナ研究会,https://deep-china.tokyo/restaurant-info/6706/,taiwan_home_cooking_restaurant_origin,1986 Shimbashi Koumi Taichung-origin Taiwan home cooking chicken cutlet radish cake Tokyo restaurant,medium,Secondary food-history source with exact opening year; useful for 1980s Taiwanese home-cooking restaurant ecology in Tokyo.,JP_KOUMI_SHIMBASHI_1986,probable,Japan,Tokyo Deep China says Shimbashi Koumi opened in 1986 and was started by a woman from Taichung serving home-style Taiwan dishes.,鶏排;大根餅,台湾家庭料理,Taichung-origin operator,Taiwan,https://deep-china.tokyo/restaurant-info/6706/,be3971fc824deff0,JP_1986_003,1,1.0000,0.0000,1,香味,secondary,0.7000,default secondary classification,0.9100,0.0000,0.0000,0.0000,target_dish_absent_taiwan_context,target_dish_absent_taiwan_context,cap_c7433c333901,srch_b08f0eb3f2e5
MERGED_530df2eeb07631,1987,1987-10-20,1946-1987_taiwan_side_formation,China Travel Service Taiwan compatriot reception,Multiple mainland cities,,Mainland China,newspaper_archive,People's Daily / cn.govopendata,https://cn.govopendata.com/renminribao/1987/10/20/4/,mobility_infrastructure,1987 China Travel Service 320 branches 169 tourism hotels Taiwan compatriots mainland travel reception,high,Institutional-scale mainland reception infrastructure for Taiwan visitors; not dish evidence.,CN_RMRB_19871020_CTS_TAIBAO,probable,Mainland China,People's Daily reports China Travel Service had 320 branches and 169 tourist hotels while discussing Taiwan compatriot travel.,,台胞;旅游饭店,,,https://cn.govopendata.com/renminribao/1987/10/20/4/,acfdb51b1c826d36,CN_1987_004,1,1.0000,0.0000,1,China Travel Service Taiwan compatriot reception,primary,1.0000,dated archive/newspaper/registry-like source,1.0600,0.0000,0.0000,0.0000,target_dish_absent_taiwan_context,target_dish_absent_taiwan_context,cap_e8d2b4ab2498,srch_16d773f1a96b
MERGED_5799194db4edaf,1955,1955-01-01,1946-1987_taiwan_side_formation,Taiwanese chefs in United States,Multiple,United States,North America,encyclopedic_secondary,Taiwanese cuisine overview,https://en.wikipedia.org/wiki/Taiwanese_cuisine,diaspora_chef_migration,1950s Taiwanese chefs United States Chinese regional cooking Cantonese shift,low,Use as a search-guiding candidate until replaced by stronger migration-history source.,US_TW_CHEFS_1950S,candidate,North America,Overview states that immigration of Taiwanese chefs to the United States began in the 1950s and later affected Chinese restaurant diversity.,regional Chinese restaurant,Taiwanese immigrant restaurateurs,,,https://en.wikipedia.org/wiki/Taiwanese_cuisine,6256417a7eab6824,US_1950S_001,1,1.0000,0.0000,1,Taiwanese chefs in United States,secondary,0.7000,default secondary classification,0.9100,0.0000,0.0000,0.0000,target_dish_absent_taiwan_context,target_dish_absent_taiwan_context,cap_7c05f2ac9b6c,srch_8ef591386d45
MERGED_15a142c712924c,1965,1965-01-01,1946-1987_taiwan_side_formation,Taiwanese New York community,New York,New York,North America,food_culture_article,TASTE,https://tastecooking.com/new-york-citys-taiwanese-food-boom-its-about-damn-time/,diaspora_presence,Taiwanese immigrants Taiwanese Americans New York area since 1960s later restaurant ecology,medium,Useful for pre-restaurant community layer in New York corridor.,US_NY_TW_COMMUNITY_1960S,probable,North America,TASTE says Taiwanese immigrants and Taiwanese Americans had been living in the New York area since the 1960s.,Taiwanese food,Taiwanese diaspora,,,https://tastecooking.com/new-york-citys-taiwanese-food-boom-its-about-damn-time/,6eef8374d773ed91,US_1960S_001,1,1.0000,0.0000,1,Taiwanese New York community,secondary,0.7000,default secondary classification,0.9100,0.0000,0.0000,0.0000,target_dish_absent_taiwan_context,target_dish_absent_taiwan_context,cap_6014dff92d83,srch_8d7c7f81bee3
MERGED_ae7fd91c7d5679,1970,1970-01-01,1946-1987_taiwan_side_formation,Flushing Little Taipei formation,New York,New York,North America,travel_history_article,Matador Network,https://matadornetwork.com/read/chinatown-nyc-restaurants/,neighborhood_formation,1970 Flushing Chinatown began Mandarin speaking Taiwanese immigrants Little Taipei condition,medium,Neighborhood-level corridor evidence for Taiwanese food geography in New York.,US_FLUSHING_1970,probable,North America,Matador says Flushing Chinatown began forming around 1970 with Mandarin-speaking Taiwanese immigrants.,Taiwanese community,Taiwanese immigrants,,,https://matadornetwork.com/read/chinatown-nyc-restaurants/,9e814401878ef131,US_1970_001B,1,1.0000,0.0000,1,Flushing Little Taipei formation,secondary,0.7000,default secondary classification,0.9100,0.0000,0.0000,0.0000,target_dish_absent_taiwan_context,target_dish_absent_taiwan_context,cap_297a034e6bc1,srch_178ff53a1f9c
MERGED_16d6d1191fb6b1,1975,1975-01-01,1946-1987_taiwan_side_formation,Taiwanese chefs and Hunan boom,New York,New York,North America,food_culture_article,TASTE,https://tastecooking.com/new-york-citys-taiwanese-food-boom-its-about-damn-time/,restaurant_labor_ecology,1970s New York Hunan restaurant boom Taiwanese chefs responsible in part regional Chinese shift,medium,Important because Taiwaneseness entered US food ecology partly through non-Taiwan-labeled regional Chinese formats.,US_NY_HUNAN_1970S,probable,North America,TASTE says Taiwanese chefs were responsible in part for the 1970s boom in Hunan restaurants in New York.,Hunan restaurant,Taiwanese chefs,,,https://tastecooking.com/new-york-citys-taiwanese-food-boom-its-about-damn-time/,ad86719ff1d0cca5,US_1970S_003,1,1.0000,0.0000,1,Taiwanese chefs and Hunan boom,secondary,0.7000,default secondary classification,0.9100,0.0000,0.0000,0.0000,target_dish_absent_taiwan_context,target_dish_absent_taiwan_context,cap_585b65f628da,srch_1f22bdba47aa
MERGED_62dc3536b40c27,1984,1984-01-01,1946-1987_taiwan_side_formation,99 Ranch Market,Westminster,California,North America,official_company_profile,99 Ranch Market,https://h5.awsprod.99ranch.com/about-us,asian_supermarket_origin,1984 99 Ranch Market Tawa Supermarket Roger Chen Taiwanese immigrant Asian supermarket pantry infrastructure,high,Official company history gives founding year and Taiwanese immigrant founder; useful for non-restaurant pantry and grocery infrastructure in North America.,US_99RANCH_1984,probable,North America,Official about-us page says 99 Ranch Market or Tawa Supermarket was established in 1984 by Roger Chen a Taiwanese immigrant to fill the need for an Asian supermarket.,Asian grocery;Taiwanese pantry,Taiwanese immigrant founder;Asian food culture,Taiwanese immigrant operator,Taiwan,https://h5.awsprod.99ranch.com/about-us,78bcb0c1ad3f985d,US_1984_001,1,0.7317,0.2683,2,99 Ranch Market,secondary,0.7000,default secondary classification,0.7222,0.0000,0.0000,0.0000,target_dish_absent_taiwan_context,target_dish_absent_taiwan_context,cap_cc6efebace14,srch_7f9eb20a8cc6
MERGED_fb26ff6caf314a,1985,1985-07-21,1946-1987_taiwan_side_formation,Good Shine Kitchen,Monterey Park,California,North America,newspaper_feature,Los Angeles Times,https://www.latimes.com/archives/la-xpm-1985-07-21-mn-6906-story.html,political_social_foodspace,1985 Good Shine Kitchen Taiwanese activists old hometown taste Taiwan countryside native place homeland social function,high,Distinct from the June 1985 restaurant review; this records Good Shine as a Taiwanese community and political-social food space.,US_GOODSHINE_SOCIAL_19850721,probable,North America,Los Angeles Times describes Good Shine Kitchen as a favorite spot for Taiwanese activists and as serving old hometown tastes from the Taiwanese countryside.,Taiwanese countryside dishes,Taiwanese activists;homeland;Little Taipei,Taiwanese community operator,Taiwan,https://www.latimes.com/archives/la-xpm-1985-07-21-mn-6906-story.html,d00b40cb3a190673,US_1985_002,1,0.7442,0.2558,2,Good Shine Kitchen,primary,1.0000,dated archive/newspaper/registry-like source,0.8809,0.0000,0.0000,0.0000,target_dish_absent_taiwan_context,target_dish_absent_taiwan_context,cap_b1ac82092ae0,srch_a6e2746e117a
BATCH_S_016,1971,1971-11-19,1946-1987_taiwan_side_formation,First genuine Taiwan restaurant review,Singapore,,Singapore,newspaper_archive,NewspaperSG / NLB,https://eresources.nlb.gov.sg/newspapers/digitised/issue/newnation19711119-1,newspaper_ad_or_article,"New Nation eating-out review says the first restaurant serving genuine Taiwan food offered juicy pork, creamy porridge and oysters.",medium,Fifty-record top-up batch S; 200-row harvesting round checkpoint 1/4; source/date/brand key screened; not marker-split.,SRC_BATCH_S_016,probable,Singapore,"New Nation eating-out review says the first restaurant serving genuine Taiwan food offered juicy pork, creamy porridge and oysters.",Taiwanese food;porridge;oysters,Taiwan,,,https://eresources.nlb.gov.sg/newspapers/digitised/issue/newnation19711119-1,b029225b1f079aab,BATCH_S_016,1,1.0000,0.0000,1,First genuine Taiwan restaurant review,primary,1.0000,dated archive/newspaper/registry-like source,1.0600,0.0000,0.0000,0.0000,target_dish_absent_taiwan_context,target_dish_absent_taiwan_context,cap_4b38a5e5365c,srch_1449d41f80b5
BATCH_R_034,1975,1975-06-07,1946-1987_taiwan_side_formation,Oasis Paradise Cove Taiwan Porridge Restaurant,Singapore,,Singapore,newspaper_archive,NewspaperSG / NLB,https://eresources.nlb.gov.sg/newspapers/digitised/issue/straitstimes19750607-1,newspaper_ad_or_article,"Floating Palace cabaret and nightclub, Oasis Paradise Cove bar nightclub, Taiwan Porridge Restaurant and coffee house appear in the advertisement.",medium,Fifty-record top-up batch R; generated from 60-candidate source-artifact pool; existing source/date/brand keys skipped; not marker-split.,SRC_BATCH_R_034,probable,Singapore,"Floating Palace cabaret and nightclub, Oasis Paradise Cove bar nightclub, Taiwan Porridge Restaurant and coffee house appear in the advertisement.",Taiwan porridge,Taiwan,,,https://eresources.nlb.gov.sg/newspapers/digitised/issue/straitstimes19750607-1,a7e4bc49a8091c8c,BATCH_R_034,1,0.5404,0.4596,3,Oasis Paradise Cove Taiwan Porridge Restaurant,primary,1.0000,dated archive/newspaper/registry-like source,0.7383,0.0000,0.0000,0.0000,target_dish_absent_taiwan_context,target_dish_absent_taiwan_context,cap_89e9944f387a,srch_5e55c0a6a611
SRC_NEWSG_MANUAL_19800406_GOLDLEAF,1980,1980-04-06,1946-1987_taiwan_side_formation,Goldleaf Restaurant,Singapore,,Singapore,newspaper_archive,New Nation / NewspaperSG,https://eresources.nlb.gov.sg/newspapers/digitised/issue/newnation19800406-1,ad,1980 Singapore Goldleaf first Taiwan restaurant advertisement,medium,New non-duplicate NewspaperSG ad; OCR noisy but source identifies Goldleaf and Taiwan restaurant claim.,SRC_NEWSG_MANUAL_19800406_GOLDLEAF,probable,Singapore,Goldleaf Restaurant at Parklane Shopping Mall; Singapore's first Taiwan restaurant; come and have a taste,Taiwan restaurant,Taiwan,,,https://eresources.nlb.gov.sg/newspapers/digitised/issue/newnation19800406-1,,SRC_NEWSG_MANUAL_19800406_GOLDLEAF,1,1.0000,0.0000,1,Goldleaf Restaurant,primary,1.0000,dated archive/newspaper/registry-like source,1.0600,0.0000,0.0000,0.0000,target_dish_absent_taiwan_context,target_dish_absent_taiwan_context,cap_c9b05113323b,srch_30215704d2be
BATCH_T_004,1985,1985-04-15,1946-1987_taiwan_side_formation,Goodwood Park Taiwan Porridge Monitor April,Singapore,,Singapore,newspaper_issue,NewspaperSG Singapore Monitor,https://eresources.nlb.gov.sg/newspapers/Digitised/Issue/singmonitor19850415-2,newspaper_ad,Singapore Monitor issue carries Goodwood Park Taiwan Porridge dining copy.,high,NewspaperSG issue-page artifact; one dated page row. Fifty-record top-up batch T; 200-row harvesting round checkpoint 2/4; source/date/brand key screened; not marker-split.,SRC_BATCH_T_004,probable,Singapore,Singapore Monitor issue carries Goodwood Park Taiwan Porridge dining copy.,Taiwan Porridge;porridge,Taiwan,unknown,,https://eresources.nlb.gov.sg/newspapers/Digitised/Issue/singmonitor19850415-2,2ffc1bdc6fa29c1b,BATCH_T_004,1,1.0000,0.0000,1,Goodwood Park Taiwan Porridge Monitor April,primary,1.0000,dated archive/newspaper/registry-like source,1.0600,0.0000,0.0000,0.0000,target_dish_absent_taiwan_context,target_dish_absent_taiwan_context,cap_d4238245b3da,srch_6b7bd88362b0
BATCH_S_008,1946,1946-01-01,1946-1987_taiwan_side_formation,老江紅茶牛奶,Kaohsiung,Taiwan,Taiwan-side,municipal_profile,Kaohsiung Travel old taste zone,https://khh.travel/zh-tw/event/news/4784/,source_artifact_profile,老江紅茶牛奶於戰後早期在高雄形成早餐茶飲與小吃記憶。,medium,Fifty-record top-up batch S; 200-row harvesting round checkpoint 1/4; source/date/brand key screened; not marker-split.,SRC_BATCH_S_008,probable,Taiwan-side,老江紅茶牛奶於戰後早期在高雄形成早餐茶飲與小吃記憶。,紅茶牛奶;早餐,Taiwan,,,https://khh.travel/zh-tw/event/news/4784/,86ef91a5ef6263ba,BATCH_S_008,1,1.0000,0.0000,1,老江紅茶牛奶,secondary,0.7000,official/media curated narrative source,0.9100,0.0000,0.0000,0.0000,target_dish_absent_taiwan_context,target_dish_absent_taiwan_context,cap_464f02f02bd3,srch_db88ff6abc10
BATCH_R_008,1950,1950-01-01,1946-1987_taiwan_side_formation,七賢鴨肉飯,Kaohsiung,Taiwan,Taiwan-side,public_web_profile,Zanzan Kaohsiung duck-rice guide,https://zanzan.tw/archives/68703,source_artifact_profile,七賢鴨肉飯創立於1950年代，至今超過七十年，是許多老高雄人的記憶座標。,low,Fifty-record top-up batch R; generated from 60-candidate source-artifact pool; existing source/date/brand keys skipped; not marker-split.,SRC_BATCH_R_008,candidate,Taiwan-side,七賢鴨肉飯創立於1950年代，至今超過七十年，是許多老高雄人的記憶座標。,鴨肉飯,Taiwan,,,https://zanzan.tw/archives/68703,6d43b15816b2b495,BATCH_R_008,1,1.0000,0.0000,1,七賢鴨肉飯,primary,1.0000,dated archive/newspaper/registry-like source,1.0600,0.0000,0.0000,0.0000,target_dish_absent_taiwan_context,target_dish_absent_taiwan_context,cap_ea1dff3a0410,srch_1ce4b34f3d10
MERGED_5ffd9f50c5d435,1957,1957-01-01,1946-1987_taiwan_side_formation,阿鳳浮水虱目魚羹,Tainan,Taiwan,Taiwan-side,official_tourism_profile,台南旅遊網,https://twtainan.net/zh-tw/shop/consume/1488/,old_shop_origin|floating_fish_thick_soup_technique,1957 Tainan Afeng floating milkfish thick soup old shop origin Baoan Road || 1957 Tainan Afeng milkfish belly back-meat paste floating thick soup technique boneless filling,medium,Official tourism page gives exact ROC year 46 founding and present family continuity. || Same official page explains the historical floating-fish-thick-soup form in enough detail to code as a preparation record.,TW_AFENG_1957_ORIGIN,probable,Taiwan-side,Official page says Lin Ye-aiyin founded Afeng floating milkfish thick soup in ROC year 46 on Baoan Road. || Official page says the soup used milkfish belly and back meat pounded into paste and dropped into boiling water so the fish-thick-soup pieces floated when cooked.,虱目魚羹,台南保安路小吃;台南虱目魚技法,,,https://twtainan.net/zh-tw/shop/consume/1488/,48e05f1597bfd881,TW_TN_1957_001;TW_TN_1957_002,2,1.0000,0.0000,1,阿鳳浮水虱目魚羹,secondary,0.7000,official/media curated narrative source,0.9100,0.0000,0.0000,0.0000,target_dish_absent_taiwan_context,target_dish_absent_taiwan_context,cap_f7ba699a8522,srch_4bdf1dfabd27
BATCH_V_012,1960,1960-01-01,1946-1987_taiwan_side_formation,鹿港阿道蚵仔煎 food-blog founding article,Changhua,Taiwan,Taiwan-side,food_blog,Nini and Blue,https://niniandblue.com/blog/post/lukang-ado,food_history_article,Nini and Blue records 鹿港阿道蚵仔煎 food-blog founding article with 蚵仔煎;小吃 in Changhua food context.,low,Food blog source Fifty-record top-up batch V; 200-row harvesting round checkpoint 4/4; source/date/brand key screened; not marker-split.,SRC_BATCH_V_012,candidate,Taiwan,Nini and Blue records 鹿港阿道蚵仔煎 food-blog founding article with 蚵仔煎;小吃 in Changhua food context.,蚵仔煎;小吃,彰化;臺灣,unknown,,https://niniandblue.com/blog/post/lukang-ado,ad8e8591e2f7511e,BATCH_V_012,1,1.0000,0.0000,1,鹿港阿道蚵仔煎 food-blog founding article,tertiary,0.4000,blog/review/social retrospective source,0.7600,0.0000,0.0000,0.0000,target_dish_absent_taiwan_context,target_dish_absent_taiwan_context,cap_bff79a67a12f,srch_140f815171c9
BATCH_V_005,1965,1965-01-01,1946-1987_taiwan_side_formation,阿蘭古早味 Kaohsiung old-flavor page,Kaohsiung,Taiwan,Taiwan-side,official_event_page,Kaohsiung Travel,https://khh.travel/zh-tw/event/news/4784/,official_old_flavor_profile,Kaohsiung Travel records 阿蘭古早味 Kaohsiung old-flavor page with 古早味小吃;飯食 in Kaohsiung food context.,medium,Official page but relative age Fifty-record top-up batch V; 200-row harvesting round checkpoint 4/4; source/date/brand key screened; not marker-split.,SRC_BATCH_V_005,candidate,Taiwan,Kaohsiung Travel records 阿蘭古早味 Kaohsiung old-flavor page with 古早味小吃;飯食 in Kaohsiung food context.,古早味小吃;飯食,高雄;臺灣,unknown,,https://khh.travel/zh-tw/event/news/4784/,b2536dab947104a2,BATCH_V_005,1,1.0000,0.0000,1,阿蘭古早味 Kaohsiung old-flavor page,secondary,0.7000,official/media curated narrative source,0.9100,0.0000,0.0000,0.0000,target_dish_absent_taiwan_context,target_dish_absent_taiwan_context,cap_8266f27a749f,srch_60fdb7155a78
BATCH_V_016,1970,1970-01-01,1946-1987_taiwan_side_formation,冬粉王 second source blog article V,Kaohsiung,Taiwan,Taiwan-side,food_blog,Rainieis.tw,https://rainieis.tw/dongfenwang/,food_history_article,Rainieis.tw records 冬粉王 second source blog article V with 冬粉湯;乾冬粉 in Kaohsiung food context.,low,Food blog second source Fifty-record top-up batch V; 200-row harvesting round checkpoint 4/4; source/date/brand key screened; not marker-split.,SRC_BATCH_V_016,candidate,Taiwan,Rainieis.tw records 冬粉王 second source blog article V with 冬粉湯;乾冬粉 in Kaohsiung food context.,冬粉湯;乾冬粉,高雄;臺灣,unknown,,https://rainieis.tw/dongfenwang/,1abd303238e3617b,BATCH_V_016,1,1.0000,0.0000,1,冬粉王 second source blog article V,tertiary,0.4000,blog/review/social retrospective source,0.7600,0.0000,0.0000,0.0000,target_dish_absent_taiwan_context,target_dish_absent_taiwan_context,cap_241509f35887,srch_1a7ae9332d74
SRC_R010B03_TW_MATSU_XIEHE_1976_OFFICIAL,1976,2026-03-10,1946-1987_taiwan_side_formation,發師傅 協和食品行,Lienchiang,Taiwan,Taiwan-side,official_open_data,Taiwan Tourism Administration Open Multimedia Data,https://media.taiwan.net.tw/zh-tw/portal/travel/details/restaurant_a15010500h_002856,official_restaurant_open_data,1976 Matsu official open-data page classifies Xiehe Foods as Taiwanese cuisine and describes Matsu pastries and traditional foods,high,Official Matsu National Scenic Area page gives direct 1976 founding evidence and 2026 update date. Duplicate source-url and artifact-key checked against Round010 overlay before append; one row represents one source artifact.,SRC_R010B03_TW_MATSU_XIEHE_1976_OFFICIAL,verified,Taiwan-side,資料更新日期時間 2026-03-10T15:29:54+08:00；餐飲店家類型：台灣小吃/台菜；協和食品行創立於1976年，於北竿塘岐延續馬祖傳統美食，包括馬祖酥、芙蓉酥、蘿蔔絲餅、黃金地瓜餃與婚慶禮餅。,馬祖酥;芙蓉酥;蘿蔔絲餅;黃金地瓜餃,台灣小吃/台菜;馬祖傳統美食,,,https://media.taiwan.net.tw/zh-tw/portal/travel/details/restaurant_a15010500h_002856,e2de13deede5cbdc,SRC_R010B03_TW_MATSU_XIEHE_1976_OFFICIAL,1,0.9000,0.1000,1,發師傅 協和食品行,secondary,0.7000,official Taiwan Tourism Administration open-data or Michelin-derived tourism source with direct date evidence,0.8400,0.0000,0.0000,0.0000,target_dish_absent_taiwan_context,target_dish_absent_taiwan_context,cap_bfd16763bf61,srch_4aecdcdc9fcb
BATCH_Q_051,1980,1980-01-01,1946-1987_taiwan_side_formation,老睦家炒鱔魚,Taipei,Taiwan,Taiwan-side,food_media_profile,Mecocute,https://www.mecocute.com/agedmom/,media_taiwanese_cuisine_profile,1980 老睦家 profile records inherited Taiwanese restaurant craft and late twentieth-century Tai-cai continuity,medium,Fifty-record top-up batch Q; source-artifact unit checked against existing source/date/brand keys; not marker-split.,SRC_BATCH_Q_051,probable,Taiwan-side,Food article says 老睦家 inherits parents craft from a restaurant founded in 1980 and identifies the venue as a 台菜 restaurant,台菜;炒鱔魚,臺菜;台北,,,https://www.mecocute.com/agedmom/,06d6e43bf1a0b604,BATCH_Q_051,1,1.0000,0.0000,1,老睦家炒鱔魚,secondary,0.7000,official/media curated narrative source,0.9100,0.0000,0.0000,0.0000,target_dish_absent_taiwan_context,target_dish_absent_taiwan_context,cap_77e5c4156b85,srch_99ddf4f8a27b
MERGED_8afbad82618fec,1986,1986-01-01,1946-1987_taiwan_side_formation,春水堂珍珠奶茶,Taichung,Taiwan,Taiwan-side,official_product_history,春水堂人文茶館,https://www.chunshuitang.com.tw/drink/innovation/,bubble_tea_invention,1986 Chun Shui Tang invented pearl milk tea Taiwan tea drink innovation hand-shaken beverage,high,Official product-history page explicitly states 1986 invention and 1987 launch; keep separate from launch row for innovation timeline.,TW_CHUNSHUITANG_BMT_1986,probable,Taiwan-side,Chun Shui Tang official page says pearl milk tea was invented by Chun Shui Tang in 1986 before being listed for sale in 1987.,珍珠奶茶,世界首創;台灣手搖飲,Taiwan tea-house operator,Taiwan,https://www.chunshuitang.com.tw/drink/innovation/,edc920707958ddbe,TW_1986_002,1,0.6552,0.3448,2,春水堂珍珠奶茶,secondary,0.7000,default secondary classification,0.6686,0.0000,0.0000,0.0000,target_dish_absent_taiwan_context,target_dish_absent_taiwan_context,cap_cd662cbc72e8,srch_c7587c827a19
MERGED_0eaaaae1370547,1971,1971-11-19,1946-1987_taiwan_side_formation,Taiwanese food,Singapore,,,newspaper_archive,NewspaperSG / New Nation,https://eresources.nlb.gov.sg/newspapers/digitised/issue/newnation19711119-1,overseas_taiwan_food_review,Taiwanese food Singapore genuine Taiwan food Taiwanese cooks first restaurant serving genuine Taiwan food,,Comparative Singapore attestation; source lines from NewspaperSG search/open result.,NEWSG_NEWNATION_19711119,probable,Singapore,New Nation article describes genuine Taiwan food and Taiwanese cooks in Singapore.,,Taiwanese food,,,https://eresources.nlb.gov.sg/newspapers/digitised/issue/newnation19711119-1,72f24c44262908af,SG_1971_001,1,1.0000,0.0000,1,Taiwanese food,primary,1.0000,dated archive/newspaper/registry-like source,1.0600,0.0000,0.0000,0.0000,target_dish_absent_taiwan_context,target_dish_absent_taiwan_context,cap_7b8137aeb970,srch_6ea13a6d7fde
MERGED_28267deb61c2cc,1975,1975-04-19,1946-1987_taiwan_side_formation,Taiwan Porridge Restaurant,Singapore,,,newspaper_archive,NewspaperSG / The Straits Times,https://eresources.nlb.gov.sg/newspapers/digitised/issue/straitstimes19750419-1,overseas_taiwan_porridge_ad,Taiwan Porridge Restaurant Singapore advertisement Taiwan porridge,,Comparative Singapore Taiwan-porridge ad.,NEWSG_ST_19750419,probable,Singapore,Advertisement references Taiwan Porridge Rest in entertainment/restaurant cluster.,,Taiwan porridge,,,https://eresources.nlb.gov.sg/newspapers/digitised/issue/straitstimes19750419-1,f8ad3c285b4a78e8,SG_1975_001,1,0.7179,0.2821,4,Taiwan Porridge Restaurant,primary,1.0000,dated archive/newspaper/registry-like source,0.8625,0.0000,0.0000,0.0000,target_dish_absent_taiwan_context,target_dish_absent_taiwan_context,cap_bbe0cff085cd,srch_d21b5504a516
MERGED_7cd21411d891ea,1982,1982-03-21,1946-1987_taiwan_side_formation,Taiwan Porridge,Singapore,,,newspaper_archive,NewspaperSG / The Straits Times,https://eresources.nlb.gov.sg/newspapers/digitised/issue/straitstimes19820321-1,overseas_taiwan_porridge_review,Taiwan porridge light meal snack Goodwood Park Hotel Singapore,,Comparative Singapore Taiwan-porridge review.,NEWSG_ST_19820321,probable,Singapore,Article titled Taiwan porridge as a light meal or snack.,,Taiwan porridge,,,https://eresources.nlb.gov.sg/newspapers/digitised/issue/straitstimes19820321-1,a895bfb377a33857,SG_1982_001,1,0.9172,0.0828,9,Taiwan Porridge,primary,1.0000,dated archive/newspaper/registry-like source,1.0020,0.0000,0.0000,0.0000,target_dish_absent_taiwan_context,target_dish_absent_taiwan_context,cap_d58363d20c82,srch_4cbc39684c26
MERGED_7a17e8733bb1b1,1986,1986-06-19,1946-1987_taiwan_side_formation,Taiwanese Porridge,Singapore,,,newspaper_archive,NewspaperSG / The Straits Times,https://eresources.nlb.gov.sg/newspapers/digitised/issue/straitstimes19860619-1,overseas_taiwan_porridge_ad,Taiwanese Porridge Cockpit Hotel Singapore supper breakfast,,Comparative Singapore Taiwan-porridge ad.,NEWSG_ST_19860619,probable,Singapore,Cockpit Hotel ad lists Taiwanese porridge among supper/breakfast choices.,,Taiwanese porridge,,,https://eresources.nlb.gov.sg/newspapers/digitised/issue/straitstimes19860619-1,a3d8761bf21e3780,SG_1986_001,1,0.9375,0.0625,2,Taiwanese Porridge,primary,1.0000,dated archive/newspaper/registry-like source,1.0162,0.0000,0.0000,0.0000,target_dish_absent_taiwan_context,target_dish_absent_taiwan_context,cap_bc71d21605de,srch_2683001572a0
MERGED_542b43b39d8bbb,1952,1952-01-01,1946-1987_taiwan_side_formation,ビーフン東,Tokyo,Tokyo,Japan,food_media_retrospective,Ameba Karin Diary,https://ameblo.jp/karin0321/entry-12620231263.html,dated_source_event|menu_or_dish_marker|service_or_store_format|urban_memory_or_geography,1952 ビーフン東 dated public source event anchors the food sign ビーフン;バーツァン 新橋台湾料理 || 1952 ビーフン東 dish wording binds local food item to Taiwaneseness corpus ビーフン;バーツァン 新橋台湾料理 || 1952 ビーフン東 store service format records circulation context ビーフン;バーツァン 新橋台湾料理 || 1952 ビーフン東 urban memory and place geography support historical binding ビーフン;バーツァン 新橋台湾料理,medium,Large source-diverse top-up from manually reviewed public source event; duplicate source-key checked before append.,SRC_BULK_O_019_A,probable,Japan,Bifun Azuma founded in Showa 27 as Shinbashi old Taiwanese rice-noodle restaurant,ビーフン;バーツァン,新橋台湾料理,,,https://ameblo.jp/karin0321/entry-12620231263.html,50578897db8cf77f,BULK_O_019_A;BULK_O_019_B;BULK_O_019_C;BULK_O_019_D,4,0.8067,0.1933,3,ビーフン東,tertiary,0.4000,blog/review/social retrospective source,0.6247,0.0000,0.0000,0.0000,target_dish_absent_taiwan_context,target_dish_absent_taiwan_context,cap_619d53dcd6a3,srch_6f2ac3d89675
MERGED_44867d32bcc21e,1955,1955-01-01,1946-1987_taiwan_side_formation,麗郷,Tokyo,Tokyo,Japan,food_history_feature,さんたつ / 散歩の達人,https://san-tatsu.jp/articles/414608/,old_taiwan_restaurant_origin,1955 Shibuya Reikyo old Taiwan cuisine restaurant sausage clam classic Showa continuity,medium,Food-history feature gives exact Showa 30 founding and identifies the shop as a long-running Taiwan-cuisine restaurant.,JP_REIKYO_1955,probable,Japan,San-tatsu says Reikyo in Shibuya was founded in Showa 30 1955 and is a 70-year Taiwan-cuisine restaurant known for sausage and clams.,腸詰;シジミ,台湾料理,,,https://san-tatsu.jp/articles/414608/,dc84a628e01e2919,JP_1955_001,1,0.7500,0.2500,2,麗郷,secondary,0.7000,default secondary classification,0.7350,0.0000,0.0000,0.0000,target_dish_absent_taiwan_context,target_dish_absent_taiwan_context,cap_f27747bfb12c,srch_d74cef0f77ea
MERGED_8de4972785e4e7,1962,1962-01-01,1946-1987_taiwan_side_formation,味仙今池本店,Nagoya,Aichi,Japan,brand_history,Yaba Misen official history,https://yabamisen.jp/history/,overseas_taiwanese_restaurant_localization,Misen first store 1962 Taiwan ramen tan-tsu-men staff meal Taiwan cuisine Nagoya,medium,Alternative internal brand-history chronology gives 1962; keep both with source-specific dates until reconciled.,JP_MISEN_1962,probable,Japan,Brand history says the first Misen store opened in 1962 and Taiwan ramen began from adapted danzai noodles.,台湾ラーメン,台湾料理,,,https://yabamisen.jp/history/,34208b79815858ec,JP_1962_001,1,0.8889,0.1111,2,味仙今池本店,secondary,0.7000,default secondary classification,0.8322,0.0000,0.0000,0.0000,target_dish_absent_taiwan_context,target_dish_absent_taiwan_context,cap_a87c91ecb382,srch_467a794da1c9
MERGED_4308999a2f6274,1967,1967-01-01,1946-1987_taiwan_side_formation,味仙台湾ラーメン,Nagoya,Aichi,Japan,media_obituary,CBC / TBS News Dig,https://newsdig.tbs.co.jp/articles/cbc/409918?display=1,overseas_taiwan_label_local_dish,Misen Taiwan ramen born five years after 1962 founding adapted Taiwanese danzai noodles 1980s spicy boom,medium,Useful for distinguishing Taiwaneseness as localized Japanese sign rather than reproduced Taiwanese dish.,JP_MISEN_RAMEN_1967,probable,Japan,CBC reports that Taiwan ramen emerged five years after Misen's 1962 founding and spread in the 1980s spicy-food boom.,台湾ラーメン,Taiwan,,,https://newsdig.tbs.co.jp/articles/cbc/409918?display=1,24b17857845fc44f,JP_1967_001,1,1.0000,0.0000,1,味仙台湾ラーメン,secondary,0.7000,default secondary classification,0.9100,0.0000,0.0000,0.0000,target_dish_absent_taiwan_context,target_dish_absent_taiwan_context,cap_679e897f8978,srch_8630057c7a25
MERGED_5c4bf973a16874,1979,1979-01-01,1946-1987_taiwan_side_formation,Tokyo old Taiwanese and yatai cuisine restaurants,Tokyo,,Japan,food_media_secondary,Forbes Japan,https://forbesjapan.com/articles/detail/46596/page2,overseas_taiwanese_restaurant_field,1979 Taiwan travel liberalization Taiwanese people opened restaurants in Tokyo before late 1980s Chinese migrants Taiwanese yatai small-plate cuisine,medium,Secondary typology; useful for identifying Tokyo restaurant names but not a discrete restaurant record.,JP_TOKYO_OLD_TW_FIELD_1979,probable,Japan,Forbes Japan says Taiwanese operators had already opened Tokyo restaurants before late-1980s mainland Chinese migration and often used Taiwan yatai small-plate cuisine signs.,台湾屋台料理,Taiwanese cuisine,Taiwan-origin operator,Taiwan,https://forbesjapan.com/articles/detail/46596/page2,a730594d894c74da,JP_1979_001,1,1.0000,0.0000,1,Tokyo old Taiwanese and yatai cuisine restaurants,secondary,0.7000,official/media curated narrative source,0.9100,0.0000,0.0000,0.0000,target_dish_absent_taiwan_context,target_dish_absent_taiwan_context,cap_0a8d1c23d5ad,srch_4571573c4fad
MERGED_e8ac03c7436a24,1980,1980-01-01,1946-1987_taiwan_side_formation,老李,Nagasaki,Nagasaki,Japan,local_tv_feature,KTNテレビ長崎,https://www.ktn.co.jp/mottele/2026/01/post-560.html,dated_source_event|menu_or_dish_marker|service_or_store_format|urban_memory_or_geography,1980 老李 dated public source event anchors the food sign 台湾料理 長崎台湾料理 || 1980 老李 dish wording binds local food item to Taiwaneseness corpus 台湾料理 長崎台湾料理 || 1980 老李 store service format records circulation context 台湾料理 長崎台湾料理 || 1980 老李 urban memory and place geography support historical binding 台湾料理 長崎台湾料理,medium,Large source-diverse top-up from manually reviewed public source event; duplicate source-key checked before append.,SRC_BULK_O_022_A,probable,Japan,Lao Lee founded in 1980 and provides real Taiwanese taste across Nagasaki and Tokyo stores,台湾料理,長崎台湾料理,,,https://www.ktn.co.jp/mottele/2026/01/post-560.html,7a9035a9c968b5b2,BULK_O_022_A;BULK_O_022_B;BULK_O_022_C;BULK_O_022_D,4,1.0000,0.0000,1,老李,secondary,0.7000,default secondary classification,0.9100,0.0000,0.0000,0.0000,target_dish_absent_taiwan_context,target_dish_absent_taiwan_context,cap_d08db1f2a77e,srch_36a30caefc10
MERGED_dd9b15bffa0d79,1987,1987-01-01,1946-1987_taiwan_side_formation,台湾料理 千,Tokyo,Tokyo,Japan,food_history_feature,東京ディープチャイナ研究会,https://deep-china.tokyo/restaurant-info/6706/,taiwan_hakka_restaurant_origin,1987 Harajuku Taiwan cuisine Sen Hsinchu Hakka aunt and niece yuba dumplings Taiwan rice-style sauce,medium,Secondary food-history source; exact year and origin story make this usable as a probable but still worth future corroboration.,JP_SEN_HARAJUKU_1987,probable,Japan,Tokyo Deep China says Harajuku Taiwan Cuisine Sen opened in 1987 and was started by a Hsinchu Hakka woman and her niece.,揚げ湯葉;水餃子,台湾新竹客家料理,Hsinchu-origin operator,Taiwan,https://deep-china.tokyo/restaurant-info/6706/,ec3e98bb4268d0f2,JP_1987_002,1,1.0000,0.0000,1,台湾料理 千,secondary,0.7000,default secondary classification,0.9100,0.0000,0.0000,0.0000,target_dish_absent_taiwan_context,target_dish_absent_taiwan_context,cap_8ae1186e5770,srch_c68e3b682698
MERGED_af481a79212eeb,1987,1987-10-20,1946-1987_taiwan_side_formation,China Travel Service hotel and food-service network,Multiple mainland cities,,Mainland China,newspaper_archive,People's Daily / cn.govopendata,https://cn.govopendata.com/renminribao/1987/10/20/4/,taiwan_compatriot_travel_food_lodging_capacity,1987 China Travel Service 320 branches 169 hotels 50 car companies food lodging travel shopping services for Taiwan compatriots,high,Capacity row distinct from the earlier CTS reception record; captures nationwide food/lodging service infrastructure.,CN_RMRB_19871020_CTS_SERVICE_CAPACITY,probable,Mainland China,People's Daily quotes CTS as having 320 branches 169 tourist hotels and enough capacity to provide Taiwan compatriots with eating lodging travel touring and shopping services.,,台胞;吃住行游购;旅游饭店,,,https://cn.govopendata.com/renminribao/1987/10/20/4/,722bd00c3781142d,CN_1987_013,1,1.0000,0.0000,1,China Travel Service hotel and food-service network,primary,1.0000,dated archive/newspaper/registry-like source,1.0600,0.0000,0.0000,0.0000,target_dish_absent_taiwan_context,target_dish_absent_taiwan_context,cap_1faae4e0719e,srch_8333c8c9bc08
MERGED_814ffaa53c088d,1973,1973-01-01,1946-1987_taiwan_side_formation,General Tso chicken Taiwan-New York circuit,New York,New York,North America,food_history_magazine,TIME,https://time.com/4591567/general-tsos-chicken-creator-peng-chang-kuei-chuck/,dish_transfer,1973 Peng brought Taiwan-created General Tso chicken to New York restaurant Taiwanese diplomats hosted events,medium,Shows Taiwan-origin dish story and diplomatic restaurant clientele in New York.,US_GENERAL_TSO_1973,probable,North America,TIME says Peng moved to New York in 1973 and Taiwanese diplomats hosted events at his restaurant near the UN.,General Tso chicken,Taiwan diplomatic restaurant circuit,,,https://time.com/4591567/general-tsos-chicken-creator-peng-chang-kuei-chuck/,d05d497876bb9c49,US_1973_002,1,1.0000,0.0000,1,General Tso chicken Taiwan-New York circuit,secondary,0.7000,official/media curated narrative source,0.9100,0.0000,0.0000,0.0000,target_dish_absent_taiwan_context,target_dish_absent_taiwan_context,cap_a2260136d29c,srch_f57c342f059b
MERGED_3fc473f2cd6c03,1975,1975-01-01,1946-1987_taiwan_side_formation,Los Angeles Chinatown non-Cantonese shift,Los Angeles,California,North America,food_history_article,LA Weekly,https://www.laweekly.com/as-chinatown-changes-the-neighborhoods-chinese-restaurants-move-away-from-cantonese-food/,regional_restaurant_shift,1970s Los Angeles Chinatown non-Cantonese restaurants Taiwanese chefs introduced Sichuan Hunan styles through Americanized Chinese food,medium,Useful for coding Taiwan-origin restaurateurs under regional Chinese labels.,US_LA_CHINATOWN_1970S,probable,North America,LA Weekly says Taiwanese chefs introduced Sichuan and Hunan style Chinese cuisine to America and LA Chinatown saw non-Cantonese restaurants in the 1970s.,Sichuan Hunan restaurant,Taiwanese chefs,,,https://www.laweekly.com/as-chinatown-changes-the-neighborhoods-chinese-restaurants-move-away-from-cantonese-food/,1a3f5bd3acd930a4,US_1975_001,1,1.0000,0.0000,1,Los Angeles Chinatown non-Cantonese shift,secondary,0.7000,default secondary classification,0.9100,0.0000,0.0000,0.0000,target_dish_absent_taiwan_context,target_dish_absent_taiwan_context,cap_f764ad97ca66,srch_d6a04d44fdff
MERGED_57100317346c50,1984,1984-01-01,1946-1987_taiwan_side_formation,99 Ranch Market,Westminster,California,North America,food_media_retro,Los Angeles Times,https://www.latimes.com/food/story/2020-02-26/supermarkets-we-like,asian_supermarket_media_corroboration,1984 Taiwanese immigrant Roger Chen opened first 99 Ranch Market Westminster Asian ingredients Taiwanese bakery pantry infrastructure,medium,Media corroboration of the official 99 Ranch row; same brand/year but distinct source URL and attestation type.,US_99RANCH_LATIMES_1984,probable,North America,Los Angeles Times says Taiwanese immigrant Roger Chen opened the first 99 Ranch store in Westminster in 1984 and notes its Asian ingredients and Taiwanese bakery counter.,Asian grocery;Taiwanese bakery,Taiwanese immigrant founder;Asian ingredients,Taiwanese immigrant operator,Taiwan,https://www.latimes.com/food/story/2020-02-26/supermarkets-we-like,d10bda58c2ec49d6,US_1984_002,1,0.7317,0.2683,2,99 Ranch Market,secondary,0.7000,official/media curated narrative source,0.7222,0.0000,0.0000,0.0000,target_dish_absent_taiwan_context,target_dish_absent_taiwan_context,cap_871f5f820f85,srch_3d5aa88af411
MERGED_f854350e1af3e0,1986,1986-09-24,1946-1987_taiwan_side_formation,Monterey Park Taiwanese food landscape,Monterey Park,California,North America,newspaper_feature,The Washington Post,https://www.washingtonpost.com/archive/lifestyle/food/1986/09/24/asian-oasis/0f0cd975-4262-493e-938a-f3c1d9ffd74d/,taiwanese_food_landscape_feature,1986 Monterey Park food landscape mostly Taiwanese restaurants Chinese regional parade bilingual signs,high,Contemporaneous national newspaper feature; venue-level ecology rather than single restaurant but directly labels the foodscape.,US_WP_MONTEREY_19860924,probable,North America,Washington Post describes Monterey Park restaurant geography in 1986 and says most of the food was Taiwanese alongside other Chinese regional cuisines.,Taiwanese food;regional Chinese restaurants,Taiwanese foodscape,,,https://www.washingtonpost.com/archive/lifestyle/food/1986/09/24/asian-oasis/0f0cd975-4262-493e-938a-f3c1d9ffd74d/,88aa9f25189c1e61,US_1986_001,1,1.0000,0.0000,1,Monterey Park Taiwanese food landscape,primary,1.0000,dated archive/newspaper/registry-like source,1.0600,0.0000,0.0000,0.0000,target_dish_absent_taiwan_context,target_dish_absent_taiwan_context,cap_119b144da486,srch_41ddcc28ced1
BATCH_R_033,1972,1972-09-26,1946-1987_taiwan_side_formation,Oasis Theatre Taiwan Porridge Restaurant,Singapore,,Singapore,newspaper_archive,NewspaperSG / NLB,https://eresources.nlb.gov.sg/newspapers/digitised/issue/straitstimes19720926-1,newspaper_ad_or_article,"Oasis Theatre Restaurant advertisement presents fine food at Taiwan Porridge Restaurant, business hours 11 am to 3 pm and 6 pm to 4 am daily.",medium,Fifty-record top-up batch R; generated from 60-candidate source-artifact pool; existing source/date/brand keys skipped; not marker-split.,SRC_BATCH_R_033,probable,Singapore,"Oasis Theatre Restaurant advertisement presents fine food at Taiwan Porridge Restaurant, business hours 11 am to 3 pm and 6 pm to 4 am daily.",Taiwan porridge,Taiwan,,,https://eresources.nlb.gov.sg/newspapers/digitised/issue/straitstimes19720926-1,05cc4cf6e4019b08,BATCH_R_033,1,0.7714,0.2286,2,Oasis Theatre Taiwan Porridge Restaurant,primary,1.0000,dated archive/newspaper/registry-like source,0.9000,0.0000,0.0000,0.0000,target_dish_absent_taiwan_context,target_dish_absent_taiwan_context,cap_e74ef327656f,srch_54a92877e718
SRC_NEWSG_MANUAL_19750614_OASIS,1975,1975-06-14,1946-1987_taiwan_side_formation,Oasis Paradise Cove Taiwan Porridge Restaurant,Singapore,,Singapore,newspaper_archive,The Straits Times / NewspaperSG,https://eresources.nlb.gov.sg/newspapers/digitised/issue/straitstimes19750614-1,ad,1975 Singapore Oasis Taiwan porridge restaurant advertisement,medium,New non-duplicate NewspaperSG ad; OCR noisy but identifies Oasis complex and Taiwan Porridge Rest.,SRC_NEWSG_MANUAL_19750614_OASIS,probable,Singapore,Oasis Paradise Cove bar restaurant and nightclub; exotic Chinese dinner; Taiwan Porridge Rest,Taiwan Porridge,Taiwan,,,https://eresources.nlb.gov.sg/newspapers/digitised/issue/straitstimes19750614-1,,SRC_NEWSG_MANUAL_19750614_OASIS,1,0.5483,0.4517,3,Oasis Paradise Cove Taiwan Porridge Restaurant,primary,1.0000,dated archive/newspaper/registry-like source,0.7438,0.0000,0.0000,0.0000,target_dish_absent_taiwan_context,target_dish_absent_taiwan_context,cap_abddaf9eceab,srch_c35b4b6e9ed6
SRC_NEWSG_MANUAL_19800712_TWSEAFOOD,1980,1980-07-12,1946-1987_taiwan_side_formation,Taiwan Seafood Restaurant,Singapore,,Singapore,newspaper_archive,New Nation / NewspaperSG,https://eresources.nlb.gov.sg/newspapers/digitised/issue/newnation19800712-1,ad,1980 Singapore first Taiwan seafood restaurant rice porridge advertisement,high,New non-duplicate NewspaperSG ad; one ad kept as one attestation artifact.,SRC_NEWSG_MANUAL_19800712_TWSEAFOOD,probable,Singapore,Singapore's first Taiwan sea food restaurant; taste of our Taiwan delicacy; staple rice porridge,rice porridge;sea food,Taiwan;Taiwan delicacy,,,https://eresources.nlb.gov.sg/newspapers/digitised/issue/newnation19800712-1,,SRC_NEWSG_MANUAL_19800712_TWSEAFOOD,1,0.3692,0.6308,9,Taiwan Seafood Restaurant,primary,1.0000,dated archive/newspaper/registry-like source,0.6184,0.0000,0.0000,0.0000,target_dish_absent_taiwan_context,target_dish_absent_taiwan_context,cap_6ee3390d72ca,srch_c5d210855966
MERGED_5d55179ab33b70,1985,1985-10-18,1946-1987_taiwan_side_formation,Taiwanese Porridge breakfast,Singapore,Singapore,Singapore,newspaper_archive,NewspaperSG / The Business Times,https://eresources.nlb.gov.sg/newspapers/digitised/issue/biztimes19851018-1,overseas_taiwanese_porridge_breakfast_ad,1985 Business Times tempting Taiwanese Porridge breakfast sumptuous dishes tasty tim sum Singapore,medium,OCR gives direct dish label but the venue is less clear in text capture; keep as probable dish-label attestation for Singapore breakfast circulation.,NEWSG_BT_19851018_TAIWANESE_PORRIDGE,probable,Singapore,The Business Times advertisement invites readers to wake up to tempting Taiwanese Porridge with sumptuous dishes and tim sum for breakfast.,Taiwanese Porridge,Taiwanese,,,https://eresources.nlb.gov.sg/newspapers/digitised/issue/biztimes19851018-1,f7478def2a476142,SG_1985_005,1,1.0000,0.0000,1,Taiwanese Porridge breakfast,primary,1.0000,dated archive/newspaper/registry-like source,1.0600,0.0000,0.0000,0.0000,target_dish_absent_taiwan_context,target_dish_absent_taiwan_context,cap_b0a84e2ae811,srch_2aa2669061ad
BATCH_U_020,1946,1946-01-01,1946-1987_taiwan_side_formation,香茗茶行 Kaohsiung old-flavor page,Kaohsiung,Taiwan,Taiwan-side,official_event_page,Kaohsiung Travel,https://khh.travel/zh-tw/event/news/4784/,official_old_flavor_profile,Kaohsiung old-flavor page states Xiangming Tea Shop opened in 1946 and serves traditional tea.,medium,Official Kaohsiung old-flavor page; exact founding year. Fifty-record top-up batch U; 200-row harvesting round checkpoint 3/4; source/date/brand key screened; not marker-split.,SRC_BATCH_U_020,probable,Taiwan,Kaohsiung old-flavor page states Xiangming Tea Shop opened in 1946 and serves traditional tea.,菊花茶;茶飲,高雄;臺灣,unknown,,https://khh.travel/zh-tw/event/news/4784/,e238b4b0773a7191,BATCH_U_020,1,1.0000,0.0000,1,香茗茶行 Kaohsiung old-flavor page,secondary,0.7000,official/media curated narrative source,0.9100,0.0000,0.0000,0.0000,target_dish_absent_taiwan_context,target_dish_absent_taiwan_context,cap_42eebd31d113,srch_f13824b36f98
BATCH_T_046,1950,1950-01-01,1946-1987_taiwan_side_formation,七賢鴨肉飯 secondary guide,Kaohsiung,Taiwan,Taiwan-side,public_food_profile,Foodie Teller,https://foodieteller.com/qixian-duck-rice-kaohsiung/,food_history_profile,Secondary guide presents Qixian duck rice as an older Kaohsiung local food memory.,low,Secondary guide and relative history; candidate only. Fifty-record top-up batch T; 200-row harvesting round checkpoint 2/4; source/date/brand key screened; not marker-split.,SRC_BATCH_T_046,candidate,Taiwan,Secondary guide presents Qixian duck rice as an older Kaohsiung local food memory.,鴨肉飯;飯,高雄;臺灣,unknown,,https://foodieteller.com/qixian-duck-rice-kaohsiung/,0434f75ce7ba7864,BATCH_T_046,1,1.0000,0.0000,1,七賢鴨肉飯 secondary guide,secondary,0.7000,default secondary classification,0.9100,0.0000,0.0000,0.0000,target_dish_absent_taiwan_context,target_dish_absent_taiwan_context,cap_1ef0248d31b2,srch_917108ada80f
BATCH_V_011,1958,1958-01-01,1946-1987_taiwan_side_formation,忠孝豆花 weak-source founding article,Kaohsiung,Taiwan,Taiwan-side,food_blog,Jeremy Foodie,https://jeremyfoodie.tw/chung-hsiao-tofu-pudding/,food_history_article,Jeremy Foodie records 忠孝豆花 weak-source founding article with 豆花;甜湯 in Kaohsiung food context.,low,Food blog source Fifty-record top-up batch V; 200-row harvesting round checkpoint 4/4; source/date/brand key screened; not marker-split.,SRC_BATCH_V_011,candidate,Taiwan,Jeremy Foodie records 忠孝豆花 weak-source founding article with 豆花;甜湯 in Kaohsiung food context.,豆花;甜湯,高雄;臺灣,unknown,,https://jeremyfoodie.tw/chung-hsiao-tofu-pudding/,c6235031ba3472a6,BATCH_V_011,1,1.0000,0.0000,1,忠孝豆花 weak-source founding article,tertiary,0.4000,blog/review/social retrospective source,0.7600,0.0000,0.0000,0.0000,target_dish_absent_taiwan_context,target_dish_absent_taiwan_context,cap_3f0f2da425a8,srch_34d611a36fac
SRC_KHHSHOP_1961_SANLUN,1961,,1946-1987_taiwan_side_formation,三輪的店,Kaohsiung,,Taiwan-side,official_tourism_profile,Kaohsiung Travel,https://khh.travel/zh-tw/shop/gourmet/1330/,shop_profile,1961 Kaohsiung Sanlun old street-food shop profile,medium,Official Kaohsiung shop profile; exact founding year and traditional street-food format.,SRC_KHHSHOP_1961_SANLUN,probable,Taiwan-side,三輪的店創立於1961年，創辦人最初以三輪車在街邊販售，至成為簡樸小店，一直是在地人的下午茶熱點。,炭烤手工香腸;糯米腸,高雄,,,https://khh.travel/zh-tw/shop/gourmet/1330/,,SRC_KHHSHOP_1961_SANLUN,1,,,,,,,,0.5600,0.0000,0.0000,0.0000,target_dish_absent_taiwan_context,target_dish_absent_taiwan_context,cap_cfd6222a1ee3,srch_c705d2749cf6
BATCH_V_007,1965,1965-01-01,1946-1987_taiwan_side_formation,可利亞餐廳 Kaohsiung old-flavor page,Kaohsiung,Taiwan,Taiwan-side,official_event_page,Kaohsiung Travel,https://khh.travel/zh-tw/event/news/4784/,official_old_flavor_profile,Kaohsiung Travel records 可利亞餐廳 Kaohsiung old-flavor page with 烤肉;火鍋 in Kaohsiung food context.,medium,Official page but decade date Fifty-record top-up batch V; 200-row harvesting round checkpoint 4/4; source/date/brand key screened; not marker-split.,SRC_BATCH_V_007,candidate,Taiwan,Kaohsiung Travel records 可利亞餐廳 Kaohsiung old-flavor page with 烤肉;火鍋 in Kaohsiung food context.,烤肉;火鍋,高雄;臺灣,unknown,,https://khh.travel/zh-tw/event/news/4784/,d105f800815d5263,BATCH_V_007,1,1.0000,0.0000,1,可利亞餐廳 Kaohsiung old-flavor page,secondary,0.7000,official/media curated narrative source,0.9100,0.0000,0.0000,0.0000,target_dish_absent_taiwan_context,target_dish_absent_taiwan_context,cap_4b9c49473cb2,srch_d231b7f19696
BATCH_U_012,1970,1970-01-01,1946-1987_taiwan_side_formation,冬粉王 TVBS founding card,Kaohsiung,Taiwan,Taiwan-side,media_food_card,TVBS 食尚玩家,https://supertaste.tvbs.com.tw/infocard/7196,food_history_card,TVBS food card states Dongfenwang was founded in 1970 as a Kaohsiung old shop.,medium,Media food card with exact founding year. Fifty-record top-up batch U; 200-row harvesting round checkpoint 3/4; source/date/brand key screened; not marker-split.,SRC_BATCH_U_012,probable,Taiwan,TVBS food card states Dongfenwang was founded in 1970 as a Kaohsiung old shop.,冬粉湯;乾冬粉,高雄;臺灣,unknown,,https://supertaste.tvbs.com.tw/infocard/7196,67cc1f6678d7aed5,BATCH_U_012,1,1.0000,0.0000,1,冬粉王 TVBS founding card,secondary,0.7000,default secondary classification,0.9100,0.0000,0.0000,0.0000,target_dish_absent_taiwan_context,target_dish_absent_taiwan_context,cap_2c86eec2a520,srch_a9543a322466
SRC_KHHSHOP_1977_JIBO,1977,,1946-1987_taiwan_side_formation,雞伯,Kaohsiung,,Taiwan-side,official_tourism_profile,Kaohsiung Travel,https://khh.travel/zh-tw/shop/gourmet/783/,shop_profile,1977 Kaohsiung Ji Bo traditional Taiwanese-style restaurant profile,medium,Official Kaohsiung shop profile; exact founding year and Taiwan-style restaurant marker.,SRC_KHHSHOP_1977_JIBO,probable,Taiwan-side,雞伯創立於民國66年（西元1977年），以土雞肉料理為主的傳統特色餐廳，現今已傳承至第三代，是代代相傳富有濃厚傳統色彩的台式餐廳。,台式餐廳,高雄,,,https://khh.travel/zh-tw/shop/gourmet/783/,,SRC_KHHSHOP_1977_JIBO,1,,,,,,,,0.5600,0.0000,0.0000,0.0000,target_dish_absent_taiwan_context,target_dish_absent_taiwan_context,cap_20ffff468348,srch_1687c0b68fef
MERGED_064a4ee1658e3a,1980,1980-01-01,1946-1987_taiwan_side_formation,保安路米糕,Tainan,Taiwan,Taiwan-side,official_tourism_profile,台南旅遊網,https://www.twtainan.net/zh-tw/shop/consume/1499/,stall_relocation,1980 Tainan Baoan Road rice cake moved to current Baoan Road site after road widening demolition,medium,Official tourism page gives exact ROC year 69 relocation to the current site.,TW_BAOAN_1980_MOVE,probable,Taiwan-side,Official page says road widening in ROC year 69 forced Baoan Road rice cake to move to its current site and continue operating there.,米糕,台南道路拓寬小吃,,,https://www.twtainan.net/zh-tw/shop/consume/1499/,1b9ade76186fd2f1,TW_TN_1980_001,1,0.7885,0.2115,2,保安路米糕,secondary,0.7000,official/media curated narrative source,0.7619,0.0000,0.0000,0.0000,target_dish_absent_taiwan_context,target_dish_absent_taiwan_context,cap_556c9ee738c6,srch_2eb62485db01
MERGED_7c5050ae850456,1986,1986-01-01,1946-1987_taiwan_side_formation,翰林茶館珍珠奶茶,Tainan,Taiwan,Taiwan-side,official_brand_homepage,翰林茶館,https://www.hanlin-tea.com.tw/,bubble_tea_origin_claim,1986 Hanlin Tea House Tu Tsung-ho first pearl milk tea Tainan tea-drink origin claim,medium,Official homepage/search capture gives Hanlin's 1986 first-pearl-milk-tea claim; retain as probable origin-claim record rather than adjudicating invention priority.,TW_HANLIN_BMT_1986,probable,Taiwan-side,Hanlin Tea official search capture says founder Tu Tsung-ho developed the world's first pearl milk tea in 1986.,珍珠奶茶,台南茶飲;珍珠奶茶起源,Taiwan tea-house operator,Taiwan,https://www.hanlin-tea.com.tw/,f352228874aa72b3,TW_1986_003,1,1.0000,0.0000,1,翰林茶館珍珠奶茶,secondary,0.7000,official/media curated narrative source,0.9100,0.0000,0.0000,0.0000,target_dish_absent_taiwan_context,target_dish_absent_taiwan_context,cap_31ecb0145a2c,srch_ed3e2bc0a090
MERGED_672c2291c0d770,1972,1972-09-26,1946-1987_taiwan_side_formation,Taiwan Porridge Restaurant,Singapore,,,newspaper_archive,NewspaperSG / The Straits Times,https://eresources.nlb.gov.sg/newspapers/digitised/issue/straitstimes19720926-1,overseas_taiwan_porridge_ad,Taiwan Porridge Restaurant Singapore Oasis Theatre Restaurant Taiwanese porridge,,Comparative Singapore Taiwan-porridge ad.,NEWSG_ST_19720926,probable,Singapore,Advertisement for Taiwan Porridge Restaurant at Oasis Theatre Restaurant.,,Taiwan porridge,,,https://eresources.nlb.gov.sg/newspapers/digitised/issue/straitstimes19720926-1,23f4d3a4fba454ee,SG_1972_001,1,0.7266,0.2734,4,Taiwan Porridge Restaurant,primary,1.0000,dated archive/newspaper/registry-like source,0.8686,0.0000,0.0000,0.0000,target_dish_absent_taiwan_context,target_dish_absent_taiwan_context,cap_ebebc3a06200,srch_0fb8f758b119
MERGED_42571e3b674c74,1975,1975-10-11,1946-1987_taiwan_side_formation,Toa Payoh Lucky Restaurant,Singapore,,,newspaper_archive,NewspaperSG / The Straits Times,https://eresources.nlb.gov.sg/newspapers/digitised/issue/straitstimes19751011-1,overseas_taiwan_porridge_ad,Taiwanese Porridge Toa Payoh Lucky Restaurant Singapore local dishes,,Comparative Singapore Taiwan-porridge ad.,NEWSG_ST_19751011,probable,Singapore,Advertisement offers Taiwanese porridge with local dishes.,,Taiwanese porridge,,,https://eresources.nlb.gov.sg/newspapers/digitised/issue/straitstimes19751011-1,643b2f318637fd5a,SG_1975_002,1,1.0000,0.0000,1,Toa Payoh Lucky Restaurant,primary,1.0000,dated archive/newspaper/registry-like source,1.0600,0.0000,0.0000,0.0000,target_dish_absent_taiwan_context,target_dish_absent_taiwan_context,cap_c62623775273,srch_734da357e0d7
MERGED_9bf7c9d08a1eab,1982,1982-09-23,1946-1987_taiwan_side_formation,Taiwan Porridge,Singapore,,,newspaper_archive,NewspaperSG / The Straits Times,https://eresources.nlb.gov.sg/newspapers/digitised/issue/straitstimes19820923-1,overseas_taiwan_porridge_ad,Authentic Taiwan porridge Goodwood Park Hotel Singapore Chinese chef,,Comparative Singapore Taiwan-porridge ad.,NEWSG_ST_19820923,probable,Singapore,Goodwood Park Hotel advertisement for authentic Taiwan porridge.,,Taiwan porridge,,,https://eresources.nlb.gov.sg/newspapers/digitised/issue/straitstimes19820923-1,a7922ff8f51b61b3,SG_1982_002,1,0.7634,0.2366,9,Taiwan Porridge,primary,1.0000,dated archive/newspaper/registry-like source,0.8944,0.0000,0.0000,0.0000,target_dish_absent_taiwan_context,target_dish_absent_taiwan_context,cap_617b4575ad24,srch_0c9b808532fd
MERGED_87b3e5a8ac77d7,1987,1987-06-12,1946-1987_taiwan_side_formation,Taiwanese Porridge,Singapore,,,newspaper_archive,NewspaperSG / The Business Times,https://eresources.nlb.gov.sg/newspapers/digitised/issue/biztimes19870612-1,overseas_taiwan_porridge_ad,Taiwanese Shaobing You Tiao Taiwanese porridge Singapore breakfast,,Comparative Singapore Taiwan-porridge ad.,NEWSG_BT_19870612,probable,Singapore,Advertisement includes Taiwanese shaobing youtiao breakfast and Taiwanese porridge.,,Taiwanese porridge,,,https://eresources.nlb.gov.sg/newspapers/digitised/issue/biztimes19870612-1,75c2352e114ee910,SG_1987_001,1,0.9375,0.0625,2,Taiwanese Porridge,primary,1.0000,dated archive/newspaper/registry-like source,1.0162,0.0000,0.0000,0.0000,target_dish_absent_taiwan_context,target_dish_absent_taiwan_context,cap_78523225e06b,srch_385393795f97
MERGED_ed869cc90aad96,1952,1952-01-01,1946-1987_taiwan_side_formation,新珍味,Tokyo,Tokyo,Japan,food_media_retrospective,夢酔亭主人,https://ameblo.jp/musuiteisyujinn/entry-12849342808.html,dated_source_event|menu_or_dish_marker|service_or_store_format|urban_memory_or_geography,1952 新珍味 dated public source event anchors the food sign 台湾料理;ターローメン 池袋台湾料理 || 1952 新珍味 dish wording binds local food item to Taiwaneseness corpus 台湾料理;ターローメン 池袋台湾料理 || 1952 新珍味 store service format records circulation context 台湾料理;ターローメン 池袋台湾料理 || 1952 新珍味 urban memory and place geography support historical binding 台湾料理;ターローメン 池袋台湾料理,medium,Large source-diverse top-up from manually reviewed public source event; duplicate source-key checked before append.,SRC_BULK_O_020_A,probable,Japan,Shin Chinmi founded in Showa 27 by Su Beng and remembered as Taiwanese restaurant and activism space,台湾料理;ターローメン,池袋台湾料理,,,https://ameblo.jp/musuiteisyujinn/entry-12849342808.html,49e46b7dbf6c3584,BULK_O_020_A;BULK_O_020_B;BULK_O_020_C;BULK_O_020_D,4,1.0000,0.0000,1,新珍味,tertiary,0.4000,blog/review/social retrospective source,0.7600,0.0000,0.0000,0.0000,target_dish_absent_taiwan_context,target_dish_absent_taiwan_context,cap_6e818b2722d9,srch_8292946cfdf3
MERGED_a70a2af0aa5dc1,1963,1963-01-01,1946-1987_taiwan_side_formation,珍味亭,Tokyo,Tokyo,Japan,food_media_retrospective,焼きそば名店探訪録,https://yakitan.info/archives/chinmitei,dated_source_event|menu_or_dish_marker|service_or_store_format|urban_memory_or_geography,1963 珍味亭 dated public source event anchors the food sign 台湾料理;滷菜 東京台湾料理 || 1963 珍味亭 dish wording binds local food item to Taiwaneseness corpus 台湾料理;滷菜 東京台湾料理 || 1963 珍味亭 store service format records circulation context 台湾料理;滷菜 東京台湾料理 || 1963 珍味亭 urban memory and place geography support historical binding 台湾料理;滷菜 東京台湾料理,medium,Large source-diverse top-up from manually reviewed public source event; duplicate source-key checked before append.,SRC_BULK_O_018_A,probable,Japan,Chinmitei founded in Showa 38 by a Taiwan migrant family and served Taiwanese lu-cai style dishes,台湾料理;滷菜,東京台湾料理,,,https://yakitan.info/archives/chinmitei,45336180e1a4aed8,BULK_O_018_A;BULK_O_018_B;BULK_O_018_C;BULK_O_018_D,4,1.0000,0.0000,1,珍味亭,tertiary,0.4000,blog/review/social retrospective source,0.7600,0.0000,0.0000,0.0000,target_dish_absent_taiwan_context,target_dish_absent_taiwan_context,cap_609e9e4e29a8,srch_a21fe3a0cf41
MERGED_7db247cefdfa5a,1968,1968-01-01,1946-1987_taiwan_side_formation,青葉,Tokyo,Tokyo,Japan,food_history_feature,朝日新聞デジタル &and,https://www.asahi.com/and/m/article/15805738,old_taiwan_restaurant_origin,1968 Shinjuku Kabukicho Aoba Taiwan cuisine owner chef Taiwan small dishes ru rou fan era context,medium,Food-history feature gives exact founding year and connects the shop to long Japanese Taiwan-cuisine history.,JP_AOBA_SHINJUKU_1968,probable,Japan,Asahi &and says Shinjuku Kabukicho Taiwan restaurant Aoba has been run from its 1968 founding by owner-chef Li Keshun and his wife.,ビーフン;台湾小吃,台湾料理,,,https://www.asahi.com/and/m/article/15805738,0bdb941f8a245f1f,JP_1968_001,1,1.0000,0.0000,1,青葉,secondary,0.7000,default secondary classification,0.9100,0.0000,0.0000,0.0000,target_dish_absent_taiwan_context,target_dish_absent_taiwan_context,cap_8d2ac276256b,srch_a6fbd3e3aff4
MERGED_9e8ab960ea8745,1981,1981-01-01,1946-1987_taiwan_side_formation,矢場味仙,Nagoya,Aichi,Japan,brand_history,Yaba Misen official history,https://yabamisen.jp/history/,overseas_taiwanese_restaurant_branching,Yaba Misen 1981 opened popular spicy Taiwan ramen Taiwan cuisine,medium,Separate from Tokyo 1981 record; another Japan-side Taiwan-restaurant branch useful for Nagoya corridor.,JP_YABAMISEN_1981,probable,Japan,Brand history says the eldest daughter opened the Yaba Misen line in 1981.,台湾ラーメン,台湾料理,,,https://yabamisen.jp/history/,938a9134a6c45c3f,JP_1981_002,1,1.0000,0.0000,1,矢場味仙,secondary,0.7000,default secondary classification,0.9100,0.0000,0.0000,0.0000,target_dish_absent_taiwan_context,target_dish_absent_taiwan_context,cap_1a891f50f931,srch_49d567c7a717
MERGED_6c01d7b1e8fdd3,1987,1987-01-01,1946-1987_taiwan_side_formation,味仙日進竹の山店,Nagoya,Aichi,Japan,brand_history,Yaba Misen official history,https://yabamisen.jp/history/,overseas_taiwanese_restaurant_branching,Misen Nisshin Takenoyama 1987 salt Taiwan Taiwan ramen branch,medium,Border-year branch record; still belongs to pre/post opening threshold and should be flagged in temporal analysis.,JP_MISEN_NISSHIN_1987,probable,Japan,Brand history says the third son opened the Nisshin Takenoyama line in 1987.,台湾ラーメン,台湾料理,,,https://yabamisen.jp/history/,efa3ad54943645ee,JP_1987_001,1,1.0000,0.0000,1,味仙日進竹の山店,secondary,0.7000,default secondary classification,0.9100,0.0000,0.0000,0.0000,target_dish_absent_taiwan_context,target_dish_absent_taiwan_context,cap_6356d3024f3f,srch_a4ad9b5d809a
MERGED_906683bfeb9197,1987,1987-10-20,1946-1987_taiwan_side_formation,Hong Kong CTS Taiwan compatriot transit service,Hong Kong / Mainland transit,,Mainland China,newspaper_archive,People's Daily / cn.govopendata,https://cn.govopendata.com/renminribao/1987/10/20/4/,taiwan_compatriot_hotel_room_booking_transit,1987 Hong Kong China Travel Service Taiwan compatriots transit documents airplane train ship tickets hotel room booking mainland travel,medium,Transit-gateway record; useful because Hong Kong mediated mainland hotel-room booking for Taiwan visitors before direct links.,CN_RMRB_19871020_HK_CTS_HOTEL_BOOKING,probable,Mainland China,People's Daily says Hong Kong CTS could help Taiwan compatriots with travel documents and book plane train ship tickets and hotel rooms for mainland trips.,,台胞;饭店房间;香港中旅,,,https://cn.govopendata.com/renminribao/1987/10/20/4/,e69dae9df3ddd8b0,CN_1987_014,1,1.0000,0.0000,1,Hong Kong CTS Taiwan compatriot transit service,primary,1.0000,dated archive/newspaper/registry-like source,1.0600,0.0000,0.0000,0.0000,target_dish_absent_taiwan_context,target_dish_absent_taiwan_context,cap_3ba5c5bb4d9e,srch_cebdae3e2556
MERGED_9bae4b5c5ea3ad,1973,1973-01-01,1946-1987_taiwan_side_formation,Uncle Peng's Hunan Yuan,New York,New York,North America,obituary_food_history,Los Angeles Times,https://www.latimes.com/local/obituaries/la-me-peng-chang-kueigeneral-tso-chicken-obituary-20161202-story.html,chef_migration_restaurant,1973 Peng Chang-kuei Taiwan-based Hunan chef New York restaurant near United Nations General Tso chicken,medium,Not Taiwanese cuisine as menu label but direct Taiwan-to-New-York chef and restaurant migration evidence.,US_PENG_1973,probable,North America,Los Angeles Times obituary says Peng was in New York by the 1970s running a restaurant near the United Nations.,General Tso chicken,Taiwan-based chef,,,https://www.latimes.com/local/obituaries/la-me-peng-chang-kueigeneral-tso-chicken-obituary-20161202-story.html,11ecc508a2e70771,US_1973_001,1,1.0000,0.0000,1,Uncle Peng's Hunan Yuan,secondary,0.7000,default secondary classification,0.9100,0.0000,0.0000,0.0000,target_dish_absent_taiwan_context,target_dish_absent_taiwan_context,cap_a64e055a87e5,srch_3cfd2ec3b4c5
MERGED_9f88ea884ca348,1977,1977-08-01,1946-1987_taiwan_side_formation,Peng Garden Restaurant,New York,New York,North America,book_secondary,From Canton Restaurant to Panda Express / web text,https://dokumen.pub/from-canton-restaurant-to-panda-express-a-history-of-chinese-food-in-the-united-states-9780813574776.html,taiwan_immigrant_operator_history,1977 Peng Garden Restaurant New York Taiwan president Ma Ying-jeou married there exchange students Hunan restaurant,medium,Uses book secondary text and anecdotal claim; should be checked against NYT or marriage records before strong inference.,US_PENG_GARDEN_1977,probable,North America,Book text notes Peng Garden Restaurant in New York and an alleged 1977 Taiwan-student social connection.,,Taiwan migrant social field,Taiwan-origin operator,Taiwan,https://dokumen.pub/from-canton-restaurant-to-panda-express-a-history-of-chinese-food-in-the-united-states-9780813574776.html,0f85883eee53aab6,US_1977_001,1,1.0000,0.0000,1,Peng Garden Restaurant,secondary,0.7000,default secondary classification,0.9100,0.0000,0.0000,0.0000,target_dish_absent_taiwan_context,target_dish_absent_taiwan_context,cap_a8a85a04f13d,srch_ff0f30d8e371
MERGED_a71e60be485439,1987,1987-04-05,1946-1987_taiwan_side_formation,San Gabriel Valley Taiwanese cuisine plaza,San Gabriel,California,North America,newspaper_feature,Los Angeles Times,https://www.latimes.com/archives/la-xpm-1987-04-05-mn-351-story.html,suburban_asian_plaza_taiwanese_cuisine,1987 San Gabriel plaza Filipino grocery Vietnamese cafe Japanese bakery Indonesian deli restaurants offering Taiwanese Chinese Japanese cuisine,high,Contemporaneous source names Taiwanese cuisine as part of the San Gabriel Valley Asian commercial-food transformation.,US_SGV_TAIWANESE_CUISINE_PLAZA_19870405,probable,North America,Los Angeles Times says a San Gabriel plaza offered restaurants with Taiwanese Chinese and Japanese cuisine alongside other Asian food businesses.,Taiwanese cuisine,Taiwanese cuisine;Asian influx,Asian commercial corridor,,https://www.latimes.com/archives/la-xpm-1987-04-05-mn-351-story.html,f9480f386ff71a12,US_1987_003,1,1.0000,0.0000,1,San Gabriel Valley Taiwanese cuisine plaza,primary,1.0000,dated archive/newspaper/registry-like source,1.0600,0.0000,0.0000,0.0000,target_dish_absent_taiwan_context,target_dish_absent_taiwan_context,cap_8edec374b743,srch_8b5fb227b2f1
SRC_NEWSG_MANUAL_19730425_OASIS,1973,1973-04-25,1946-1987_taiwan_side_formation,Oasis Theatre Taiwan Porridge Restaurant,Singapore,,Singapore,newspaper_archive,The Straits Times / NewspaperSG,https://eresources.nlb.gov.sg/newspapers/digitised/issue/straitstimes19730425-1,ad,1973 Singapore Oasis Taiwan porridge restaurant entertainment advertisement,high,New non-duplicate NewspaperSG ad; one ad kept as one attestation artifact.,SRC_NEWSG_MANUAL_19730425_OASIS,probable,Singapore,Oasis Theatre Restaurant and Golden Neptune Cabaret present acrobatic team from Taiwan; five separate havens of fine food and entertainments; Taiwan Porridge,Taiwan Porridge,Taiwan,,,https://eresources.nlb.gov.sg/newspapers/digitised/issue/straitstimes19730425-1,,SRC_NEWSG_MANUAL_19730425_OASIS,1,0.7714,0.2286,2,Oasis Theatre Taiwan Porridge Restaurant,primary,1.0000,dated archive/newspaper/registry-like source,0.9000,0.0000,0.0000,0.0000,target_dish_absent_taiwan_context,target_dish_absent_taiwan_context,cap_aa66a090bcbf,srch_3180ad5c10f0
SRC_NEWSG_MANUAL_19750628_OASIS,1975,1975-06-28,1946-1987_taiwan_side_formation,Oasis Paradise Cove Taiwan Porridge Restaurant,Singapore,,Singapore,newspaper_archive,The Straits Times / NewspaperSG,https://eresources.nlb.gov.sg/newspapers/digitised/issue/straitstimes19750628-1,ad,1975 Singapore Oasis Taiwan porridge restaurant advertisement,medium,New non-duplicate NewspaperSG ad; OCR noisy but identifies Oasis complex and Taiwan Porridge Rest.,SRC_NEWSG_MANUAL_19750628_OASIS,probable,Singapore,Floating Palace Cabaret Nite-Club; the Oasis Paradise Cove bar restaurant and nightclub; Taiwan Porridge Rest,Taiwan Porridge,Taiwan,,,https://eresources.nlb.gov.sg/newspapers/digitised/issue/straitstimes19750628-1,,SRC_NEWSG_MANUAL_19750628_OASIS,1,0.4365,0.5635,3,Oasis Paradise Cove Taiwan Porridge Restaurant,primary,1.0000,dated archive/newspaper/registry-like source,0.6655,0.0000,0.0000,0.0000,target_dish_absent_taiwan_context,target_dish_absent_taiwan_context,cap_e7c20818ad32,srch_a8c14746b0cf
SRC_NEWSG_MANUAL_19800802_TWSEAFOOD,1980,1980-08-02,1946-1987_taiwan_side_formation,Taiwan Seafood Restaurant,Singapore,,Singapore,newspaper_archive,New Nation / NewspaperSG,https://eresources.nlb.gov.sg/newspapers/digitised/issue/newnation19800802-1,ad,1980 Singapore first Taiwan seafood restaurant repeat advertisement,high,New non-duplicate NewspaperSG ad; repeated ad artifact retained separately for circulation evidence.,SRC_NEWSG_MANUAL_19800802_TWSEAFOOD,probable,Singapore,Singapore's first Taiwan sea food restaurant; come and have a taste of our Taiwan delicacy,sea food,Taiwan;Taiwan delicacy,,,https://eresources.nlb.gov.sg/newspapers/digitised/issue/newnation19800802-1,,SRC_NEWSG_MANUAL_19800802_TWSEAFOOD,1,0.5023,0.4977,9,Taiwan Seafood Restaurant,primary,1.0000,dated archive/newspaper/registry-like source,0.7116,0.0000,0.0000,0.0000,target_dish_absent_taiwan_context,target_dish_absent_taiwan_context,cap_3d74d87f90c6,srch_11a4aab52ee2
MERGED_e89748e57b352c,1985,1985-04-15,1946-1987_taiwan_side_formation,Goodwood Park traditional Taiwan Porridge,Singapore,,Singapore,newspaper_archive,NewspaperSG Singapore Monitor,https://eresources.nlb.gov.sg/newspapers/digitised/issue/singmonitor19850415-2,dated_source_event|menu_or_dish_marker|service_or_store_format|urban_memory_or_geography,1985 Goodwood Park traditional Taiwan Porridge dated public source event anchors the food sign Taiwan porridge Singapore Taiwan porridge || 1985 Goodwood Park traditional Taiwan Porridge dish wording binds local food item to Taiwaneseness corpus Taiwan porridge Singapore Taiwan porridge || 1985 Goodwood Park traditional Taiwan Porridge store service format records circulation context Taiwan porridge Singapore Taiwan porridge || 1985 Goodwood Park traditional Taiwan Porridge urban memory and place geography support historical binding Taiwan porridge Singapore Taiwan porridge,medium,Large source-diverse top-up from manually reviewed public source event; duplicate source-key checked before append.,SRC_BULK_O_036_A,probable,Singapore,1985 Singapore Monitor advertisement promotes traditional Taiwan porridge at Goodwood Park Coffee Lounge,Taiwan porridge,Singapore Taiwan porridge,,,https://eresources.nlb.gov.sg/newspapers/digitised/issue/singmonitor19850415-2,bb0152ef6165ed26,BULK_O_036_A;BULK_O_036_B;BULK_O_036_C;BULK_O_036_D,4,1.0000,0.0000,1,Goodwood Park traditional Taiwan Porridge,primary,1.0000,dated archive/newspaper/registry-like source,1.0600,0.0000,0.0000,0.0000,target_dish_absent_taiwan_context,target_dish_absent_taiwan_context,cap_2a4e2a60bc26,srch_2ab84bb363f7
SRC_KHHOLD_1946_XIANGMING_TEA,1946,,1946-1987_taiwan_side_formation,香茗茶行,Kaohsiung,,Taiwan-side,official_tourism_profile,Kaohsiung Travel,https://khh.travel/zh-tw/event/news/4784/,directory_entry,1946 Kaohsiung Xiangming tea shop entry,medium,Official Kaohsiung old-flavor directory; one shop entry kept as one attestation artifact.,SRC_KHHOLD_1946_XIANGMING_TEA,probable,Taiwan-side,香茗茶行；香茗茶行於1946年開業，秉持誠信及專業的態度，為消費者提供安心的茶產業服務。,菊花茶,高雄,,,https://khh.travel/zh-tw/event/news/4784/,,SRC_KHHOLD_1946_XIANGMING_TEA,1,,,,,,,,0.5600,0.0000,0.0000,0.0000,target_dish_absent_taiwan_context,target_dish_absent_taiwan_context,cap_0a425fd6cbb6,srch_7bd30f4f2d86
BATCH_R_030,1950,1950-01-01,1946-1987_taiwan_side_formation,六合夜市,Kaohsiung,Taiwan,Taiwan-side,municipal_profile,Kaohsiung Travel night-market guide,https://khh.travel/zh-tw/board-and-lodging/night-market,source_artifact_profile,六合夜市自1950年代開始，如今是高雄夜市代表，街道充斥海港味與傳統小吃。,medium,Fifty-record top-up batch R; generated from 60-candidate source-artifact pool; existing source/date/brand keys skipped; not marker-split.,SRC_BATCH_R_030,probable,Taiwan-side,六合夜市自1950年代開始，如今是高雄夜市代表，街道充斥海港味與傳統小吃。,夜市小吃,Taiwan,,,https://khh.travel/zh-tw/board-and-lodging/night-market,287a90a4f83a834e,BATCH_R_030,1,1.0000,0.0000,1,六合夜市,secondary,0.7000,official/media curated narrative source,0.9100,0.0000,0.0000,0.0000,target_dish_absent_taiwan_context,target_dish_absent_taiwan_context,cap_b6f406b94bbc,srch_4ad7b1637a9f
BATCH_V_013,1958,1958-01-01,1946-1987_taiwan_side_formation,黑乾溫州餛飩 official travel hit,Kaohsiung,Taiwan,Taiwan-side,official_tourism_profile,Kaohsiung Go,https://khh.travel/go/,official_food_hit,Kaohsiung Go records 黑乾溫州餛飩 official travel hit with 餛飩;乾麵 in Kaohsiung food context.,medium,Official travel hit but source landing is broad Fifty-record top-up batch V; 200-row harvesting round checkpoint 4/4; source/date/brand key screened; not marker-split.,SRC_BATCH_V_013,candidate,Taiwan,Kaohsiung Go records 黑乾溫州餛飩 official travel hit with 餛飩;乾麵 in Kaohsiung food context.,餛飩;乾麵,高雄;臺灣,unknown,,https://khh.travel/go/,cfbe54b75dd9d5f2,BATCH_V_013,1,1.0000,0.0000,1,黑乾溫州餛飩 official travel hit,secondary,0.7000,official/media curated narrative source,0.9100,0.0000,0.0000,0.0000,target_dish_absent_taiwan_context,target_dish_absent_taiwan_context,cap_787a8f93577e,srch_273b75c8fec7
BATCH_T_042,1961,1961-01-01,1946-1987_taiwan_side_formation,好口味豬血湯 Nelly article,Kaohsiung,Taiwan,Taiwan-side,public_food_profile,Nelly blog,https://nellydyu.tw/blog/post/haokouwei,food_history_profile,Public food profile describes Haokouwei pork-blood soup as a longstanding Kaohsiung shop.,medium,Secondary food-history profile; founding-year claim treated as probable. Fifty-record top-up batch T; 200-row harvesting round checkpoint 2/4; source/date/brand key screened; not marker-split.,SRC_BATCH_T_042,probable,Taiwan,Public food profile describes Haokouwei pork-blood soup as a longstanding Kaohsiung shop.,豬血湯;小吃,高雄;臺灣,unknown,,https://nellydyu.tw/blog/post/haokouwei,4b80a3b7c849f1ab,BATCH_T_042,1,1.0000,0.0000,1,好口味豬血湯 Nelly article,tertiary,0.4000,blog/review/social retrospective source,0.7600,0.0000,0.0000,0.0000,target_dish_absent_taiwan_context,target_dish_absent_taiwan_context,cap_3f683339491d,srch_59048b5140fc
BATCH_V_009,1965,1965-01-01,1946-1987_taiwan_side_formation,阿星鹹粥 food-blog founding article,Tainan,Taiwan,Taiwan-side,food_blog,MimiHan,https://mimihan.tw/tainan-porridge/,food_history_article,MimiHan records 阿星鹹粥 food-blog founding article with 鹹粥;虱目魚 in Tainan food context.,low,Food blog and decade date Fifty-record top-up batch V; 200-row harvesting round checkpoint 4/4; source/date/brand key screened; not marker-split.,SRC_BATCH_V_009,candidate,Taiwan,MimiHan records 阿星鹹粥 food-blog founding article with 鹹粥;虱目魚 in Tainan food context.,鹹粥;虱目魚,台南;臺灣,unknown,,https://mimihan.tw/tainan-porridge/,28ab651336d8e3b4,BATCH_V_009,1,1.0000,0.0000,1,阿星鹹粥 food-blog founding article,tertiary,0.4000,blog/review/social retrospective source,0.7600,0.0000,0.0000,0.0000,target_dish_absent_taiwan_context,target_dish_absent_taiwan_context,cap_5acc0dbbb5f5,srch_03f3965ac46b
MERGED_3884c6699e89dd,1970,1970-01-01,1946-1987_taiwan_side_formation,青葉食品工業,Taipei,Taiwan,Taiwan-side,official_brand_history,Ching Yeh Food / 青葉飯擔,https://www.chinyeh-fandan.com.tw/pages/about,processed_food_extension,1970 Ching Yeh Food canned lu rou rice meat sauce gua zai rou Tai-cai canned food production,high,Early industrial/packaged extension of lu rou rice flavor; useful for commodity-form layer before internet platformization.,TW_CHINGYEH_1970,probable,Taiwan-side,Official history says Ching Yeh Food began producing canned lu rou rice and related meat sauces in 1970.,嚕肉飯,台菜罐頭,,,https://www.chinyeh-fandan.com.tw/pages/about,a360ac2862d26044,TW_1970_001,1,1.0000,0.0000,1,青葉食品工業,secondary,0.7000,official/media curated narrative source,0.9100,0.0000,0.0000,0.0000,target_dish_absent_taiwan_context,target_dish_absent_taiwan_context,cap_b644d1ca42c9,srch_6a4cf21ac2b3
MERGED_daf6a6e34e829b,1977,1977-01-01,1946-1987_taiwan_side_formation,欣葉台菜,Taipei,Taiwan,Taiwan-side,official_brand_profile,欣葉國際餐飲集團,https://www.shinyeh.com.tw/content/zh/brand/About.aspx?BrandId=1,tai_cai_restaurantization,1977 Taipei Shinyeh Tai-cai restaurant Shuangcheng Street Taiwanese banquet cuisine lu rou home-style dishes,high,Official brand profile gives exact origin year and explicitly frames Shinyeh as changing Taiwan-cuisine restaurantization beyond snack stalls.,TW_SHINYEH_1977,probable,Taiwan-side,Official Shinyeh profile says Shinyeh Tai-cai began on Shuangcheng Street in Taipei in 1977 and expanded Taiwan cuisine from snacks toward banquet and home-style dishes including lu rou.,滷肉;台菜,台菜餐廳化;台灣美食拼圖,Taiwan restaurant operator,Taiwan,https://www.shinyeh.com.tw/content/zh/brand/About.aspx?BrandId=1,e272418f60c38739,TW_1977_003,1,1.0000,0.0000,1,欣葉台菜,secondary,0.7000,official/media curated narrative source,0.9100,0.0000,0.0000,0.0000,target_dish_absent_taiwan_context,target_dish_absent_taiwan_context,cap_88100c0b13f2,srch_23ba1d1a1e32
BATCH_U_002,1980,1980-01-01,1946-1987_taiwan_side_formation,阿三仔冰店 official founding page,Tainan,Taiwan,Taiwan-side,official_tourism_profile,Tainan Tourism,https://www.twtainan.net/zh-tw/shop/consume/8172/,official_shop_profile,Tainan Tourism profile states Asanzi ice shop was founded in 1980 and lists old-style shaved-ice ingredients.,medium,Official tourism profile with exact founding year. Fifty-record top-up batch U; 200-row harvesting round checkpoint 3/4; source/date/brand key screened; not marker-split.,SRC_BATCH_U_002,probable,Taiwan,Tainan Tourism profile states Asanzi ice shop was founded in 1980 and lists old-style shaved-ice ingredients.,剉冰;愛玉;麵茶,台南;臺灣,unknown,,https://www.twtainan.net/zh-tw/shop/consume/8172/,b4a214355ee41053,BATCH_U_002,1,1.0000,0.0000,1,阿三仔冰店 official founding page,secondary,0.7000,official/media curated narrative source,0.9100,0.0000,0.0000,0.0000,target_dish_absent_taiwan_context,target_dish_absent_taiwan_context,cap_ac3007b50e0b,srch_18128b72c449
MERGED_83fd3f876ebcd4,1987,1987-01-01,1946-1987_taiwan_side_formation,春水堂珍珠奶茶,Taichung,Taiwan,Taiwan-side,official_product_history,春水堂人文茶館,https://www.chunshuitang.com.tw/drink/innovation/,bubble_tea_market_launch,1987 Chun Shui Tang pearl milk tea market launch national drink world-first Taiwan beverage sign,high,Official product-history page gives 1987 market launch; useful for transition from invention to consumer-facing Taiwan food sign.,TW_CHUNSHUITANG_BMT_1987,probable,Taiwan-side,Chun Shui Tang official page says pearl milk tea launched in 1987 and became a representative hand-shaken national drink.,珍珠奶茶,世界首創;國民飲料,Taiwan tea-house operator,Taiwan,https://www.chunshuitang.com.tw/drink/innovation/,ea20a526df6ef5d3,TW_1987_003,1,0.6552,0.3448,2,春水堂珍珠奶茶,secondary,0.7000,default secondary classification,0.6686,0.0000,0.0000,0.0000,target_dish_absent_taiwan_context,target_dish_absent_taiwan_context,cap_1c11d5eeffd7,srch_ddfcb17cf818
MERGED_f462e3b4619a77,1972,1972-10-24,1946-1987_taiwan_side_formation,Taiwan Porridge Restaurant,Singapore,,,newspaper_archive,NewspaperSG / The Straits Times,https://eresources.nlb.gov.sg/newspapers/digitised/issue/straitstimes19721024-1,overseas_taiwan_porridge_ad,Taiwan Porridge Restaurant Singapore fine food Taiwan porridge,,Comparative Singapore Taiwan-porridge ad.,NEWSG_ST_19721024,probable,Singapore,Advertisement says come and taste fine food at Taiwan Porridge Restaurant.,,Taiwan porridge,,,https://eresources.nlb.gov.sg/newspapers/digitised/issue/straitstimes19721024-1,d405cbbf59ca13a7,SG_1972_002,1,0.7495,0.2505,4,Taiwan Porridge Restaurant,primary,1.0000,dated archive/newspaper/registry-like source,0.8847,0.0000,0.0000,0.0000,target_dish_absent_taiwan_context,target_dish_absent_taiwan_context,cap_1c2b5a53eef0,srch_daaf1ccf618c
MERGED_a385705c9f2112,1976,1976-04-10,1946-1987_taiwan_side_formation,Taiwan Porridge Restaurant,Singapore,,,newspaper_archive,NewspaperSG / The Straits Times,https://eresources.nlb.gov.sg/newspapers/digitised/issue/straitstimes19760410-1,overseas_taiwan_porridge_ad,Taiwan Porridge Restaurant Singapore advertisement,,Comparative Singapore Taiwan-porridge ad.,NEWSG_ST_19760410,probable,Singapore,Advertisement references Taiwan Porridge Rest.,,Taiwan porridge,,,https://eresources.nlb.gov.sg/newspapers/digitised/issue/straitstimes19760410-1,07cf85b7137c755a,SG_1976_001,1,0.6840,0.3160,4,Taiwan Porridge Restaurant,primary,1.0000,dated archive/newspaper/registry-like source,0.8388,0.0000,0.0000,0.0000,target_dish_absent_taiwan_context,target_dish_absent_taiwan_context,cap_bd8c1172ea16,srch_adaa31470bc2
MERGED_c224ab5750b395,1980,,1946-1987_taiwan_side_formation,The New Formosa Restaurant,Petaling Jaya,,,restaurant_listing_retrospective,Unilocal,https://unilocal.net/malaysia/petaling-jaya/the-new-formosa-restaurant,overseas_taiwanese_restaurant,The New Formosa Restaurant Petaling Jaya 1980 authentic Taiwanese cuisine,,Retrospective listing; needs Malaysian newspaper/business corroboration.,MY_FORMOSA_1980,probable,Malaysia,Listing states The New Formosa Restaurant opened in 1980 and served authentic Taiwanese cuisine.,,Taiwanese cuisine,,,https://unilocal.net/malaysia/petaling-jaya/the-new-formosa-restaurant,e3387d53ad667255,MY_1980_001,1,1.0000,0.0000,1,The New Formosa Restaurant,tertiary,0.4000,blog/review/social retrospective source,0.7600,0.0000,0.0000,0.0000,target_dish_absent_taiwan_context,target_dish_absent_taiwan_context,cap_aa8910edca5d,srch_e5671993749a
MERGED_a3e1fd39b3466d,1985,,1946-1987_taiwan_side_formation,Tokyo Taiwanese restaurants,Tokyo,,,academic_secondary,東北人類学論壇 / Zhang-related Japanese literature,https://www2.sal.tohoku.ac.jp/anthropology/TAE20_2021.pdf,overseas_taiwanese_cuisine_regime,1980s Japan Taiwanese cuisine household cuisine small plates authentic Taiwan料理,,Secondary scholarly guide; use to direct Japanese archive searches.,JP_TOKYO_TAIWAN_1980S,probable,Japan,Academic/secondary source states that Taiwanese restaurants in Japan after the 1980s featured household cuisine and small-plate cuisine as authentic Taiwanese cuisine.,,Taiwanese cuisine,,,https://www2.sal.tohoku.ac.jp/anthropology/TAE20_2021.pdf,29094871762cd623,JP_1980S_001,1,1.0000,0.0000,1,Tokyo Taiwanese restaurants,secondary,0.7000,default secondary classification,0.9100,0.0000,0.0000,0.0000,target_dish_absent_taiwan_context,target_dish_absent_taiwan_context,cap_7250f05fc78b,srch_540127a062ab
MERGED_acb17804401cdd,1982,1982-01-01,1946-1987_taiwan_side_formation,味仙藤が丘店,Nagoya,Aichi,Japan,brand_history,Yaba Misen official history,https://yabamisen.jp/history/,overseas_taiwanese_restaurant_branching,Misen Fujigaoka 1982 Taiwan ramen Taiwan rice menu takeout Taiwan ramen,medium,Shows Taiwan-label proliferation into branch menu and takeout format.,JP_MISEN_FUJIGAOKA_1982,probable,Japan,Brand history says the second daughter opened the Fujigaoka line in 1982 and notes Taiwan rice on the menu.,台湾飯,台湾料理,,,https://yabamisen.jp/history/,597a0d7f9552598e,JP_1982_001,1,1.0000,0.0000,1,味仙藤が丘店,secondary,0.7000,default secondary classification,0.9100,0.0000,0.0000,0.0000,target_dish_absent_taiwan_context,target_dish_absent_taiwan_context,cap_59a7ad02ae5c,srch_227bddc9dce6
MERGED_ad9421caeba48a,1987,1987-11-12,1946-1987_taiwan_side_formation,Beijing CTS Taiwan compatriot reception department,Beijing,Beijing,Mainland China,newspaper_archive,People's Daily / cn.govopendata,https://cn.govopendata.com/renminribao/1987/11/12/4/,taiwan_compatriot_travel_food_lodging_service,1987 Beijing China Travel Service Taiwan compatriot reception department airport rail luggage hotel booking shopping medical tourism,high,Institutional food/lodging gateway record; not cuisine-specific but part of mainland-side reception platform for Taiwan visitors.,CN_RMRB_19871112_BEIJING_CTS_DEPT,probable,Mainland China,People's Daily says Beijing CTS established a Taiwan compatriot reception department to handle transport luggage hotel reservations shopping medical services and tourism.,,台胞接待部;客房预定;购物,,,https://cn.govopendata.com/renminribao/1987/11/12/4/,5ea7e7cca636d2c9,CN_1987_009,1,1.0000,0.0000,1,Beijing CTS Taiwan compatriot reception department,primary,1.0000,dated archive/newspaper/registry-like source,1.0600,0.0000,0.0000,0.0000,target_dish_absent_taiwan_context,target_dish_absent_taiwan_context,cap_24b50d94896e,srch_e8a6b1523d96
MERGED_9d734363991dfb,1974,1974-01-01,1946-1987_taiwan_side_formation,Peng Garden / Peng Yuan,New York,New York,North America,book_secondary,From Canton Restaurant to Panda Express / web text,https://dokumen.pub/from-canton-restaurant-to-panda-express-a-history-of-chinese-food-in-the-united-states-9780813574776.html,taiwan_immigrant_operator_history,1974 Chef Peng arrived New York Hunan restaurant Taiwan immigrant Chinese regional cuisine United States,medium,Secondary book text; not Taiwanese cuisine but Taiwan-migrant restaurant operator history for North America comparator.,US_PENG_1974,probable,North America,Book text says Chef Peng arrived in New York in 1974 and locates Taiwan-linked entrepreneurs in the 1970s Hunan restaurant boom.,,Taiwan immigrant restaurant operator,Taiwan-origin operator,Taiwan,https://dokumen.pub/from-canton-restaurant-to-panda-express-a-history-of-chinese-food-in-the-united-states-9780813574776.html,d5ee4b3bca81d1a2,US_1974_001,1,1.0000,0.0000,1,Peng Garden / Peng Yuan,secondary,0.7000,default secondary classification,0.9100,0.0000,0.0000,0.0000,target_dish_absent_taiwan_context,target_dish_absent_taiwan_context,cap_d9404caba2a5,srch_4fe86e27cbba
MERGED_ff5d8e45fbb695,1978,,1946-1987_taiwan_side_formation,Taiwanese restaurants in Flushing,New York,New York,North America,academic_publication_record,Taipei Medical University,https://hub.tmu.edu.tw/en/publications/when-little-island-cuisine-encountered-chinese-food-the-evolution-2/,taiwanese_cuisine_secondary,Taiwanese cuisine New York Flushing 1970 present Chinese food Little Island cuisine,high,Publication metadata only; needs chapter access for restaurant-level extraction.,US_FLUSHING_TW_CUISINE_1970S,probable,North America,Publication record identifies a chapter on Taiwanese cuisine in Flushing from 1970 to present.,,Taiwanese cuisine,,,https://hub.tmu.edu.tw/en/publications/when-little-island-cuisine-encountered-chinese-food-the-evolution-2/,be50aba142736e5e,US_1970S_002,1,1.0000,0.0000,1,Taiwanese restaurants in Flushing,secondary,0.7000,default secondary classification,0.9100,0.0000,0.0000,0.0000,target_dish_absent_taiwan_context,target_dish_absent_taiwan_context,cap_e65e8c624f68,srch_00ed3258bb4d
MERGED_4f565f465726ce,1987,1987-04-06,1946-1987_taiwan_side_formation,Monterey Park Chinese restaurant corridor,Monterey Park,California,North America,newspaper_feature,Los Angeles Times,https://www.latimes.com/archives/la-xpm-1987-04-06-mn-135-story.html,suburban_chinatown_restaurant_ecology,1987 Monterey Park Taiwan Hong Kong immigrant capital Chinese-language signs 60 Chinese restaurants Asian-owned commercial corridor,medium,Not a Taiwan-specific restaurant row; useful for the built commercial corridor that supported Taiwan/Hong Kong food signs before the internet platform era.,US_MONTEREY_RESTAURANT_CORRIDOR_19870406,probable,North America,Los Angeles Times reports Monterey Park's growth through immigrants from Taiwan and Hong Kong and describes a Chinese-language commercial corridor with 60 Chinese restaurants.,Chinese restaurants;Asian grocery corridor,Taiwan and Hong Kong immigrant capital;Chinese-language signs,immigrant commercial corridor,Taiwan/Hong Kong,https://www.latimes.com/archives/la-xpm-1987-04-06-mn-135-story.html,3a3018a647d73fb9,US_1987_002,1,1.0000,0.0000,1,Monterey Park Chinese restaurant corridor,primary,1.0000,dated archive/newspaper/registry-like source,1.0600,0.0000,0.0000,0.0000,target_dish_absent_taiwan_context,target_dish_absent_taiwan_context,cap_b9015cc027c8,srch_8362e1e4e8d0
MERGED_6d6d4b3608caa3,1974,1974-05-05,1946-1987_taiwan_side_formation,Taiwan Restaurant,Singapore,,Singapore,newspaper_archive,NewspaperSG / The Straits Times,https://eresources.nlb.gov.sg/newspapers/digitised/issue/straitstimes19740505-1,overseas_taiwan_restaurant_reference,Singapore Maxwell House Taiwan Restaurant lunch Taiwan restaurant visibility,medium,Restaurant-name attestation rather than dish-specific evidence; useful for Singapore Taiwan-food naming field.,NEWSG_ST_19740505,probable,Singapore,The Straits Times report places an event lunch at the Taiwan Restaurant in Maxwell House.,,Taiwan Restaurant,,,https://eresources.nlb.gov.sg/newspapers/digitised/issue/straitstimes19740505-1,c432da59da864c72,SG_1974_001,1,1.0000,0.0000,1,Taiwan Restaurant,primary,1.0000,dated archive/newspaper/registry-like source,1.0600,0.0000,0.0000,0.0000,target_dish_absent_taiwan_context,target_dish_absent_taiwan_context,cap_855dd5e70ecc,srch_c3e4ddfecc7e
MERGED_75f94dccec9988,1975,1975-10-11,1946-1987_taiwan_side_formation,Toa Payoh Lucky Restaurant Taiwanese Porridge,Singapore,,Singapore,newspaper_archive,NewspaperSG The Straits Times,https://eresources.nlb.gov.sg/newspapers/digitised/issue/straitstimes19751011-1,dated_source_event|menu_or_dish_marker|service_or_store_format|urban_memory_or_geography,1975 Toa Payoh Lucky Restaurant Taiwanese Porridge dated public source event anchors the food sign Taiwanese porridge Singapore Taiwan porridge || 1975 Toa Payoh Lucky Restaurant Taiwanese Porridge dish wording binds local food item to Taiwaneseness corpus Taiwanese porridge Singapore Taiwan porridge || 1975 Toa Payoh Lucky Restaurant Taiwanese Porridge store service format records circulation context Taiwanese porridge Singapore Taiwan porridge || 1975 Toa Payoh Lucky Restaurant Taiwanese Porridge urban memory and place geography support historical binding Taiwanese porridge Singapore Taiwan porridge,medium,Large source-diverse top-up from manually reviewed public source event; duplicate source-key checked before append.,SRC_BULK_O_024_A,probable,Singapore,1975 Toa Payoh Lucky Restaurant advertised Taiwanese porridge with ala carte local dishes and seafood,Taiwanese porridge,Singapore Taiwan porridge,,,https://eresources.nlb.gov.sg/newspapers/digitised/issue/straitstimes19751011-1,97bdc61c074acaa9,BULK_O_024_A;BULK_O_024_B;BULK_O_024_C;BULK_O_024_D,4,1.0000,0.0000,1,Toa Payoh Lucky Restaurant Taiwanese Porridge,primary,1.0000,dated archive/newspaper/registry-like source,1.0600,0.0000,0.0000,0.0000,target_dish_absent_taiwan_context,target_dish_absent_taiwan_context,cap_f4de98c4a870,srch_3bed2faabb20
SRC_NEWSG_MANUAL_19800317_MAYGARDEN,1980,1980-03-17,1946-1987_taiwan_side_formation,May Garden Restaurant,Singapore,,Singapore,newspaper_archive,The Straits Times / NewspaperSG,https://eresources.nlb.gov.sg/newspapers/digitised/issue/straitstimes19800317-1,ad,1980 Singapore May Garden genuine Taiwanese cuisine advertisement,high,New non-duplicate NewspaperSG ad; one ad kept as one attestation artifact.,SRC_NEWSG_MANUAL_19800317_MAYGARDEN,probable,Singapore,May Garden Restaurant; genuine Taiwanese cuisine; daily air flown live seafood vegetable from Taiwan; prepared by Taiwan chefs,live seafood;vegetable,Taiwanese cuisine;Taiwan chefs;Taiwan,,,https://eresources.nlb.gov.sg/newspapers/digitised/issue/straitstimes19800317-1,,SRC_NEWSG_MANUAL_19800317_MAYGARDEN,1,0.5914,0.4086,10,May Garden Restaurant,primary,1.0000,dated archive/newspaper/registry-like source,0.7740,0.0000,0.0000,0.0000,target_dish_absent_taiwan_context,target_dish_absent_taiwan_context,cap_92f088a79ba2,srch_87e96ccf4bd9
MERGED_a6d0ebdd5fda15,1985,1985-04-15,1946-1987_taiwan_side_formation,Taiwan Porridge,Singapore,,Singapore,newspaper_archive,NewspaperSG / Singapore Monitor,https://eresources.nlb.gov.sg/newspapers/digitised/issue/singmonitor19850415-2,overseas_taiwan_porridge_ad,Goodwood Park Hotel traditional Taiwan Porridge true Taiwan porridge Coffee Lounge traditional favourites,medium,Advertisement stresses tradition and authenticity; useful for semantic coding of Taiwaneseness as homestyle tradition.,NEWSG_MONITOR_19850415,probable,Singapore,Advertisement invites lovers of true Taiwan porridge to Goodwood Park Hotel Coffee Lounge.,Taiwan Porridge,Taiwan,,,https://eresources.nlb.gov.sg/newspapers/digitised/issue/singmonitor19850415-2,ff5b34bbffde4760,SG_1985_001,1,0.8223,0.1777,9,Taiwan Porridge,primary,1.0000,dated archive/newspaper/registry-like source,0.9356,0.0000,0.0000,0.0000,target_dish_absent_taiwan_context,target_dish_absent_taiwan_context,cap_bb92ca08d912,srch_b38362897f4c
MERGED_918e93c2334528,1946,1946-01-01,1946-1987_taiwan_side_formation,阿憨鹹粥,Tainan,Taiwan,Taiwan-side,food_media_retrospective,南人幫,https://lifeintainan.com/ahang/,old_shop_origin|half_porridge_technique,1946 Tainan Ahan salty porridge Guang'an Temple stall milkfish porridge breakfast old shop || 1946 Tainan Ahan salty porridge southern half porridge method milkfish breakfast Fujian Zhangzhou Quanzhou technique,medium,Source gives exact ROC year 35 founding at Shizhuangjiu Guang'an Temple and is specific enough for probable use. || Same source explicitly links the founding stall to a Zhangzhou-Quanzhou half-porridge method and early milkfish specialization.,TW_AHAN_1946_ORIGIN,probable,Taiwan-side,Source says first-generation founder Zheng Ji set up a porridge stall at Guang'an Temple in ROC year 35 and built the shop around milkfish porridge. || Source says the founder used the southern half-porridge method with local milkfish from the beginning of the stall.,鹹粥;虱目魚粥,台南早餐小吃;台南早餐技法,,,https://lifeintainan.com/ahang/,b5c155a612be9675,TW_TN_1946_001;TW_TN_1946_002,2,1.0000,0.0000,1,阿憨鹹粥,tertiary,0.4000,blog/review/social retrospective source,0.7600,0.0000,0.0000,0.0000,target_dish_absent_taiwan_context,target_dish_absent_taiwan_context,cap_c167b4608a09,srch_e96b047d45b1
MERGED_b12ea114c63b1e,1950,1950-01-01,1946-1987_taiwan_side_formation,友誠蝦仁肉圓,Tainan,Taiwan,Taiwan-side,official_tourism_profile,台南旅遊網,https://www.twtainan.net/zh-tw/shop/consume/1076/,market_stall_origin|dated_source_event|menu_or_dish_marker|service_or_store_format|urban_memory_or_geography,1950 Tainan Youcheng shrimp meatball postwar Kangle Market Sakariba stall origin || 1950 友誠蝦仁肉圓 dated public source event anchors the food sign 蝦仁肉圓;肉燥 台南市場小吃 || 1950 友誠蝦仁肉圓 dish wording binds local food item to Taiwaneseness corpus 蝦仁肉圓;肉燥 台南市場小吃 || 1950 友誠蝦仁肉圓 store service format records circulation context 蝦仁肉圓;肉燥 台南市場小吃 || 1950 友誠蝦仁肉圓 urban memory and place geography support historical binding 蝦仁肉圓;肉燥 台南市場小吃,medium,Official tourism page gives exact ROC year 39 origin and specific early market geography for the family line later represented by Youcheng. || Large source-diverse top-up from manually reviewed public source event; duplicate source-key checked before append.,TW_YOUCHENG_1950_ORIGIN,probable,Taiwan-side,Official page says first-generation Su Song first sold shrimp meatballs at Kangle Market Sakariba in postwar ROC year 39. || Youcheng shrimp meatball line began in ROC 39 Kangle Market Sakariba with meat-sauce shrimp meatball craft,蝦仁肉圓;肉燥,台南市場小吃,,,https://www.twtainan.net/zh-tw/shop/consume/1076/,257fd59edb4199f0,TW_TN_1950_001;BULK_O_009_A;BULK_O_009_B;BULK_O_009_C;BULK_O_009_D,5,1.0000,0.0000,1,友誠蝦仁肉圓,secondary,0.7000,official/media curated narrative source,0.9100,0.0000,0.0000,0.0000,target_dish_absent_taiwan_context,target_dish_absent_taiwan_context,cap_104bf9412ec8,srch_0280e2ec9f41
BATCH_U_023,1958,1958-01-01,1946-1987_taiwan_side_formation,老周冷熱飲 Kaohsiung old-flavor page,Kaohsiung,Taiwan,Taiwan-side,official_event_page,Kaohsiung Travel,https://khh.travel/zh-tw/event/news/4784/,official_old_flavor_profile,Kaohsiung old-flavor page states Lao Zhou hot/cold drink brand was founded in 1958 and preserves handmade traditional dessert ingredients.,medium,Official Kaohsiung old-flavor page; exact founding year. Fifty-record top-up batch U; 200-row harvesting round checkpoint 3/4; source/date/brand key screened; not marker-split.,SRC_BATCH_U_023,probable,Taiwan,Kaohsiung old-flavor page states Lao Zhou hot/cold drink brand was founded in 1958 and preserves handmade traditional dessert ingredients.,燒麻糬;麵茶粉,高雄;臺灣,unknown,,https://khh.travel/zh-tw/event/news/4784/,80289fdea3a5baf0,BATCH_U_023,1,1.0000,0.0000,1,老周冷熱飲 Kaohsiung old-flavor page,secondary,0.7000,official/media curated narrative source,0.9100,0.0000,0.0000,0.0000,target_dish_absent_taiwan_context,target_dish_absent_taiwan_context,cap_9a856c102b2e,srch_4013ba03c17a
