attestation_id,year,date,period,brand_or_category,city,province,corridor,source_type,source_name,source_url,attestation_type,text_for_scoring,confidence,notes,source_id,verification_level,region,original_text,dish_marker,taiwan_marker,ownership_category,capital_origin,source_url_or_archive_ref,dedupe_key,merged_from_attestation_ids,merged_row_count,novelty_score,avg_text_similarity,novelty_group_size,novelty_group_key,authority_level,authority_weight,authority_reason
SRC_R010B05_TW_376470000A_000005_OFFICIAL,2022,2022-08-22,2015-2025_platformization,林桔園蜜餞行,員林市,Taiwan,Taiwan-side,official_open_data,Taiwan Tourism Administration Open Multimedia Data,https://media.taiwan.net.tw/en-us/portal/travel/details/restaurant_376470000a_000005,official_restaurant_open_data,2022 official open-data page classifies 林桔園蜜餞行 as 伴手禮/禮盒（Gift） with markers 台灣小吃/台菜,high,"Official Tourism Administration open-data page gives update date, local government source, restaurant category and direct marker evidence. Duplicate source-url and restaurant artifact ID checked against Round010 overlay before append; one row represents one source artifact. TLS certificate validation was relaxed for metadata fetch because local Python rejected the site certificate, while the exact public URL is browser/web accessible.",SRC_R010B05_TW_376470000A_000005_OFFICIAL,verified,Taiwan-side,資料更新日期時間 2022-08-22T11:54:04+08:00；餐飲店家類型：伴手禮/禮盒（Gift）；林桔園蜜餞行；「我們自己敢吃的，才能賣給客人吃」是林桔園的經營理念，所以與我們合作的都是很注重環境衛生與認真負責的工廠，我們賣的安心，客人買的才能放心。林桔園銷售的蜜餞種類有近百種之多，可以說是蜜餞百貨店，您想得到的，夢得到的都能在這裡找到，不管是新上市的口味，或者是古早味，都保證不會使您失望。,台灣小吃/台菜,古早味,,,https://media.taiwan.net.tw/en-us/portal/travel/details/restaurant_376470000a_000005,073440f1a7ef2fae,SRC_R010B05_TW_376470000A_000005_OFFICIAL,1,0.9000,0.1000,1,林桔園蜜餞行,secondary,0.7000,official Taiwan Tourism Administration open-data source with direct date evidence
SRC_R010B05_TW_376470000A_000006_OFFICIAL,2023,2023-02-15,2015-2025_platformization,龍吉高麗菜飯,田中鎮,Taiwan,Taiwan-side,official_open_data,Taiwan Tourism Administration Open Multimedia Data,https://media.taiwan.net.tw/zh-tw/portal/travel/details/restaurant_376470000a_000006,official_restaurant_open_data,2023 official open-data page classifies 龍吉高麗菜飯 as 夜市小吃（Taiwan Snacks） with markers 小吃; 夜市小吃,high,"Official Tourism Administration open-data page gives update date, local government source, restaurant category and direct marker evidence. Duplicate source-url and restaurant artifact ID checked against Round010 overlay before append; one row represents one source artifact. TLS certificate validation was relaxed for metadata fetch because local Python rejected the site certificate, while the exact public URL is browser/web accessible.",SRC_R010B05_TW_376470000A_000006_OFFICIAL,verified,Taiwan-side,資料更新日期時間 2023-02-15T16:12:35+08:00；餐飲店家類型：夜市小吃（Taiwan Snacks）；龍吉高麗菜飯；香噴滋味高麗菜飯一間位於鎮公所旁的人氣美食，透著蝦米香味的高麗菜飯是該店的獨家口味，店家為了煮出高麗菜飯的好味道，採用傳統式的燜煮法，老闆說這種煮法最費時，但為能保留高麗菜的原味，飯入口時，散發著濃濃的蝦米、胡椒香。,小吃;夜市小吃,夜市小吃;Taiwan Snacks,,,https://media.taiwan.net.tw/zh-tw/portal/travel/details/restaurant_376470000a_000006,4131808592de2d29,SRC_R010B05_TW_376470000A_000006_OFFICIAL,1,0.9000,0.1000,1,龍吉高麗菜飯,secondary,0.7000,official Taiwan Tourism Administration open-data source with direct date evidence
SRC_R010B05_TW_376470000A_000007_OFFICIAL,2022,2022-08-22,2015-2025_platformization,肉圓儀,北斗鎮,Taiwan,Taiwan-side,official_open_data,Taiwan Tourism Administration Open Multimedia Data,https://media.taiwan.net.tw/en-us/portal/travel/details/restaurant_376470000a_000007,official_restaurant_open_data,2022 official open-data page classifies 肉圓儀 as 夜市小吃（Taiwan Snacks） with markers 肉圓; 小吃; 夜市小吃,high,"Official Tourism Administration open-data page gives update date, local government source, restaurant category and direct marker evidence. Duplicate source-url and restaurant artifact ID checked against Round010 overlay before append; one row represents one source artifact. TLS certificate validation was relaxed for metadata fetch because local Python rejected the site certificate, while the exact public URL is browser/web accessible.",SRC_R010B05_TW_376470000A_000007_OFFICIAL,verified,Taiwan-side,資料更新日期時間 2022-08-22T13:08:43+08:00；餐飲店家類型：夜市小吃（Taiwan Snacks）；肉圓儀；元寶型的北斗肉圓，造型小巧可愛，外皮採在來米與菜薯粉作成，餡料除了豬肉外，還多了新鮮筍丁。厚厚肉圓皮呈現Q軟的口感，醃漬的肉醬，透著濃濃的五香味，這是北斗肉圓獨有的味道。北斗鎮著名的肉圓店不下10餘家，每家店各具特色，其中肉圓儀已傳至第三代，除了皮Q有嚼勁外，醬汁更是一絕，甜中帶鹹，鹹中帶辣，味道恰 到好處，許多老北斗人就是喜歡這個味道。 文字描述 文字描述-顯示或收起長內容,肉圓;小吃;夜市小吃,夜市小吃;Taiwan Snacks,,,https://media.taiwan.net.tw/en-us/portal/travel/details/restaurant_376470000a_000007,cf03c384ff7a7662,SRC_R010B05_TW_376470000A_000007_OFFICIAL,1,0.9000,0.1000,1,肉圓儀,secondary,0.7000,official Taiwan Tourism Administration open-data source with direct date evidence
SRC_R010B05_TW_376470000A_000018_OFFICIAL,2022,2022-08-22,2015-2025_platformization,阿南師民俗小吃,鹿港鎮,Taiwan,Taiwan-side,official_open_data,Taiwan Tourism Administration Open Multimedia Data,https://media.taiwan.net.tw/en-us/portal/travel/details/restaurant_376470000a_000018,official_restaurant_open_data,2022 official open-data page classifies 阿南師民俗小吃 as 夜市小吃（Taiwan Snacks） with markers 小吃; 夜市小吃,high,"Official Tourism Administration open-data page gives update date, local government source, restaurant category and direct marker evidence. Duplicate source-url and restaurant artifact ID checked against Round010 overlay before append; one row represents one source artifact. TLS certificate validation was relaxed for metadata fetch because local Python rejected the site certificate, while the exact public URL is browser/web accessible.",SRC_R010B05_TW_376470000A_000018_OFFICIAL,verified,Taiwan-side,資料更新日期時間 2022-08-22T14:30:16+08:00；餐飲店家類型：夜市小吃（Taiwan Snacks）；阿南師民俗小吃；來到鹿港絕對不能錯過阿南師民俗小吃的料理， 店內最超人氣的招牌菜-網西蝦卷又稱為『蝦包蝦』是採用新鮮的鮮蝦剁成醬再和網西做成皮，內餡包著鮮蝦，且都是純手工的，炸過後外酥內鮮嫩，口口都有鮮蝦的好滋味。,小吃;夜市小吃,夜市小吃;Taiwan Snacks,,,https://media.taiwan.net.tw/en-us/portal/travel/details/restaurant_376470000a_000018,1e7ddac115db6c88,SRC_R010B05_TW_376470000A_000018_OFFICIAL,1,0.9000,0.1000,1,阿南師民俗小吃,secondary,0.7000,official Taiwan Tourism Administration open-data source with direct date evidence
SRC_R010B05_TW_376470000A_000019_OFFICIAL,2022,2022-08-22,2015-2025_platformization,東華素食麵茶,鹿港鎮,Taiwan,Taiwan-side,official_open_data,Taiwan Tourism Administration Open Multimedia Data,https://media.taiwan.net.tw/en-us/portal/travel/details/restaurant_376470000a_000019,official_restaurant_open_data,2022 official open-data page classifies 東華素食麵茶 as 素食飲食（Vegetarian Diet） with markers 台灣小吃/台菜,high,"Official Tourism Administration open-data page gives update date, local government source, restaurant category and direct marker evidence. Duplicate source-url and restaurant artifact ID checked against Round010 overlay before append; one row represents one source artifact. TLS certificate validation was relaxed for metadata fetch because local Python rejected the site certificate, while the exact public URL is browser/web accessible.",SRC_R010B05_TW_376470000A_000019_OFFICIAL,verified,Taiwan-side,資料更新日期時間 2022-08-22T14:22:24+08:00；餐飲店家類型：素食飲食（Vegetarian Diet）；東華素食麵茶；傳統古早味營養食品，可平衡人體酸鹼值，遵古法製不含化學添加物，營養美味老少素食者最佳食品。東華素食麵茶是道地的鹿港古早味特產。,台灣小吃/台菜,古早味,,,https://media.taiwan.net.tw/en-us/portal/travel/details/restaurant_376470000a_000019,958cd9b694e7e362,SRC_R010B05_TW_376470000A_000019_OFFICIAL,1,0.9000,0.1000,1,東華素食麵茶,secondary,0.7000,official Taiwan Tourism Administration open-data source with direct date evidence
SRC_R010B05_TW_376470000A_000020_OFFICIAL,2022,2022-08-22,2015-2025_platformization,鹿港永香民俗小吃,鹿港鎮,Taiwan,Taiwan-side,official_open_data,Taiwan Tourism Administration Open Multimedia Data,https://media.taiwan.net.tw/zh-tw/portal/travel/details/restaurant_376470000a_000020,official_restaurant_open_data,2022 official open-data page classifies 鹿港永香民俗小吃 as 夜市小吃（Taiwan Snacks） with markers 小吃; 夜市小吃,high,"Official Tourism Administration open-data page gives update date, local government source, restaurant category and direct marker evidence. Duplicate source-url and restaurant artifact ID checked against Round010 overlay before append; one row represents one source artifact. TLS certificate validation was relaxed for metadata fetch because local Python rejected the site certificate, while the exact public URL is browser/web accessible.",SRC_R010B05_TW_376470000A_000020_OFFICIAL,verified,Taiwan-side,資料更新日期時間 2022-08-22T14:25:37+08:00；餐飲店家類型：夜市小吃（Taiwan Snacks）；鹿港永香民俗小吃；昭和九年開始經營，目前是第四代掌門。店裡祖傳滷肉飯是以搭配炸過的肉皮、切碎的紅蘿蔔絲及高麗菜等佐料所做成的，風味獨特，讓人齒頰留香感到津津有味而大受歡迎。,小吃;夜市小吃,夜市小吃;Taiwan Snacks,,,https://media.taiwan.net.tw/zh-tw/portal/travel/details/restaurant_376470000a_000020,697e9441a676c311,SRC_R010B05_TW_376470000A_000020_OFFICIAL,1,0.9000,0.1000,1,鹿港永香民俗小吃,secondary,0.7000,official Taiwan Tourism Administration open-data source with direct date evidence
SRC_R010B05_TW_376470000A_000025_OFFICIAL,2023,2023-12-01,2015-2025_platformization,鹿港素珠芋丸,鹿港鎮,Taiwan,Taiwan-side,official_open_data,Taiwan Tourism Administration Open Multimedia Data,https://media.taiwan.net.tw/en-us/portal/travel/details/restaurant_376470000a_000025,official_restaurant_open_data,2023 official open-data page classifies 鹿港素珠芋丸 as 地方特產（Local specialty） with markers 小吃,high,"Official Tourism Administration open-data page gives update date, local government source, restaurant category and direct marker evidence. Duplicate source-url and restaurant artifact ID checked against Round010 overlay before append; one row represents one source artifact. TLS certificate validation was relaxed for metadata fetch because local Python rejected the site certificate, while the exact public URL is browser/web accessible.",SRC_R010B05_TW_376470000A_000025_OFFICIAL,verified,Taiwan-side,資料更新日期時間 2023-12-01T15:09:07+08:00；餐飲店家類型：地方特產（Local specialty）；鹿港素珠芋丸；鹿港傳統古早味的小吃眾多，但位於民生路與泉州二路轉角處的好吃古早味的「素珠芋丸」，在當地頗具盛名。素珠媽媽以純熟手藝做出好吃芋丸，並不斷創新吃法，從煮湯轉變成一芋三吃；一吃煮湯、二吃清蒸、三吃炸，食用時再加上獨家醬料，風味獨特，不但是在地人永不厭倦的媽媽味道，更是外地人到鹿港一遊時，必定攜帶的伴手呢 。 文字描述 文字描述-顯示或收起長內容,小吃,古早味,,,https://media.taiwan.net.tw/en-us/portal/travel/details/restaurant_376470000a_000025,b4e4026dce04e719,SRC_R010B05_TW_376470000A_000025_OFFICIAL,1,0.9000,0.1000,1,鹿港素珠芋丸,secondary,0.7000,official Taiwan Tourism Administration open-data source with direct date evidence
SRC_R010B05_TW_376470000A_000030_OFFICIAL,2018,2018-01-26,2015-2025_platformization,蔡澤記,鹿港鎮,Taiwan,Taiwan-side,official_open_data,Taiwan Tourism Administration Open Multimedia Data,https://media.taiwan.net.tw/en-us/portal/travel/details/restaurant_376470000a_000030,official_restaurant_open_data,2018 official open-data page classifies 蔡澤記 as 地方特產（Local specialty） with markers 台灣小吃/台菜,high,"Official Tourism Administration open-data page gives update date, local government source, restaurant category and direct marker evidence. Duplicate source-url and restaurant artifact ID checked against Round010 overlay before append; one row represents one source artifact. TLS certificate validation was relaxed for metadata fetch because local Python rejected the site certificate, while the exact public URL is browser/web accessible.",SRC_R010B05_TW_376470000A_000030_OFFICIAL,verified,Taiwan-side,資料更新日期時間 2018-01-26T14:55:36+08:00；餐飲店家類型：地方特產（Local specialty）；蔡澤記；蔡澤記為祖傳百年老店至今已第三代了，以手工精製水餃聞名。本店與眾不同的五種產品，是老闆畢生心血的結晶，在地的古早味，讓您吃了回味再三，有晶瑩剔透QQ彈牙的水晶餃、及以純豬肉福州燕皮精製而成的扁食燕、添加香脆爽口荸薺的水丸、埔里盛產香菇做成的香菇丸、還有使用上等後豬大腿慢火細燉獨家高湯，用蒸的方式製成 的蒸丸風味絕佳，都是消費者不錯的選擇，值得一試。送禮自用兩相宜~資料來源：鹿港鎮公所 文字描述 文字描述-顯示或收起長內容,台灣小吃/台菜,古早味,,,https://media.taiwan.net.tw/en-us/portal/travel/details/restaurant_376470000a_000030,2597e7c86fd726a0,SRC_R010B05_TW_376470000A_000030_OFFICIAL,1,0.9000,0.1000,1,蔡澤記,secondary,0.7000,official Taiwan Tourism Administration open-data source with direct date evidence
SRC_R010B05_TW_376470000A_000027_OFFICIAL,2022,2022-08-22,2015-2025_platformization,鵬師小丸子,鹿港鎮,Taiwan,Taiwan-side,official_open_data,Taiwan Tourism Administration Open Multimedia Data,https://media.taiwan.net.tw/en-us/portal/travel/details/restaurant_376470000a_000027,official_restaurant_open_data,2022 official open-data page classifies 鵬師小丸子 as 夜市小吃（Taiwan Snacks） with markers 小吃; 夜市小吃,high,"Official Tourism Administration open-data page gives update date, local government source, restaurant category and direct marker evidence. Duplicate source-url and restaurant artifact ID checked against Round010 overlay before append; one row represents one source artifact. TLS certificate validation was relaxed for metadata fetch because local Python rejected the site certificate, while the exact public URL is browser/web accessible.",SRC_R010B05_TW_376470000A_000027_OFFICIAL,verified,Taiwan-side,資料更新日期時間 2022-08-22T14:23:43+08:00；餐飲店家類型：夜市小吃（Taiwan Snacks）；鵬師小丸子；鵬師秘方，採用豬大骨熬製多時的香醇湯頭，用上等豬肉特製成的小丸子、水晶餃，湯頭好、口味佳，不加防腐劑、不加硼沙，天然、健康美味。鵬師之前是辦桌的師父，對於美食料理經驗相當豐富，日據時代即獲有政府頒發之營業執照，辦桌之餘，研發了小丸子與水晶餃，皆為純手工製造。本攤店創於1931年，歷史悠久，是本地人和 來媽祖宮參拜的香客必光顧的小吃攤。資料來源：鹿港鎮公所 文字描述 文字描述-顯示或收起長內容,小吃;夜市小吃,夜市小吃;Taiwan Snacks,,,https://media.taiwan.net.tw/en-us/portal/travel/details/restaurant_376470000a_000027,e67be63c8642d980,SRC_R010B05_TW_376470000A_000027_OFFICIAL,1,0.9000,0.1000,1,鵬師小丸子,secondary,0.7000,official Taiwan Tourism Administration open-data source with direct date evidence
SRC_R010B05_TW_376470000A_000032_OFFICIAL,2022,2022-08-22,2015-2025_platformization,三姐妹蚵仔煎,鹿港鎮,Taiwan,Taiwan-side,official_open_data,Taiwan Tourism Administration Open Multimedia Data,https://media.taiwan.net.tw/zh-tw/portal/travel/details/restaurant_376470000a_000032,official_restaurant_open_data,2022 official open-data page classifies 三姐妹蚵仔煎 as 夜市小吃（Taiwan Snacks） with markers 蚵仔煎; 小吃; 夜市小吃,high,"Official Tourism Administration open-data page gives update date, local government source, restaurant category and direct marker evidence. Duplicate source-url and restaurant artifact ID checked against Round010 overlay before append; one row represents one source artifact. TLS certificate validation was relaxed for metadata fetch because local Python rejected the site certificate, while the exact public URL is browser/web accessible.",SRC_R010B05_TW_376470000A_000032_OFFICIAL,verified,Taiwan-side,資料更新日期時間 2022-08-22T14:45:59+08:00；餐飲店家類型：夜市小吃（Taiwan Snacks）；三姐妹蚵仔煎；本店採當日新鮮的珍珠蚵為食材，現點現料理，傳承四十幾年古早作法，蚵仔煎香酥可口，醬料更會讓您口齒留香，包您回憶滿分，歡迎來嚐鮮。資料來源：鹿港鎮公所,蚵仔煎;小吃;夜市小吃,夜市小吃;Taiwan Snacks,,,https://media.taiwan.net.tw/zh-tw/portal/travel/details/restaurant_376470000a_000032,77dadf01aeef9028,SRC_R010B05_TW_376470000A_000032_OFFICIAL,1,0.9000,0.1000,1,三姐妹蚵仔煎,secondary,0.7000,official Taiwan Tourism Administration open-data source with direct date evidence
SRC_R010B05_TW_376470000A_000033_OFFICIAL,2022,2022-08-22,2015-2025_platformization,古茨茶坊,鹿港鎮,Taiwan,Taiwan-side,official_open_data,Taiwan Tourism Administration Open Multimedia Data,https://media.taiwan.net.tw/zh-tw/portal/travel/details/restaurant_376470000a_000033,official_restaurant_open_data,2022 official open-data page classifies 古茨茶坊 as 夜市小吃（Taiwan Snacks） with markers 小吃; 夜市小吃,high,"Official Tourism Administration open-data page gives update date, local government source, restaurant category and direct marker evidence. Duplicate source-url and restaurant artifact ID checked against Round010 overlay before append; one row represents one source artifact. TLS certificate validation was relaxed for metadata fetch because local Python rejected the site certificate, while the exact public URL is browser/web accessible.",SRC_R010B05_TW_376470000A_000033_OFFICIAL,verified,Taiwan-side,資料更新日期時間 2022-08-22T14:23:01+08:00；餐飲店家類型：夜市小吃（Taiwan Snacks）；古茨茶坊；本店採用進口專業級RO中央純水系統，冰塊自製無衛生安全之虞，且每日少量現煮茶葉，絕對新鮮，請放心使用。資料來源：鹿港鎮公所,小吃;夜市小吃,夜市小吃;Taiwan Snacks,,,https://media.taiwan.net.tw/zh-tw/portal/travel/details/restaurant_376470000a_000033,e7662dace5181742,SRC_R010B05_TW_376470000A_000033_OFFICIAL,1,0.9000,0.1000,1,古茨茶坊,secondary,0.7000,official Taiwan Tourism Administration open-data source with direct date evidence
SRC_R010B05_TW_376470000A_000034_OFFICIAL,2018,2018-01-19,2015-2025_platformization,鹿港黑松趩仔麵,鹿港鎮,Taiwan,Taiwan-side,official_open_data,Taiwan Tourism Administration Open Multimedia Data,https://media.taiwan.net.tw/zh-tw/portal/travel/details/restaurant_376470000a_000034,official_restaurant_open_data,2018 official open-data page classifies 鹿港黑松趩仔麵 as 地方特產（Local specialty） with markers 焢肉飯,high,"Official Tourism Administration open-data page gives update date, local government source, restaurant category and direct marker evidence. Duplicate source-url and restaurant artifact ID checked against Round010 overlay before append; one row represents one source artifact. TLS certificate validation was relaxed for metadata fetch because local Python rejected the site certificate, while the exact public URL is browser/web accessible.",SRC_R010B05_TW_376470000A_000034_OFFICIAL,verified,Taiwan-side,資料更新日期時間 2018-01-19T15:54:44+08:00；餐飲店家類型：地方特產（Local specialty）；鹿港黑松趩仔麵；趩仔麵，在老一輩又稱文燦麵，由文燦伯傳承至今50餘年的歷史。趩仔麵至今仍用最傳統的竹麵杓，現煮的麵加上用大骨熬成的高湯，並搭配古早味的肉燥及每日以手工取用新鮮食材，所特製的三種丸子，炸卷、蝦丸、肉丸、芋丸，店內另有飯食類、排骨飯、焢肉飯、豬腳飯及各式小菜。資料來源：鹿港鎮公所趩仔麵其實就是一般的切仔 麵，但是這裡的仔麵特別之處在於，清麵加上蝦丸、炸捲等，豐富配料使得整碗麵可口誘人。 文字描述 文字描述-顯示或收起長內容,焢肉飯,古早味,,,https://media.taiwan.net.tw/zh-tw/portal/travel/details/restaurant_376470000a_000034,3cbbb287f697c937,SRC_R010B05_TW_376470000A_000034_OFFICIAL,1,0.9000,0.1000,1,鹿港黑松趩仔麵,secondary,0.7000,official Taiwan Tourism Administration open-data source with direct date evidence
SRC_R010B05_TW_376470000A_000035_OFFICIAL,2022,2022-08-22,2015-2025_platformization,海珍蚵仔煎專賣店,鹿港鎮,Taiwan,Taiwan-side,official_open_data,Taiwan Tourism Administration Open Multimedia Data,https://media.taiwan.net.tw/zh-tw/portal/travel/details/restaurant_376470000a_000035,official_restaurant_open_data,2022 official open-data page classifies 海珍蚵仔煎專賣店 as 夜市小吃（Taiwan Snacks） with markers 蚵仔煎; 小吃; 夜市小吃,high,"Official Tourism Administration open-data page gives update date, local government source, restaurant category and direct marker evidence. Duplicate source-url and restaurant artifact ID checked against Round010 overlay before append; one row represents one source artifact. TLS certificate validation was relaxed for metadata fetch because local Python rejected the site certificate, while the exact public URL is browser/web accessible.",SRC_R010B05_TW_376470000A_000035_OFFICIAL,verified,Taiwan-side,資料更新日期時間 2022-08-22T14:47:07+08:00；餐飲店家類型：夜市小吃（Taiwan Snacks）；海珍蚵仔煎專賣店；鹿港傳統且道地的特色小吃是什麼呢？又有哪一種食物是到鹿港必嘗的佳餚？就是「蚵仔煎」！,蚵仔煎;小吃;夜市小吃,夜市小吃;Taiwan Snacks,,,https://media.taiwan.net.tw/zh-tw/portal/travel/details/restaurant_376470000a_000035,973040a85efac2cd,SRC_R010B05_TW_376470000A_000035_OFFICIAL,1,0.9000,0.1000,1,海珍蚵仔煎專賣店,secondary,0.7000,official Taiwan Tourism Administration open-data source with direct date evidence
SRC_R010B05_TW_376470000A_000038_OFFICIAL,2018,2018-01-19,2015-2025_platformization,鹿港脆皮雞蛋糕,鹿港鎮,Taiwan,Taiwan-side,official_open_data,Taiwan Tourism Administration Open Multimedia Data,https://media.taiwan.net.tw/zh-tw/portal/travel/details/restaurant_376470000a_000038,official_restaurant_open_data,2018 official open-data page classifies 鹿港脆皮雞蛋糕 as 夜市小吃（Taiwan Snacks） with markers 小吃; 夜市小吃,high,"Official Tourism Administration open-data page gives update date, local government source, restaurant category and direct marker evidence. Duplicate source-url and restaurant artifact ID checked against Round010 overlay before append; one row represents one source artifact. TLS certificate validation was relaxed for metadata fetch because local Python rejected the site certificate, while the exact public URL is browser/web accessible.",SRC_R010B05_TW_376470000A_000038_OFFICIAL,verified,Taiwan-side,資料更新日期時間 2018-01-19T15:50:01+08:00；餐飲店家類型：夜市小吃（Taiwan Snacks）；鹿港脆皮雞蛋糕；位於文開路與中山路口這家「脆皮雞蛋糕」，一到下午時段，總是排滿等候的人群。但是這家的味道就是不一樣！原來秘訣就是：特殊的模具。老板本職是從事鑄鐵的工作，太太想要創業做雞蛋糕生意，老板就以自己的專長，為太太設計特別的可愛卡通模具。兩個造型一組，共有十多組，依序排列在烤爐上，按照時間先後順序，不斷地均勻 翻轉地烘烤下。 文字描述 文字描述-顯示或收起長內容,小吃;夜市小吃,夜市小吃;Taiwan Snacks,,,https://media.taiwan.net.tw/zh-tw/portal/travel/details/restaurant_376470000a_000038,cb3cf0351aa93795,SRC_R010B05_TW_376470000A_000038_OFFICIAL,1,0.9000,0.1000,1,鹿港脆皮雞蛋糕,secondary,0.7000,official Taiwan Tourism Administration open-data source with direct date evidence
SRC_R010B05_TW_376470000A_000039_OFFICIAL,2022,2022-08-22,2015-2025_platformization,台北小籠包,鹿港鎮,Taiwan,Taiwan-side,official_open_data,Taiwan Tourism Administration Open Multimedia Data,https://media.taiwan.net.tw/zh-tw/portal/travel/details/restaurant_376470000a_000039,official_restaurant_open_data,2022 official open-data page classifies 台北小籠包 as 夜市小吃（Taiwan Snacks） with markers 小吃; 夜市小吃,high,"Official Tourism Administration open-data page gives update date, local government source, restaurant category and direct marker evidence. Duplicate source-url and restaurant artifact ID checked against Round010 overlay before append; one row represents one source artifact. TLS certificate validation was relaxed for metadata fetch because local Python rejected the site certificate, while the exact public URL is browser/web accessible.",SRC_R010B05_TW_376470000A_000039_OFFICIAL,verified,Taiwan-side,資料更新日期時間 2022-08-22T14:41:07+08:00；餐飲店家類型：夜市小吃（Taiwan Snacks）；台北小籠包；全手工包製的小籠阿包是本店的強打招牌，每日精選長白頭大青蔥、青翠高麗菜及每日現宰豬肉肥、瘦三比七的黃金比例，以順時鐘方向持續拍打攪拌而成，麵皮也是獨家首創－4C壓制發酵的半發麵，讓每粒小籠阿包皮薄勁韌、汁多味美，是每位遊客來到鹿港必嚐的好味！資料來源：鹿港鎮公所,小吃;夜市小吃,夜市小吃;Taiwan Snacks,,,https://media.taiwan.net.tw/zh-tw/portal/travel/details/restaurant_376470000a_000039,950119476828786f,SRC_R010B05_TW_376470000A_000039_OFFICIAL,1,0.9000,0.1000,1,台北小籠包,secondary,0.7000,official Taiwan Tourism Administration open-data source with direct date evidence
SRC_R010B05_TW_376470000A_000041_OFFICIAL,2022,2022-08-22,2015-2025_platformization,老全豬血麵線,鹿港鎮,Taiwan,Taiwan-side,official_open_data,Taiwan Tourism Administration Open Multimedia Data,https://media.taiwan.net.tw/zh-tw/portal/travel/details/restaurant_376470000a_000041,official_restaurant_open_data,2022 official open-data page classifies 老全豬血麵線 as 夜市小吃（Taiwan Snacks） with markers 麵線; 小吃; 夜市小吃,high,"Official Tourism Administration open-data page gives update date, local government source, restaurant category and direct marker evidence. Duplicate source-url and restaurant artifact ID checked against Round010 overlay before append; one row represents one source artifact. TLS certificate validation was relaxed for metadata fetch because local Python rejected the site certificate, while the exact public URL is browser/web accessible.",SRC_R010B05_TW_376470000A_000041_OFFICIAL,verified,Taiwan-side,資料更新日期時間 2022-08-22T14:46:35+08:00；餐飲店家類型：夜市小吃（Taiwan Snacks）；老全豬血麵線；老全豬血湯與紅麵線和小腸混合，成為一道「俗閣呷粗飽」的點心。高麗菜飯香噴噴內有肉燥、香菇、蝦米好吃又爽口，六仔麵薄又Q、加甜辣醬很對味又很香，各種點心都能吃出好風味。資料來源：鹿港鎮公所,麵線;小吃;夜市小吃,夜市小吃;Taiwan Snacks,,,https://media.taiwan.net.tw/zh-tw/portal/travel/details/restaurant_376470000a_000041,0858d185788c593c,SRC_R010B05_TW_376470000A_000041_OFFICIAL,1,0.9000,0.1000,1,老全豬血麵線,secondary,0.7000,official Taiwan Tourism Administration open-data source with direct date evidence
SRC_R010B05_TW_376470000A_000046_OFFICIAL,2022,2022-08-22,2015-2025_platformization,健興糖仔店,鹿港鎮,Taiwan,Taiwan-side,official_open_data,Taiwan Tourism Administration Open Multimedia Data,https://media.taiwan.net.tw/zh-tw/portal/travel/details/restaurant_376470000a_000046,official_restaurant_open_data,2022 official open-data page classifies 健興糖仔店 as 夜市小吃（Taiwan Snacks） with markers 小吃; 夜市小吃,high,"Official Tourism Administration open-data page gives update date, local government source, restaurant category and direct marker evidence. Duplicate source-url and restaurant artifact ID checked against Round010 overlay before append; one row represents one source artifact. TLS certificate validation was relaxed for metadata fetch because local Python rejected the site certificate, while the exact public URL is browser/web accessible.",SRC_R010B05_TW_376470000A_000046_OFFICIAL,verified,Taiwan-side,資料更新日期時間 2022-08-22T14:41:55+08:00；餐飲店家類型：夜市小吃（Taiwan Snacks）；健興糖仔店；50年代的食品如：柑仔糖、柑仔冰、王子麵、麵茶粉、抽抽樂、洞洞樂...等等多種食品，以及玩具如：紙飛機、粘粘手...等。,小吃;夜市小吃,夜市小吃;Taiwan Snacks,,,https://media.taiwan.net.tw/zh-tw/portal/travel/details/restaurant_376470000a_000046,550c48b409cb3edc,SRC_R010B05_TW_376470000A_000046_OFFICIAL,1,0.9000,0.1000,1,健興糖仔店,secondary,0.7000,official Taiwan Tourism Administration open-data source with direct date evidence
SRC_R010B05_TW_376470000A_000047_OFFICIAL,2018,2018-09-18,2015-2025_platformization,鹿港老街古早商行,鹿港鎮,Taiwan,Taiwan-side,official_open_data,Taiwan Tourism Administration Open Multimedia Data,https://media.taiwan.net.tw/en-us/portal/travel/details/restaurant_376470000a_000047,official_restaurant_open_data,2018 official open-data page classifies 鹿港老街古早商行 as 夜市小吃（Taiwan Snacks） with markers 小吃; 夜市小吃,high,"Official Tourism Administration open-data page gives update date, local government source, restaurant category and direct marker evidence. Duplicate source-url and restaurant artifact ID checked against Round010 overlay before append; one row represents one source artifact. TLS certificate validation was relaxed for metadata fetch because local Python rejected the site certificate, while the exact public URL is browser/web accessible.",SRC_R010B05_TW_376470000A_000047_OFFICIAL,verified,Taiwan-side,資料更新日期時間 2018-09-18T16:38:56+08:00；餐飲店家類型：夜市小吃（Taiwan Snacks）；鹿港老街古早商行；店內主要商品除了懷舊商品、零嘴、彈珠汽水，及許多文創商品電繡書包.國旗創意商行.各式梅餅，鹿港工藝家的作品商品。,小吃;夜市小吃,夜市小吃;Taiwan Snacks,,,https://media.taiwan.net.tw/en-us/portal/travel/details/restaurant_376470000a_000047,9a4ddc03650481ce,SRC_R010B05_TW_376470000A_000047_OFFICIAL,1,0.9000,0.1000,1,鹿港老街古早商行,secondary,0.7000,official Taiwan Tourism Administration open-data source with direct date evidence
SRC_R010B05_TW_376470000A_000048_OFFICIAL,2022,2022-08-22,2015-2025_platformization,華興曾餅舖,鹿港鎮,Taiwan,Taiwan-side,official_open_data,Taiwan Tourism Administration Open Multimedia Data,https://media.taiwan.net.tw/en-us/portal/travel/details/restaurant_376470000a_000048,official_restaurant_open_data,2022 official open-data page classifies 華興曾餅舖 as 夜市小吃（Taiwan Snacks） with markers 小吃; 夜市小吃,high,"Official Tourism Administration open-data page gives update date, local government source, restaurant category and direct marker evidence. Duplicate source-url and restaurant artifact ID checked against Round010 overlay before append; one row represents one source artifact. TLS certificate validation was relaxed for metadata fetch because local Python rejected the site certificate, while the exact public URL is browser/web accessible.",SRC_R010B05_TW_376470000A_000048_OFFICIAL,verified,Taiwan-side,資料更新日期時間 2022-08-22T14:35:37+08:00；餐飲店家類型：夜市小吃（Taiwan Snacks）；華興曾餅舖；本店採取古早大蒸籠來蒸蛋糕，蒸出口感綿密、低糖、低油脂的水蒸蛋糕。鹹蛋糕、蔓越莓、芋香都是本店最具超人氣商品!來鹿港遊玩來一趟喜仕多水蒸蛋糕養生最佳伴手禮歐!本店另售有鳳梨酥、牛舌餅、蝦餅、牛軋糖、芝麻粩等,小吃;夜市小吃,夜市小吃;Taiwan Snacks,,,https://media.taiwan.net.tw/en-us/portal/travel/details/restaurant_376470000a_000048,c0b3c296a04dce03,SRC_R010B05_TW_376470000A_000048_OFFICIAL,1,0.9000,0.1000,1,華興曾餅舖,secondary,0.7000,official Taiwan Tourism Administration open-data source with direct date evidence
SRC_R010B05_TW_376470000A_000052_OFFICIAL,2023,2023-02-18,2015-2025_platformization,頂好快餐,二林鎮,Taiwan,Taiwan-side,official_open_data,Taiwan Tourism Administration Open Multimedia Data,https://media.taiwan.net.tw/en-us/portal/travel/details/restaurant_376470000a_000052,official_restaurant_open_data,2023 official open-data page classifies 頂好快餐 as 台灣小吃/台菜（Taiwanese Cuisine） with markers 小吃; 台菜; 台灣小吃/台菜; Taiwanese Cuisine,high,"Official Tourism Administration open-data page gives update date, local government source, restaurant category and direct marker evidence. Duplicate source-url and restaurant artifact ID checked against Round010 overlay before append; one row represents one source artifact. TLS certificate validation was relaxed for metadata fetch because local Python rejected the site certificate, while the exact public URL is browser/web accessible.",SRC_R010B05_TW_376470000A_000052_OFFICIAL,verified,Taiwan-side,"資料更新日期時間 2023-02-18T14:53:19+08:00；餐飲店家類型：台灣小吃/台菜（Taiwanese Cuisine）；頂好快餐；哇！頂好快餐完全不一樣了，自8月份開始給您一個全新的味蕾享受。""大碗公飯""集傳統美食於""一碗公""的碗公飯在頂好開賣了，四項菜色加一主菜(有滷排、雞腿、爌肉、魚排可選喔)，只要花50元就可以吃到美食吃到飽。    精心熬燉的清燉排骨湯也是我們極力推薦，採用新鮮的肋骨燉煮5小時以上，排骨軟嫩、湯頭不油膩 ，是不容錯過的好湯。    台灣第一的美味小吃，滷肉飯、肉燥飯、高麗菜飯，再加上精緻滷菜、滷蛋、油豆腐、筍干....全部通通有，您想要的我們頂好都有，都嚐的到，只要小小的消費，就有大大的享受。    店裡吃不夠，您還可以外帶，跟大碗公飯一樣的美味菜色的""桶飯""，一樣價錢、一樣好吃。本店也有提供經濟實惠的平價便當，也只要60元，菜色豐富，包您滿意。 文字描述 文字描述-顯示或收起長內容",小吃;台菜;台灣小吃/台菜;Taiwanese Cuisine,台灣小吃/台菜;Taiwanese Cuisine;台菜,,,https://media.taiwan.net.tw/en-us/portal/travel/details/restaurant_376470000a_000052,c6ed2e545d308ec6,SRC_R010B05_TW_376470000A_000052_OFFICIAL,1,0.9000,0.1000,1,頂好快餐,secondary,0.7000,official Taiwan Tourism Administration open-data source with direct date evidence
SRC_R010B05_TW_376470000A_000058_OFFICIAL,2021,2021-05-31,2015-2025_platformization,阿秀羊肉爐,溪湖鎮,Taiwan,Taiwan-side,official_open_data,Taiwan Tourism Administration Open Multimedia Data,https://media.taiwan.net.tw/en-us/portal/travel/details/restaurant_376470000a_000058,official_restaurant_open_data,2021 official open-data page classifies 阿秀羊肉爐 as 台灣小吃/台菜（Taiwanese Cuisine） with markers 羊肉爐; 小吃; 台菜; 台灣小吃/台菜,high,"Official Tourism Administration open-data page gives update date, local government source, restaurant category and direct marker evidence. Duplicate source-url and restaurant artifact ID checked against Round010 overlay before append; one row represents one source artifact. TLS certificate validation was relaxed for metadata fetch because local Python rejected the site certificate, while the exact public URL is browser/web accessible.",SRC_R010B05_TW_376470000A_000058_OFFICIAL,verified,Taiwan-side,資料更新日期時間 2021-05-31T15:08:57+08:00；餐飲店家類型：台灣小吃/台菜（Taiwanese Cuisine）；阿秀羊肉爐；「買最好的羊」、「新鮮、纖嫩、無腥味」，是阿秀羊肉店的經營宗旨。其沾醬以整塊豆腐乳和辣椒醬為主，由顧客自行調拌。阿秀羊肉由楊松雄在民國70年創立，招牌菜除了羊肉爐外，還有薑片麻油炒羊肝、白切三層肉、薑絲酸菜炒羊雜、芹菜炒羊肚等，新鮮、衛生，店家強調「掛保證」。該店好吃的秘訣在於嚴選羊隻，挑選黑或黃色 ，9個月至1歲的閹公羊為食材，店家認為這樣的羊肉肉質最為甘美。 文字描述 文字描述-顯示或收起長內容,羊肉爐;小吃;台菜;台灣小吃/台菜;Taiwanese Cuisine,台灣小吃/台菜;Taiwanese Cuisine;台菜,,,https://media.taiwan.net.tw/en-us/portal/travel/details/restaurant_376470000a_000058,1aa19fa223ccf912,SRC_R010B05_TW_376470000A_000058_OFFICIAL,1,0.9000,0.1000,1,阿秀羊肉爐,secondary,0.7000,official Taiwan Tourism Administration open-data source with direct date evidence
SRC_R010B05_TW_376470000A_000061_OFFICIAL,2023,2023-02-15,2015-2025_platformization,楊仔頭羊肉店,溪湖鎮,Taiwan,Taiwan-side,official_open_data,Taiwan Tourism Administration Open Multimedia Data,https://media.taiwan.net.tw/zh-tw/portal/travel/details/restaurant_376470000a_000061,official_restaurant_open_data,2023 official open-data page classifies 楊仔頭羊肉店 as 台灣小吃/台菜（Taiwanese Cuisine） with markers 羊肉爐; 小吃; 台菜; 台灣小吃/台菜,high,"Official Tourism Administration open-data page gives update date, local government source, restaurant category and direct marker evidence. Duplicate source-url and restaurant artifact ID checked against Round010 overlay before append; one row represents one source artifact. TLS certificate validation was relaxed for metadata fetch because local Python rejected the site certificate, while the exact public URL is browser/web accessible.",SRC_R010B05_TW_376470000A_000061_OFFICIAL,verified,Taiwan-side,資料更新日期時間 2023-02-15T14:35:53+08:00；餐飲店家類型：台灣小吃/台菜（Taiwanese Cuisine）；楊仔頭羊肉店；創立於民國33年的楊仔頭羊肉爐，創始人為楊頭先生，目前已傳到第3代楊志宏。這家已有多年歷史的老店，其招牌為「藥膳羊肉爐」和「薑涮羊肉爐」；其他如快炒羊肉、羊肚、羊心等，也相當受歡迎。,羊肉爐;小吃;台菜;台灣小吃/台菜;Taiwanese Cuisine,台灣小吃/台菜;Taiwanese Cuisine;台菜,,,https://media.taiwan.net.tw/zh-tw/portal/travel/details/restaurant_376470000a_000061,b33806bd621c6d0f,SRC_R010B05_TW_376470000A_000061_OFFICIAL,1,0.9000,0.1000,1,楊仔頭羊肉店,secondary,0.7000,official Taiwan Tourism Administration open-data source with direct date evidence
SRC_R010B05_TW_376470000A_000064_OFFICIAL,2022,2022-08-23,2015-2025_platformization,彰記麻辣火鍋,彰化市,Taiwan,Taiwan-side,official_open_data,Taiwan Tourism Administration Open Multimedia Data,https://media.taiwan.net.tw/en-us/portal/travel/details/restaurant_376470000a_000064,official_restaurant_open_data,2022 official open-data page classifies 彰記麻辣火鍋 as 台灣小吃/台菜（Taiwanese Cuisine） with markers 小吃; 台菜; 台灣小吃/台菜; Taiwanese Cuisine,high,"Official Tourism Administration open-data page gives update date, local government source, restaurant category and direct marker evidence. Duplicate source-url and restaurant artifact ID checked against Round010 overlay before append; one row represents one source artifact. TLS certificate validation was relaxed for metadata fetch because local Python rejected the site certificate, while the exact public URL is browser/web accessible.",SRC_R010B05_TW_376470000A_000064_OFFICIAL,verified,Taiwan-side,資料更新日期時間 2022-08-23T11:31:13+08:00；餐飲店家類型：台灣小吃/台菜（Taiwanese Cuisine）；彰記麻辣火鍋；彰記美食三訣：一、獨家數十種中藥合以五行蔬菜燉熬，清鮮醇濃，麻辣辛香，辛而不燥之養生湯頭！,小吃;台菜;台灣小吃/台菜;Taiwanese Cuisine,台灣小吃/台菜;Taiwanese Cuisine;台菜,,,https://media.taiwan.net.tw/en-us/portal/travel/details/restaurant_376470000a_000064,9c442fb942f4be1e,SRC_R010B05_TW_376470000A_000064_OFFICIAL,1,0.9000,0.1000,1,彰記麻辣火鍋,secondary,0.7000,official Taiwan Tourism Administration open-data source with direct date evidence
SRC_R010B05_TW_376470000A_000067_OFFICIAL,2022,2022-08-22,2015-2025_platformization,元春餃子館,鹿港鎮,Taiwan,Taiwan-side,official_open_data,Taiwan Tourism Administration Open Multimedia Data,https://media.taiwan.net.tw/en-us/portal/travel/details/restaurant_376470000a_000067,official_restaurant_open_data,2022 official open-data page classifies 元春餃子館 as 台灣小吃/台菜（Taiwanese Cuisine） with markers 牛肉麵; 餃子; 小吃; 台菜,high,"Official Tourism Administration open-data page gives update date, local government source, restaurant category and direct marker evidence. Duplicate source-url and restaurant artifact ID checked against Round010 overlay before append; one row represents one source artifact. TLS certificate validation was relaxed for metadata fetch because local Python rejected the site certificate, while the exact public URL is browser/web accessible.",SRC_R010B05_TW_376470000A_000067_OFFICIAL,verified,Taiwan-side,資料更新日期時間 2022-08-22T14:24:19+08:00；餐飲店家類型：台灣小吃/台菜（Taiwanese Cuisine）；元春餃子館；本店成立於西元1986年，專賣牛肉麵、酸辣麵（湯）、蒸餃、榨菜肉絲麵、玉米濃湯、各式麵點及小菜，是從小小的角落開到至今的店面，豬肉蒸餃：選用上等新鮮韮菜、高山高麗菜、新鮮豬肉、獨家配料和調味料所組成。 薄如透明的咬起來彈性十足的蒸餃皮，用筷子一夾，得小心不要把皮戳破，記得放在湯匙上品嚐，因為咬一口， 會有豐富的湯汁順著薄皮緩緩流出，那可是蒸餃的精華所在。資料來源：鹿港鎮公所 文字描述 文字描述-顯示或收起長內容,牛肉麵;餃子;小吃;台菜;台灣小吃/台菜;Taiwanese Cuisine,台灣小吃/台菜;Taiwanese Cuisine;台菜,,,https://media.taiwan.net.tw/en-us/portal/travel/details/restaurant_376470000a_000067,5dbd3305330313ef,SRC_R010B05_TW_376470000A_000067_OFFICIAL,1,0.9000,0.1000,1,元春餃子館,secondary,0.7000,official Taiwan Tourism Administration open-data source with direct date evidence
SRC_R010B05_TW_376470000A_000070_OFFICIAL,2018,2018-01-19,2015-2025_platformization,亞永師(麵担永),鹿港鎮,Taiwan,Taiwan-side,official_open_data,Taiwan Tourism Administration Open Multimedia Data,https://media.taiwan.net.tw/en-us/portal/travel/details/restaurant_376470000a_000070,official_restaurant_open_data,2018 official open-data page classifies 亞永師(麵担永) as 台灣小吃/台菜（Taiwanese Cuisine） with markers 小吃; 台菜; 台灣小吃/台菜; Taiwanese Cuisine,high,"Official Tourism Administration open-data page gives update date, local government source, restaurant category and direct marker evidence. Duplicate source-url and restaurant artifact ID checked against Round010 overlay before append; one row represents one source artifact. TLS certificate validation was relaxed for metadata fetch because local Python rejected the site certificate, while the exact public URL is browser/web accessible.",SRC_R010B05_TW_376470000A_000070_OFFICIAL,verified,Taiwan-side,資料更新日期時間 2018-01-19T12:01:14+08:00；餐飲店家類型：台灣小吃/台菜（Taiwanese Cuisine）；亞永師(麵担永)；『麵担永』是當地人對曾祖父的稱號，現今傳承至第四代已有近八十年歷史。承傳至今成為當地老一輩充滿許多兒時回憶的老店。店內許多純手工製的食材，，猶如：蝦丸、肉丸、炸捲、香腸、蝦仁、肉粳都是由曾祖父堅持純手工製不外包的理念。許多異鄉遊子及老饕來到鹿港都不禁要來『麵担永』一趟嚐嚐令人懷念的古早味。資料來源： 鹿港鎮公所 文字描述 文字描述-顯示或收起長內容,小吃;台菜;台灣小吃/台菜;Taiwanese Cuisine,台灣小吃/台菜;Taiwanese Cuisine;古早味;台菜,,,https://media.taiwan.net.tw/en-us/portal/travel/details/restaurant_376470000a_000070,cbe8032030731191,SRC_R010B05_TW_376470000A_000070_OFFICIAL,1,0.9000,0.1000,1,亞永師(麵担永),secondary,0.7000,official Taiwan Tourism Administration open-data source with direct date evidence
SRC_R010B05_TW_376470000A_000071_OFFICIAL,2022,2022-08-22,2015-2025_platformization,廟口第一家,鹿港鎮,Taiwan,Taiwan-side,official_open_data,Taiwan Tourism Administration Open Multimedia Data,https://media.taiwan.net.tw/zh-tw/portal/travel/details/restaurant_376470000a_000071,official_restaurant_open_data,2022 official open-data page classifies 廟口第一家 as 夜市小吃（Taiwan Snacks） with markers 蚵仔煎; 小吃; 夜市小吃,high,"Official Tourism Administration open-data page gives update date, local government source, restaurant category and direct marker evidence. Duplicate source-url and restaurant artifact ID checked against Round010 overlay before append; one row represents one source artifact. TLS certificate validation was relaxed for metadata fetch because local Python rejected the site certificate, while the exact public URL is browser/web accessible.",SRC_R010B05_TW_376470000A_000071_OFFICIAL,verified,Taiwan-side,資料更新日期時間 2022-08-22T14:38:43+08:00；餐飲店家類型：夜市小吃（Taiwan Snacks）；廟口第一家；位在鹿港天后宮廟旁的廟口第一家，以傳承三代的好手藝，主打:風味餐，專營各類海產小吃的「廟口第一家」，除了鹿港必有的小吃，如蚵仔煎、蝦猴酥、蝦丸湯、蚵嗲等，還有許多拿手菜喔，川燙西施舌、香酥沙腸魚、鮑魚沙拉、酥炸三絲蝦、鮑魚元寶蝦、鮮蚵生吃等等，特殊的海鮮料理，等著你來品嘗！資料來源：鹿港鎮公所,蚵仔煎;小吃;夜市小吃,夜市小吃;Taiwan Snacks,,,https://media.taiwan.net.tw/zh-tw/portal/travel/details/restaurant_376470000a_000071,4ac1fc66eb835963,SRC_R010B05_TW_376470000A_000071_OFFICIAL,1,0.9000,0.1000,1,廟口第一家,secondary,0.7000,official Taiwan Tourism Administration open-data source with direct date evidence
SRC_R010B05_TW_376470000A_000072_OFFICIAL,2022,2022-08-22,2015-2025_platformization,黑點肉粽,鹿港鎮,Taiwan,Taiwan-side,official_open_data,Taiwan Tourism Administration Open Multimedia Data,https://media.taiwan.net.tw/zh-tw/portal/travel/details/restaurant_376470000a_000072,official_restaurant_open_data,2022 official open-data page classifies 黑點肉粽 as 夜市小吃（Taiwan Snacks） with markers 肉粽; 小吃; 夜市小吃,high,"Official Tourism Administration open-data page gives update date, local government source, restaurant category and direct marker evidence. Duplicate source-url and restaurant artifact ID checked against Round010 overlay before append; one row represents one source artifact. TLS certificate validation was relaxed for metadata fetch because local Python rejected the site certificate, while the exact public URL is browser/web accessible.",SRC_R010B05_TW_376470000A_000072_OFFICIAL,verified,Taiwan-side,資料更新日期時間 2022-08-22T14:42:42+08:00；餐飲店家類型：夜市小吃（Taiwan Snacks）；黑點肉粽；黑點肉粽的產品以傳統小吃居多，而且走大眾化、平價路線，是來鹿港旅遊、品嚐小吃的好去處。,肉粽;小吃;夜市小吃,夜市小吃;Taiwan Snacks;傳統小吃,,,https://media.taiwan.net.tw/zh-tw/portal/travel/details/restaurant_376470000a_000072,0656249cbf335808,SRC_R010B05_TW_376470000A_000072_OFFICIAL,1,0.9000,0.1000,1,黑點肉粽,secondary,0.7000,official Taiwan Tourism Administration open-data source with direct date evidence
SRC_R010B05_TW_376470000A_000074_OFFICIAL,2024,2024-05-30,2015-2025_platformization,桂花巷人文茶館,鹿港鎮,Taiwan,Taiwan-side,official_open_data,Taiwan Tourism Administration Open Multimedia Data,https://media.taiwan.net.tw/en-us/portal/travel/details/restaurant_376470000a_000074,official_restaurant_open_data,2024 official open-data page classifies 桂花巷人文茶館 as 台灣小吃/台菜（Taiwanese Cuisine） with markers 米粉; 小吃; 台菜; 台灣小吃/台菜,high,"Official Tourism Administration open-data page gives update date, local government source, restaurant category and direct marker evidence. Duplicate source-url and restaurant artifact ID checked against Round010 overlay before append; one row represents one source artifact. TLS certificate validation was relaxed for metadata fetch because local Python rejected the site certificate, while the exact public URL is browser/web accessible.",SRC_R010B05_TW_376470000A_000074_OFFICIAL,verified,Taiwan-side,資料更新日期時間 2024-05-30T16:45:32+08:00；餐飲店家類型：台灣小吃/台菜（Taiwanese Cuisine）；桂花巷人文茶館；在鹿港早年舊名的「飫鬼埕」旁，有一間復古與現代交錯的人文茶館，一旁飄著陣陣桂花香，在極簡乾淨的空間裡，連空氣都凝息住，僅任著桂花四處飄散，此刻來一杯遵古法熬煮而成的桂花酸梅湯，點一碗讓人回味的肉燥飯，或是阿嬤的炒米粉、古早味豬腳飯，讓童年回憶全湧上來！,米粉;小吃;台菜;台灣小吃/台菜;Taiwanese Cuisine,台灣小吃/台菜;Taiwanese Cuisine;古早味;台菜,,,https://media.taiwan.net.tw/en-us/portal/travel/details/restaurant_376470000a_000074,ec3061570062fc03,SRC_R010B05_TW_376470000A_000074_OFFICIAL,1,0.9000,0.1000,1,桂花巷人文茶館,secondary,0.7000,official Taiwan Tourism Administration open-data source with direct date evidence
SRC_R010B05_TW_376470000A_000076_OFFICIAL,2022,2022-08-22,2015-2025_platformization,怡古齋人文茶館,鹿港鎮,Taiwan,Taiwan-side,official_open_data,Taiwan Tourism Administration Open Multimedia Data,https://media.taiwan.net.tw/zh-tw/portal/travel/details/restaurant_376470000a_000076,official_restaurant_open_data,2022 official open-data page classifies 怡古齋人文茶館 as 台灣小吃/台菜（Taiwanese Cuisine） with markers 小吃; 台菜; 台灣小吃/台菜; Taiwanese Cuisine,high,"Official Tourism Administration open-data page gives update date, local government source, restaurant category and direct marker evidence. Duplicate source-url and restaurant artifact ID checked against Round010 overlay before append; one row represents one source artifact. TLS certificate validation was relaxed for metadata fetch because local Python rejected the site certificate, while the exact public URL is browser/web accessible.",SRC_R010B05_TW_376470000A_000076_OFFICIAL,verified,Taiwan-side,資料更新日期時間 2022-08-22T14:19:29+08:00；餐飲店家類型：台灣小吃/台菜（Taiwanese Cuisine）；怡古齋人文茶館；這裡是捏麵達人施教鏞的民藝工作室，麵粉即是原料之ㄧ，所以年輕老板結合麵粉主題，將茶館以多元、複合方式經營，並研發出「麵茶剉冰」與「冰麵茶」的創意新吃法，引領鹿港麵茶新風潮。,小吃;台菜;台灣小吃/台菜;Taiwanese Cuisine,台灣小吃/台菜;Taiwanese Cuisine;台菜,,,https://media.taiwan.net.tw/zh-tw/portal/travel/details/restaurant_376470000a_000076,fe57aa299f6b03c4,SRC_R010B05_TW_376470000A_000076_OFFICIAL,1,0.9000,0.1000,1,怡古齋人文茶館,secondary,0.7000,official Taiwan Tourism Administration open-data source with direct date evidence
SRC_R010B05_TW_376470000A_000077_OFFICIAL,2022,2022-08-22,2015-2025_platformization,海露佳味館,鹿港鎮,Taiwan,Taiwan-side,official_open_data,Taiwan Tourism Administration Open Multimedia Data,https://media.taiwan.net.tw/en-us/portal/travel/details/restaurant_376470000a_000077,official_restaurant_open_data,2022 official open-data page classifies 海露佳味館 as 台灣小吃/台菜（Taiwanese Cuisine） with markers 小吃; 台菜; 台灣小吃/台菜; Taiwanese Cuisine,high,"Official Tourism Administration open-data page gives update date, local government source, restaurant category and direct marker evidence. Duplicate source-url and restaurant artifact ID checked against Round010 overlay before append; one row represents one source artifact. TLS certificate validation was relaxed for metadata fetch because local Python rejected the site certificate, while the exact public URL is browser/web accessible.",SRC_R010B05_TW_376470000A_000077_OFFICIAL,verified,Taiwan-side,資料更新日期時間 2022-08-22T14:35:16+08:00；餐飲店家類型：台灣小吃/台菜（Taiwanese Cuisine）；海露佳味館；食法千變萬化，沾拌炒煮、炒麵、炒飯、夾饅頭吐司基本吃法， 煎蛋、煮湯更是一絕，不但湯頭鮮美，更連爆香都省了!,小吃;台菜;台灣小吃/台菜;Taiwanese Cuisine,台灣小吃/台菜;Taiwanese Cuisine;台菜,,,https://media.taiwan.net.tw/en-us/portal/travel/details/restaurant_376470000a_000077,d76630ea3e4b514f,SRC_R010B05_TW_376470000A_000077_OFFICIAL,1,0.9000,0.1000,1,海露佳味館,secondary,0.7000,official Taiwan Tourism Administration open-data source with direct date evidence
SRC_R010B05_TW_376470000A_000075_OFFICIAL,2022,2022-08-22,2015-2025_platformization,阿舍茶樓,鹿港鎮,Taiwan,Taiwan-side,official_open_data,Taiwan Tourism Administration Open Multimedia Data,https://media.taiwan.net.tw/en-us/portal/travel/details/restaurant_376470000a_000075,official_restaurant_open_data,2022 official open-data page classifies 阿舍茶樓 as 台灣小吃/台菜（Taiwanese Cuisine） with markers 小吃; 台菜; 台灣小吃/台菜; Taiwanese Cuisine,high,"Official Tourism Administration open-data page gives update date, local government source, restaurant category and direct marker evidence. Duplicate source-url and restaurant artifact ID checked against Round010 overlay before append; one row represents one source artifact. TLS certificate validation was relaxed for metadata fetch because local Python rejected the site certificate, while the exact public URL is browser/web accessible.",SRC_R010B05_TW_376470000A_000075_OFFICIAL,verified,Taiwan-side,資料更新日期時間 2022-08-22T14:20:27+08:00；餐飲店家類型：台灣小吃/台菜（Taiwanese Cuisine）；阿舍茶樓；阿舍茶樓之冰糖杏仁茶，乃探用正宗傳統作法，純手工製作的古早味杏仁茶，堅持選用上等杏仁原豆細磨成漿，加上冰糖，堅持古法細火熬煮而成，不含任何香料香精，散發自然的杏仁芳香，入口綿蜜滑順，非一般沖泡式之杏仁粉可比擬，健康養生，深受遊客喜愛。,小吃;台菜;台灣小吃/台菜;Taiwanese Cuisine,台灣小吃/台菜;Taiwanese Cuisine;古早味;台菜,,,https://media.taiwan.net.tw/en-us/portal/travel/details/restaurant_376470000a_000075,1fdd50ae9871dc33,SRC_R010B05_TW_376470000A_000075_OFFICIAL,1,0.9000,0.1000,1,阿舍茶樓,secondary,0.7000,official Taiwan Tourism Administration open-data source with direct date evidence
SRC_R010B05_TW_376470000A_000084_OFFICIAL,2022,2022-08-22,2015-2025_platformization,益骨多十全藥燉排骨,鹿港鎮,Taiwan,Taiwan-side,official_open_data,Taiwan Tourism Administration Open Multimedia Data,https://media.taiwan.net.tw/en-us/portal/travel/details/restaurant_376470000a_000084,official_restaurant_open_data,2022 official open-data page classifies 益骨多十全藥燉排骨 as 台灣小吃/台菜（Taiwanese Cuisine） with markers 小吃; 台菜; 台灣小吃/台菜; Taiwanese Cuisine,high,"Official Tourism Administration open-data page gives update date, local government source, restaurant category and direct marker evidence. Duplicate source-url and restaurant artifact ID checked against Round010 overlay before append; one row represents one source artifact. TLS certificate validation was relaxed for metadata fetch because local Python rejected the site certificate, while the exact public URL is browser/web accessible.",SRC_R010B05_TW_376470000A_000084_OFFICIAL,verified,Taiwan-side,資料更新日期時間 2022-08-22T14:17:34+08:00；餐飲店家類型：台灣小吃/台菜（Taiwanese Cuisine）；益骨多十全藥燉排骨；【益骨多】精緻十全專賣店 邀您重溫台灣的好味道 一九九九年創立。我們是十全藥燉排骨專賣店，專注用心調理食物的美味，提供最優質的古早味小吃與養生補品，創造更物美價廉的精緻佳餚，是『益骨多』一貫致力堅持追求的目標與願景。,小吃;台菜;台灣小吃/台菜;Taiwanese Cuisine,台灣小吃/台菜;Taiwanese Cuisine;古早味;台菜,,,https://media.taiwan.net.tw/en-us/portal/travel/details/restaurant_376470000a_000084,c62ca8b59ded3066,SRC_R010B05_TW_376470000A_000084_OFFICIAL,1,0.9000,0.1000,1,益骨多十全藥燉排骨,secondary,0.7000,official Taiwan Tourism Administration open-data source with direct date evidence
SRC_R010B05_TW_376470000A_000081_OFFICIAL,2022,2022-08-22,2015-2025_platformization,老街麵食館,鹿港鎮,Taiwan,Taiwan-side,official_open_data,Taiwan Tourism Administration Open Multimedia Data,https://media.taiwan.net.tw/en-us/portal/travel/details/restaurant_376470000a_000081,official_restaurant_open_data,2022 official open-data page classifies 老街麵食館 as 台灣小吃/台菜（Taiwanese Cuisine） with markers 小吃; 台菜; 台灣小吃/台菜; Taiwanese Cuisine,high,"Official Tourism Administration open-data page gives update date, local government source, restaurant category and direct marker evidence. Duplicate source-url and restaurant artifact ID checked against Round010 overlay before append; one row represents one source artifact. TLS certificate validation was relaxed for metadata fetch because local Python rejected the site certificate, while the exact public URL is browser/web accessible.",SRC_R010B05_TW_376470000A_000081_OFFICIAL,verified,Taiwan-side,資料更新日期時間 2022-08-22T14:20:51+08:00；餐飲店家類型：台灣小吃/台菜（Taiwanese Cuisine）；老街麵食館；店家本著愛水餃的心情，包每粒水餃。水餃：每日選用新鮮後腿豬肉及少許肥肉以8:2比率加上爽口的高麗菜、青蔥及調味料，皮Q餡飽一口咬下滿滿幸福好滋味，每日新鮮供應，店家最推薦。照燒豬排飯:豬排由本店特殊醃漬並裹粉後經過高溫油炸，再抹上本店特製的照燒醬，風味獨特。資料來源：鹿港鎮公所,小吃;台菜;台灣小吃/台菜;Taiwanese Cuisine,台灣小吃/台菜;Taiwanese Cuisine;台菜,,,https://media.taiwan.net.tw/en-us/portal/travel/details/restaurant_376470000a_000081,9ee317159cd29996,SRC_R010B05_TW_376470000A_000081_OFFICIAL,1,0.9000,0.1000,1,老街麵食館,secondary,0.7000,official Taiwan Tourism Administration open-data source with direct date evidence
SRC_R010B05_TW_376470000A_000095_OFFICIAL,2022,2022-08-22,2015-2025_platformization,榕樹下阿婆豆花,鹿港鎮,Taiwan,Taiwan-side,official_open_data,Taiwan Tourism Administration Open Multimedia Data,https://media.taiwan.net.tw/zh-tw/portal/travel/details/restaurant_376470000a_000095,official_restaurant_open_data,2022 official open-data page classifies 榕樹下阿婆豆花 as 甜點冰品（Desserts And Ice） with markers 台灣小吃/台菜,high,"Official Tourism Administration open-data page gives update date, local government source, restaurant category and direct marker evidence. Duplicate source-url and restaurant artifact ID checked against Round010 overlay before append; one row represents one source artifact. TLS certificate validation was relaxed for metadata fetch because local Python rejected the site certificate, while the exact public URL is browser/web accessible.",SRC_R010B05_TW_376470000A_000095_OFFICIAL,verified,Taiwan-side,資料更新日期時間 2022-08-22T14:32:39+08:00；餐飲店家類型：甜點冰品（Desserts And Ice）；榕樹下阿婆豆花；第一代老夫婦在鹿港菜園路的榕樹下賣了二十幾年的古早味的傳統豆花，是在地人的共同回憶。,台灣小吃/台菜,古早味,,,https://media.taiwan.net.tw/zh-tw/portal/travel/details/restaurant_376470000a_000095,d82a5980c1e8e52c,SRC_R010B05_TW_376470000A_000095_OFFICIAL,1,0.9000,0.1000,1,榕樹下阿婆豆花,secondary,0.7000,official Taiwan Tourism Administration open-data source with direct date evidence
SRC_R010B05_TW_376470000A_000131_OFFICIAL,2023,2023-01-06,2015-2025_platformization,美鈺食品,和美鎮,Taiwan,Taiwan-side,official_open_data,Taiwan Tourism Administration Open Multimedia Data,https://media.taiwan.net.tw/en-us/portal/travel/details/restaurant_376470000a_000131,official_restaurant_open_data,2023 official open-data page classifies 美鈺食品 as 伴手禮/禮盒（Gift） with markers 台灣小吃/台菜,high,"Official Tourism Administration open-data page gives update date, local government source, restaurant category and direct marker evidence. Duplicate source-url and restaurant artifact ID checked against Round010 overlay before append; one row represents one source artifact. TLS certificate validation was relaxed for metadata fetch because local Python rejected the site certificate, while the exact public URL is browser/web accessible.",SRC_R010B05_TW_376470000A_000131_OFFICIAL,verified,Taiwan-side,資料更新日期時間 2023-01-06T13:48:33+08:00；餐飲店家類型：伴手禮/禮盒（Gift）；美鈺食品；美鈺食品堅持以頂級食材，健康素食搭配手工烘焙，讓每種食材均呈現出最佳的口感，相信只要品嚐過美鈺食品的朋友，必會回味起那難忘的古早味；美鈺食品包裝盒都會標示台灣特產因為常有台商去大陸或拜訪美國的親友帶出國贈送外國友人當伴手禮。,台灣小吃/台菜,古早味,,,https://media.taiwan.net.tw/en-us/portal/travel/details/restaurant_376470000a_000131,0ab227c651180ce3,SRC_R010B05_TW_376470000A_000131_OFFICIAL,1,0.9000,0.1000,1,美鈺食品,secondary,0.7000,official Taiwan Tourism Administration open-data source with direct date evidence
SRC_R010B05_TW_376470000A_000152_OFFICIAL,2023,2023-02-18,2015-2025_platformization,二水古早麵,二水鄉,Taiwan,Taiwan-side,official_open_data,Taiwan Tourism Administration Open Multimedia Data,https://media.taiwan.net.tw/zh-tw/portal/travel/details/restaurant_376470000a_000152,official_restaurant_open_data,2023 official open-data page classifies 二水古早麵 as 夜市小吃（Taiwan Snacks） with markers 小吃; 夜市小吃,high,"Official Tourism Administration open-data page gives update date, local government source, restaurant category and direct marker evidence. Duplicate source-url and restaurant artifact ID checked against Round010 overlay before append; one row represents one source artifact. TLS certificate validation was relaxed for metadata fetch because local Python rejected the site certificate, while the exact public URL is browser/web accessible.",SRC_R010B05_TW_376470000A_000152_OFFICIAL,verified,Taiwan-side,資料更新日期時間 2023-02-18T11:34:56+08:00；餐飲店家類型：夜市小吃（Taiwan Snacks）；二水古早麵；遠離二水的街區，來到知名的董作石硯，再往北走100公尺，轉入巷弄內，赫然見到一間麵攤開在僻靜的住宅區，更令人吃驚的是麵店門庭若市，食客不少。店主人歐蓮昭當年挑著麵擔四處兜售，獨特的古早味是二水人的最愛，後來店面遠離商圈，客人依然聞香上門，她說，肉燥是他的獨門秘方，Q而不爛的麵條，淋上香氣四溢的肉燥， 1碗才20元，不僅在地客愛吃，現在每逢假日經常吸引外地觀光客前來。 文字描述 文字描述-顯示或收起長內容,小吃;夜市小吃,夜市小吃;Taiwan Snacks;古早味,,,https://media.taiwan.net.tw/zh-tw/portal/travel/details/restaurant_376470000a_000152,2314c8f97cfb7005,SRC_R010B05_TW_376470000A_000152_OFFICIAL,1,0.9000,0.1000,1,二水古早麵,secondary,0.7000,official Taiwan Tourism Administration open-data source with direct date evidence
SRC_R010B05_TW_376470000A_000153_OFFICIAL,2023,2023-02-18,2015-2025_platformization,阿琴炒麵香,二水鄉,Taiwan,Taiwan-side,official_open_data,Taiwan Tourism Administration Open Multimedia Data,https://media.taiwan.net.tw/en-us/portal/travel/details/restaurant_376470000a_000153,official_restaurant_open_data,2023 official open-data page classifies 阿琴炒麵香 as 夜市小吃（Taiwan Snacks） with markers 小吃; 夜市小吃,high,"Official Tourism Administration open-data page gives update date, local government source, restaurant category and direct marker evidence. Duplicate source-url and restaurant artifact ID checked against Round010 overlay before append; one row represents one source artifact. TLS certificate validation was relaxed for metadata fetch because local Python rejected the site certificate, while the exact public URL is browser/web accessible.",SRC_R010B05_TW_376470000A_000153_OFFICIAL,verified,Taiwan-side,資料更新日期時間 2023-02-18T11:32:16+08:00；餐飲店家類型：夜市小吃（Taiwan Snacks）；阿琴炒麵香；知名作家九把刀兩年前在二水鄉公所服替代役，來到這個愛吃麵的鄉間，他也入境隨俗把「大口呷麵」當早餐，九把刀力薦的麵店首推員集路上的「阿琴炒麵香」。,小吃;夜市小吃,夜市小吃;Taiwan Snacks,,,https://media.taiwan.net.tw/en-us/portal/travel/details/restaurant_376470000a_000153,524820a4da862477,SRC_R010B05_TW_376470000A_000153_OFFICIAL,1,0.9000,0.1000,1,阿琴炒麵香,secondary,0.7000,official Taiwan Tourism Administration open-data source with direct date evidence
SRC_R010B05_TW_376470000A_000158_OFFICIAL,2017,2017-10-03,2015-2025_platformization,鹿港阿文羊肉,鹿港鎮,Taiwan,Taiwan-side,official_open_data,Taiwan Tourism Administration Open Multimedia Data,https://media.taiwan.net.tw/zh-tw/portal/travel/details/restaurant_376470000a_000158,official_restaurant_open_data,2017 official open-data page classifies 鹿港阿文羊肉 as 台灣小吃/台菜（Taiwanese Cuisine） with markers 小吃; 台菜; 台灣小吃/台菜; Taiwanese Cuisine,high,"Official Tourism Administration open-data page gives update date, local government source, restaurant category and direct marker evidence. Duplicate source-url and restaurant artifact ID checked against Round010 overlay before append; one row represents one source artifact. TLS certificate validation was relaxed for metadata fetch because local Python rejected the site certificate, while the exact public URL is browser/web accessible.",SRC_R010B05_TW_376470000A_000158_OFFICIAL,verified,Taiwan-side,"資料更新日期時間 2017-10-03T11:10:58+08:00；餐飲店家類型：台灣小吃/台菜（Taiwanese Cuisine）；鹿港阿文羊肉；協會認證之國產羊肉專賣店－「鹿港阿文羊肉店」就坐落於鹿港鎮菜園路上，鄰近特色景點「摸乳巷」旁。羊肉湯頭除了堅持使用國產羊隻的羊頭、羊腳、羊大骨熬煮，加上李老闆自製的黑豆湯來取代鹽巴調味，另外也加上了川芎、枸杞、熟地、桂枝、當歸、黃耆等中藥材，用心熬煮出美味甘甜的羊肉湯頭。店內國產帶皮羊肉、瘦肉及多種 羊肉料理任君挑選，品嚐國產羊肉料理四季皆宜，夏天儲備身體能量，冬天溫補暖身，真可說是紅肉聖品。「要做一道好的羊肉料理，最重要的就是嚴選山羊」這就是李老闆的用心與堅持，黑豆熬煮特製湯頭，回甘不膩好滋味，這也就是能讓客人「呷好逗相報」獨特魅力。訂位專線：04-7768998 備註：宅配訂購滿2,000元，即免運費。 文字描述 文字描述-顯示或收起長內容",小吃;台菜;台灣小吃/台菜;Taiwanese Cuisine,台灣小吃/台菜;Taiwanese Cuisine;台菜,,,https://media.taiwan.net.tw/zh-tw/portal/travel/details/restaurant_376470000a_000158,cb5fdc084588ec62,SRC_R010B05_TW_376470000A_000158_OFFICIAL,1,0.9000,0.1000,1,鹿港阿文羊肉,secondary,0.7000,official Taiwan Tourism Administration open-data source with direct date evidence
SRC_R010B05_TW_376470000A_000166_OFFICIAL,2022,2022-08-22,2015-2025_platformization,鼎泰興水蒸蛋糕懷古餐廳,鹿港鎮,Taiwan,Taiwan-side,official_open_data,Taiwan Tourism Administration Open Multimedia Data,https://media.taiwan.net.tw/en-us/portal/travel/details/restaurant_376470000a_000166,official_restaurant_open_data,2022 official open-data page classifies 鼎泰興水蒸蛋糕懷古餐廳 as 伴手禮/禮盒（Gift） with markers 台灣小吃/台菜,high,"Official Tourism Administration open-data page gives update date, local government source, restaurant category and direct marker evidence. Duplicate source-url and restaurant artifact ID checked against Round010 overlay before append; one row represents one source artifact. TLS certificate validation was relaxed for metadata fetch because local Python rejected the site certificate, while the exact public URL is browser/web accessible.",SRC_R010B05_TW_376470000A_000166_OFFICIAL,verified,Taiwan-side,"資料更新日期時間 2022-08-22T14:06:53+08:00；餐飲店家類型：伴手禮/禮盒（Gift）；鼎泰興水蒸蛋糕懷古餐廳；「鼎泰興」位於熱鬧的鹿港鎮泰興里中山路和三民路交叉口上，取其""鼎立於泰興里""之意.建物本身是一棟昭和式樣,紅色的磚造古洋樓.古樸,細緻的獨特風格就如其所製造販售的產品般充滿了懷舊的情感與特色。尤其是水蒸蛋糕,承襲老祖先的智慧並加以改良,堅持以蒸籠炊蒸的方式製做蛋糕,努力改良傳統鹹蛋糕口感上的缺點,研 發出各式鬆軟綿密不乾口且口味多樣的水蒸蛋糕,賦於鹿港傳統美食更豐富完整的商品特色,成為在地深具代表性的伴手禮。鹿港聞名的黑糖水蒸蛋糕，是鼎泰興茶樓的超人氣產品。師傅以多年豐富經驗用蒸籠水蒸的古老工法，加上純正的日本沖繩黑糖，創造出大人跟小孩都喜歡的黑糖水蒸蛋糕。鼎泰興的水蒸蛋糕還有三種口味，古早味鹹蛋糕、日式抹茶蛋糕、養生南瓜蛋糕，也都很受歡迎！鼎泰興水蒸糕蛋的最大特色是綿密順口，香甜而不膩，因為不會太甜，所以頗受女性朋友的喜愛。資料來源：鹿港鎮公所「鼎泰興」是一棟昭和式樣建築 文字描述 文字描述-顯示或收起長內容",台灣小吃/台菜,古早味,,,https://media.taiwan.net.tw/en-us/portal/travel/details/restaurant_376470000a_000166,1793b61874c3c3bc,SRC_R010B05_TW_376470000A_000166_OFFICIAL,1,0.9000,0.1000,1,鼎泰興水蒸蛋糕懷古餐廳,secondary,0.7000,official Taiwan Tourism Administration open-data source with direct date evidence
SRC_R010B05_TW_376470000A_000174_OFFICIAL,2022,2022-08-29,2015-2025_platformization,光華亭,鹿港鎮,Taiwan,Taiwan-side,official_open_data,Taiwan Tourism Administration Open Multimedia Data,https://media.taiwan.net.tw/zh-tw/portal/travel/details/restaurant_376470000a_000174,official_restaurant_open_data,2022 official open-data page classifies 光華亭 as 台灣小吃/台菜（Taiwanese Cuisine） with markers 小吃; 台菜; 台灣小吃/台菜; Taiwanese Cuisine,high,"Official Tourism Administration open-data page gives update date, local government source, restaurant category and direct marker evidence. Duplicate source-url and restaurant artifact ID checked against Round010 overlay before append; one row represents one source artifact. TLS certificate validation was relaxed for metadata fetch because local Python rejected the site certificate, while the exact public URL is browser/web accessible.",SRC_R010B05_TW_376470000A_000174_OFFICIAL,verified,Taiwan-side,資料更新日期時間 2022-08-29T16:25:41+08:00；餐飲店家類型：台灣小吃/台菜（Taiwanese Cuisine）；光華亭；光華亭「三番錦魯麵」在鹿港開業逾百從1899年，可說是能見證鹿港歷史的名店。店名雖為「光華亭」，但倒沒有「三番錦魯麵」來得響亮。,小吃;台菜;台灣小吃/台菜;Taiwanese Cuisine,台灣小吃/台菜;Taiwanese Cuisine;台菜,,,https://media.taiwan.net.tw/zh-tw/portal/travel/details/restaurant_376470000a_000174,caf8da0a5df4385f,SRC_R010B05_TW_376470000A_000174_OFFICIAL,1,0.9000,0.1000,1,光華亭,secondary,0.7000,official Taiwan Tourism Administration open-data source with direct date evidence
SRC_R010B05_TW_376470000A_000175_OFFICIAL,2022,2022-08-29,2015-2025_platformization,大豐民俗肉粽,鹿港鎮,Taiwan,Taiwan-side,official_open_data,Taiwan Tourism Administration Open Multimedia Data,https://media.taiwan.net.tw/zh-tw/portal/travel/details/restaurant_376470000a_000175,official_restaurant_open_data,2022 official open-data page classifies 大豐民俗肉粽 as 夜市小吃（Taiwan Snacks） with markers 肉粽; 小吃; 夜市小吃,high,"Official Tourism Administration open-data page gives update date, local government source, restaurant category and direct marker evidence. Duplicate source-url and restaurant artifact ID checked against Round010 overlay before append; one row represents one source artifact. TLS certificate validation was relaxed for metadata fetch because local Python rejected the site certificate, while the exact public URL is browser/web accessible.",SRC_R010B05_TW_376470000A_000175_OFFICIAL,verified,Taiwan-side,資料更新日期時間 2022-08-29T16:25:59+08:00；餐飲店家類型：夜市小吃（Taiwan Snacks）；大豐民俗肉粽；大豐民俗肉粽好吃的關鍵，來自嚴選自家經營大豐碾米行的濁水溪米，米質晶瑩剔透，經營三十年的口碑使得這家小店屹立不搖。新米一定先放半年，再用灶腳大鍋慢火翻炒，讓熱度均勻分配。此外，大豐肉粽薪傳婆婆四角包法，餡料有雌香菇、蝦與蔥頭爆香的梅花肉與三層肉，粽葉清香滲入米與餡料中是高人氣的美食。,肉粽;小吃;夜市小吃,夜市小吃;Taiwan Snacks,,,https://media.taiwan.net.tw/zh-tw/portal/travel/details/restaurant_376470000a_000175,a80895753510074d,SRC_R010B05_TW_376470000A_000175_OFFICIAL,1,0.9000,0.1000,1,大豐民俗肉粽,secondary,0.7000,official Taiwan Tourism Administration open-data source with direct date evidence
SRC_R010B05_TW_376470000A_000176_OFFICIAL,2022,2022-08-29,2015-2025_platformization,漢彬水晶餃,鹿港鎮,Taiwan,Taiwan-side,official_open_data,Taiwan Tourism Administration Open Multimedia Data,https://media.taiwan.net.tw/zh-tw/portal/travel/details/restaurant_376470000a_000176,official_restaurant_open_data,2022 official open-data page classifies 漢彬水晶餃 as 台灣小吃/台菜（Taiwanese Cuisine） with markers 小吃; 台菜; 台灣小吃/台菜; Taiwanese Cuisine,high,"Official Tourism Administration open-data page gives update date, local government source, restaurant category and direct marker evidence. Duplicate source-url and restaurant artifact ID checked against Round010 overlay before append; one row represents one source artifact. TLS certificate validation was relaxed for metadata fetch because local Python rejected the site certificate, while the exact public URL is browser/web accessible.",SRC_R010B05_TW_376470000A_000176_OFFICIAL,verified,Taiwan-side,資料更新日期時間 2022-08-29T16:26:25+08:00；餐飲店家類型：台灣小吃/台菜（Taiwanese Cuisine）；漢彬水晶餃；「漢彬水晶餃」，創立於清光緒十年（一八八四年），是一種以四種不同材料製作的丸子，有水晶餃、蒸丸、水丸、扁食食燕都是手工精心製作。,小吃;台菜;台灣小吃/台菜;Taiwanese Cuisine,台灣小吃/台菜;Taiwanese Cuisine;台菜,,,https://media.taiwan.net.tw/zh-tw/portal/travel/details/restaurant_376470000a_000176,b5a5d71a1092c470,SRC_R010B05_TW_376470000A_000176_OFFICIAL,1,0.9000,0.1000,1,漢彬水晶餃,secondary,0.7000,official Taiwan Tourism Administration open-data source with direct date evidence
SRC_R010B05_TW_376470000A_000179_OFFICIAL,2022,2022-08-29,2015-2025_platformization,老師傅鴨肉焿,鹿港鎮,Taiwan,Taiwan-side,official_open_data,Taiwan Tourism Administration Open Multimedia Data,https://media.taiwan.net.tw/zh-tw/portal/travel/details/restaurant_376470000a_000179,official_restaurant_open_data,2022 official open-data page classifies 老師傅鴨肉焿 as 夜市小吃（Taiwan Snacks） with markers 肉羹; 肉焿; 小吃; 夜市小吃,high,"Official Tourism Administration open-data page gives update date, local government source, restaurant category and direct marker evidence. Duplicate source-url and restaurant artifact ID checked against Round010 overlay before append; one row represents one source artifact. TLS certificate validation was relaxed for metadata fetch because local Python rejected the site certificate, while the exact public URL is browser/web accessible.",SRC_R010B05_TW_376470000A_000179_OFFICIAL,verified,Taiwan-side,資料更新日期時間 2022-08-29T16:26:49+08:00；餐飲店家類型：夜市小吃（Taiwan Snacks）；老師傅鴨肉焿；老師傅鴨肉羹先將鴨肉川燙去骨切成條狀，利用鴨骨熬製高湯，搭配鴨肉、筍絲、冬菜、薑絲、木耳、香菇等配料下鍋烹煮，鴨肉沒有腥味與澀味相當可口。,肉羹;肉焿;小吃;夜市小吃,夜市小吃;Taiwan Snacks,,,https://media.taiwan.net.tw/zh-tw/portal/travel/details/restaurant_376470000a_000179,280f7ce1e3ccdc0a,SRC_R010B05_TW_376470000A_000179_OFFICIAL,1,0.9000,0.1000,1,老師傅鴨肉焿,secondary,0.7000,official Taiwan Tourism Administration open-data source with direct date evidence
SRC_R010B05_TW_376470000A_000184_OFFICIAL,2022,2022-08-29,2015-2025_platformization,生炒五味,鹿港鎮,Taiwan,Taiwan-side,official_open_data,Taiwan Tourism Administration Open Multimedia Data,https://media.taiwan.net.tw/zh-tw/portal/travel/details/restaurant_376470000a_000184,official_restaurant_open_data,2022 official open-data page classifies 生炒五味 as 夜市小吃（Taiwan Snacks） with markers 肉羹; 小吃; 夜市小吃,high,"Official Tourism Administration open-data page gives update date, local government source, restaurant category and direct marker evidence. Duplicate source-url and restaurant artifact ID checked against Round010 overlay before append; one row represents one source artifact. TLS certificate validation was relaxed for metadata fetch because local Python rejected the site certificate, while the exact public URL is browser/web accessible.",SRC_R010B05_TW_376470000A_000184_OFFICIAL,verified,Taiwan-side,資料更新日期時間 2022-08-29T16:27:38+08:00；餐飲店家類型：夜市小吃（Taiwan Snacks）；生炒五味；生炒五味包含蝦仁、肉羹、魷魚、香菇以及竹筍等五種好料，肉羹及蝦仁口感彈牙，厚片花枝因為新鮮相當可口，配上黑醋香的湯頭，讓人意猶未盡。,肉羹;小吃;夜市小吃,夜市小吃;Taiwan Snacks,,,https://media.taiwan.net.tw/zh-tw/portal/travel/details/restaurant_376470000a_000184,73de816d638e1112,SRC_R010B05_TW_376470000A_000184_OFFICIAL,1,0.9000,0.1000,1,生炒五味,secondary,0.7000,official Taiwan Tourism Administration open-data source with direct date evidence
SRC_R010B05_TW_376470000A_000182_OFFICIAL,2024,2024-05-30,2015-2025_platformization,阿振肉包,鹿港鎮,Taiwan,Taiwan-side,official_open_data,Taiwan Tourism Administration Open Multimedia Data,https://media.taiwan.net.tw/en-us/portal/travel/details/restaurant_376470000a_000182,official_restaurant_open_data,2024 official open-data page classifies 阿振肉包 as 夜市小吃（Taiwan Snacks） with markers 小吃; 夜市小吃,high,"Official Tourism Administration open-data page gives update date, local government source, restaurant category and direct marker evidence. Duplicate source-url and restaurant artifact ID checked against Round010 overlay before append; one row represents one source artifact. TLS certificate validation was relaxed for metadata fetch because local Python rejected the site certificate, while the exact public URL is browser/web accessible.",SRC_R010B05_TW_376470000A_000182_OFFICIAL,verified,Taiwan-side,資料更新日期時間 2024-05-30T16:27:35+08:00；餐飲店家類型：夜市小吃（Taiwan Snacks）；阿振肉包；鹿港百年老店振味珍-阿振肉包已成為到鹿港遊客喜愛採購的特產之一。,小吃;夜市小吃,夜市小吃;Taiwan Snacks,,,https://media.taiwan.net.tw/en-us/portal/travel/details/restaurant_376470000a_000182,5f6aca1a994af05f,SRC_R010B05_TW_376470000A_000182_OFFICIAL,1,0.9000,0.1000,1,阿振肉包,secondary,0.7000,official Taiwan Tourism Administration open-data source with direct date evidence
SRC_R010B05_TW_376470000A_000186_OFFICIAL,2022,2022-08-29,2015-2025_platformization,龍山魷魚肉羹,鹿港鎮,Taiwan,Taiwan-side,official_open_data,Taiwan Tourism Administration Open Multimedia Data,https://media.taiwan.net.tw/zh-tw/portal/travel/details/restaurant_376470000a_000186,official_restaurant_open_data,2022 official open-data page classifies 龍山魷魚肉羹 as 夜市小吃（Taiwan Snacks） with markers 肉羹; 魷魚肉羹; 小吃; 夜市小吃,high,"Official Tourism Administration open-data page gives update date, local government source, restaurant category and direct marker evidence. Duplicate source-url and restaurant artifact ID checked against Round010 overlay before append; one row represents one source artifact. TLS certificate validation was relaxed for metadata fetch because local Python rejected the site certificate, while the exact public URL is browser/web accessible.",SRC_R010B05_TW_376470000A_000186_OFFICIAL,verified,Taiwan-side,資料更新日期時間 2022-08-29T16:27:56+08:00；餐飲店家類型：夜市小吃（Taiwan Snacks）；龍山魷魚肉羹；龍山魷魚肉羹好吃的秘訣，在於精心挑選厚肥的阿根廷魷魚，口感特別誘人。,肉羹;魷魚肉羹;小吃;夜市小吃,夜市小吃;Taiwan Snacks,,,https://media.taiwan.net.tw/zh-tw/portal/travel/details/restaurant_376470000a_000186,e8b1ce6583fd9f01,SRC_R010B05_TW_376470000A_000186_OFFICIAL,1,0.9000,0.1000,1,龍山魷魚肉羹,secondary,0.7000,official Taiwan Tourism Administration open-data source with direct date evidence
SRC_R010B05_TW_376470000A_000187_OFFICIAL,2022,2022-08-29,2015-2025_platformization,木生海鮮會館,鹿港鎮,Taiwan,Taiwan-side,official_open_data,Taiwan Tourism Administration Open Multimedia Data,https://media.taiwan.net.tw/en-us/portal/travel/details/restaurant_376470000a_000187,official_restaurant_open_data,2022 official open-data page classifies 木生海鮮會館 as 夜市小吃（Taiwan Snacks） with markers 小吃; 夜市小吃,high,"Official Tourism Administration open-data page gives update date, local government source, restaurant category and direct marker evidence. Duplicate source-url and restaurant artifact ID checked against Round010 overlay before append; one row represents one source artifact. TLS certificate validation was relaxed for metadata fetch because local Python rejected the site certificate, while the exact public URL is browser/web accessible.",SRC_R010B05_TW_376470000A_000187_OFFICIAL,verified,Taiwan-side,資料更新日期時間 2022-08-29T16:28:12+08:00；餐飲店家類型：夜市小吃（Taiwan Snacks）；木生海鮮會館；木生海鮮會館是在地人相當推薦的飲食小店，招牌滷肉飯是最令人難忘的小吃。,小吃;夜市小吃,夜市小吃;Taiwan Snacks,,,https://media.taiwan.net.tw/en-us/portal/travel/details/restaurant_376470000a_000187,55cf7a473d422cba,SRC_R010B05_TW_376470000A_000187_OFFICIAL,1,0.9000,0.1000,1,木生海鮮會館,secondary,0.7000,official Taiwan Tourism Administration open-data source with direct date evidence
SRC_R010B05_TW_376470000A_000189_OFFICIAL,2022,2022-08-29,2015-2025_platformization,鹿港施米糕,鹿港鎮,Taiwan,Taiwan-side,official_open_data,Taiwan Tourism Administration Open Multimedia Data,https://media.taiwan.net.tw/en-us/portal/travel/details/restaurant_376470000a_000189,official_restaurant_open_data,2022 official open-data page classifies 鹿港施米糕 as 夜市小吃（Taiwan Snacks） with markers 米糕; 小吃; 夜市小吃,high,"Official Tourism Administration open-data page gives update date, local government source, restaurant category and direct marker evidence. Duplicate source-url and restaurant artifact ID checked against Round010 overlay before append; one row represents one source artifact. TLS certificate validation was relaxed for metadata fetch because local Python rejected the site certificate, while the exact public URL is browser/web accessible.",SRC_R010B05_TW_376470000A_000189_OFFICIAL,verified,Taiwan-side,資料更新日期時間 2022-08-29T16:28:33+08:00；餐飲店家類型：夜市小吃（Taiwan Snacks）；鹿港施米糕；鹿港施米糕特殊味道是其他地方沒有的，米糕、滷肉飯、四神湯、懷念的好滋味。,米糕;小吃;夜市小吃,夜市小吃;Taiwan Snacks,,,https://media.taiwan.net.tw/en-us/portal/travel/details/restaurant_376470000a_000189,3b47bec27d7ef642,SRC_R010B05_TW_376470000A_000189_OFFICIAL,1,0.9000,0.1000,1,鹿港施米糕,secondary,0.7000,official Taiwan Tourism Administration open-data source with direct date evidence
SRC_R010B05_TW_376470000A_000199_OFFICIAL,2023,2023-02-18,2015-2025_platformization,泉芳枝仔冰,芳苑鄉,Taiwan,Taiwan-side,official_open_data,Taiwan Tourism Administration Open Multimedia Data,https://media.taiwan.net.tw/en-us/portal/travel/details/restaurant_376470000a_000199,official_restaurant_open_data,2023 official open-data page classifies 泉芳枝仔冰 as 甜點冰品（Desserts And Ice） with markers 米糕,high,"Official Tourism Administration open-data page gives update date, local government source, restaurant category and direct marker evidence. Duplicate source-url and restaurant artifact ID checked against Round010 overlay before append; one row represents one source artifact. TLS certificate validation was relaxed for metadata fetch because local Python rejected the site certificate, while the exact public URL is browser/web accessible.",SRC_R010B05_TW_376470000A_000199_OFFICIAL,verified,Taiwan-side,資料更新日期時間 2023-02-18T14:15:10+08:00；餐飲店家類型：甜點冰品（Desserts And Ice）；泉芳枝仔冰；泉芳枝仔冰已經傳承三代，古早味的傳統味道已創新口味，有四果冰、龍眼米糕、芋頭、鳳梨、紅豆、紅梅等都是排行榜的前幾名。,米糕,古早味,,,https://media.taiwan.net.tw/en-us/portal/travel/details/restaurant_376470000a_000199,d817108588474074,SRC_R010B05_TW_376470000A_000199_OFFICIAL,1,0.9000,0.1000,1,泉芳枝仔冰,secondary,0.7000,official Taiwan Tourism Administration open-data source with direct date evidence
SRC_R010B05_TW_376470000A_000202_OFFICIAL,2022,2022-08-23,2015-2025_platformization,貓鼠麵,彰化市,Taiwan,Taiwan-side,official_open_data,Taiwan Tourism Administration Open Multimedia Data,https://media.taiwan.net.tw/en-us/portal/travel/details/restaurant_376470000a_000202,official_restaurant_open_data,2022 official open-data page classifies 貓鼠麵 as 夜市小吃（Taiwan Snacks） with markers 小吃; 夜市小吃,high,"Official Tourism Administration open-data page gives update date, local government source, restaurant category and direct marker evidence. Duplicate source-url and restaurant artifact ID checked against Round010 overlay before append; one row represents one source artifact. TLS certificate validation was relaxed for metadata fetch because local Python rejected the site certificate, while the exact public URL is browser/web accessible.",SRC_R010B05_TW_376470000A_000202_OFFICIAL,verified,Taiwan-side,資料更新日期時間 2022-08-23T11:37:17+08:00；餐飲店家類型：夜市小吃（Taiwan Snacks）；貓鼠麵；貓鼠麵自日據時代創立，大家一開始都會被「貓鼠麵」的名稱嚇一跳，其實貓鼠麵裡沒有貓肉、鼠肉等奇怪的食材，是源於當初老闆動作俐落如「老鼠仔」，臺語音譯而成為「貓鼠麵」。,小吃;夜市小吃,夜市小吃;Taiwan Snacks,,,https://media.taiwan.net.tw/en-us/portal/travel/details/restaurant_376470000a_000202,8b46b8503a70ed15,SRC_R010B05_TW_376470000A_000202_OFFICIAL,1,0.9000,0.1000,1,貓鼠麵,secondary,0.7000,official Taiwan Tourism Administration open-data source with direct date evidence
SRC_R010B05_TW_376470000A_000204_OFFICIAL,2022,2022-08-29,2015-2025_platformization,彭家屯牛肉麵,彰化市,Taiwan,Taiwan-side,official_open_data,Taiwan Tourism Administration Open Multimedia Data,https://media.taiwan.net.tw/en-us/portal/travel/details/restaurant_376470000a_000204,official_restaurant_open_data,2022 official open-data page classifies 彭家屯牛肉麵 as 台灣小吃/台菜（Taiwanese Cuisine） with markers 牛肉麵; 麵線; 小吃; 台菜,high,"Official Tourism Administration open-data page gives update date, local government source, restaurant category and direct marker evidence. Duplicate source-url and restaurant artifact ID checked against Round010 overlay before append; one row represents one source artifact. TLS certificate validation was relaxed for metadata fetch because local Python rejected the site certificate, while the exact public URL is browser/web accessible.",SRC_R010B05_TW_376470000A_000204_OFFICIAL,verified,Taiwan-side,資料更新日期時間 2022-08-29T16:31:15+08:00；餐飲店家類型：台灣小吃/台菜（Taiwanese Cuisine）；彭家屯牛肉麵；來到彭家屯牛肉麵，透明櫥窗中滿滿的各式滷味先吸引了饕客的目光。招牌滿漢牛肉麵上鋪滿半筋半肉、牛肚、牛腸、牛舌等，讓人食指大動，鮮美的湯頭感覺得出老闆熬煮的用心，另外也推薦養生滋補的麻油羊肉麵線，冬天來上一碗一定讓人全身¬暖呼呼。,牛肉麵;麵線;小吃;台菜;台灣小吃/台菜;Taiwanese Cuisine,台灣小吃/台菜;Taiwanese Cuisine;台菜,,,https://media.taiwan.net.tw/en-us/portal/travel/details/restaurant_376470000a_000204,52768c01a3b2f211,SRC_R010B05_TW_376470000A_000204_OFFICIAL,1,0.9000,0.1000,1,彭家屯牛肉麵,secondary,0.7000,official Taiwan Tourism Administration open-data source with direct date evidence
SRC_R010B05_TW_376470000A_000206_OFFICIAL,2022,2022-08-29,2015-2025_platformization,石井屋日式料理,彰化市,Taiwan,Taiwan-side,official_open_data,Taiwan Tourism Administration Open Multimedia Data,https://media.taiwan.net.tw/en-us/portal/travel/details/restaurant_376470000a_000206,official_restaurant_open_data,2022 official open-data page classifies 石井屋日式料理 as 台灣小吃/台菜（Taiwanese Cuisine） with markers 小吃; 台菜; 台灣小吃/台菜; Taiwanese Cuisine,high,"Official Tourism Administration open-data page gives update date, local government source, restaurant category and direct marker evidence. Duplicate source-url and restaurant artifact ID checked against Round010 overlay before append; one row represents one source artifact. TLS certificate validation was relaxed for metadata fetch because local Python rejected the site certificate, while the exact public URL is browser/web accessible.",SRC_R010B05_TW_376470000A_000206_OFFICIAL,verified,Taiwan-side,資料更新日期時間 2022-08-29T16:31:38+08:00；餐飲店家類型：台灣小吃/台菜（Taiwanese Cuisine）；石井屋日式料理；石井屋美學思維．品味幽禪意境石井屋日本料理店於2008年創立，整體設計謙和且低調，運用清水模、原木、石庭、竹園，充份表達內斂的禪意。透過謙和簡約的美學思維，打造一個蘊含自然、素直、優雅精神的幽禪意境，藉由空間的意境提升飲食文化的層次。,小吃;台菜;台灣小吃/台菜;Taiwanese Cuisine,台灣小吃/台菜;Taiwanese Cuisine;台菜,,,https://media.taiwan.net.tw/en-us/portal/travel/details/restaurant_376470000a_000206,230804638857d2b4,SRC_R010B05_TW_376470000A_000206_OFFICIAL,1,0.9000,0.1000,1,石井屋日式料理,secondary,0.7000,official Taiwan Tourism Administration open-data source with direct date evidence
SRC_R010B05_TW_376470000A_000208_OFFICIAL,2022,2022-08-29,2015-2025_platformization,文卜粿仔湯,彰化市,Taiwan,Taiwan-side,official_open_data,Taiwan Tourism Administration Open Multimedia Data,https://media.taiwan.net.tw/en-us/portal/travel/details/restaurant_376470000a_000208,official_restaurant_open_data,2022 official open-data page classifies 文卜粿仔湯 as 台灣小吃/台菜（Taiwanese Cuisine） with markers 粄條; 小吃; 台菜; 台灣小吃/台菜,high,"Official Tourism Administration open-data page gives update date, local government source, restaurant category and direct marker evidence. Duplicate source-url and restaurant artifact ID checked against Round010 overlay before append; one row represents one source artifact. TLS certificate validation was relaxed for metadata fetch because local Python rejected the site certificate, while the exact public URL is browser/web accessible.",SRC_R010B05_TW_376470000A_000208_OFFICIAL,verified,Taiwan-side,資料更新日期時間 2022-08-29T16:31:54+08:00；餐飲店家類型：台灣小吃/台菜（Taiwanese Cuisine）；文卜粿仔湯；文卜粿仔湯擁有古早味的粿仔湯，湯頭濃郁另外乾粿也值得嚐嚐。粿仔湯又名鍋邊剉，也就是粄條，粿仔湯取紅毛井的水熬煉大骨而成的原汁，味道獨特。,粄條;小吃;台菜;台灣小吃/台菜;Taiwanese Cuisine,台灣小吃/台菜;Taiwanese Cuisine;古早味;台菜,,,https://media.taiwan.net.tw/en-us/portal/travel/details/restaurant_376470000a_000208,54121d4ea7643559,SRC_R010B05_TW_376470000A_000208_OFFICIAL,1,0.9000,0.1000,1,文卜粿仔湯,secondary,0.7000,official Taiwan Tourism Administration open-data source with direct date evidence
SRC_R010B05_TW_376470000A_000210_OFFICIAL,2022,2022-08-29,2015-2025_platformization,榮輝蛤仔麵,彰化市,Taiwan,Taiwan-side,official_open_data,Taiwan Tourism Administration Open Multimedia Data,https://media.taiwan.net.tw/zh-tw/portal/travel/details/restaurant_376470000a_000210,official_restaurant_open_data,2022 official open-data page classifies 榮輝蛤仔麵 as 夜市小吃（Taiwan Snacks） with markers 小吃; 夜市小吃,high,"Official Tourism Administration open-data page gives update date, local government source, restaurant category and direct marker evidence. Duplicate source-url and restaurant artifact ID checked against Round010 overlay before append; one row represents one source artifact. TLS certificate validation was relaxed for metadata fetch because local Python rejected the site certificate, while the exact public URL is browser/web accessible.",SRC_R010B05_TW_376470000A_000210_OFFICIAL,verified,Taiwan-side,資料更新日期時間 2022-08-29T16:32:24+08:00；餐飲店家類型：夜市小吃（Taiwan Snacks）；榮輝蛤仔麵；榮輝蛤仔麵顧名思義其招牌就是「蛤仔麵」，內有各種的麵食、湯類＇小菜、滷味，包準你十指大動。,小吃;夜市小吃,夜市小吃;Taiwan Snacks,,,https://media.taiwan.net.tw/zh-tw/portal/travel/details/restaurant_376470000a_000210,bf855a086f11b529,SRC_R010B05_TW_376470000A_000210_OFFICIAL,1,0.9000,0.1000,1,榮輝蛤仔麵,secondary,0.7000,official Taiwan Tourism Administration open-data source with direct date evidence
SRC_R010B05_TW_376470000A_000209_OFFICIAL,2022,2022-08-29,2015-2025_platformization,阿章肉圓,彰化市,Taiwan,Taiwan-side,official_open_data,Taiwan Tourism Administration Open Multimedia Data,https://media.taiwan.net.tw/zh-tw/portal/travel/details/restaurant_376470000a_000209,official_restaurant_open_data,2022 official open-data page classifies 阿章肉圓 as 夜市小吃（Taiwan Snacks） with markers 肉圓; 小吃; 夜市小吃,high,"Official Tourism Administration open-data page gives update date, local government source, restaurant category and direct marker evidence. Duplicate source-url and restaurant artifact ID checked against Round010 overlay before append; one row represents one source artifact. TLS certificate validation was relaxed for metadata fetch because local Python rejected the site certificate, while the exact public URL is browser/web accessible.",SRC_R010B05_TW_376470000A_000209_OFFICIAL,verified,Taiwan-side,資料更新日期時間 2022-08-29T16:32:07+08:00；餐飲店家類型：夜市小吃（Taiwan Snacks）；阿章肉圓；點一顆肉圓老闆還附上清湯，清湯中有竹筍、蘿蔔等，肉圓上的醬料以花生、芝麻等磨製而成香甜可口。,肉圓;小吃;夜市小吃,夜市小吃;Taiwan Snacks,,,https://media.taiwan.net.tw/zh-tw/portal/travel/details/restaurant_376470000a_000209,6c76710083e3cb3d,SRC_R010B05_TW_376470000A_000209_OFFICIAL,1,0.9000,0.1000,1,阿章肉圓,secondary,0.7000,official Taiwan Tourism Administration open-data source with direct date evidence
SRC_R010B05_TW_376470000A_000211_OFFICIAL,2022,2022-08-29,2015-2025_platformization,阿益蒸餃,彰化市,Taiwan,Taiwan-side,official_open_data,Taiwan Tourism Administration Open Multimedia Data,https://media.taiwan.net.tw/zh-tw/portal/travel/details/restaurant_376470000a_000211,official_restaurant_open_data,2022 official open-data page classifies 阿益蒸餃 as 台灣小吃/台菜（Taiwanese Cuisine） with markers 小吃; 台菜; 台灣小吃/台菜; Taiwanese Cuisine,high,"Official Tourism Administration open-data page gives update date, local government source, restaurant category and direct marker evidence. Duplicate source-url and restaurant artifact ID checked against Round010 overlay before append; one row represents one source artifact. TLS certificate validation was relaxed for metadata fetch because local Python rejected the site certificate, while the exact public URL is browser/web accessible.",SRC_R010B05_TW_376470000A_000211_OFFICIAL,verified,Taiwan-side,資料更新日期時間 2022-08-29T16:32:39+08:00；餐飲店家類型：台灣小吃/台菜（Taiwanese Cuisine）；阿益蒸餃；阿益蒸餃是彰化的超人氣蒸餃店，店齡40，室內空間雖小，卻仍遠近馳名，它不只賣蒸餃還有賣滷味，蒸餃內餡非常飽滿，旅人一定要來嘗嘗。,小吃;台菜;台灣小吃/台菜;Taiwanese Cuisine,台灣小吃/台菜;Taiwanese Cuisine;台菜,,,https://media.taiwan.net.tw/zh-tw/portal/travel/details/restaurant_376470000a_000211,67988caf9cea0589,SRC_R010B05_TW_376470000A_000211_OFFICIAL,1,0.9000,0.1000,1,阿益蒸餃,secondary,0.7000,official Taiwan Tourism Administration open-data source with direct date evidence
SRC_R010B05_TW_376470000A_000212_OFFICIAL,2022,2022-08-29,2015-2025_platformization,彰化蛤仔麵,彰化市,Taiwan,Taiwan-side,official_open_data,Taiwan Tourism Administration Open Multimedia Data,https://media.taiwan.net.tw/en-us/portal/travel/details/restaurant_376470000a_000212,official_restaurant_open_data,2022 official open-data page classifies 彰化蛤仔麵 as 夜市小吃（Taiwan Snacks） with markers 小吃; 夜市小吃,high,"Official Tourism Administration open-data page gives update date, local government source, restaurant category and direct marker evidence. Duplicate source-url and restaurant artifact ID checked against Round010 overlay before append; one row represents one source artifact. TLS certificate validation was relaxed for metadata fetch because local Python rejected the site certificate, while the exact public URL is browser/web accessible.",SRC_R010B05_TW_376470000A_000212_OFFICIAL,verified,Taiwan-side,資料更新日期時間 2022-08-29T16:32:55+08:00；餐飲店家類型：夜市小吃（Taiwan Snacks）；彰化蛤仔麵；彰化的蛤仔麵與其他地方的不同，將不帶殼大顆新鮮的蛤仔肉鋪在湯麵上，喝一口湯清甜海鮮好滋味立即顯現。,小吃;夜市小吃,夜市小吃;Taiwan Snacks,,,https://media.taiwan.net.tw/en-us/portal/travel/details/restaurant_376470000a_000212,6f8714cfba45c7e6,SRC_R010B05_TW_376470000A_000212_OFFICIAL,1,0.9000,0.1000,1,彰化蛤仔麵,secondary,0.7000,official Taiwan Tourism Administration open-data source with direct date evidence
SRC_R010B05_TW_376470000A_000213_OFFICIAL,2022,2022-08-29,2015-2025_platformization,杉行碗粿,彰化市,Taiwan,Taiwan-side,official_open_data,Taiwan Tourism Administration Open Multimedia Data,https://media.taiwan.net.tw/en-us/portal/travel/details/restaurant_376470000a_000213,official_restaurant_open_data,2022 official open-data page classifies 杉行碗粿 as 夜市小吃（Taiwan Snacks） with markers 碗粿; 小吃; 夜市小吃,high,"Official Tourism Administration open-data page gives update date, local government source, restaurant category and direct marker evidence. Duplicate source-url and restaurant artifact ID checked against Round010 overlay before append; one row represents one source artifact. TLS certificate validation was relaxed for metadata fetch because local Python rejected the site certificate, while the exact public URL is browser/web accessible.",SRC_R010B05_TW_376470000A_000213_OFFICIAL,verified,Taiwan-side,資料更新日期時間 2022-08-29T16:33:10+08:00；餐飲店家類型：夜市小吃（Taiwan Snacks）；杉行碗粿；這是一間專賣碗粿的店。,碗粿;小吃;夜市小吃,夜市小吃;Taiwan Snacks,,,https://media.taiwan.net.tw/en-us/portal/travel/details/restaurant_376470000a_000213,974d1322dcdf2e99,SRC_R010B05_TW_376470000A_000213_OFFICIAL,1,0.9000,0.1000,1,杉行碗粿,secondary,0.7000,official Taiwan Tourism Administration open-data source with direct date evidence
SRC_R010B05_TW_376470000A_000215_OFFICIAL,2022,2022-08-29,2015-2025_platformization,黑肉麵,彰化市,Taiwan,Taiwan-side,official_open_data,Taiwan Tourism Administration Open Multimedia Data,https://media.taiwan.net.tw/en-us/portal/travel/details/restaurant_376470000a_000215,official_restaurant_open_data,2022 official open-data page classifies 黑肉麵 as 台灣小吃/台菜（Taiwanese Cuisine） with markers 小吃; 台菜; 台灣小吃/台菜; Taiwanese Cuisine,high,"Official Tourism Administration open-data page gives update date, local government source, restaurant category and direct marker evidence. Duplicate source-url and restaurant artifact ID checked against Round010 overlay before append; one row represents one source artifact. TLS certificate validation was relaxed for metadata fetch because local Python rejected the site certificate, while the exact public URL is browser/web accessible.",SRC_R010B05_TW_376470000A_000215_OFFICIAL,verified,Taiwan-side,資料更新日期時間 2022-08-29T16:33:41+08:00；餐飲店家類型：台灣小吃/台菜（Taiwanese Cuisine）；黑肉麵；位於孔廟對面的黑肉麵，老闆因年少時又瘦又黑刻苦耐勞的形象，因而以黑肉麵為名。,小吃;台菜;台灣小吃/台菜;Taiwanese Cuisine,台灣小吃/台菜;Taiwanese Cuisine;台菜,,,https://media.taiwan.net.tw/en-us/portal/travel/details/restaurant_376470000a_000215,61e2721546dd49d1,SRC_R010B05_TW_376470000A_000215_OFFICIAL,1,0.9000,0.1000,1,黑肉麵,secondary,0.7000,official Taiwan Tourism Administration open-data source with direct date evidence
SRC_R010B05_TW_376470000A_000214_OFFICIAL,2022,2022-08-29,2015-2025_platformization,老担阿璋肉圓,彰化市,Taiwan,Taiwan-side,official_open_data,Taiwan Tourism Administration Open Multimedia Data,https://media.taiwan.net.tw/zh-tw/portal/travel/details/restaurant_376470000a_000214,official_restaurant_open_data,2022 official open-data page classifies 老担阿璋肉圓 as 夜市小吃（Taiwan Snacks） with markers 肉圓; 小吃; 夜市小吃,high,"Official Tourism Administration open-data page gives update date, local government source, restaurant category and direct marker evidence. Duplicate source-url and restaurant artifact ID checked against Round010 overlay before append; one row represents one source artifact. TLS certificate validation was relaxed for metadata fetch because local Python rejected the site certificate, while the exact public URL is browser/web accessible.",SRC_R010B05_TW_376470000A_000214_OFFICIAL,verified,Taiwan-side,資料更新日期時間 2022-08-29T16:33:28+08:00；餐飲店家類型：夜市小吃（Taiwan Snacks）；老担阿璋肉圓；民國37年創業的阿璋肉圓。,肉圓;小吃;夜市小吃,夜市小吃;Taiwan Snacks,,,https://media.taiwan.net.tw/zh-tw/portal/travel/details/restaurant_376470000a_000214,50b9d964748bb067,SRC_R010B05_TW_376470000A_000214_OFFICIAL,1,0.9000,0.1000,1,老担阿璋肉圓,secondary,0.7000,official Taiwan Tourism Administration open-data source with direct date evidence
SRC_R010B05_TW_376470000A_000217_OFFICIAL,2024,2024-04-11,2015-2025_platformization,彰化涼圓,彰化市,Taiwan,Taiwan-side,official_open_data,Taiwan Tourism Administration Open Multimedia Data,https://media.taiwan.net.tw/zh-tw/portal/travel/details/restaurant_376470000a_000217,official_restaurant_open_data,2024 official open-data page classifies 彰化涼圓 as 甜點冰品（Desserts And Ice） with markers 台灣小吃/台菜,high,"Official Tourism Administration open-data page gives update date, local government source, restaurant category and direct marker evidence. Duplicate source-url and restaurant artifact ID checked against Round010 overlay before append; one row represents one source artifact. TLS certificate validation was relaxed for metadata fetch because local Python rejected the site certificate, while the exact public URL is browser/web accessible.",SRC_R010B05_TW_376470000A_000217_OFFICIAL,verified,Taiwan-side,資料更新日期時間 2024-04-11T14:27:07+08:00；餐飲店家類型：甜點冰品（Desserts And Ice）；彰化涼圓；藍綠色的小攤子，前面還有花草盆栽，涼圓一個個排在櫥窗裡，非常有古早味。,台灣小吃/台菜,古早味,,,https://media.taiwan.net.tw/zh-tw/portal/travel/details/restaurant_376470000a_000217,1dde8696891c8ef3,SRC_R010B05_TW_376470000A_000217_OFFICIAL,1,0.9000,0.1000,1,彰化涼圓,secondary,0.7000,official Taiwan Tourism Administration open-data source with direct date evidence
SRC_R010B05_TW_376470000A_000219_OFFICIAL,2022,2022-09-02,2015-2025_platformization,彰化肉包成,彰化市,Taiwan,Taiwan-side,official_open_data,Taiwan Tourism Administration Open Multimedia Data,https://media.taiwan.net.tw/en-us/portal/travel/details/restaurant_376470000a_000219,official_restaurant_open_data,2022 official open-data page classifies 彰化肉包成 as 夜市小吃（Taiwan Snacks） with markers 小吃; 夜市小吃,high,"Official Tourism Administration open-data page gives update date, local government source, restaurant category and direct marker evidence. Duplicate source-url and restaurant artifact ID checked against Round010 overlay before append; one row represents one source artifact. TLS certificate validation was relaxed for metadata fetch because local Python rejected the site certificate, while the exact public URL is browser/web accessible.",SRC_R010B05_TW_376470000A_000219_OFFICIAL,verified,Taiwan-side,資料更新日期時間 2022-09-02T13:39:53+08:00；餐飲店家類型：夜市小吃（Taiwan Snacks）；彰化肉包成；產品: 蛋黃肉包、香菇肉包、豆沙包、鮮奶饅頭、豬油糕、綠豆糕,小吃;夜市小吃,夜市小吃;Taiwan Snacks,,,https://media.taiwan.net.tw/en-us/portal/travel/details/restaurant_376470000a_000219,cc7206d8cbda1c25,SRC_R010B05_TW_376470000A_000219_OFFICIAL,1,0.9000,0.1000,1,彰化肉包成,secondary,0.7000,official Taiwan Tourism Administration open-data source with direct date evidence
SRC_R010B05_TW_376470000A_000225_OFFICIAL,2022,2022-09-02,2015-2025_platformization,萬芳蛤仔麵,彰化市,Taiwan,Taiwan-side,official_open_data,Taiwan Tourism Administration Open Multimedia Data,https://media.taiwan.net.tw/en-us/portal/travel/details/restaurant_376470000a_000225,official_restaurant_open_data,2022 official open-data page classifies 萬芳蛤仔麵 as 夜市小吃（Taiwan Snacks） with markers 小吃; 夜市小吃,high,"Official Tourism Administration open-data page gives update date, local government source, restaurant category and direct marker evidence. Duplicate source-url and restaurant artifact ID checked against Round010 overlay before append; one row represents one source artifact. TLS certificate validation was relaxed for metadata fetch because local Python rejected the site certificate, while the exact public URL is browser/web accessible.",SRC_R010B05_TW_376470000A_000225_OFFICIAL,verified,Taiwan-side,資料更新日期時間 2022-09-02T13:48:20+08:00；餐飲店家類型：夜市小吃（Taiwan Snacks）；萬芳蛤仔麵；麵條吸附著蛤仔清甜的湯汁，雞捲也是酥脆好味道。,小吃;夜市小吃,夜市小吃;Taiwan Snacks,,,https://media.taiwan.net.tw/en-us/portal/travel/details/restaurant_376470000a_000225,eb79cc6da80b24fe,SRC_R010B05_TW_376470000A_000225_OFFICIAL,1,0.9000,0.1000,1,萬芳蛤仔麵,secondary,0.7000,official Taiwan Tourism Administration open-data source with direct date evidence
SRC_R010B05_TW_376470000A_000220_OFFICIAL,2022,2022-09-02,2015-2025_platformization,西門肉圓仔湯,彰化市,Taiwan,Taiwan-side,official_open_data,Taiwan Tourism Administration Open Multimedia Data,https://media.taiwan.net.tw/en-us/portal/travel/details/restaurant_376470000a_000220,official_restaurant_open_data,2022 official open-data page classifies 西門肉圓仔湯 as 夜市小吃（Taiwan Snacks） with markers 肉圓; 肉羹; 魷魚肉羹; 湯圓,high,"Official Tourism Administration open-data page gives update date, local government source, restaurant category and direct marker evidence. Duplicate source-url and restaurant artifact ID checked against Round010 overlay before append; one row represents one source artifact. TLS certificate validation was relaxed for metadata fetch because local Python rejected the site certificate, while the exact public URL is browser/web accessible.",SRC_R010B05_TW_376470000A_000220_OFFICIAL,verified,Taiwan-side,資料更新日期時間 2022-09-02T13:47:45+08:00；餐飲店家類型：夜市小吃（Taiwan Snacks）；西門肉圓仔湯；西門肉圓仔湯最好吃的當然就是招牌「肉圓仔湯」（鹹湯圓），外皮類似水晶餃皮，吃起來Q彈有嚼勁，再配一碗魷魚肉羹，真是超級享受！,肉圓;肉羹;魷魚肉羹;湯圓;小吃;夜市小吃,夜市小吃;Taiwan Snacks,,,https://media.taiwan.net.tw/en-us/portal/travel/details/restaurant_376470000a_000220,e09c5ccea8f543aa,SRC_R010B05_TW_376470000A_000220_OFFICIAL,1,0.9000,0.1000,1,西門肉圓仔湯,secondary,0.7000,official Taiwan Tourism Administration open-data source with direct date evidence
SRC_R010B05_TW_376470000A_000233_OFFICIAL,2022,2022-09-02,2015-2025_platformization,肉包李,彰化市,Taiwan,Taiwan-side,official_open_data,Taiwan Tourism Administration Open Multimedia Data,https://media.taiwan.net.tw/zh-tw/portal/travel/details/restaurant_376470000a_000233,official_restaurant_open_data,2022 official open-data page classifies 肉包李 as 台灣小吃/台菜（Taiwanese Cuisine） with markers 小吃; 台菜; 台灣小吃/台菜; Taiwanese Cuisine,high,"Official Tourism Administration open-data page gives update date, local government source, restaurant category and direct marker evidence. Duplicate source-url and restaurant artifact ID checked against Round010 overlay before append; one row represents one source artifact. TLS certificate validation was relaxed for metadata fetch because local Python rejected the site certificate, while the exact public URL is browser/web accessible.",SRC_R010B05_TW_376470000A_000233_OFFICIAL,verified,Taiwan-side,資料更新日期時間 2022-09-02T13:55:05+08:00；餐飲店家類型：台灣小吃/台菜（Taiwanese Cuisine）；肉包李；彰化市永安街的肉包李，靠著傳統的好味道在當地相當知名，肉包價值實在公道，口感紮實健康有彈性，值得一吃！,小吃;台菜;台灣小吃/台菜;Taiwanese Cuisine,台灣小吃/台菜;Taiwanese Cuisine;台菜,,,https://media.taiwan.net.tw/zh-tw/portal/travel/details/restaurant_376470000a_000233,2eb776df4ccb76ee,SRC_R010B05_TW_376470000A_000233_OFFICIAL,1,0.9000,0.1000,1,肉包李,secondary,0.7000,official Taiwan Tourism Administration open-data source with direct date evidence
SRC_R010B05_TW_376470000A_000232_OFFICIAL,2022,2022-09-02,2015-2025_platformization,阿添蛤仔麵,彰化市,Taiwan,Taiwan-side,official_open_data,Taiwan Tourism Administration Open Multimedia Data,https://media.taiwan.net.tw/zh-tw/portal/travel/details/restaurant_376470000a_000232,official_restaurant_open_data,2022 official open-data page classifies 阿添蛤仔麵 as 夜市小吃（Taiwan Snacks） with markers 小吃; 夜市小吃,high,"Official Tourism Administration open-data page gives update date, local government source, restaurant category and direct marker evidence. Duplicate source-url and restaurant artifact ID checked against Round010 overlay before append; one row represents one source artifact. TLS certificate validation was relaxed for metadata fetch because local Python rejected the site certificate, while the exact public URL is browser/web accessible.",SRC_R010B05_TW_376470000A_000232_OFFICIAL,verified,Taiwan-side,資料更新日期時間 2022-09-02T13:54:51+08:00；餐飲店家類型：夜市小吃（Taiwan Snacks）；阿添蛤仔麵；古意的老闆推薦招牌的蛤仔麵，湯頭淡雅，別有風味，雞捲外皮炸得特別酥脆，適合喜愛脆皮炸物的饕客。,小吃;夜市小吃,夜市小吃;Taiwan Snacks,,,https://media.taiwan.net.tw/zh-tw/portal/travel/details/restaurant_376470000a_000232,44ccb0ea782cf3a5,SRC_R010B05_TW_376470000A_000232_OFFICIAL,1,0.9000,0.1000,1,阿添蛤仔麵,secondary,0.7000,official Taiwan Tourism Administration open-data source with direct date evidence
SRC_R010B05_TW_376470000A_000235_OFFICIAL,2022,2022-09-02,2015-2025_platformization,車路口肉粽,彰化市,Taiwan,Taiwan-side,official_open_data,Taiwan Tourism Administration Open Multimedia Data,https://media.taiwan.net.tw/zh-tw/portal/travel/details/restaurant_376470000a_000235,official_restaurant_open_data,2022 official open-data page classifies 車路口肉粽 as 台灣小吃/台菜（Taiwanese Cuisine） with markers 肉粽; 小吃; 台菜; 台灣小吃/台菜,high,"Official Tourism Administration open-data page gives update date, local government source, restaurant category and direct marker evidence. Duplicate source-url and restaurant artifact ID checked against Round010 overlay before append; one row represents one source artifact. TLS certificate validation was relaxed for metadata fetch because local Python rejected the site certificate, while the exact public URL is browser/web accessible.",SRC_R010B05_TW_376470000A_000235_OFFICIAL,verified,Taiwan-side,資料更新日期時間 2022-09-02T13:56:54+08:00；餐飲店家類型：台灣小吃/台菜（Taiwanese Cuisine）；車路口肉粽；48年歷史的車路口肉粽，米飯香甜、餡香、醬料甘美，可搭配一碗菜頭湯或脆丸湯。,肉粽;小吃;台菜;台灣小吃/台菜;Taiwanese Cuisine,台灣小吃/台菜;Taiwanese Cuisine;台菜,,,https://media.taiwan.net.tw/zh-tw/portal/travel/details/restaurant_376470000a_000235,e352ddbf25b4b943,SRC_R010B05_TW_376470000A_000235_OFFICIAL,1,0.9000,0.1000,1,車路口肉粽,secondary,0.7000,official Taiwan Tourism Administration open-data source with direct date evidence
SRC_R010B05_TW_376470000A_000236_OFFICIAL,2023,2023-12-01,2015-2025_platformization,泉焢肉飯,彰化市,Taiwan,Taiwan-side,official_open_data,Taiwan Tourism Administration Open Multimedia Data,https://media.taiwan.net.tw/en-us/portal/travel/details/restaurant_376470000a_000236,official_restaurant_open_data,2023 official open-data page classifies 泉焢肉飯 as 台灣小吃/台菜（Taiwanese Cuisine） with markers 爌肉飯; 焢肉飯; 小吃; 台菜,high,"Official Tourism Administration open-data page gives update date, local government source, restaurant category and direct marker evidence. Duplicate source-url and restaurant artifact ID checked against Round010 overlay before append; one row represents one source artifact. TLS certificate validation was relaxed for metadata fetch because local Python rejected the site certificate, while the exact public URL is browser/web accessible.",SRC_R010B05_TW_376470000A_000236_OFFICIAL,verified,Taiwan-side,資料更新日期時間 2023-12-01T15:03:23+08:00；餐飲店家類型：台灣小吃/台菜（Taiwanese Cuisine）；泉焢肉飯；位於市中心巷弄中的「阿泉爌肉飯」，是知名的彰化在地小吃，天微亮就湧現人潮。鮮嫩多汁的爌肉配上香Q米飯，淋上完美滷汁的美味，成功榮獲2023「500碗」冠軍殊榮。,爌肉飯;焢肉飯;小吃;台菜;台灣小吃/台菜;Taiwanese Cuisine,台灣小吃/台菜;Taiwanese Cuisine;台菜,,,https://media.taiwan.net.tw/en-us/portal/travel/details/restaurant_376470000a_000236,f5cc8bc74c5e6cb5,SRC_R010B05_TW_376470000A_000236_OFFICIAL,1,0.9000,0.1000,1,泉焢肉飯,secondary,0.7000,official Taiwan Tourism Administration open-data source with direct date evidence
SRC_R010B05_TW_376470000A_000247_OFFICIAL,2023,2023-02-17,2015-2025_platformization,許記花壇肉羹,花壇鄉,Taiwan,Taiwan-side,official_open_data,Taiwan Tourism Administration Open Multimedia Data,https://media.taiwan.net.tw/zh-tw/portal/travel/details/restaurant_376470000a_000247,official_restaurant_open_data,2023 official open-data page classifies 許記花壇肉羹 as 台灣小吃/台菜（Taiwanese Cuisine） with markers 肉羹; 小吃; 台菜; 台灣小吃/台菜,high,"Official Tourism Administration open-data page gives update date, local government source, restaurant category and direct marker evidence. Duplicate source-url and restaurant artifact ID checked against Round010 overlay before append; one row represents one source artifact. TLS certificate validation was relaxed for metadata fetch because local Python rejected the site certificate, while the exact public URL is browser/web accessible.",SRC_R010B05_TW_376470000A_000247_OFFICIAL,verified,Taiwan-side,資料更新日期時間 2023-02-17T10:06:51+08:00；餐飲店家類型：台灣小吃/台菜（Taiwanese Cuisine）；許記花壇肉羹；傳承了半世紀的花壇肉羹，位於花壇公有市場市場內，攤位前人潮不斷，在攤位旁有幾爐炭火，是專門用來燒水煮肉羹之用。,肉羹;小吃;台菜;台灣小吃/台菜;Taiwanese Cuisine,台灣小吃/台菜;Taiwanese Cuisine;台菜,,,https://media.taiwan.net.tw/zh-tw/portal/travel/details/restaurant_376470000a_000247,d0d75f463b8dc5da,SRC_R010B05_TW_376470000A_000247_OFFICIAL,1,0.9000,0.1000,1,許記花壇肉羹,secondary,0.7000,official Taiwan Tourism Administration open-data source with direct date evidence
SRC_R010B05_TW_376470000A_000246_OFFICIAL,2024,2024-04-11,2015-2025_platformization,阿來羊肉店,花壇鄉,Taiwan,Taiwan-side,official_open_data,Taiwan Tourism Administration Open Multimedia Data,https://media.taiwan.net.tw/en-us/portal/travel/details/restaurant_376470000a_000246,official_restaurant_open_data,2024 official open-data page classifies 阿來羊肉店 as 台灣小吃/台菜（Taiwanese Cuisine） with markers 小吃; 台菜; 台灣小吃/台菜; Taiwanese Cuisine,high,"Official Tourism Administration open-data page gives update date, local government source, restaurant category and direct marker evidence. Duplicate source-url and restaurant artifact ID checked against Round010 overlay before append; one row represents one source artifact. TLS certificate validation was relaxed for metadata fetch because local Python rejected the site certificate, while the exact public URL is browser/web accessible.",SRC_R010B05_TW_376470000A_000246_OFFICIAL,verified,Taiwan-side,資料更新日期時間 2024-04-11T14:36:37+08:00；餐飲店家類型：台灣小吃/台菜（Taiwanese Cuisine）；阿來羊肉店；阿來羊肉店位於花壇公有市場內，是在地人喜歡光顧的店家，一盆盆的羊大骨，燉煮熬湯，炒羊肉新鮮滋味甜美，羊肉湯分為帶皮羊肉及瘦肉羊肉湯兩種，帶皮羊肉有皮的咬勁，卻不失嫩度，是絕佳的美味。,小吃;台菜;台灣小吃/台菜;Taiwanese Cuisine,台灣小吃/台菜;Taiwanese Cuisine;台菜,,,https://media.taiwan.net.tw/en-us/portal/travel/details/restaurant_376470000a_000246,d4fa4023e2576fdc,SRC_R010B05_TW_376470000A_000246_OFFICIAL,1,0.9000,0.1000,1,阿來羊肉店,secondary,0.7000,official Taiwan Tourism Administration open-data source with direct date evidence
SRC_R010B05_TW_376470000A_000250_OFFICIAL,2023,2023-02-17,2015-2025_platformization,小時候豆標,大村鄉,Taiwan,Taiwan-side,official_open_data,Taiwan Tourism Administration Open Multimedia Data,https://media.taiwan.net.tw/zh-tw/portal/travel/details/restaurant_376470000a_000250,official_restaurant_open_data,2023 official open-data page classifies 小時候豆標 as 夜市小吃（Taiwan Snacks） with markers 小吃; 夜市小吃,high,"Official Tourism Administration open-data page gives update date, local government source, restaurant category and direct marker evidence. Duplicate source-url and restaurant artifact ID checked against Round010 overlay before append; one row represents one source artifact. TLS certificate validation was relaxed for metadata fetch because local Python rejected the site certificate, while the exact public URL is browser/web accessible.",SRC_R010B05_TW_376470000A_000250_OFFICIAL,verified,Taiwan-side,資料更新日期時間 2023-02-17T11:40:44+08:00；餐飲店家類型：夜市小吃（Taiwan Snacks）；小時候豆標；位於幹道上的大村小時候大餅，遠遠地就能看到路邊暫時停車購買的車潮，店內販賣的產品種類眾多，現做的大餅有三種口味，原味、起司、黑糖，原味最能嚐出單純麵皮的軟嫩香氣，純樸的滋味齒頰留香，另外，蔥油餅的做法也不同一般，是以麵皮包裹大量蔥花再油炸而成，滋味特別。,小吃;夜市小吃,夜市小吃;Taiwan Snacks,,,https://media.taiwan.net.tw/zh-tw/portal/travel/details/restaurant_376470000a_000250,f737e31dc77c5944,SRC_R010B05_TW_376470000A_000250_OFFICIAL,1,0.9000,0.1000,1,小時候豆標,secondary,0.7000,official Taiwan Tourism Administration open-data source with direct date evidence
SRC_R010B05_TW_376470000A_000249_OFFICIAL,2023,2023-02-17,2015-2025_platformization,花壇山中居觀景餐廳,花壇鄉,Taiwan,Taiwan-side,official_open_data,Taiwan Tourism Administration Open Multimedia Data,https://media.taiwan.net.tw/en-us/portal/travel/details/restaurant_376470000a_000249,official_restaurant_open_data,2023 official open-data page classifies 花壇山中居觀景餐廳 as 其他（Other） with markers 米粉,high,"Official Tourism Administration open-data page gives update date, local government source, restaurant category and direct marker evidence. Duplicate source-url and restaurant artifact ID checked against Round010 overlay before append; one row represents one source artifact. TLS certificate validation was relaxed for metadata fetch because local Python rejected the site certificate, while the exact public URL is browser/web accessible.",SRC_R010B05_TW_376470000A_000249_OFFICIAL,verified,Taiwan-side,資料更新日期時間 2023-02-17T11:00:48+08:00；餐飲店家類型：其他（Other）；花壇山中居觀景餐廳；山中居茶坊位於臺灣民俗村正上方，擁有極佳的景觀，餐廳內提供的古早味金瓜米粉、鳳梨苦瓜雞、燒烤胡椒魚等都是老闆自己的料理手法呈現。,米粉,古早味,,,https://media.taiwan.net.tw/en-us/portal/travel/details/restaurant_376470000a_000249,3c9b72da79c06a9d,SRC_R010B05_TW_376470000A_000249_OFFICIAL,1,0.9000,0.1000,1,花壇山中居觀景餐廳,secondary,0.7000,official Taiwan Tourism Administration open-data source with direct date evidence
SRC_R010B05_TW_376470000A_000253_OFFICIAL,2023,2023-02-17,2015-2025_platformization,大村當歸鴨,大村鄉,Taiwan,Taiwan-side,official_open_data,Taiwan Tourism Administration Open Multimedia Data,https://media.taiwan.net.tw/en-us/portal/travel/details/restaurant_376470000a_000253,official_restaurant_open_data,2023 official open-data page classifies 大村當歸鴨 as 台灣小吃/台菜（Taiwanese Cuisine） with markers 麵線; 小吃; 台菜; 台灣小吃/台菜,high,"Official Tourism Administration open-data page gives update date, local government source, restaurant category and direct marker evidence. Duplicate source-url and restaurant artifact ID checked against Round010 overlay before append; one row represents one source artifact. TLS certificate validation was relaxed for metadata fetch because local Python rejected the site certificate, while the exact public URL is browser/web accessible.",SRC_R010B05_TW_376470000A_000253_OFFICIAL,verified,Taiwan-side,資料更新日期時間 2023-02-17T11:45:56+08:00；餐飲店家類型：台灣小吃/台菜（Taiwanese Cuisine）；大村當歸鴨；當歸鴨麵線，滷味，米血40年的當鴨肉老店，以古法熬製湯頭，滷汁用上等近十種的中藥材熬煮，包括當歸、紅棗、熟地、枸杞、黃耆等等，湯雖黑但卻不苦，當歸鴨麵線、鴨肉麵及米血等等是客人必點招牌美食,麵線;小吃;台菜;台灣小吃/台菜;Taiwanese Cuisine,台灣小吃/台菜;Taiwanese Cuisine;台菜,,,https://media.taiwan.net.tw/en-us/portal/travel/details/restaurant_376470000a_000253,37f8b9b00fdd27b7,SRC_R010B05_TW_376470000A_000253_OFFICIAL,1,0.9000,0.1000,1,大村當歸鴨,secondary,0.7000,official Taiwan Tourism Administration open-data source with direct date evidence
SRC_R010B05_TW_376470000A_000256_OFFICIAL,2022,2022-08-22,2015-2025_platformization,魯肉張,員林市,Taiwan,Taiwan-side,official_open_data,Taiwan Tourism Administration Open Multimedia Data,https://media.taiwan.net.tw/zh-tw/portal/travel/details/restaurant_376470000a_000256,official_restaurant_open_data,2022 official open-data page classifies 魯肉張 as 台灣小吃/台菜（Taiwanese Cuisine） with markers 爌肉飯; 小吃; 台菜; 台灣小吃/台菜,high,"Official Tourism Administration open-data page gives update date, local government source, restaurant category and direct marker evidence. Duplicate source-url and restaurant artifact ID checked against Round010 overlay before append; one row represents one source artifact. TLS certificate validation was relaxed for metadata fetch because local Python rejected the site certificate, while the exact public URL is browser/web accessible.",SRC_R010B05_TW_376470000A_000256_OFFICIAL,verified,Taiwan-side,資料更新日期時間 2022-08-22T11:34:40+08:00；餐飲店家類型：台灣小吃/台菜（Taiwanese Cuisine）；魯肉張；位於員林的魯肉張，內有魯肉飯、爌肉飯等等美食，還有免費取用的湯品及醬茶等。,爌肉飯;小吃;台菜;台灣小吃/台菜;Taiwanese Cuisine,台灣小吃/台菜;Taiwanese Cuisine;台菜,,,https://media.taiwan.net.tw/zh-tw/portal/travel/details/restaurant_376470000a_000256,ec6bda21e79714e5,SRC_R010B05_TW_376470000A_000256_OFFICIAL,1,0.9000,0.1000,1,魯肉張,secondary,0.7000,official Taiwan Tourism Administration open-data source with direct date evidence
SRC_R010B05_TW_376470000A_000260_OFFICIAL,2022,2022-08-22,2015-2025_platformization,阿火米苔目,員林市,Taiwan,Taiwan-side,official_open_data,Taiwan Tourism Administration Open Multimedia Data,https://media.taiwan.net.tw/en-us/portal/travel/details/restaurant_376470000a_000260,official_restaurant_open_data,2022 official open-data page classifies 阿火米苔目 as 夜市小吃（Taiwan Snacks） with markers 小吃; 夜市小吃,high,"Official Tourism Administration open-data page gives update date, local government source, restaurant category and direct marker evidence. Duplicate source-url and restaurant artifact ID checked against Round010 overlay before append; one row represents one source artifact. TLS certificate validation was relaxed for metadata fetch because local Python rejected the site certificate, while the exact public URL is browser/web accessible.",SRC_R010B05_TW_376470000A_000260_OFFICIAL,verified,Taiwan-side,資料更新日期時間 2022-08-22T11:42:17+08:00；餐飲店家類型：夜市小吃（Taiwan Snacks）；阿火米苔目；位於員林的阿火米苔目，是高人氣的知名小吃店，小小的店擠滿了人潮，米苔目、切仔麵、三層肉等等，無不讓人食指大動。,小吃;夜市小吃,夜市小吃;Taiwan Snacks,,,https://media.taiwan.net.tw/en-us/portal/travel/details/restaurant_376470000a_000260,3c1da796a00d5c74,SRC_R010B05_TW_376470000A_000260_OFFICIAL,1,0.9000,0.1000,1,阿火米苔目,secondary,0.7000,official Taiwan Tourism Administration open-data source with direct date evidence
SRC_R010B05_TW_376470000A_000262_OFFICIAL,2022,2022-08-22,2015-2025_platformization,黑竹園,員林市,Taiwan,Taiwan-side,official_open_data,Taiwan Tourism Administration Open Multimedia Data,https://media.taiwan.net.tw/en-us/portal/travel/details/restaurant_376470000a_000262,official_restaurant_open_data,2022 official open-data page classifies 黑竹園 as 台灣小吃/台菜（Taiwanese Cuisine） with markers 小吃; 台菜; 台灣小吃/台菜; Taiwanese Cuisine,high,"Official Tourism Administration open-data page gives update date, local government source, restaurant category and direct marker evidence. Duplicate source-url and restaurant artifact ID checked against Round010 overlay before append; one row represents one source artifact. TLS certificate validation was relaxed for metadata fetch because local Python rejected the site certificate, while the exact public URL is browser/web accessible.",SRC_R010B05_TW_376470000A_000262_OFFICIAL,verified,Taiwan-side,資料更新日期時間 2022-08-22T11:36:55+08:00；餐飲店家類型：台灣小吃/台菜（Taiwanese Cuisine）；黑竹園；台灣創始老店黑竹園滷味雞腳凍的特色是，先將雞腳挑骨後，以開水川燙，再加上用全雞及獨門秘方的滷汁一同熬煮，包含十餘種中藥材。除了雞腳凍外，鴨舌、鴨翅凍等也相當美味。,小吃;台菜;台灣小吃/台菜;Taiwanese Cuisine,台灣小吃/台菜;Taiwanese Cuisine;台菜,,,https://media.taiwan.net.tw/en-us/portal/travel/details/restaurant_376470000a_000262,e74694d8b2b17be1,SRC_R010B05_TW_376470000A_000262_OFFICIAL,1,0.9000,0.1000,1,黑竹園,secondary,0.7000,official Taiwan Tourism Administration open-data source with direct date evidence
SRC_R010B05_TW_376470000A_000263_OFFICIAL,2022,2022-08-22,2015-2025_platformization,米糕榕,員林市,Taiwan,Taiwan-side,official_open_data,Taiwan Tourism Administration Open Multimedia Data,https://media.taiwan.net.tw/zh-tw/portal/travel/details/restaurant_376470000a_000263,official_restaurant_open_data,2022 official open-data page classifies 米糕榕 as 夜市小吃（Taiwan Snacks） with markers 米糕; 肉羹; 小吃; 夜市小吃,high,"Official Tourism Administration open-data page gives update date, local government source, restaurant category and direct marker evidence. Duplicate source-url and restaurant artifact ID checked against Round010 overlay before append; one row represents one source artifact. TLS certificate validation was relaxed for metadata fetch because local Python rejected the site certificate, while the exact public URL is browser/web accessible.",SRC_R010B05_TW_376470000A_000263_OFFICIAL,verified,Taiwan-side,資料更新日期時間 2022-08-22T11:41:29+08:00；餐飲店家類型：夜市小吃（Taiwan Snacks）；米糕榕；位於員林的米糕榕，其滿滿肉燥香氣的米糕是人氣招牌，其他餐點包括燒肉、香腸、肉羹湯，小菜選擇也很多。,米糕;肉羹;小吃;夜市小吃,夜市小吃;Taiwan Snacks,,,https://media.taiwan.net.tw/zh-tw/portal/travel/details/restaurant_376470000a_000263,b59cde26ce25228f,SRC_R010B05_TW_376470000A_000263_OFFICIAL,1,0.9000,0.1000,1,米糕榕,secondary,0.7000,official Taiwan Tourism Administration open-data source with direct date evidence
SRC_R010B05_TW_376470000A_000264_OFFICIAL,2022,2022-08-22,2015-2025_platformization,大胖凸皮麵,員林市,Taiwan,Taiwan-side,official_open_data,Taiwan Tourism Administration Open Multimedia Data,https://media.taiwan.net.tw/zh-tw/portal/travel/details/restaurant_376470000a_000264,official_restaurant_open_data,2022 official open-data page classifies 大胖凸皮麵 as 台灣小吃/台菜（Taiwanese Cuisine） with markers 小吃; 台菜; 台灣小吃/台菜; Taiwanese Cuisine,high,"Official Tourism Administration open-data page gives update date, local government source, restaurant category and direct marker evidence. Duplicate source-url and restaurant artifact ID checked against Round010 overlay before append; one row represents one source artifact. TLS certificate validation was relaxed for metadata fetch because local Python rejected the site certificate, while the exact public URL is browser/web accessible.",SRC_R010B05_TW_376470000A_000264_OFFICIAL,verified,Taiwan-side,資料更新日期時間 2022-08-22T11:43:19+08:00；餐飲店家類型：台灣小吃/台菜（Taiwanese Cuisine）；大胖凸皮麵；大胖凸皮麵是20年的老店了，原本位於大同路，現在移到浮圳路二段，「凸皮麵」就是炸過的豬皮，是這裡的獨家美食。,小吃;台菜;台灣小吃/台菜;Taiwanese Cuisine,台灣小吃/台菜;Taiwanese Cuisine;台菜,,,https://media.taiwan.net.tw/zh-tw/portal/travel/details/restaurant_376470000a_000264,ec1dc5610c8ca5a3,SRC_R010B05_TW_376470000A_000264_OFFICIAL,1,0.9000,0.1000,1,大胖凸皮麵,secondary,0.7000,official Taiwan Tourism Administration open-data source with direct date evidence
SRC_R010B05_TW_376470000A_000265_OFFICIAL,2022,2022-08-22,2015-2025_platformization,九重炊油蔥粿,員林市,Taiwan,Taiwan-side,official_open_data,Taiwan Tourism Administration Open Multimedia Data,https://media.taiwan.net.tw/zh-tw/portal/travel/details/restaurant_376470000a_000265,official_restaurant_open_data,2022 official open-data page classifies 九重炊油蔥粿 as 台灣小吃/台菜（Taiwanese Cuisine） with markers 小吃; 台菜; 台灣小吃/台菜; Taiwanese Cuisine,high,"Official Tourism Administration open-data page gives update date, local government source, restaurant category and direct marker evidence. Duplicate source-url and restaurant artifact ID checked against Round010 overlay before append; one row represents one source artifact. TLS certificate validation was relaxed for metadata fetch because local Python rejected the site certificate, while the exact public URL is browser/web accessible.",SRC_R010B05_TW_376470000A_000265_OFFICIAL,verified,Taiwan-side,資料更新日期時間 2022-08-22T11:21:17+08:00；餐飲店家類型：台灣小吃/台菜（Taiwanese Cuisine）；九重炊油蔥粿；一層米漿，層層疊疊，經過九道手續才完成，故名為「九層炊油蔥粿」。由於製法特殊和使用油蔥，所以九層炊油蔥粿的口感特殊。,小吃;台菜;台灣小吃/台菜;Taiwanese Cuisine,台灣小吃/台菜;Taiwanese Cuisine;台菜,,,https://media.taiwan.net.tw/zh-tw/portal/travel/details/restaurant_376470000a_000265,715362ab134ab1d8,SRC_R010B05_TW_376470000A_000265_OFFICIAL,1,0.9000,0.1000,1,九重炊油蔥粿,secondary,0.7000,official Taiwan Tourism Administration open-data source with direct date evidence
SRC_R010B05_TW_376470000A_000267_OFFICIAL,2023,2023-02-17,2015-2025_platformization,肉餅榮,社頭鄉,Taiwan,Taiwan-side,official_open_data,Taiwan Tourism Administration Open Multimedia Data,https://media.taiwan.net.tw/zh-tw/portal/travel/details/restaurant_376470000a_000267,official_restaurant_open_data,2023 official open-data page classifies 肉餅榮 as 夜市小吃（Taiwan Snacks） with markers 小吃; 夜市小吃,high,"Official Tourism Administration open-data page gives update date, local government source, restaurant category and direct marker evidence. Duplicate source-url and restaurant artifact ID checked against Round010 overlay before append; one row represents one source artifact. TLS certificate validation was relaxed for metadata fetch because local Python rejected the site certificate, while the exact public URL is browser/web accessible.",SRC_R010B05_TW_376470000A_000267_OFFICIAL,verified,Taiwan-side,資料更新日期時間 2023-02-17T16:04:16+08:00；餐飲店家類型：夜市小吃（Taiwan Snacks）；肉餅榮；肉餅榮的店面前就掛著一串串手工製作的古早味香腸，老闆在店內正幫剛出爐的麻米老裹粉，老闆隨手拿了一塊剛成為成品的麻米老，一咬下口腔中便充滿花生粉的香氣，內部蓬鬆酥軟，相當美味。,小吃;夜市小吃,夜市小吃;Taiwan Snacks;古早味,,,https://media.taiwan.net.tw/zh-tw/portal/travel/details/restaurant_376470000a_000267,deb2934d65ca66c3,SRC_R010B05_TW_376470000A_000267_OFFICIAL,1,0.9000,0.1000,1,肉餅榮,secondary,0.7000,official Taiwan Tourism Administration open-data source with direct date evidence
SRC_R010B05_TW_376470000A_000270_OFFICIAL,2023,2023-02-15,2015-2025_platformization,周記蒸餃,田中鎮,Taiwan,Taiwan-side,official_open_data,Taiwan Tourism Administration Open Multimedia Data,https://media.taiwan.net.tw/zh-tw/portal/travel/details/restaurant_376470000a_000270,official_restaurant_open_data,2023 official open-data page classifies 周記蒸餃 as 台灣小吃/台菜（Taiwanese Cuisine） with markers 小吃; 台菜; 台灣小吃/台菜; Taiwanese Cuisine,high,"Official Tourism Administration open-data page gives update date, local government source, restaurant category and direct marker evidence. Duplicate source-url and restaurant artifact ID checked against Round010 overlay before append; one row represents one source artifact. TLS certificate validation was relaxed for metadata fetch because local Python rejected the site certificate, while the exact public URL is browser/web accessible.",SRC_R010B05_TW_376470000A_000270_OFFICIAL,verified,Taiwan-side,資料更新日期時間 2023-02-15T16:21:07+08:00；餐飲店家類型：台灣小吃/台菜（Taiwanese Cuisine）；周記蒸餃；周記蒸餃現包現蒸的蒸餃新鮮美味，一旁師傅忙著包蒸餃，一大落竹製蒸籠因客人多，始終冒著蒸氣，蒸餃內餡滋味鮮美，以韭黃、豬肉等為主，一口咬下，湯汁便汩汩流出，店家滷製的各式小菜相當入味，搭配蒸餃、熱湯，是來到充滿古意的田中鎮值得一嚐的味道。,小吃;台菜;台灣小吃/台菜;Taiwanese Cuisine,台灣小吃/台菜;Taiwanese Cuisine;台菜,,,https://media.taiwan.net.tw/zh-tw/portal/travel/details/restaurant_376470000a_000270,a37deea254e5dc39,SRC_R010B05_TW_376470000A_000270_OFFICIAL,1,0.9000,0.1000,1,周記蒸餃,secondary,0.7000,official Taiwan Tourism Administration open-data source with direct date evidence
SRC_R010B05_TW_376470000A_000277_OFFICIAL,2023,2023-02-15,2015-2025_platformization,溪湖香饌胡椒餅,溪湖鎮,Taiwan,Taiwan-side,official_open_data,Taiwan Tourism Administration Open Multimedia Data,https://media.taiwan.net.tw/zh-tw/portal/travel/details/restaurant_376470000a_000277,official_restaurant_open_data,2023 official open-data page classifies 溪湖香饌胡椒餅 as 夜市小吃（Taiwan Snacks） with markers 小吃; 夜市小吃,high,"Official Tourism Administration open-data page gives update date, local government source, restaurant category and direct marker evidence. Duplicate source-url and restaurant artifact ID checked against Round010 overlay before append; one row represents one source artifact. TLS certificate validation was relaxed for metadata fetch because local Python rejected the site certificate, while the exact public URL is browser/web accessible.",SRC_R010B05_TW_376470000A_000277_OFFICIAL,verified,Taiwan-side,資料更新日期時間 2023-02-15T14:51:26+08:00；餐飲店家類型：夜市小吃（Taiwan Snacks）；溪湖香饌胡椒餅；溪湖香饌胡椒餅在溪湖鎮二溪路，此為溪湖名產，新竹也有分店，產品皆新鮮現做，可提前電話預約，另有冷凍宅配服務。,小吃;夜市小吃,夜市小吃;Taiwan Snacks,,,https://media.taiwan.net.tw/zh-tw/portal/travel/details/restaurant_376470000a_000277,2c20ade0a622e935,SRC_R010B05_TW_376470000A_000277_OFFICIAL,1,0.9000,0.1000,1,溪湖香饌胡椒餅,secondary,0.7000,official Taiwan Tourism Administration open-data source with direct date evidence
SRC_R010B05_TW_376470000A_000278_OFFICIAL,2023,2023-02-15,2015-2025_platformization,阿明羊肉爐,溪湖鎮,Taiwan,Taiwan-side,official_open_data,Taiwan Tourism Administration Open Multimedia Data,https://media.taiwan.net.tw/zh-tw/portal/travel/details/restaurant_376470000a_000278,official_restaurant_open_data,2023 official open-data page classifies 阿明羊肉爐 as 台灣小吃/台菜（Taiwanese Cuisine） with markers 麵線; 羊肉爐; 小吃; 台菜,high,"Official Tourism Administration open-data page gives update date, local government source, restaurant category and direct marker evidence. Duplicate source-url and restaurant artifact ID checked against Round010 overlay before append; one row represents one source artifact. TLS certificate validation was relaxed for metadata fetch because local Python rejected the site certificate, while the exact public URL is browser/web accessible.",SRC_R010B05_TW_376470000A_000278_OFFICIAL,verified,Taiwan-side,資料更新日期時間 2023-02-15T14:57:00+08:00；餐飲店家類型：台灣小吃/台菜（Taiwanese Cuisine）；阿明羊肉爐；近五十年的阿明羊肉爐傳承傳統烹調方式，選用企業化管理的臺灣土羊，羊肉鮮甜沒有羶味，韌度佳，在口中咀嚼時口感甚佳。阿明羊肉爐的羊肉菜色，包括肉、肝、心、肚、雜頭骨等，以不同的烹飪方式能變化出許多美味的料理。因應現代人口味較多變，且吃得較清淡，再加上冬、夏季節性的差異，發展出口味較濃的「中藥羊肉爐」和口 味較淡的「薑絲羊肉爐」兩種。炒羊肚、羊肉薄片、燒烤羊肉、麵線等都值得嚐嚐。 文字描述 文字描述-顯示或收起長內容,麵線;羊肉爐;小吃;台菜;台灣小吃/台菜;Taiwanese Cuisine,台灣小吃/台菜;Taiwanese Cuisine;台菜,,,https://media.taiwan.net.tw/zh-tw/portal/travel/details/restaurant_376470000a_000278,6d0a1b32aa4ec54c,SRC_R010B05_TW_376470000A_000278_OFFICIAL,1,0.9000,0.1000,1,阿明羊肉爐,secondary,0.7000,official Taiwan Tourism Administration open-data source with direct date evidence
SRC_R010B05_TW_376470000A_000285_OFFICIAL,2023,2023-02-16,2015-2025_platformization,阿修的排骨,秀水鄉,Taiwan,Taiwan-side,official_open_data,Taiwan Tourism Administration Open Multimedia Data,https://media.taiwan.net.tw/zh-tw/portal/travel/details/restaurant_376470000a_000285,official_restaurant_open_data,2023 official open-data page classifies 阿修的排骨 as 台灣小吃/台菜（Taiwanese Cuisine） with markers 小吃; 台菜; 台灣小吃/台菜; Taiwanese Cuisine,high,"Official Tourism Administration open-data page gives update date, local government source, restaurant category and direct marker evidence. Duplicate source-url and restaurant artifact ID checked against Round010 overlay before append; one row represents one source artifact. TLS certificate validation was relaxed for metadata fetch because local Python rejected the site certificate, while the exact public URL is browser/web accessible.",SRC_R010B05_TW_376470000A_000285_OFFICIAL,verified,Taiwan-side,資料更新日期時間 2023-02-16T13:21:07+08:00；餐飲店家類型：台灣小吃/台菜（Taiwanese Cuisine）；阿修的排骨；排骨飯是招牌菜色，相當樸實的滋味，老闆以自釀的醬油醃製，從黑豆開始、發酵，經過兩年左右時間完成醬油，再浸泡排骨，不會過鹹。,小吃;台菜;台灣小吃/台菜;Taiwanese Cuisine,台灣小吃/台菜;Taiwanese Cuisine;台菜,,,https://media.taiwan.net.tw/zh-tw/portal/travel/details/restaurant_376470000a_000285,f2cb9c8d94308c08,SRC_R010B05_TW_376470000A_000285_OFFICIAL,1,0.9000,0.1000,1,阿修的排骨,secondary,0.7000,official Taiwan Tourism Administration open-data source with direct date evidence
SRC_R010B05_TW_376470000A_000287_OFFICIAL,2023,2023-02-16,2015-2025_platformization,太祖魷魚羹,秀水鄉,Taiwan,Taiwan-side,official_open_data,Taiwan Tourism Administration Open Multimedia Data,https://media.taiwan.net.tw/en-us/portal/travel/details/restaurant_376470000a_000287,official_restaurant_open_data,2023 official open-data page classifies 太祖魷魚羹 as 夜市小吃（Taiwan Snacks） with markers 肉羹; 小吃; 夜市小吃,high,"Official Tourism Administration open-data page gives update date, local government source, restaurant category and direct marker evidence. Duplicate source-url and restaurant artifact ID checked against Round010 overlay before append; one row represents one source artifact. TLS certificate validation was relaxed for metadata fetch because local Python rejected the site certificate, while the exact public URL is browser/web accessible.",SRC_R010B05_TW_376470000A_000287_OFFICIAL,verified,Taiwan-side,資料更新日期時間 2023-02-16T13:17:34+08:00；餐飲店家類型：夜市小吃（Taiwan Snacks）；太祖魷魚羹；太祖魷魚羹於74年在台中正式創立，是台灣最早的加盟體系，以老口味新面貌的姿態，研發各式新產品，有包括招牌魷魚羹、招牌赤肉羹、羊肉羹、雞肉飯、古早味麻醬麵、各式小菜。,肉羹;小吃;夜市小吃,夜市小吃;Taiwan Snacks;古早味,,,https://media.taiwan.net.tw/en-us/portal/travel/details/restaurant_376470000a_000287,9c3ab5b359acabc4,SRC_R010B05_TW_376470000A_000287_OFFICIAL,1,0.9000,0.1000,1,太祖魷魚羹,secondary,0.7000,official Taiwan Tourism Administration open-data source with direct date evidence
SRC_R010B05_TW_376470000A_000289_OFFICIAL,2023,2023-04-28,2015-2025_platformization,廣香居食品,和美鎮,Taiwan,Taiwan-side,official_open_data,Taiwan Tourism Administration Open Multimedia Data,https://media.taiwan.net.tw/zh-tw/portal/travel/details/restaurant_376470000a_000289,official_restaurant_open_data,2023 official open-data page classifies 廣香居食品 as 台灣小吃/台菜（Taiwanese Cuisine） with markers 小吃; 台菜; 台灣小吃/台菜; Taiwanese Cuisine,high,"Official Tourism Administration open-data page gives update date, local government source, restaurant category and direct marker evidence. Duplicate source-url and restaurant artifact ID checked against Round010 overlay before append; one row represents one source artifact. TLS certificate validation was relaxed for metadata fetch because local Python rejected the site certificate, while the exact public URL is browser/web accessible.",SRC_R010B05_TW_376470000A_000289_OFFICIAL,verified,Taiwan-side,資料更新日期時間 2023-04-28T15:02:14+08:00；餐飲店家類型：台灣小吃/台菜（Taiwanese Cuisine）；廣香居食品；和美廣香居食品以「古早味」的香腸、貢丸聞名，香腸以溫體豬肉，在宰殺兩小時內製作，加上中藥調味，而香腸內的豬肉為「肉塊」。,小吃;台菜;台灣小吃/台菜;Taiwanese Cuisine,台灣小吃/台菜;Taiwanese Cuisine;古早味;台菜,,,https://media.taiwan.net.tw/zh-tw/portal/travel/details/restaurant_376470000a_000289,240cfdd06b01ff7a,SRC_R010B05_TW_376470000A_000289_OFFICIAL,1,0.9000,0.1000,1,廣香居食品,secondary,0.7000,official Taiwan Tourism Administration open-data source with direct date evidence
SRC_R010B05_TW_376470000A_000290_OFFICIAL,2023,2023-01-06,2015-2025_platformization,崧園日式食坊,和美鎮,Taiwan,Taiwan-side,official_open_data,Taiwan Tourism Administration Open Multimedia Data,https://media.taiwan.net.tw/zh-tw/portal/travel/details/restaurant_376470000a_000290,official_restaurant_open_data,2023 official open-data page classifies 崧園日式食坊 as 台灣小吃/台菜（Taiwanese Cuisine） with markers 小吃; 台菜; 台灣小吃/台菜; Taiwanese Cuisine,high,"Official Tourism Administration open-data page gives update date, local government source, restaurant category and direct marker evidence. Duplicate source-url and restaurant artifact ID checked against Round010 overlay before append; one row represents one source artifact. TLS certificate validation was relaxed for metadata fetch because local Python rejected the site certificate, while the exact public URL is browser/web accessible.",SRC_R010B05_TW_376470000A_000290_OFFICIAL,verified,Taiwan-side,資料更新日期時間 2023-01-06T13:34:24+08:00；餐飲店家類型：台灣小吃/台菜（Taiwanese Cuisine）；崧園日式食坊；位於和美鎮的崧園日式食坊，美味又平價，店內空間小而溫馨，師傅專心的在手做料理，除了吧台位置，還有包廂可以選擇。,小吃;台菜;台灣小吃/台菜;Taiwanese Cuisine,台灣小吃/台菜;Taiwanese Cuisine;台菜,,,https://media.taiwan.net.tw/zh-tw/portal/travel/details/restaurant_376470000a_000290,c6ded7ad88f0e051,SRC_R010B05_TW_376470000A_000290_OFFICIAL,1,0.9000,0.1000,1,崧園日式食坊,secondary,0.7000,official Taiwan Tourism Administration open-data source with direct date evidence
SRC_R010B05_TW_376470000A_000291_OFFICIAL,2023,2023-01-06,2015-2025_platformization,美味海鮮小吃,和美鎮,Taiwan,Taiwan-side,official_open_data,Taiwan Tourism Administration Open Multimedia Data,https://media.taiwan.net.tw/zh-tw/portal/travel/details/restaurant_376470000a_000291,official_restaurant_open_data,2023 official open-data page classifies 美味海鮮小吃 as 台灣小吃/台菜（Taiwanese Cuisine） with markers 小吃; 台菜; 台灣小吃/台菜; Taiwanese Cuisine,high,"Official Tourism Administration open-data page gives update date, local government source, restaurant category and direct marker evidence. Duplicate source-url and restaurant artifact ID checked against Round010 overlay before append; one row represents one source artifact. TLS certificate validation was relaxed for metadata fetch because local Python rejected the site certificate, while the exact public URL is browser/web accessible.",SRC_R010B05_TW_376470000A_000291_OFFICIAL,verified,Taiwan-side,資料更新日期時間 2023-01-06T13:35:06+08:00；餐飲店家類型：台灣小吃/台菜（Taiwanese Cuisine）；美味海鮮小吃；美味海鮮位在和美與伸港交界的和港路上，地利之便因此大量運用當地的新鮮食材製作料理，運用伸港鄉所產的蒜頭製成獨特的蒜頭炒飯，味噌蛤蠣湯汁味道鮮甜可口，老闆娘特地交待這道菜的重點是湯汁呢！,小吃;台菜;台灣小吃/台菜;Taiwanese Cuisine,台灣小吃/台菜;Taiwanese Cuisine;台菜,,,https://media.taiwan.net.tw/zh-tw/portal/travel/details/restaurant_376470000a_000291,4389b9df895c424f,SRC_R010B05_TW_376470000A_000291_OFFICIAL,1,0.9000,0.1000,1,美味海鮮小吃,secondary,0.7000,official Taiwan Tourism Administration open-data source with direct date evidence
SRC_R010B05_TW_376470000A_000292_OFFICIAL,2023,2023-01-06,2015-2025_platformization,和美阿勞鵝肉,和美鎮,Taiwan,Taiwan-side,official_open_data,Taiwan Tourism Administration Open Multimedia Data,https://media.taiwan.net.tw/zh-tw/portal/travel/details/restaurant_376470000a_000292,official_restaurant_open_data,2023 official open-data page classifies 和美阿勞鵝肉 as 台灣小吃/台菜（Taiwanese Cuisine） with markers 小吃; 台菜; 台灣小吃/台菜; Taiwanese Cuisine,high,"Official Tourism Administration open-data page gives update date, local government source, restaurant category and direct marker evidence. Duplicate source-url and restaurant artifact ID checked against Round010 overlay before append; one row represents one source artifact. TLS certificate validation was relaxed for metadata fetch because local Python rejected the site certificate, while the exact public URL is browser/web accessible.",SRC_R010B05_TW_376470000A_000292_OFFICIAL,verified,Taiwan-side,資料更新日期時間 2023-01-06T13:44:01+08:00；餐飲店家類型：台灣小吃/台菜（Taiwanese Cuisine）；和美阿勞鵝肉；阿勞鵝肉老闆待人熱情，招牌鵝肉新鮮，下水湯料多實在。,小吃;台菜;台灣小吃/台菜;Taiwanese Cuisine,台灣小吃/台菜;Taiwanese Cuisine;台菜,,,https://media.taiwan.net.tw/zh-tw/portal/travel/details/restaurant_376470000a_000292,99cff8fe59ad11cc,SRC_R010B05_TW_376470000A_000292_OFFICIAL,1,0.9000,0.1000,1,和美阿勞鵝肉,secondary,0.7000,official Taiwan Tourism Administration open-data source with direct date evidence
SRC_R010B05_TW_376470000A_000293_OFFICIAL,2023,2023-01-06,2015-2025_platformization,新黑貓餐廳,和美鎮,Taiwan,Taiwan-side,official_open_data,Taiwan Tourism Administration Open Multimedia Data,https://media.taiwan.net.tw/en-us/portal/travel/details/restaurant_376470000a_000293,official_restaurant_open_data,2023 official open-data page classifies 新黑貓餐廳 as 台灣小吃/台菜（Taiwanese Cuisine） with markers 小吃; 台菜; 台灣小吃/台菜; Taiwanese Cuisine,high,"Official Tourism Administration open-data page gives update date, local government source, restaurant category and direct marker evidence. Duplicate source-url and restaurant artifact ID checked against Round010 overlay before append; one row represents one source artifact. TLS certificate validation was relaxed for metadata fetch because local Python rejected the site certificate, while the exact public URL is browser/web accessible.",SRC_R010B05_TW_376470000A_000293_OFFICIAL,verified,Taiwan-side,資料更新日期時間 2023-01-06T13:32:38+08:00；餐飲店家類型：台灣小吃/台菜（Taiwanese Cuisine）；新黑貓餐廳；「新黑貓餐廳」算是廣為彰化人所知的大型本土臺菜海鮮餐廳，有許多穩定的老主顧，廣大的場地更使這間餐廳成為知名的婚宴場所。,小吃;台菜;台灣小吃/台菜;Taiwanese Cuisine,台灣小吃/台菜;Taiwanese Cuisine;台菜,,,https://media.taiwan.net.tw/en-us/portal/travel/details/restaurant_376470000a_000293,9c55c998d8f97332,SRC_R010B05_TW_376470000A_000293_OFFICIAL,1,0.9000,0.1000,1,新黑貓餐廳,secondary,0.7000,official Taiwan Tourism Administration open-data source with direct date evidence
SRC_R010B05_TW_376470000A_000300_OFFICIAL,2023,2023-04-17,2015-2025_platformization,阿嬤私房菜,田尾鄉,Taiwan,Taiwan-side,official_open_data,Taiwan Tourism Administration Open Multimedia Data,https://media.taiwan.net.tw/en-us/portal/travel/details/restaurant_376470000a_000300,official_restaurant_open_data,2023 official open-data page classifies 阿嬤私房菜 as 台灣小吃/台菜（Taiwanese Cuisine） with markers 小吃; 台菜; 台灣小吃/台菜; Taiwanese Cuisine,high,"Official Tourism Administration open-data page gives update date, local government source, restaurant category and direct marker evidence. Duplicate source-url and restaurant artifact ID checked against Round010 overlay before append; one row represents one source artifact. TLS certificate validation was relaxed for metadata fetch because local Python rejected the site certificate, while the exact public URL is browser/web accessible.",SRC_R010B05_TW_376470000A_000300_OFFICIAL,verified,Taiwan-side,資料更新日期時間 2023-04-17T14:07:18+08:00；餐飲店家類型：台灣小吃/台菜（Taiwanese Cuisine）；阿嬤私房菜；田尾的桌菜名店，在田尾鄉間，有專屬停車場停車便利，紅磚古厝內裝加上客家花布，陳設古色古香風格懷舊，傳承阿嬤口味的美味佳餚，濃濃的古早味彷彿走入時光隧道。。,小吃;台菜;台灣小吃/台菜;Taiwanese Cuisine,台灣小吃/台菜;Taiwanese Cuisine;古早味;台菜,,,https://media.taiwan.net.tw/en-us/portal/travel/details/restaurant_376470000a_000300,b03da8134525c06f,SRC_R010B05_TW_376470000A_000300_OFFICIAL,1,0.9000,0.1000,1,阿嬤私房菜,secondary,0.7000,official Taiwan Tourism Administration open-data source with direct date evidence
SRC_R010B05_TW_376470000A_000305_OFFICIAL,2023,2023-02-20,2015-2025_platformization,赤牛麵,二林鎮,Taiwan,Taiwan-side,official_open_data,Taiwan Tourism Administration Open Multimedia Data,https://media.taiwan.net.tw/en-us/portal/travel/details/restaurant_376470000a_000305,official_restaurant_open_data,2023 official open-data page classifies 赤牛麵 as 台灣小吃/台菜（Taiwanese Cuisine） with markers 牛肉麵; 小吃; 台菜; 台灣小吃/台菜,high,"Official Tourism Administration open-data page gives update date, local government source, restaurant category and direct marker evidence. Duplicate source-url and restaurant artifact ID checked against Round010 overlay before append; one row represents one source artifact. TLS certificate validation was relaxed for metadata fetch because local Python rejected the site certificate, while the exact public URL is browser/web accessible.",SRC_R010B05_TW_376470000A_000305_OFFICIAL,verified,Taiwan-side,資料更新日期時間 2023-02-20T09:33:37+08:00；餐飲店家類型：台灣小吃/台菜（Taiwanese Cuisine）；赤牛麵；一聽到店名就聯想是間賣牛肉麵的店，但位在二林鎮第一菜市場內的赤牛麵，賣的是道地的切仔湯麵。,牛肉麵;小吃;台菜;台灣小吃/台菜;Taiwanese Cuisine,台灣小吃/台菜;Taiwanese Cuisine;台菜,,,https://media.taiwan.net.tw/en-us/portal/travel/details/restaurant_376470000a_000305,029f91baa5507e8d,SRC_R010B05_TW_376470000A_000305_OFFICIAL,1,0.9000,0.1000,1,赤牛麵,secondary,0.7000,official Taiwan Tourism Administration open-data source with direct date evidence
SRC_R010B05_TW_376470000A_000306_OFFICIAL,2024,2024-03-25,2015-2025_platformization,陽光老店 爌肉飯,二林鎮,Taiwan,Taiwan-side,official_open_data,Taiwan Tourism Administration Open Multimedia Data,https://media.taiwan.net.tw/en-us/portal/travel/details/restaurant_376470000a_000306,official_restaurant_open_data,2024 official open-data page classifies 陽光老店 爌肉飯 as 台灣小吃/台菜（Taiwanese Cuisine） with markers 爌肉飯; 小吃; 台菜; 台灣小吃/台菜,high,"Official Tourism Administration open-data page gives update date, local government source, restaurant category and direct marker evidence. Duplicate source-url and restaurant artifact ID checked against Round010 overlay before append; one row represents one source artifact. TLS certificate validation was relaxed for metadata fetch because local Python rejected the site certificate, while the exact public URL is browser/web accessible.",SRC_R010B05_TW_376470000A_000306_OFFICIAL,verified,Taiwan-side,資料更新日期時間 2024-03-25T14:33:57+08:00；餐飲店家類型：台灣小吃/台菜（Taiwanese Cuisine）；陽光老店 爌肉飯；市場口爌肉飯位於二林鎮，超過60年的精湛好手藝，其爌肉入口即化，不油不膩不乾不柴，在第一菜巿場口，一定要來品嚐看看。,爌肉飯;小吃;台菜;台灣小吃/台菜;Taiwanese Cuisine,台灣小吃/台菜;Taiwanese Cuisine;台菜,,,https://media.taiwan.net.tw/en-us/portal/travel/details/restaurant_376470000a_000306,d656f3da91449046,SRC_R010B05_TW_376470000A_000306_OFFICIAL,1,0.9000,0.1000,1,陽光老店 爌肉飯,secondary,0.7000,official Taiwan Tourism Administration open-data source with direct date evidence
SRC_R010B05_TW_376470000A_000309_OFFICIAL,2022,2022-08-22,2015-2025_platformization,洪瑞珍餅店,北斗鎮,Taiwan,Taiwan-side,official_open_data,Taiwan Tourism Administration Open Multimedia Data,https://media.taiwan.net.tw/en-us/portal/travel/details/restaurant_376470000a_000309,official_restaurant_open_data,2022 official open-data page classifies 洪瑞珍餅店 as 台灣小吃/台菜（Taiwanese Cuisine） with markers 小吃; 台菜; 台灣小吃/台菜; Taiwanese Cuisine,high,"Official Tourism Administration open-data page gives update date, local government source, restaurant category and direct marker evidence. Duplicate source-url and restaurant artifact ID checked against Round010 overlay before append; one row represents one source artifact. TLS certificate validation was relaxed for metadata fetch because local Python rejected the site certificate, while the exact public URL is browser/web accessible.",SRC_R010B05_TW_376470000A_000309_OFFICIAL,verified,Taiwan-side,資料更新日期時間 2022-08-22T13:09:44+08:00；餐飲店家類型：台灣小吃/台菜（Taiwanese Cuisine）；洪瑞珍餅店；「洪瑞珍」於1947年創立，最早由洪宜杉先生在北斗鎮斗苑路與光復路口開了一家菓子店，取名為洪瑞珍。,小吃;台菜;台灣小吃/台菜;Taiwanese Cuisine,台灣小吃/台菜;Taiwanese Cuisine;台菜,,,https://media.taiwan.net.tw/en-us/portal/travel/details/restaurant_376470000a_000309,9edb14f840a42563,SRC_R010B05_TW_376470000A_000309_OFFICIAL,1,0.9000,0.1000,1,洪瑞珍餅店,secondary,0.7000,official Taiwan Tourism Administration open-data source with direct date evidence
SRC_R010B05_TW_376470000A_000313_OFFICIAL,2022,2022-08-22,2015-2025_platformization,李老城肉脯店,北斗鎮,Taiwan,Taiwan-side,official_open_data,Taiwan Tourism Administration Open Multimedia Data,https://media.taiwan.net.tw/zh-tw/portal/travel/details/restaurant_376470000a_000313,official_restaurant_open_data,2022 official open-data page classifies 李老城肉脯店 as 台灣小吃/台菜（Taiwanese Cuisine） with markers 小吃; 台菜; 台灣小吃/台菜; Taiwanese Cuisine,high,"Official Tourism Administration open-data page gives update date, local government source, restaurant category and direct marker evidence. Duplicate source-url and restaurant artifact ID checked against Round010 overlay before append; one row represents one source artifact. TLS certificate validation was relaxed for metadata fetch because local Python rejected the site certificate, while the exact public URL is browser/web accessible.",SRC_R010B05_TW_376470000A_000313_OFFICIAL,verified,Taiwan-side,資料更新日期時間 2022-08-22T13:10:28+08:00；餐飲店家類型：台灣小吃/台菜（Taiwanese Cuisine）；李老城肉脯店；李老城肉脯店是北斗三大名產之一，在北斗已經飄著肉乾香八十餘年。,小吃;台菜;台灣小吃/台菜;Taiwanese Cuisine,台灣小吃/台菜;Taiwanese Cuisine;台菜,,,https://media.taiwan.net.tw/zh-tw/portal/travel/details/restaurant_376470000a_000313,9d311f5e0adb8e8e,SRC_R010B05_TW_376470000A_000313_OFFICIAL,1,0.9000,0.1000,1,李老城肉脯店,secondary,0.7000,official Taiwan Tourism Administration open-data source with direct date evidence
SRC_R010B05_TW_376470000A_000314_OFFICIAL,2023,2023-02-16,2015-2025_platformization,坤聰羊肉店,溪州鄉,Taiwan,Taiwan-side,official_open_data,Taiwan Tourism Administration Open Multimedia Data,https://media.taiwan.net.tw/en-us/portal/travel/details/restaurant_376470000a_000314,official_restaurant_open_data,2023 official open-data page classifies 坤聰羊肉店 as 台灣小吃/台菜（Taiwanese Cuisine） with markers 小吃; 台菜; 台灣小吃/台菜; Taiwanese Cuisine,high,"Official Tourism Administration open-data page gives update date, local government source, restaurant category and direct marker evidence. Duplicate source-url and restaurant artifact ID checked against Round010 overlay before append; one row represents one source artifact. TLS certificate validation was relaxed for metadata fetch because local Python rejected the site certificate, while the exact public URL is browser/web accessible.",SRC_R010B05_TW_376470000A_000314_OFFICIAL,verified,Taiwan-side,資料更新日期時間 2023-02-16T16:28:56+08:00；餐飲店家類型：台灣小吃/台菜（Taiwanese Cuisine）；坤聰羊肉店；位於溪州鄉的溪州羊肉店，隱藏在田野間，貨真價實的羊肉相當好吃，各式羊料理相關開胃。,小吃;台菜;台灣小吃/台菜;Taiwanese Cuisine,台灣小吃/台菜;Taiwanese Cuisine;台菜,,,https://media.taiwan.net.tw/en-us/portal/travel/details/restaurant_376470000a_000314,dccb2b032b7464f3,SRC_R010B05_TW_376470000A_000314_OFFICIAL,1,0.9000,0.1000,1,坤聰羊肉店,secondary,0.7000,official Taiwan Tourism Administration open-data source with direct date evidence
SRC_R010B05_TW_376470000A_000315_OFFICIAL,2023,2023-02-16,2015-2025_platformization,阿每溪州土羊肉,溪州鄉,Taiwan,Taiwan-side,official_open_data,Taiwan Tourism Administration Open Multimedia Data,https://media.taiwan.net.tw/zh-tw/portal/travel/details/restaurant_376470000a_000315,official_restaurant_open_data,2023 official open-data page classifies 阿每溪州土羊肉 as 台灣小吃/台菜（Taiwanese Cuisine） with markers 小吃; 台菜; 台灣小吃/台菜; Taiwanese Cuisine,high,"Official Tourism Administration open-data page gives update date, local government source, restaurant category and direct marker evidence. Duplicate source-url and restaurant artifact ID checked against Round010 overlay before append; one row represents one source artifact. TLS certificate validation was relaxed for metadata fetch because local Python rejected the site certificate, while the exact public URL is browser/web accessible.",SRC_R010B05_TW_376470000A_000315_OFFICIAL,verified,Taiwan-side,資料更新日期時間 2023-02-16T16:25:09+08:00；餐飲店家類型：台灣小吃/台菜（Taiwanese Cuisine）；阿每溪州土羊肉；位於溪州鄉的阿每溪州土羊肉，營業項目包括火鍋、羊肉批發零售、提供宅配。,小吃;台菜;台灣小吃/台菜;Taiwanese Cuisine,台灣小吃/台菜;Taiwanese Cuisine;台菜,,,https://media.taiwan.net.tw/zh-tw/portal/travel/details/restaurant_376470000a_000315,321086a55c838f44,SRC_R010B05_TW_376470000A_000315_OFFICIAL,1,0.9000,0.1000,1,阿每溪州土羊肉,secondary,0.7000,official Taiwan Tourism Administration open-data source with direct date evidence
SRC_R010B05_TW_376470000A_000320_OFFICIAL,2017,2017-10-05,2015-2025_platformization,灣仔街古早味牛肉麵,永靖鄉,Taiwan,Taiwan-side,official_open_data,Taiwan Tourism Administration Open Multimedia Data,https://media.taiwan.net.tw/zh-tw/portal/travel/details/restaurant_376470000a_000320,official_restaurant_open_data,2017 official open-data page classifies 灣仔街古早味牛肉麵 as 台灣小吃/台菜（Taiwanese Cuisine） with markers 牛肉麵; 小吃; 台菜; 台灣小吃/台菜,high,"Official Tourism Administration open-data page gives update date, local government source, restaurant category and direct marker evidence. Duplicate source-url and restaurant artifact ID checked against Round010 overlay before append; one row represents one source artifact. TLS certificate validation was relaxed for metadata fetch because local Python rejected the site certificate, while the exact public URL is browser/web accessible.",SRC_R010B05_TW_376470000A_000320_OFFICIAL,verified,Taiwan-side,資料更新日期時間 2017-10-05T14:46:42+08:00；餐飲店家類型：台灣小吃/台菜（Taiwanese Cuisine）；灣仔街古早味牛肉麵；店名雖然為牛肉麵店，但其實店內著名的是各類炸物，有特別新鮮的炸韭菜、炸地瓜、炸蚵仔等，親切的阿嬤熱情招呼客人，讓人在咬下酥脆炸物口中飄香同時，心裡也流過一股暖流。,牛肉麵;小吃;台菜;台灣小吃/台菜;Taiwanese Cuisine,台灣小吃/台菜;Taiwanese Cuisine;古早味;台菜,,,https://media.taiwan.net.tw/zh-tw/portal/travel/details/restaurant_376470000a_000320,c3fd0f523080165a,SRC_R010B05_TW_376470000A_000320_OFFICIAL,1,0.9000,0.1000,1,灣仔街古早味牛肉麵,secondary,0.7000,official Taiwan Tourism Administration open-data source with direct date evidence
SRC_R010B05_TW_376470000A_000328_OFFICIAL,2023,2023-04-28,2015-2025_platformization,店小二食品行,鹿港鎮,Taiwan,Taiwan-side,official_open_data,Taiwan Tourism Administration Open Multimedia Data,https://media.taiwan.net.tw/en-us/portal/travel/details/restaurant_376470000a_000328,official_restaurant_open_data,2023 official open-data page classifies 店小二食品行 as 地方特產（Local specialty） with markers 台灣小吃/台菜,high,"Official Tourism Administration open-data page gives update date, local government source, restaurant category and direct marker evidence. Duplicate source-url and restaurant artifact ID checked against Round010 overlay before append; one row represents one source artifact. TLS certificate validation was relaxed for metadata fetch because local Python rejected the site certificate, while the exact public URL is browser/web accessible.",SRC_R010B05_TW_376470000A_000328_OFFICIAL,verified,Taiwan-side,資料更新日期時間 2023-04-28T15:02:41+08:00；餐飲店家類型：地方特產（Local specialty）；店小二食品行；在這裡，每一個饅頭都是師父們純手工製成，因為只有純手工揉的麵糰才會有獨特的嚼勁，那種充滿生命的口感，每一口的感覺都不會一樣，這就是手工麵糰的魅力，也就是店小二想要再現古早味傳統風華的概念。,台灣小吃/台菜,古早味,,,https://media.taiwan.net.tw/en-us/portal/travel/details/restaurant_376470000a_000328,f930eab91fab74fd,SRC_R010B05_TW_376470000A_000328_OFFICIAL,1,0.9000,0.1000,1,店小二食品行,secondary,0.7000,official Taiwan Tourism Administration open-data source with direct date evidence
SRC_R010B05_TW_376470000A_000330_OFFICIAL,2022,2022-08-22,2015-2025_platformization,珍味饌,鹿港鎮,Taiwan,Taiwan-side,official_open_data,Taiwan Tourism Administration Open Multimedia Data,https://media.taiwan.net.tw/zh-tw/portal/travel/details/restaurant_376470000a_000330,official_restaurant_open_data,2022 official open-data page classifies 珍味饌 as 台灣小吃/台菜（Taiwanese Cuisine） with markers 肉焿; 米粉; 小吃; 台菜,high,"Official Tourism Administration open-data page gives update date, local government source, restaurant category and direct marker evidence. Duplicate source-url and restaurant artifact ID checked against Round010 overlay before append; one row represents one source artifact. TLS certificate validation was relaxed for metadata fetch because local Python rejected the site certificate, while the exact public URL is browser/web accessible.",SRC_R010B05_TW_376470000A_000330_OFFICIAL,verified,Taiwan-side,資料更新日期時間 2022-08-22T14:48:38+08:00；餐飲店家類型：台灣小吃/台菜（Taiwanese Cuisine）；珍味饌；位於鹿港鎮的珍味饌中式美食餐廳，提供羊肉焿、羊肉盤、炒米粉、魷魚焿、魷魚盤等料理，10份以上可外送。,肉焿;米粉;小吃;台菜;台灣小吃/台菜;Taiwanese Cuisine,台灣小吃/台菜;Taiwanese Cuisine;台菜,,,https://media.taiwan.net.tw/zh-tw/portal/travel/details/restaurant_376470000a_000330,958ba3bc5b1dfbe5,SRC_R010B05_TW_376470000A_000330_OFFICIAL,1,0.9000,0.1000,1,珍味饌,secondary,0.7000,official Taiwan Tourism Administration open-data source with direct date evidence
