attestation_id,year,date,period,brand_or_category,city,province,corridor,source_type,source_name,source_url,attestation_type,text_for_scoring,confidence,notes,source_id,verification_level,region,original_text,dish_marker,taiwan_marker,ownership_category,capital_origin,source_url_or_archive_ref,dedupe_key,merged_from_attestation_ids,merged_row_count,novelty_score,avg_text_similarity,novelty_group_size,novelty_group_key,authority_level,authority_weight,authority_reason
SRC_R010B07_TW_376440000A_000289_OFFICIAL,2025,2025-05-29,2015-2025_platformization,飛鳳傳情米點坊,芎林鄉,Taiwan,Taiwan-side,official_open_data,Taiwan Tourism Administration Open Multimedia Data,https://media.taiwan.net.tw/zh-tw/portal/travel/details/restaurant_376440000a_000289,official_restaurant_open_data,2025 official open-data page classifies 飛鳳傳情米點坊 as 台灣小吃/台菜（Taiwanese Cuisine） with markers 小吃; 台菜; 台灣小吃/台菜; Taiwanese Cuisine,high,"Official Tourism Administration open-data page gives update date, local government source, restaurant category and direct marker evidence. Duplicate source-url and restaurant artifact ID checked against Round010 overlay before append; one row represents one source artifact. TLS certificate validation was relaxed for metadata fetch because local Python rejected the site certificate, while the exact public URL is browser/web accessible.",SRC_R010B07_TW_376440000A_000289_OFFICIAL,verified,Taiwan-side,資料更新日期時間 2025-05-29T04:15:20+08:00；餐飲店家類型：台灣小吃/台菜（Taiwanese Cuisine）；飛鳳傳情米點坊；台灣小吃/台菜（Taiwanese Cuisine）,小吃;台菜;台灣小吃/台菜;Taiwanese Cuisine,台灣小吃/台菜;Taiwanese Cuisine;台菜,,,https://media.taiwan.net.tw/zh-tw/portal/travel/details/restaurant_376440000a_000289,7975e609819b215f,SRC_R010B07_TW_376440000A_000289_OFFICIAL,1,0.9000,0.1000,1,飛鳳傳情米點坊,secondary,0.7000,official Taiwan Tourism Administration open-data source with direct date evidence
SRC_R010B07_TW_376440000A_000297_OFFICIAL,2025,2025-08-22,2015-2025_platformization,耕野月眉餐廳,峨眉鄉,Taiwan,Taiwan-side,official_open_data,Taiwan Tourism Administration Open Multimedia Data,https://media.taiwan.net.tw/en-us/portal/travel/details/restaurant_376440000a_000297,official_restaurant_open_data,2025 official open-data page classifies 耕野月眉餐廳 as 台灣小吃/台菜（Taiwanese Cuisine） with markers 小吃; 台菜; 台灣小吃/台菜; Taiwanese Cuisine,high,"Official Tourism Administration open-data page gives update date, local government source, restaurant category and direct marker evidence. Duplicate source-url and restaurant artifact ID checked against Round010 overlay before append; one row represents one source artifact. TLS certificate validation was relaxed for metadata fetch because local Python rejected the site certificate, while the exact public URL is browser/web accessible.",SRC_R010B07_TW_376440000A_000297_OFFICIAL,verified,Taiwan-side,資料更新日期時間 2025-08-22T08:39:06+08:00；餐飲店家類型：台灣小吃/台菜（Taiwanese Cuisine）；耕野月眉餐廳；台灣小吃/台菜（Taiwanese Cuisine）,小吃;台菜;台灣小吃/台菜;Taiwanese Cuisine,台灣小吃/台菜;Taiwanese Cuisine;台菜,,,https://media.taiwan.net.tw/en-us/portal/travel/details/restaurant_376440000a_000297,9cf2f4a778060c12,SRC_R010B07_TW_376440000A_000297_OFFICIAL,1,0.9000,0.1000,1,耕野月眉餐廳,secondary,0.7000,official Taiwan Tourism Administration open-data source with direct date evidence
SRC_R010B07_TW_376440000A_000302_OFFICIAL,2025,2025-05-28,2015-2025_platformization,凌雲閣,尖石鄉,Taiwan,Taiwan-side,official_open_data,Taiwan Tourism Administration Open Multimedia Data,https://media.taiwan.net.tw/en-us/portal/travel/details/restaurant_376440000a_000302,official_restaurant_open_data,2025 official open-data page classifies 凌雲閣 as 台灣小吃/台菜（Taiwanese Cuisine） with markers 小吃; 台菜; 台灣小吃/台菜; Taiwanese Cuisine,high,"Official Tourism Administration open-data page gives update date, local government source, restaurant category and direct marker evidence. Duplicate source-url and restaurant artifact ID checked against Round010 overlay before append; one row represents one source artifact. TLS certificate validation was relaxed for metadata fetch because local Python rejected the site certificate, while the exact public URL is browser/web accessible.",SRC_R010B07_TW_376440000A_000302_OFFICIAL,verified,Taiwan-side,資料更新日期時間 2025-05-28T02:44:55+08:00；餐飲店家類型：台灣小吃/台菜（Taiwanese Cuisine）；凌雲閣；台灣小吃/台菜（Taiwanese Cuisine）,小吃;台菜;台灣小吃/台菜;Taiwanese Cuisine,台灣小吃/台菜;Taiwanese Cuisine;台菜,,,https://media.taiwan.net.tw/en-us/portal/travel/details/restaurant_376440000a_000302,72a765dab5d1385a,SRC_R010B07_TW_376440000A_000302_OFFICIAL,1,0.9000,0.1000,1,凌雲閣,secondary,0.7000,official Taiwan Tourism Administration open-data source with direct date evidence
SRC_R010B07_TW_376440000A_000307_OFFICIAL,2025,2025-05-19,2015-2025_platformization,日日香客家傳統肉品行,竹東鎮,Taiwan,Taiwan-side,official_open_data,Taiwan Tourism Administration Open Multimedia Data,https://media.taiwan.net.tw/en-us/portal/travel/details/restaurant_376440000a_000307,official_restaurant_open_data,2025 official open-data page classifies 日日香客家傳統肉品行 as 台灣小吃/台菜（Taiwanese Cuisine） with markers 小吃; 台菜; 台灣小吃/台菜; Taiwanese Cuisine,high,"Official Tourism Administration open-data page gives update date, local government source, restaurant category and direct marker evidence. Duplicate source-url and restaurant artifact ID checked against Round010 overlay before append; one row represents one source artifact. TLS certificate validation was relaxed for metadata fetch because local Python rejected the site certificate, while the exact public URL is browser/web accessible.",SRC_R010B07_TW_376440000A_000307_OFFICIAL,verified,Taiwan-side,資料更新日期時間 2025-05-19T08:21:18+08:00；餐飲店家類型：台灣小吃/台菜（Taiwanese Cuisine）；日日香客家傳統肉品行；台灣小吃/台菜（Taiwanese Cuisine）,小吃;台菜;台灣小吃/台菜;Taiwanese Cuisine,台灣小吃/台菜;Taiwanese Cuisine;台菜,,,https://media.taiwan.net.tw/en-us/portal/travel/details/restaurant_376440000a_000307,886ad967f50dd251,SRC_R010B07_TW_376440000A_000307_OFFICIAL,1,0.9000,0.1000,1,日日香客家傳統肉品行,secondary,0.7000,official Taiwan Tourism Administration open-data source with direct date evidence
SRC_R010B07_TW_376440000A_000311_OFFICIAL,2025,2025-05-20,2015-2025_platformization,新埔市場11號魚羹湯,新埔鎮,Taiwan,Taiwan-side,official_open_data,Taiwan Tourism Administration Open Multimedia Data,https://media.taiwan.net.tw/zh-tw/portal/travel/details/restaurant_376440000a_000311,official_restaurant_open_data,2025 official open-data page classifies 新埔市場11號魚羹湯 as 台灣小吃/台菜（Taiwanese Cuisine） with markers 小吃; 台菜; 台灣小吃/台菜; Taiwanese Cuisine,high,"Official Tourism Administration open-data page gives update date, local government source, restaurant category and direct marker evidence. Duplicate source-url and restaurant artifact ID checked against Round010 overlay before append; one row represents one source artifact. TLS certificate validation was relaxed for metadata fetch because local Python rejected the site certificate, while the exact public URL is browser/web accessible.",SRC_R010B07_TW_376440000A_000311_OFFICIAL,verified,Taiwan-side,資料更新日期時間 2025-05-20T08:48:38+08:00；餐飲店家類型：台灣小吃/台菜（Taiwanese Cuisine）；新埔市場11號魚羹湯；台灣小吃/台菜（Taiwanese Cuisine）,小吃;台菜;台灣小吃/台菜;Taiwanese Cuisine,台灣小吃/台菜;Taiwanese Cuisine;台菜,,,https://media.taiwan.net.tw/zh-tw/portal/travel/details/restaurant_376440000a_000311,cc7be131369b5106,SRC_R010B07_TW_376440000A_000311_OFFICIAL,1,0.9000,0.1000,1,新埔市場11號魚羹湯,secondary,0.7000,official Taiwan Tourism Administration open-data source with direct date evidence
SRC_R010B07_TW_376440000A_000326_OFFICIAL,2025,2025-05-09,2015-2025_platformization,楊媽媽客家美食,關西鎮,Taiwan,Taiwan-side,official_open_data,Taiwan Tourism Administration Open Multimedia Data,https://media.taiwan.net.tw/zh-tw/portal/travel/details/restaurant_376440000a_000326,official_restaurant_open_data,2025 official open-data page classifies 楊媽媽客家美食 as 台灣小吃/台菜（Taiwanese Cuisine） with markers 小吃; 台菜; 台灣小吃/台菜; Taiwanese Cuisine,high,"Official Tourism Administration open-data page gives update date, local government source, restaurant category and direct marker evidence. Duplicate source-url and restaurant artifact ID checked against Round010 overlay before append; one row represents one source artifact. TLS certificate validation was relaxed for metadata fetch because local Python rejected the site certificate, while the exact public URL is browser/web accessible.",SRC_R010B07_TW_376440000A_000326_OFFICIAL,verified,Taiwan-side,資料更新日期時間 2025-05-09T07:42:48+08:00；餐飲店家類型：台灣小吃/台菜（Taiwanese Cuisine）；楊媽媽客家美食；台灣小吃/台菜（Taiwanese Cuisine）,小吃;台菜;台灣小吃/台菜;Taiwanese Cuisine,台灣小吃/台菜;Taiwanese Cuisine;台菜,,,https://media.taiwan.net.tw/zh-tw/portal/travel/details/restaurant_376440000a_000326,60616c4c82c5a4d5,SRC_R010B07_TW_376440000A_000326_OFFICIAL,1,0.9000,0.1000,1,楊媽媽客家美食,secondary,0.7000,official Taiwan Tourism Administration open-data source with direct date evidence
SRC_R010B07_TW_376440000A_000327_OFFICIAL,2025,2025-05-15,2015-2025_platformization,新埔市場12號粄條,新埔鎮,Taiwan,Taiwan-side,official_open_data,Taiwan Tourism Administration Open Multimedia Data,https://media.taiwan.net.tw/zh-tw/portal/travel/details/restaurant_376440000a_000327,official_restaurant_open_data,2025 official open-data page classifies 新埔市場12號粄條 as 台灣小吃/台菜（Taiwanese Cuisine） with markers 粄條; 小吃; 台菜; 台灣小吃/台菜,high,"Official Tourism Administration open-data page gives update date, local government source, restaurant category and direct marker evidence. Duplicate source-url and restaurant artifact ID checked against Round010 overlay before append; one row represents one source artifact. TLS certificate validation was relaxed for metadata fetch because local Python rejected the site certificate, while the exact public URL is browser/web accessible.",SRC_R010B07_TW_376440000A_000327_OFFICIAL,verified,Taiwan-side,資料更新日期時間 2025-05-15T09:35:35+08:00；餐飲店家類型：台灣小吃/台菜（Taiwanese Cuisine）；新埔市場12號粄條；台灣小吃/台菜（Taiwanese Cuisine）,粄條;小吃;台菜;台灣小吃/台菜;Taiwanese Cuisine,台灣小吃/台菜;Taiwanese Cuisine;台菜,,,https://media.taiwan.net.tw/zh-tw/portal/travel/details/restaurant_376440000a_000327,49ec0257bcc5a5f5,SRC_R010B07_TW_376440000A_000327_OFFICIAL,1,0.9000,0.1000,1,新埔市場12號粄條,secondary,0.7000,official Taiwan Tourism Administration open-data source with direct date evidence
SRC_R010B07_TW_376440000A_000330_OFFICIAL,2025,2025-05-19,2015-2025_platformization,勝華香食品行東坡煙腸市場攤,新埔鎮,Taiwan,Taiwan-side,official_open_data,Taiwan Tourism Administration Open Multimedia Data,https://media.taiwan.net.tw/zh-tw/portal/travel/details/restaurant_376440000a_000330,official_restaurant_open_data,2025 official open-data page classifies 勝華香食品行東坡煙腸市場攤 as 台灣小吃/台菜（Taiwanese Cuisine）; 伴手禮/禮盒（Gift） with markers 小吃; 台菜; 台灣小吃/台菜; Taiwanese Cuisine,high,"Official Tourism Administration open-data page gives update date, local government source, restaurant category and direct marker evidence. Duplicate source-url and restaurant artifact ID checked against Round010 overlay before append; one row represents one source artifact. TLS certificate validation was relaxed for metadata fetch because local Python rejected the site certificate, while the exact public URL is browser/web accessible.",SRC_R010B07_TW_376440000A_000330_OFFICIAL,verified,Taiwan-side,資料更新日期時間 2025-05-19T08:07:28+08:00；餐飲店家類型：台灣小吃/台菜（Taiwanese Cuisine）、伴手禮/禮盒（Gift）；勝華香食品行東坡煙腸市場攤；台灣小吃/台菜（Taiwanese Cuisine）; 伴手禮/禮盒（Gift）,小吃;台菜;台灣小吃/台菜;Taiwanese Cuisine,台灣小吃/台菜;Taiwanese Cuisine;台菜,,,https://media.taiwan.net.tw/zh-tw/portal/travel/details/restaurant_376440000a_000330,4567c751d27c9b1a,SRC_R010B07_TW_376440000A_000330_OFFICIAL,1,0.9000,0.1000,1,勝華香食品行東坡煙腸市場攤,secondary,0.7000,official Taiwan Tourism Administration open-data source with direct date evidence
SRC_R010B07_TW_376440000A_000341_OFFICIAL,2025,2025-05-16,2015-2025_platformization,新竹松鴨肉麵,竹北市,Taiwan,Taiwan-side,official_open_data,Taiwan Tourism Administration Open Multimedia Data,https://media.taiwan.net.tw/zh-tw/portal/travel/details/restaurant_376440000a_000341,official_restaurant_open_data,2025 official open-data page classifies 新竹松鴨肉麵 as 台灣小吃/台菜（Taiwanese Cuisine） with markers 小吃; 台菜; 台灣小吃/台菜; Taiwanese Cuisine,high,"Official Tourism Administration open-data page gives update date, local government source, restaurant category and direct marker evidence. Duplicate source-url and restaurant artifact ID checked against Round010 overlay before append; one row represents one source artifact. TLS certificate validation was relaxed for metadata fetch because local Python rejected the site certificate, while the exact public URL is browser/web accessible.",SRC_R010B07_TW_376440000A_000341_OFFICIAL,verified,Taiwan-side,資料更新日期時間 2025-05-16T05:16:56+08:00；餐飲店家類型：台灣小吃/台菜（Taiwanese Cuisine）；新竹松鴨肉麵；台灣小吃/台菜（Taiwanese Cuisine）,小吃;台菜;台灣小吃/台菜;Taiwanese Cuisine,台灣小吃/台菜;Taiwanese Cuisine;台菜,,,https://media.taiwan.net.tw/zh-tw/portal/travel/details/restaurant_376440000a_000341,451450e39a3b4d30,SRC_R010B07_TW_376440000A_000341_OFFICIAL,1,0.9000,0.1000,1,新竹松鴨肉麵,secondary,0.7000,official Taiwan Tourism Administration open-data source with direct date evidence
SRC_R010B07_TW_376440000A_000344_OFFICIAL,2025,2025-05-20,2015-2025_platformization,老鄰長粄條,新埔鎮,Taiwan,Taiwan-side,official_open_data,Taiwan Tourism Administration Open Multimedia Data,https://media.taiwan.net.tw/zh-tw/portal/travel/details/restaurant_376440000a_000344,official_restaurant_open_data,2025 official open-data page classifies 老鄰長粄條 as 台灣小吃/台菜（Taiwanese Cuisine） with markers 粄條; 小吃; 台菜; 台灣小吃/台菜,high,"Official Tourism Administration open-data page gives update date, local government source, restaurant category and direct marker evidence. Duplicate source-url and restaurant artifact ID checked against Round010 overlay before append; one row represents one source artifact. TLS certificate validation was relaxed for metadata fetch because local Python rejected the site certificate, while the exact public URL is browser/web accessible.",SRC_R010B07_TW_376440000A_000344_OFFICIAL,verified,Taiwan-side,資料更新日期時間 2025-05-20T08:52:15+08:00；餐飲店家類型：台灣小吃/台菜（Taiwanese Cuisine）；老鄰長粄條；台灣小吃/台菜（Taiwanese Cuisine）,粄條;小吃;台菜;台灣小吃/台菜;Taiwanese Cuisine,台灣小吃/台菜;Taiwanese Cuisine;台菜,,,https://media.taiwan.net.tw/zh-tw/portal/travel/details/restaurant_376440000a_000344,04f9ffb79e5c05f9,SRC_R010B07_TW_376440000A_000344_OFFICIAL,1,0.9000,0.1000,1,老鄰長粄條,secondary,0.7000,official Taiwan Tourism Administration open-data source with direct date evidence
SRC_R010B07_TW_376440000A_000345_OFFICIAL,2025,2025-05-22,2015-2025_platformization,鄉園土雞城,寶山鄉,Taiwan,Taiwan-side,official_open_data,Taiwan Tourism Administration Open Multimedia Data,https://media.taiwan.net.tw/zh-tw/portal/travel/details/restaurant_376440000a_000345,official_restaurant_open_data,2025 official open-data page classifies 鄉園土雞城 as 台灣小吃/台菜（Taiwanese Cuisine） with markers 小吃; 台菜; 台灣小吃/台菜; Taiwanese Cuisine,high,"Official Tourism Administration open-data page gives update date, local government source, restaurant category and direct marker evidence. Duplicate source-url and restaurant artifact ID checked against Round010 overlay before append; one row represents one source artifact. TLS certificate validation was relaxed for metadata fetch because local Python rejected the site certificate, while the exact public URL is browser/web accessible.",SRC_R010B07_TW_376440000A_000345_OFFICIAL,verified,Taiwan-side,資料更新日期時間 2025-05-22T09:20:38+08:00；餐飲店家類型：台灣小吃/台菜（Taiwanese Cuisine）；鄉園土雞城；台灣小吃/台菜（Taiwanese Cuisine）,小吃;台菜;台灣小吃/台菜;Taiwanese Cuisine,台灣小吃/台菜;Taiwanese Cuisine;台菜,,,https://media.taiwan.net.tw/zh-tw/portal/travel/details/restaurant_376440000a_000345,84f03f68a373a9d3,SRC_R010B07_TW_376440000A_000345_OFFICIAL,1,0.9000,0.1000,1,鄉園土雞城,secondary,0.7000,official Taiwan Tourism Administration open-data source with direct date evidence
SRC_R010B07_TW_376440000A_000352_OFFICIAL,2025,2025-05-22,2015-2025_platformization,大樂之野景觀餐廳,關西鎮,Taiwan,Taiwan-side,official_open_data,Taiwan Tourism Administration Open Multimedia Data,https://media.taiwan.net.tw/zh-tw/portal/travel/details/restaurant_376440000a_000352,official_restaurant_open_data,2025 official open-data page classifies 大樂之野景觀餐廳 as 台灣小吃/台菜（Taiwanese Cuisine） with markers 小吃; 台菜; 台灣小吃/台菜; Taiwanese Cuisine,high,"Official Tourism Administration open-data page gives update date, local government source, restaurant category and direct marker evidence. Duplicate source-url and restaurant artifact ID checked against Round010 overlay before append; one row represents one source artifact. TLS certificate validation was relaxed for metadata fetch because local Python rejected the site certificate, while the exact public URL is browser/web accessible.",SRC_R010B07_TW_376440000A_000352_OFFICIAL,verified,Taiwan-side,資料更新日期時間 2025-05-22T09:21:31+08:00；餐飲店家類型：台灣小吃/台菜（Taiwanese Cuisine）；大樂之野景觀餐廳；台灣小吃/台菜（Taiwanese Cuisine）,小吃;台菜;台灣小吃/台菜;Taiwanese Cuisine,台灣小吃/台菜;Taiwanese Cuisine;台菜,,,https://media.taiwan.net.tw/zh-tw/portal/travel/details/restaurant_376440000a_000352,a017d27ea286fa84,SRC_R010B07_TW_376440000A_000352_OFFICIAL,1,0.9000,0.1000,1,大樂之野景觀餐廳,secondary,0.7000,official Taiwan Tourism Administration open-data source with direct date evidence
SRC_R010B07_TW_376440000A_000354_OFFICIAL,2025,2025-05-19,2015-2025_platformization,中央大街餃子王,竹東鎮,Taiwan,Taiwan-side,official_open_data,Taiwan Tourism Administration Open Multimedia Data,https://media.taiwan.net.tw/zh-tw/portal/travel/details/restaurant_376440000a_000354,official_restaurant_open_data,2025 official open-data page classifies 中央大街餃子王 as 台灣小吃/台菜（Taiwanese Cuisine） with markers 餃子; 小吃; 台菜; 台灣小吃/台菜,high,"Official Tourism Administration open-data page gives update date, local government source, restaurant category and direct marker evidence. Duplicate source-url and restaurant artifact ID checked against Round010 overlay before append; one row represents one source artifact. TLS certificate validation was relaxed for metadata fetch because local Python rejected the site certificate, while the exact public URL is browser/web accessible.",SRC_R010B07_TW_376440000A_000354_OFFICIAL,verified,Taiwan-side,資料更新日期時間 2025-05-19T05:05:52+08:00；餐飲店家類型：台灣小吃/台菜（Taiwanese Cuisine）；中央大街餃子王；台灣小吃/台菜（Taiwanese Cuisine）,餃子;小吃;台菜;台灣小吃/台菜;Taiwanese Cuisine,台灣小吃/台菜;Taiwanese Cuisine;台菜,,,https://media.taiwan.net.tw/zh-tw/portal/travel/details/restaurant_376440000a_000354,653e658c0d10b99b,SRC_R010B07_TW_376440000A_000354_OFFICIAL,1,0.9000,0.1000,1,中央大街餃子王,secondary,0.7000,official Taiwan Tourism Administration open-data source with direct date evidence
SRC_R010B07_TW_376440000A_000360_OFFICIAL,2025,2025-05-15,2015-2025_platformization,新明人客家菜,寶山鄉,Taiwan,Taiwan-side,official_open_data,Taiwan Tourism Administration Open Multimedia Data,https://media.taiwan.net.tw/zh-tw/portal/travel/details/restaurant_376440000a_000360,official_restaurant_open_data,2025 official open-data page classifies 新明人客家菜 as 台灣小吃/台菜（Taiwanese Cuisine） with markers 客家菜; 小吃; 台菜; 台灣小吃/台菜,high,"Official Tourism Administration open-data page gives update date, local government source, restaurant category and direct marker evidence. Duplicate source-url and restaurant artifact ID checked against Round010 overlay before append; one row represents one source artifact. TLS certificate validation was relaxed for metadata fetch because local Python rejected the site certificate, while the exact public URL is browser/web accessible.",SRC_R010B07_TW_376440000A_000360_OFFICIAL,verified,Taiwan-side,資料更新日期時間 2025-05-15T08:22:27+08:00；餐飲店家類型：台灣小吃/台菜（Taiwanese Cuisine）；新明人客家菜；台灣小吃/台菜（Taiwanese Cuisine）,客家菜;小吃;台菜;台灣小吃/台菜;Taiwanese Cuisine,台灣小吃/台菜;Taiwanese Cuisine;客家菜;台菜,,,https://media.taiwan.net.tw/zh-tw/portal/travel/details/restaurant_376440000a_000360,b037be8cab4d6d0e,SRC_R010B07_TW_376440000A_000360_OFFICIAL,1,0.9000,0.1000,1,新明人客家菜,secondary,0.7000,official Taiwan Tourism Administration open-data source with direct date evidence
SRC_R010B07_TW_376440000A_000361_OFFICIAL,2025,2025-05-15,2015-2025_platformization,宋記大湯圓,寶山鄉,Taiwan,Taiwan-side,official_open_data,Taiwan Tourism Administration Open Multimedia Data,https://media.taiwan.net.tw/zh-tw/portal/travel/details/restaurant_376440000a_000361,official_restaurant_open_data,2025 official open-data page classifies 宋記大湯圓 as 台灣小吃/台菜（Taiwanese Cuisine） with markers 湯圓; 小吃; 台菜; 台灣小吃/台菜,high,"Official Tourism Administration open-data page gives update date, local government source, restaurant category and direct marker evidence. Duplicate source-url and restaurant artifact ID checked against Round010 overlay before append; one row represents one source artifact. TLS certificate validation was relaxed for metadata fetch because local Python rejected the site certificate, while the exact public URL is browser/web accessible.",SRC_R010B07_TW_376440000A_000361_OFFICIAL,verified,Taiwan-side,資料更新日期時間 2025-05-15T08:26:34+08:00；餐飲店家類型：台灣小吃/台菜（Taiwanese Cuisine）；宋記大湯圓；台灣小吃/台菜（Taiwanese Cuisine）,湯圓;小吃;台菜;台灣小吃/台菜;Taiwanese Cuisine,台灣小吃/台菜;Taiwanese Cuisine;台菜,,,https://media.taiwan.net.tw/zh-tw/portal/travel/details/restaurant_376440000a_000361,e10c644c199f08aa,SRC_R010B07_TW_376440000A_000361_OFFICIAL,1,0.9000,0.1000,1,宋記大湯圓,secondary,0.7000,official Taiwan Tourism Administration open-data source with direct date evidence
SRC_R010B07_TW_376440000A_000364_OFFICIAL,2025,2025-05-19,2015-2025_platformization,第一水煎包,竹東鎮,Taiwan,Taiwan-side,official_open_data,Taiwan Tourism Administration Open Multimedia Data,https://media.taiwan.net.tw/en-us/portal/travel/details/restaurant_376440000a_000364,official_restaurant_open_data,2025 official open-data page classifies 第一水煎包 as 台灣小吃/台菜（Taiwanese Cuisine） with markers 小吃; 台菜; 台灣小吃/台菜; Taiwanese Cuisine,high,"Official Tourism Administration open-data page gives update date, local government source, restaurant category and direct marker evidence. Duplicate source-url and restaurant artifact ID checked against Round010 overlay before append; one row represents one source artifact. TLS certificate validation was relaxed for metadata fetch because local Python rejected the site certificate, while the exact public URL is browser/web accessible.",SRC_R010B07_TW_376440000A_000364_OFFICIAL,verified,Taiwan-side,資料更新日期時間 2025-05-19T07:36:37+08:00；餐飲店家類型：台灣小吃/台菜（Taiwanese Cuisine）；第一水煎包；台灣小吃/台菜（Taiwanese Cuisine）,小吃;台菜;台灣小吃/台菜;Taiwanese Cuisine,台灣小吃/台菜;Taiwanese Cuisine;台菜,,,https://media.taiwan.net.tw/en-us/portal/travel/details/restaurant_376440000a_000364,f026056864422fc3,SRC_R010B07_TW_376440000A_000364_OFFICIAL,1,0.9000,0.1000,1,第一水煎包,secondary,0.7000,official Taiwan Tourism Administration open-data source with direct date evidence
SRC_R010B07_TW_376440000A_000365_OFFICIAL,2025,2025-05-19,2015-2025_platformization,吳媽媽餡餅,竹東鎮,Taiwan,Taiwan-side,official_open_data,Taiwan Tourism Administration Open Multimedia Data,https://media.taiwan.net.tw/en-us/portal/travel/details/restaurant_376440000a_000365,official_restaurant_open_data,2025 official open-data page classifies 吳媽媽餡餅 as 台灣小吃/台菜（Taiwanese Cuisine） with markers 小吃; 台菜; 台灣小吃/台菜; Taiwanese Cuisine,high,"Official Tourism Administration open-data page gives update date, local government source, restaurant category and direct marker evidence. Duplicate source-url and restaurant artifact ID checked against Round010 overlay before append; one row represents one source artifact. TLS certificate validation was relaxed for metadata fetch because local Python rejected the site certificate, while the exact public URL is browser/web accessible.",SRC_R010B07_TW_376440000A_000365_OFFICIAL,verified,Taiwan-side,資料更新日期時間 2025-05-19T07:37:18+08:00；餐飲店家類型：台灣小吃/台菜（Taiwanese Cuisine）；吳媽媽餡餅；台灣小吃/台菜（Taiwanese Cuisine）,小吃;台菜;台灣小吃/台菜;Taiwanese Cuisine,台灣小吃/台菜;Taiwanese Cuisine;台菜,,,https://media.taiwan.net.tw/en-us/portal/travel/details/restaurant_376440000a_000365,187881e6bffc1bfb,SRC_R010B07_TW_376440000A_000365_OFFICIAL,1,0.9000,0.1000,1,吳媽媽餡餅,secondary,0.7000,official Taiwan Tourism Administration open-data source with direct date evidence
SRC_R010B07_TW_376440000A_000367_OFFICIAL,2025,2025-05-20,2015-2025_platformization,小院子·台食茶館,竹北市,Taiwan,Taiwan-side,official_open_data,Taiwan Tourism Administration Open Multimedia Data,https://media.taiwan.net.tw/zh-tw/portal/travel/details/restaurant_376440000a_000367,official_restaurant_open_data,2025 official open-data page classifies 小院子·台食茶館 as 台灣小吃/台菜（Taiwanese Cuisine） with markers 小吃; 台菜; 台灣小吃/台菜; Taiwanese Cuisine,high,"Official Tourism Administration open-data page gives update date, local government source, restaurant category and direct marker evidence. Duplicate source-url and restaurant artifact ID checked against Round010 overlay before append; one row represents one source artifact. TLS certificate validation was relaxed for metadata fetch because local Python rejected the site certificate, while the exact public URL is browser/web accessible.",SRC_R010B07_TW_376440000A_000367_OFFICIAL,verified,Taiwan-side,資料更新日期時間 2025-05-20T06:46:02+08:00；餐飲店家類型：台灣小吃/台菜（Taiwanese Cuisine）；小院子·台食茶館；台灣小吃/台菜（Taiwanese Cuisine）,小吃;台菜;台灣小吃/台菜;Taiwanese Cuisine,台灣小吃/台菜;Taiwanese Cuisine;台菜,,,https://media.taiwan.net.tw/zh-tw/portal/travel/details/restaurant_376440000a_000367,92367228aee8a519,SRC_R010B07_TW_376440000A_000367_OFFICIAL,1,0.9000,0.1000,1,小院子·台食茶館,secondary,0.7000,official Taiwan Tourism Administration open-data source with direct date evidence
SRC_R010B07_TW_376440000A_000370_OFFICIAL,2025,2025-05-19,2015-2025_platformization,星期二XToast-day吐司早午餐專賣,竹東鎮,Taiwan,Taiwan-side,official_open_data,Taiwan Tourism Administration Open Multimedia Data,https://media.taiwan.net.tw/zh-tw/portal/travel/details/restaurant_376440000a_000370,official_restaurant_open_data,2025 official open-data page classifies 星期二XToast-day吐司早午餐專賣 as 台灣小吃/台菜（Taiwanese Cuisine） with markers 小吃; 台菜; 台灣小吃/台菜; Taiwanese Cuisine,high,"Official Tourism Administration open-data page gives update date, local government source, restaurant category and direct marker evidence. Duplicate source-url and restaurant artifact ID checked against Round010 overlay before append; one row represents one source artifact. TLS certificate validation was relaxed for metadata fetch because local Python rejected the site certificate, while the exact public URL is browser/web accessible.",SRC_R010B07_TW_376440000A_000370_OFFICIAL,verified,Taiwan-side,資料更新日期時間 2025-05-19T06:01:56+08:00；餐飲店家類型：台灣小吃/台菜（Taiwanese Cuisine）；星期二XToast-day吐司早午餐專賣；台灣小吃/台菜（Taiwanese Cuisine）,小吃;台菜;台灣小吃/台菜;Taiwanese Cuisine,台灣小吃/台菜;Taiwanese Cuisine;台菜,,,https://media.taiwan.net.tw/zh-tw/portal/travel/details/restaurant_376440000a_000370,8912c109d37b9cd9,SRC_R010B07_TW_376440000A_000370_OFFICIAL,1,0.9000,0.1000,1,星期二XToast-day吐司早午餐專賣,secondary,0.7000,official Taiwan Tourism Administration open-data source with direct date evidence
SRC_R010B07_TW_376440000A_000378_OFFICIAL,2025,2025-05-23,2015-2025_platformization,撒牧咖啡館,五峰鄉,Taiwan,Taiwan-side,official_open_data,Taiwan Tourism Administration Open Multimedia Data,https://media.taiwan.net.tw/en-us/portal/travel/details/restaurant_376440000a_000378,official_restaurant_open_data,"2025 official open-data page classifies 撒牧咖啡館 as 台灣小吃/台菜（Taiwanese Cuisine）; 非酒精飲品 — 咖啡、茶等（Non-Alcoholic Beverages — Coffee, Tea, etc.） with markers 小吃; 台菜; 台灣小吃/台菜; Taiwanese Cuisine",high,"Official Tourism Administration open-data page gives update date, local government source, restaurant category and direct marker evidence. Duplicate source-url and restaurant artifact ID checked against Round010 overlay before append; one row represents one source artifact. TLS certificate validation was relaxed for metadata fetch because local Python rejected the site certificate, while the exact public URL is browser/web accessible.",SRC_R010B07_TW_376440000A_000378_OFFICIAL,verified,Taiwan-side,"資料更新日期時間 2025-05-23T05:43:45+08:00；餐飲店家類型：台灣小吃/台菜（Taiwanese Cuisine）、非酒精飲品 — 咖啡、茶等（Non-Alcoholic Beverages — Coffee, Tea, etc.）；撒牧咖啡館；台灣小吃/台菜（Taiwanese Cuisine）; 非酒精飲品 — 咖啡、茶等（Non-Alcoholic Beverages — Coffee, Tea, etc.）",小吃;台菜;台灣小吃/台菜;Taiwanese Cuisine,台灣小吃/台菜;Taiwanese Cuisine;台菜,,,https://media.taiwan.net.tw/en-us/portal/travel/details/restaurant_376440000a_000378,b710397972c12593,SRC_R010B07_TW_376440000A_000378_OFFICIAL,1,0.9000,0.1000,1,撒牧咖啡館,secondary,0.7000,official Taiwan Tourism Administration open-data source with direct date evidence
SRC_R010B07_TW_376440000A_000379_OFFICIAL,2025,2025-05-16,2015-2025_platformization,井町日式蔬食,竹北市,Taiwan,Taiwan-side,official_open_data,Taiwan Tourism Administration Open Multimedia Data,https://media.taiwan.net.tw/en-us/portal/travel/details/restaurant_376440000a_000379,official_restaurant_open_data,2025 official open-data page classifies 井町日式蔬食 as 台灣小吃/台菜（Taiwanese Cuisine）; 素食飲食（Vegetarian Diet） with markers 小吃; 台菜; 台灣小吃/台菜; Taiwanese Cuisine,high,"Official Tourism Administration open-data page gives update date, local government source, restaurant category and direct marker evidence. Duplicate source-url and restaurant artifact ID checked against Round010 overlay before append; one row represents one source artifact. TLS certificate validation was relaxed for metadata fetch because local Python rejected the site certificate, while the exact public URL is browser/web accessible.",SRC_R010B07_TW_376440000A_000379_OFFICIAL,verified,Taiwan-side,資料更新日期時間 2025-05-16T07:22:42+08:00；餐飲店家類型：台灣小吃/台菜（Taiwanese Cuisine）、素食飲食（Vegetarian Diet）；井町日式蔬食；台灣小吃/台菜（Taiwanese Cuisine）; 素食飲食（Vegetarian Diet）,小吃;台菜;台灣小吃/台菜;Taiwanese Cuisine,台灣小吃/台菜;Taiwanese Cuisine;台菜,,,https://media.taiwan.net.tw/en-us/portal/travel/details/restaurant_376440000a_000379,2d73abd77a9b201f,SRC_R010B07_TW_376440000A_000379_OFFICIAL,1,0.9000,0.1000,1,井町日式蔬食,secondary,0.7000,official Taiwan Tourism Administration open-data source with direct date evidence
SRC_R010B07_TW_376440000A_000380_OFFICIAL,2025,2025-08-18,2015-2025_platformization,李記米苔目,竹東鎮,Taiwan,Taiwan-side,official_open_data,Taiwan Tourism Administration Open Multimedia Data,https://media.taiwan.net.tw/zh-tw/portal/travel/details/restaurant_376440000a_000380,official_restaurant_open_data,2025 official open-data page classifies 李記米苔目 as 台灣小吃/台菜（Taiwanese Cuisine）; 甜點冰品（Desserts And Ice） with markers 小吃; 台菜; 台灣小吃/台菜; Taiwanese Cuisine,high,"Official Tourism Administration open-data page gives update date, local government source, restaurant category and direct marker evidence. Duplicate source-url and restaurant artifact ID checked against Round010 overlay before append; one row represents one source artifact. TLS certificate validation was relaxed for metadata fetch because local Python rejected the site certificate, while the exact public URL is browser/web accessible.",SRC_R010B07_TW_376440000A_000380_OFFICIAL,verified,Taiwan-side,資料更新日期時間 2025-08-18T06:54:58+08:00；餐飲店家類型：台灣小吃/台菜（Taiwanese Cuisine）、甜點冰品（Desserts And Ice）；李記米苔目；台灣小吃/台菜（Taiwanese Cuisine）; 甜點冰品（Desserts And Ice）,小吃;台菜;台灣小吃/台菜;Taiwanese Cuisine,台灣小吃/台菜;Taiwanese Cuisine;台菜,,,https://media.taiwan.net.tw/zh-tw/portal/travel/details/restaurant_376440000a_000380,cc08afdefa268a63,SRC_R010B07_TW_376440000A_000380_OFFICIAL,1,0.9000,0.1000,1,李記米苔目,secondary,0.7000,official Taiwan Tourism Administration open-data source with direct date evidence
SRC_R010B07_TW_376440000A_000381_OFFICIAL,2025,2025-05-22,2015-2025_platformization,HA 咖啡,湖口鄉,Taiwan,Taiwan-side,official_open_data,Taiwan Tourism Administration Open Multimedia Data,https://media.taiwan.net.tw/zh-tw/portal/travel/details/restaurant_376440000a_000381,official_restaurant_open_data,"2025 official open-data page classifies HA 咖啡 as 台灣小吃/台菜（Taiwanese Cuisine）; 非酒精飲品 — 咖啡、茶等（Non-Alcoholic Beverages — Coffee, Tea, etc.） with markers 小吃; 台菜; 台灣小吃/台菜; Taiwanese Cuisine",high,"Official Tourism Administration open-data page gives update date, local government source, restaurant category and direct marker evidence. Duplicate source-url and restaurant artifact ID checked against Round010 overlay before append; one row represents one source artifact. TLS certificate validation was relaxed for metadata fetch because local Python rejected the site certificate, while the exact public URL is browser/web accessible.",SRC_R010B07_TW_376440000A_000381_OFFICIAL,verified,Taiwan-side,"資料更新日期時間 2025-05-22T08:08:15+08:00；餐飲店家類型：台灣小吃/台菜（Taiwanese Cuisine）、非酒精飲品 — 咖啡、茶等（Non-Alcoholic Beverages — Coffee, Tea, etc.）；HA 咖啡；台灣小吃/台菜（Taiwanese Cuisine）; 非酒精飲品 — 咖啡、茶等（Non-Alcoholic Beverages — Coffee, Tea, etc.）",小吃;台菜;台灣小吃/台菜;Taiwanese Cuisine,台灣小吃/台菜;Taiwanese Cuisine;台菜,,,https://media.taiwan.net.tw/zh-tw/portal/travel/details/restaurant_376440000a_000381,5e1ef4acc5311e0f,SRC_R010B07_TW_376440000A_000381_OFFICIAL,1,0.9000,0.1000,1,HA 咖啡,secondary,0.7000,official Taiwan Tourism Administration open-data source with direct date evidence
SRC_R010B07_TW_376440000A_000382_OFFICIAL,2025,2025-05-19,2015-2025_platformization,素食炸菜,竹東鎮,Taiwan,Taiwan-side,official_open_data,Taiwan Tourism Administration Open Multimedia Data,https://media.taiwan.net.tw/zh-tw/portal/travel/details/restaurant_376440000a_000382,official_restaurant_open_data,2025 official open-data page classifies 素食炸菜 as 台灣小吃/台菜（Taiwanese Cuisine） with markers 小吃; 台菜; 台灣小吃/台菜; Taiwanese Cuisine,high,"Official Tourism Administration open-data page gives update date, local government source, restaurant category and direct marker evidence. Duplicate source-url and restaurant artifact ID checked against Round010 overlay before append; one row represents one source artifact. TLS certificate validation was relaxed for metadata fetch because local Python rejected the site certificate, while the exact public URL is browser/web accessible.",SRC_R010B07_TW_376440000A_000382_OFFICIAL,verified,Taiwan-side,資料更新日期時間 2025-05-19T07:39:35+08:00；餐飲店家類型：台灣小吃/台菜（Taiwanese Cuisine）；素食炸菜；台灣小吃/台菜（Taiwanese Cuisine）,小吃;台菜;台灣小吃/台菜;Taiwanese Cuisine,台灣小吃/台菜;Taiwanese Cuisine;台菜,,,https://media.taiwan.net.tw/zh-tw/portal/travel/details/restaurant_376440000a_000382,b91c68602b181d50,SRC_R010B07_TW_376440000A_000382_OFFICIAL,1,0.9000,0.1000,1,素食炸菜,secondary,0.7000,official Taiwan Tourism Administration open-data source with direct date evidence
SRC_R010B07_TW_376440000A_000383_OFFICIAL,2025,2025-05-22,2015-2025_platformization,老五鹹粥,湖口鄉,Taiwan,Taiwan-side,official_open_data,Taiwan Tourism Administration Open Multimedia Data,https://media.taiwan.net.tw/zh-tw/portal/travel/details/restaurant_376440000a_000383,official_restaurant_open_data,2025 official open-data page classifies 老五鹹粥 as 台灣小吃/台菜（Taiwanese Cuisine）; 粥品（Congee） with markers 小吃; 台菜; 台灣小吃/台菜; Taiwanese Cuisine,high,"Official Tourism Administration open-data page gives update date, local government source, restaurant category and direct marker evidence. Duplicate source-url and restaurant artifact ID checked against Round010 overlay before append; one row represents one source artifact. TLS certificate validation was relaxed for metadata fetch because local Python rejected the site certificate, while the exact public URL is browser/web accessible.",SRC_R010B07_TW_376440000A_000383_OFFICIAL,verified,Taiwan-side,資料更新日期時間 2025-05-22T06:40:02+08:00；餐飲店家類型：台灣小吃/台菜（Taiwanese Cuisine）、粥品（Congee）；老五鹹粥；台灣小吃/台菜（Taiwanese Cuisine）; 粥品（Congee）,小吃;台菜;台灣小吃/台菜;Taiwanese Cuisine,台灣小吃/台菜;Taiwanese Cuisine;台菜,,,https://media.taiwan.net.tw/zh-tw/portal/travel/details/restaurant_376440000a_000383,0ebb34918c553061,SRC_R010B07_TW_376440000A_000383_OFFICIAL,1,0.9000,0.1000,1,老五鹹粥,secondary,0.7000,official Taiwan Tourism Administration open-data source with direct date evidence
SRC_R010B07_TW_376440000A_000385_OFFICIAL,2025,2025-08-22,2015-2025_platformization,老頭擺客家菜,北埔鄉,Taiwan,Taiwan-side,official_open_data,Taiwan Tourism Administration Open Multimedia Data,https://media.taiwan.net.tw/zh-tw/portal/travel/details/restaurant_376440000a_000385,official_restaurant_open_data,2025 official open-data page classifies 老頭擺客家菜 as 台灣小吃/台菜（Taiwanese Cuisine） with markers 客家菜; 小吃; 台菜; 台灣小吃/台菜,high,"Official Tourism Administration open-data page gives update date, local government source, restaurant category and direct marker evidence. Duplicate source-url and restaurant artifact ID checked against Round010 overlay before append; one row represents one source artifact. TLS certificate validation was relaxed for metadata fetch because local Python rejected the site certificate, while the exact public URL is browser/web accessible.",SRC_R010B07_TW_376440000A_000385_OFFICIAL,verified,Taiwan-side,資料更新日期時間 2025-08-22T07:49:32+08:00；餐飲店家類型：台灣小吃/台菜（Taiwanese Cuisine）；老頭擺客家菜；台灣小吃/台菜（Taiwanese Cuisine）,客家菜;小吃;台菜;台灣小吃/台菜;Taiwanese Cuisine,台灣小吃/台菜;Taiwanese Cuisine;客家菜;台菜,,,https://media.taiwan.net.tw/zh-tw/portal/travel/details/restaurant_376440000a_000385,52c19c8ef5dbd551,SRC_R010B07_TW_376440000A_000385_OFFICIAL,1,0.9000,0.1000,1,老頭擺客家菜,secondary,0.7000,official Taiwan Tourism Administration open-data source with direct date evidence
SRC_R010B07_TW_376440000A_000386_OFFICIAL,2025,2025-08-22,2015-2025_platformization,黑皮驊魯肉飯,竹北市,Taiwan,Taiwan-side,official_open_data,Taiwan Tourism Administration Open Multimedia Data,https://media.taiwan.net.tw/en-us/portal/travel/details/restaurant_376440000a_000386,official_restaurant_open_data,2025 official open-data page classifies 黑皮驊魯肉飯 as 台灣小吃/台菜（Taiwanese Cuisine） with markers 小吃; 台菜; 台灣小吃/台菜; Taiwanese Cuisine,high,"Official Tourism Administration open-data page gives update date, local government source, restaurant category and direct marker evidence. Duplicate source-url and restaurant artifact ID checked against Round010 overlay before append; one row represents one source artifact. TLS certificate validation was relaxed for metadata fetch because local Python rejected the site certificate, while the exact public URL is browser/web accessible.",SRC_R010B07_TW_376440000A_000386_OFFICIAL,verified,Taiwan-side,資料更新日期時間 2025-08-22T08:21:20+08:00；餐飲店家類型：台灣小吃/台菜（Taiwanese Cuisine）；黑皮驊魯肉飯；台灣小吃/台菜（Taiwanese Cuisine）,小吃;台菜;台灣小吃/台菜;Taiwanese Cuisine,台灣小吃/台菜;Taiwanese Cuisine;台菜,,,https://media.taiwan.net.tw/en-us/portal/travel/details/restaurant_376440000a_000386,f0f25c7af5ac28af,SRC_R010B07_TW_376440000A_000386_OFFICIAL,1,0.9000,0.1000,1,黑皮驊魯肉飯,secondary,0.7000,official Taiwan Tourism Administration open-data source with direct date evidence
SRC_R010B07_TW_376440000A_000389_OFFICIAL,2025,2025-05-19,2015-2025_platformization,陳記老街麵店,竹東鎮,Taiwan,Taiwan-side,official_open_data,Taiwan Tourism Administration Open Multimedia Data,https://media.taiwan.net.tw/en-us/portal/travel/details/restaurant_376440000a_000389,official_restaurant_open_data,2025 official open-data page classifies 陳記老街麵店 as 台灣小吃/台菜（Taiwanese Cuisine） with markers 小吃; 台菜; 台灣小吃/台菜; Taiwanese Cuisine,high,"Official Tourism Administration open-data page gives update date, local government source, restaurant category and direct marker evidence. Duplicate source-url and restaurant artifact ID checked against Round010 overlay before append; one row represents one source artifact. TLS certificate validation was relaxed for metadata fetch because local Python rejected the site certificate, while the exact public URL is browser/web accessible.",SRC_R010B07_TW_376440000A_000389_OFFICIAL,verified,Taiwan-side,資料更新日期時間 2025-05-19T07:43:47+08:00；餐飲店家類型：台灣小吃/台菜（Taiwanese Cuisine）；陳記老街麵店；台灣小吃/台菜（Taiwanese Cuisine）,小吃;台菜;台灣小吃/台菜;Taiwanese Cuisine,台灣小吃/台菜;Taiwanese Cuisine;台菜,,,https://media.taiwan.net.tw/en-us/portal/travel/details/restaurant_376440000a_000389,0e483d1023f7f891,SRC_R010B07_TW_376440000A_000389_OFFICIAL,1,0.9000,0.1000,1,陳記老街麵店,secondary,0.7000,official Taiwan Tourism Administration open-data source with direct date evidence
SRC_R010B07_TW_376440000A_000391_OFFICIAL,2025,2025-05-22,2015-2025_platformization,大嬸婆黑糖發粄,橫山鄉,Taiwan,Taiwan-side,official_open_data,Taiwan Tourism Administration Open Multimedia Data,https://media.taiwan.net.tw/en-us/portal/travel/details/restaurant_376440000a_000391,official_restaurant_open_data,2025 official open-data page classifies 大嬸婆黑糖發粄 as 台灣小吃/台菜（Taiwanese Cuisine）; 伴手禮/禮盒（Gift） with markers 小吃; 台菜; 台灣小吃/台菜; Taiwanese Cuisine,high,"Official Tourism Administration open-data page gives update date, local government source, restaurant category and direct marker evidence. Duplicate source-url and restaurant artifact ID checked against Round010 overlay before append; one row represents one source artifact. TLS certificate validation was relaxed for metadata fetch because local Python rejected the site certificate, while the exact public URL is browser/web accessible.",SRC_R010B07_TW_376440000A_000391_OFFICIAL,verified,Taiwan-side,資料更新日期時間 2025-05-22T08:17:50+08:00；餐飲店家類型：台灣小吃/台菜（Taiwanese Cuisine）、伴手禮/禮盒（Gift）；大嬸婆黑糖發粄；台灣小吃/台菜（Taiwanese Cuisine）; 伴手禮/禮盒（Gift）,小吃;台菜;台灣小吃/台菜;Taiwanese Cuisine,台灣小吃/台菜;Taiwanese Cuisine;台菜,,,https://media.taiwan.net.tw/en-us/portal/travel/details/restaurant_376440000a_000391,b66b3c7ef1cc68d9,SRC_R010B07_TW_376440000A_000391_OFFICIAL,1,0.9000,0.1000,1,大嬸婆黑糖發粄,secondary,0.7000,official Taiwan Tourism Administration open-data source with direct date evidence
SRC_R010B07_TW_376440000A_000398_OFFICIAL,2025,2025-05-23,2015-2025_platformization,想享XiangXiang,竹東鎮,Taiwan,Taiwan-side,official_open_data,Taiwan Tourism Administration Open Multimedia Data,https://media.taiwan.net.tw/zh-tw/portal/travel/details/restaurant_376440000a_000398,official_restaurant_open_data,2025 official open-data page classifies 想享XiangXiang as 台灣小吃/台菜（Taiwanese Cuisine） with markers 小吃; 台菜; 台灣小吃/台菜; Taiwanese Cuisine,high,"Official Tourism Administration open-data page gives update date, local government source, restaurant category and direct marker evidence. Duplicate source-url and restaurant artifact ID checked against Round010 overlay before append; one row represents one source artifact. TLS certificate validation was relaxed for metadata fetch because local Python rejected the site certificate, while the exact public URL is browser/web accessible.",SRC_R010B07_TW_376440000A_000398_OFFICIAL,verified,Taiwan-side,資料更新日期時間 2025-05-23T09:16:37+08:00；餐飲店家類型：台灣小吃/台菜（Taiwanese Cuisine）；想享XiangXiang；台灣小吃/台菜（Taiwanese Cuisine）,小吃;台菜;台灣小吃/台菜;Taiwanese Cuisine,台灣小吃/台菜;Taiwanese Cuisine;台菜,,,https://media.taiwan.net.tw/zh-tw/portal/travel/details/restaurant_376440000a_000398,275055ae4a3e47cf,SRC_R010B07_TW_376440000A_000398_OFFICIAL,1,0.9000,0.1000,1,想享XiangXiang,secondary,0.7000,official Taiwan Tourism Administration open-data source with direct date evidence
SRC_R010B07_TW_376440000A_000400_OFFICIAL,2025,2025-05-22,2015-2025_platformization,萬里香蒸餃,芎林鄉,Taiwan,Taiwan-side,official_open_data,Taiwan Tourism Administration Open Multimedia Data,https://media.taiwan.net.tw/en-us/portal/travel/details/restaurant_376440000a_000400,official_restaurant_open_data,2025 official open-data page classifies 萬里香蒸餃 as 台灣小吃/台菜（Taiwanese Cuisine） with markers 小吃; 台菜; 台灣小吃/台菜; Taiwanese Cuisine,high,"Official Tourism Administration open-data page gives update date, local government source, restaurant category and direct marker evidence. Duplicate source-url and restaurant artifact ID checked against Round010 overlay before append; one row represents one source artifact. TLS certificate validation was relaxed for metadata fetch because local Python rejected the site certificate, while the exact public URL is browser/web accessible.",SRC_R010B07_TW_376440000A_000400_OFFICIAL,verified,Taiwan-side,資料更新日期時間 2025-05-22T04:40:49+08:00；餐飲店家類型：台灣小吃/台菜（Taiwanese Cuisine）；萬里香蒸餃；台灣小吃/台菜（Taiwanese Cuisine）,小吃;台菜;台灣小吃/台菜;Taiwanese Cuisine,台灣小吃/台菜;Taiwanese Cuisine;台菜,,,https://media.taiwan.net.tw/en-us/portal/travel/details/restaurant_376440000a_000400,d06ebba20cda19a3,SRC_R010B07_TW_376440000A_000400_OFFICIAL,1,0.9000,0.1000,1,萬里香蒸餃,secondary,0.7000,official Taiwan Tourism Administration open-data source with direct date evidence
SRC_R010B07_TW_376440000A_000402_OFFICIAL,2025,2025-05-09,2015-2025_platformization,十八子小龍包 竹北店,竹北市,Taiwan,Taiwan-side,official_open_data,Taiwan Tourism Administration Open Multimedia Data,https://media.taiwan.net.tw/en-us/portal/travel/details/restaurant_376440000a_000402,official_restaurant_open_data,2025 official open-data page classifies 十八子小龍包 竹北店 as 台灣小吃/台菜（Taiwanese Cuisine） with markers 小吃; 台菜; 台灣小吃/台菜; Taiwanese Cuisine,high,"Official Tourism Administration open-data page gives update date, local government source, restaurant category and direct marker evidence. Duplicate source-url and restaurant artifact ID checked against Round010 overlay before append; one row represents one source artifact. TLS certificate validation was relaxed for metadata fetch because local Python rejected the site certificate, while the exact public URL is browser/web accessible.",SRC_R010B07_TW_376440000A_000402_OFFICIAL,verified,Taiwan-side,資料更新日期時間 2025-05-09T06:42:27+08:00；餐飲店家類型：台灣小吃/台菜（Taiwanese Cuisine）；十八子小龍包 竹北店；台灣小吃/台菜（Taiwanese Cuisine）,小吃;台菜;台灣小吃/台菜;Taiwanese Cuisine,台灣小吃/台菜;Taiwanese Cuisine;台菜,,,https://media.taiwan.net.tw/en-us/portal/travel/details/restaurant_376440000a_000402,ada2d21bad80ff38,SRC_R010B07_TW_376440000A_000402_OFFICIAL,1,0.9000,0.1000,1,十八子小龍包 竹北店,secondary,0.7000,official Taiwan Tourism Administration open-data source with direct date evidence
SRC_R010B07_TW_376440000A_000407_OFFICIAL,2025,2025-05-19,2015-2025_platformization,北方麵館,竹東鎮,Taiwan,Taiwan-side,official_open_data,Taiwan Tourism Administration Open Multimedia Data,https://media.taiwan.net.tw/en-us/portal/travel/details/restaurant_376440000a_000407,official_restaurant_open_data,2025 official open-data page classifies 北方麵館 as 台灣小吃/台菜（Taiwanese Cuisine） with markers 小吃; 台菜; 台灣小吃/台菜; Taiwanese Cuisine,high,"Official Tourism Administration open-data page gives update date, local government source, restaurant category and direct marker evidence. Duplicate source-url and restaurant artifact ID checked against Round010 overlay before append; one row represents one source artifact. TLS certificate validation was relaxed for metadata fetch because local Python rejected the site certificate, while the exact public URL is browser/web accessible.",SRC_R010B07_TW_376440000A_000407_OFFICIAL,verified,Taiwan-side,資料更新日期時間 2025-05-19T06:48:41+08:00；餐飲店家類型：台灣小吃/台菜（Taiwanese Cuisine）；北方麵館；台灣小吃/台菜（Taiwanese Cuisine）,小吃;台菜;台灣小吃/台菜;Taiwanese Cuisine,台灣小吃/台菜;Taiwanese Cuisine;台菜,,,https://media.taiwan.net.tw/en-us/portal/travel/details/restaurant_376440000a_000407,5f5ef5d258a2f860,SRC_R010B07_TW_376440000A_000407_OFFICIAL,1,0.9000,0.1000,1,北方麵館,secondary,0.7000,official Taiwan Tourism Administration open-data source with direct date evidence
SRC_R010B07_TW_376440000A_000406_OFFICIAL,2025,2025-05-22,2015-2025_platformization,888廣東粥,湖口鄉,Taiwan,Taiwan-side,official_open_data,Taiwan Tourism Administration Open Multimedia Data,https://media.taiwan.net.tw/en-us/portal/travel/details/restaurant_376440000a_000406,official_restaurant_open_data,2025 official open-data page classifies 888廣東粥 as 台灣小吃/台菜（Taiwanese Cuisine）; 粥品（Congee） with markers 小吃; 台菜; 台灣小吃/台菜; Taiwanese Cuisine,high,"Official Tourism Administration open-data page gives update date, local government source, restaurant category and direct marker evidence. Duplicate source-url and restaurant artifact ID checked against Round010 overlay before append; one row represents one source artifact. TLS certificate validation was relaxed for metadata fetch because local Python rejected the site certificate, while the exact public URL is browser/web accessible.",SRC_R010B07_TW_376440000A_000406_OFFICIAL,verified,Taiwan-side,資料更新日期時間 2025-05-22T06:39:14+08:00；餐飲店家類型：台灣小吃/台菜（Taiwanese Cuisine）、粥品（Congee）；888廣東粥；台灣小吃/台菜（Taiwanese Cuisine）; 粥品（Congee）,小吃;台菜;台灣小吃/台菜;Taiwanese Cuisine,台灣小吃/台菜;Taiwanese Cuisine;台菜,,,https://media.taiwan.net.tw/en-us/portal/travel/details/restaurant_376440000a_000406,d4c434b71a944e0e,SRC_R010B07_TW_376440000A_000406_OFFICIAL,1,0.9000,0.1000,1,888廣東粥,secondary,0.7000,official Taiwan Tourism Administration open-data source with direct date evidence
SRC_R010B07_TW_376440000A_000408_OFFICIAL,2025,2025-05-22,2015-2025_platformization,紅磚美食坊,尖石鄉,Taiwan,Taiwan-side,official_open_data,Taiwan Tourism Administration Open Multimedia Data,https://media.taiwan.net.tw/zh-tw/portal/travel/details/restaurant_376440000a_000408,official_restaurant_open_data,2025 official open-data page classifies 紅磚美食坊 as 台灣小吃/台菜（Taiwanese Cuisine） with markers 小吃; 台菜; 台灣小吃/台菜; Taiwanese Cuisine,high,"Official Tourism Administration open-data page gives update date, local government source, restaurant category and direct marker evidence. Duplicate source-url and restaurant artifact ID checked against Round010 overlay before append; one row represents one source artifact. TLS certificate validation was relaxed for metadata fetch because local Python rejected the site certificate, while the exact public URL is browser/web accessible.",SRC_R010B07_TW_376440000A_000408_OFFICIAL,verified,Taiwan-side,資料更新日期時間 2025-05-22T06:22:35+08:00；餐飲店家類型：台灣小吃/台菜（Taiwanese Cuisine）；紅磚美食坊；台灣小吃/台菜（Taiwanese Cuisine）,小吃;台菜;台灣小吃/台菜;Taiwanese Cuisine,台灣小吃/台菜;Taiwanese Cuisine;台菜,,,https://media.taiwan.net.tw/zh-tw/portal/travel/details/restaurant_376440000a_000408,b9cba7155d4d4daf,SRC_R010B07_TW_376440000A_000408_OFFICIAL,1,0.9000,0.1000,1,紅磚美食坊,secondary,0.7000,official Taiwan Tourism Administration open-data source with direct date evidence
SRC_R010B07_TW_376440000A_000410_OFFICIAL,2025,2025-08-18,2015-2025_platformization,張記客家麻糬紅豆湯河南扯麵,竹東鎮,Taiwan,Taiwan-side,official_open_data,Taiwan Tourism Administration Open Multimedia Data,https://media.taiwan.net.tw/zh-tw/portal/travel/details/restaurant_376440000a_000410,official_restaurant_open_data,2025 official open-data page classifies 張記客家麻糬紅豆湯河南扯麵 as 台灣小吃/台菜（Taiwanese Cuisine）; 甜點冰品（Desserts And Ice） with markers 小吃; 台菜; 台灣小吃/台菜; Taiwanese Cuisine,high,"Official Tourism Administration open-data page gives update date, local government source, restaurant category and direct marker evidence. Duplicate source-url and restaurant artifact ID checked against Round010 overlay before append; one row represents one source artifact. TLS certificate validation was relaxed for metadata fetch because local Python rejected the site certificate, while the exact public URL is browser/web accessible.",SRC_R010B07_TW_376440000A_000410_OFFICIAL,verified,Taiwan-side,資料更新日期時間 2025-08-18T06:58:39+08:00；餐飲店家類型：台灣小吃/台菜（Taiwanese Cuisine）、甜點冰品（Desserts And Ice）；張記客家麻糬紅豆湯河南扯麵；台灣小吃/台菜（Taiwanese Cuisine）; 甜點冰品（Desserts And Ice）,小吃;台菜;台灣小吃/台菜;Taiwanese Cuisine,台灣小吃/台菜;Taiwanese Cuisine;台菜,,,https://media.taiwan.net.tw/zh-tw/portal/travel/details/restaurant_376440000a_000410,910b25d9ca8d4cdf,SRC_R010B07_TW_376440000A_000410_OFFICIAL,1,0.9000,0.1000,1,張記客家麻糬紅豆湯河南扯麵,secondary,0.7000,official Taiwan Tourism Administration open-data source with direct date evidence
SRC_R010B07_TW_376440000A_000414_OFFICIAL,2025,2025-05-23,2015-2025_platformization,翟九 竹北店,竹北市,Taiwan,Taiwan-side,official_open_data,Taiwan Tourism Administration Open Multimedia Data,https://media.taiwan.net.tw/zh-tw/portal/travel/details/restaurant_376440000a_000414,official_restaurant_open_data,2025 official open-data page classifies 翟九 竹北店 as 台灣小吃/台菜（Taiwanese Cuisine） with markers 小吃; 台菜; 台灣小吃/台菜; Taiwanese Cuisine,high,"Official Tourism Administration open-data page gives update date, local government source, restaurant category and direct marker evidence. Duplicate source-url and restaurant artifact ID checked against Round010 overlay before append; one row represents one source artifact. TLS certificate validation was relaxed for metadata fetch because local Python rejected the site certificate, while the exact public URL is browser/web accessible.",SRC_R010B07_TW_376440000A_000414_OFFICIAL,verified,Taiwan-side,資料更新日期時間 2025-05-23T09:16:02+08:00；餐飲店家類型：台灣小吃/台菜（Taiwanese Cuisine）；翟九 竹北店；台灣小吃/台菜（Taiwanese Cuisine）,小吃;台菜;台灣小吃/台菜;Taiwanese Cuisine,台灣小吃/台菜;Taiwanese Cuisine;台菜,,,https://media.taiwan.net.tw/zh-tw/portal/travel/details/restaurant_376440000a_000414,5dbd7e2eb5ec5a2f,SRC_R010B07_TW_376440000A_000414_OFFICIAL,1,0.9000,0.1000,1,翟九 竹北店,secondary,0.7000,official Taiwan Tourism Administration open-data source with direct date evidence
SRC_R010B07_TW_376440000A_000415_OFFICIAL,2025,2025-05-22,2015-2025_platformization,杉沐松農場,尖石鄉,Taiwan,Taiwan-side,official_open_data,Taiwan Tourism Administration Open Multimedia Data,https://media.taiwan.net.tw/zh-tw/portal/travel/details/restaurant_376440000a_000415,official_restaurant_open_data,2025 official open-data page classifies 杉沐松農場 as 台灣小吃/台菜（Taiwanese Cuisine） with markers 小吃; 台菜; 台灣小吃/台菜; Taiwanese Cuisine,high,"Official Tourism Administration open-data page gives update date, local government source, restaurant category and direct marker evidence. Duplicate source-url and restaurant artifact ID checked against Round010 overlay before append; one row represents one source artifact. TLS certificate validation was relaxed for metadata fetch because local Python rejected the site certificate, while the exact public URL is browser/web accessible.",SRC_R010B07_TW_376440000A_000415_OFFICIAL,verified,Taiwan-side,資料更新日期時間 2025-05-22T06:25:54+08:00；餐飲店家類型：台灣小吃/台菜（Taiwanese Cuisine）；杉沐松農場；台灣小吃/台菜（Taiwanese Cuisine）,小吃;台菜;台灣小吃/台菜;Taiwanese Cuisine,台灣小吃/台菜;Taiwanese Cuisine;台菜,,,https://media.taiwan.net.tw/zh-tw/portal/travel/details/restaurant_376440000a_000415,a913bcc4a662e1f3,SRC_R010B07_TW_376440000A_000415_OFFICIAL,1,0.9000,0.1000,1,杉沐松農場,secondary,0.7000,official Taiwan Tourism Administration open-data source with direct date evidence
SRC_R010B07_TW_376440000A_000417_OFFICIAL,2025,2025-05-22,2015-2025_platformization,倆聲．早點,關西鎮,Taiwan,Taiwan-side,official_open_data,Taiwan Tourism Administration Open Multimedia Data,https://media.taiwan.net.tw/zh-tw/portal/travel/details/restaurant_376440000a_000417,official_restaurant_open_data,2025 official open-data page classifies 倆聲．早點 as 台灣小吃/台菜（Taiwanese Cuisine） with markers 小吃; 台菜; 台灣小吃/台菜; Taiwanese Cuisine,high,"Official Tourism Administration open-data page gives update date, local government source, restaurant category and direct marker evidence. Duplicate source-url and restaurant artifact ID checked against Round010 overlay before append; one row represents one source artifact. TLS certificate validation was relaxed for metadata fetch because local Python rejected the site certificate, while the exact public URL is browser/web accessible.",SRC_R010B07_TW_376440000A_000417_OFFICIAL,verified,Taiwan-side,資料更新日期時間 2025-05-22T09:57:51+08:00；餐飲店家類型：台灣小吃/台菜（Taiwanese Cuisine）；倆聲．早點；台灣小吃/台菜（Taiwanese Cuisine）,小吃;台菜;台灣小吃/台菜;Taiwanese Cuisine,台灣小吃/台菜;Taiwanese Cuisine;台菜,,,https://media.taiwan.net.tw/zh-tw/portal/travel/details/restaurant_376440000a_000417,0109de6e58c3e47e,SRC_R010B07_TW_376440000A_000417_OFFICIAL,1,0.9000,0.1000,1,倆聲．早點,secondary,0.7000,official Taiwan Tourism Administration open-data source with direct date evidence
SRC_R010B07_TW_376440000A_000418_OFFICIAL,2025,2025-05-22,2015-2025_platformization,老屋客家美食,峨眉鄉,Taiwan,Taiwan-side,official_open_data,Taiwan Tourism Administration Open Multimedia Data,https://media.taiwan.net.tw/zh-tw/portal/travel/details/restaurant_376440000a_000418,official_restaurant_open_data,2025 official open-data page classifies 老屋客家美食 as 台灣小吃/台菜（Taiwanese Cuisine） with markers 小吃; 台菜; 台灣小吃/台菜; Taiwanese Cuisine,high,"Official Tourism Administration open-data page gives update date, local government source, restaurant category and direct marker evidence. Duplicate source-url and restaurant artifact ID checked against Round010 overlay before append; one row represents one source artifact. TLS certificate validation was relaxed for metadata fetch because local Python rejected the site certificate, while the exact public URL is browser/web accessible.",SRC_R010B07_TW_376440000A_000418_OFFICIAL,verified,Taiwan-side,資料更新日期時間 2025-05-22T07:16:39+08:00；餐飲店家類型：台灣小吃/台菜（Taiwanese Cuisine）；老屋客家美食；台灣小吃/台菜（Taiwanese Cuisine）,小吃;台菜;台灣小吃/台菜;Taiwanese Cuisine,台灣小吃/台菜;Taiwanese Cuisine;台菜,,,https://media.taiwan.net.tw/zh-tw/portal/travel/details/restaurant_376440000a_000418,878ae03a9b8b889c,SRC_R010B07_TW_376440000A_000418_OFFICIAL,1,0.9000,0.1000,1,老屋客家美食,secondary,0.7000,official Taiwan Tourism Administration open-data source with direct date evidence
SRC_R010B07_TW_376440000A_000419_OFFICIAL,2025,2025-05-05,2015-2025_platformization,好煮藝風味小館,竹北市,Taiwan,Taiwan-side,official_open_data,Taiwan Tourism Administration Open Multimedia Data,https://media.taiwan.net.tw/en-us/portal/travel/details/restaurant_376440000a_000419,official_restaurant_open_data,2025 official open-data page classifies 好煮藝風味小館 as 台灣小吃/台菜（Taiwanese Cuisine） with markers 小吃; 台菜; 台灣小吃/台菜; Taiwanese Cuisine,high,"Official Tourism Administration open-data page gives update date, local government source, restaurant category and direct marker evidence. Duplicate source-url and restaurant artifact ID checked against Round010 overlay before append; one row represents one source artifact. TLS certificate validation was relaxed for metadata fetch because local Python rejected the site certificate, while the exact public URL is browser/web accessible.",SRC_R010B07_TW_376440000A_000419_OFFICIAL,verified,Taiwan-side,資料更新日期時間 2025-05-05T08:02:34+08:00；餐飲店家類型：台灣小吃/台菜（Taiwanese Cuisine）；好煮藝風味小館；台灣小吃/台菜（Taiwanese Cuisine）,小吃;台菜;台灣小吃/台菜;Taiwanese Cuisine,台灣小吃/台菜;Taiwanese Cuisine;台菜,,,https://media.taiwan.net.tw/en-us/portal/travel/details/restaurant_376440000a_000419,5c1a5ef930eec46e,SRC_R010B07_TW_376440000A_000419_OFFICIAL,1,0.9000,0.1000,1,好煮藝風味小館,secondary,0.7000,official Taiwan Tourism Administration open-data source with direct date evidence
SRC_R010B07_TW_376440000A_000423_OFFICIAL,2025,2025-05-22,2015-2025_platformization,新埔水餃店,新埔鎮,Taiwan,Taiwan-side,official_open_data,Taiwan Tourism Administration Open Multimedia Data,https://media.taiwan.net.tw/zh-tw/portal/travel/details/restaurant_376440000a_000423,official_restaurant_open_data,2025 official open-data page classifies 新埔水餃店 as 台灣小吃/台菜（Taiwanese Cuisine） with markers 小吃; 台菜; 台灣小吃/台菜; Taiwanese Cuisine,high,"Official Tourism Administration open-data page gives update date, local government source, restaurant category and direct marker evidence. Duplicate source-url and restaurant artifact ID checked against Round010 overlay before append; one row represents one source artifact. TLS certificate validation was relaxed for metadata fetch because local Python rejected the site certificate, while the exact public URL is browser/web accessible.",SRC_R010B07_TW_376440000A_000423_OFFICIAL,verified,Taiwan-side,資料更新日期時間 2025-05-22T09:57:04+08:00；餐飲店家類型：台灣小吃/台菜（Taiwanese Cuisine）；新埔水餃店；台灣小吃/台菜（Taiwanese Cuisine）,小吃;台菜;台灣小吃/台菜;Taiwanese Cuisine,台灣小吃/台菜;Taiwanese Cuisine;台菜,,,https://media.taiwan.net.tw/zh-tw/portal/travel/details/restaurant_376440000a_000423,d318a3b228268fb8,SRC_R010B07_TW_376440000A_000423_OFFICIAL,1,0.9000,0.1000,1,新埔水餃店,secondary,0.7000,official Taiwan Tourism Administration open-data source with direct date evidence
SRC_R010B07_TW_376440000A_000424_OFFICIAL,2025,2025-05-22,2015-2025_platformization,內灣圓樓人文客家餐廳,橫山鄉,Taiwan,Taiwan-side,official_open_data,Taiwan Tourism Administration Open Multimedia Data,https://media.taiwan.net.tw/zh-tw/portal/travel/details/restaurant_376440000a_000424,official_restaurant_open_data,2025 official open-data page classifies 內灣圓樓人文客家餐廳 as 台灣小吃/台菜（Taiwanese Cuisine） with markers 小吃; 台菜; 台灣小吃/台菜; Taiwanese Cuisine,high,"Official Tourism Administration open-data page gives update date, local government source, restaurant category and direct marker evidence. Duplicate source-url and restaurant artifact ID checked against Round010 overlay before append; one row represents one source artifact. TLS certificate validation was relaxed for metadata fetch because local Python rejected the site certificate, while the exact public URL is browser/web accessible.",SRC_R010B07_TW_376440000A_000424_OFFICIAL,verified,Taiwan-side,資料更新日期時間 2025-05-22T04:23:43+08:00；餐飲店家類型：台灣小吃/台菜（Taiwanese Cuisine）；內灣圓樓人文客家餐廳；台灣小吃/台菜（Taiwanese Cuisine）,小吃;台菜;台灣小吃/台菜;Taiwanese Cuisine,台灣小吃/台菜;Taiwanese Cuisine;台菜,,,https://media.taiwan.net.tw/zh-tw/portal/travel/details/restaurant_376440000a_000424,bcdcd302f74b9ba9,SRC_R010B07_TW_376440000A_000424_OFFICIAL,1,0.9000,0.1000,1,內灣圓樓人文客家餐廳,secondary,0.7000,official Taiwan Tourism Administration open-data source with direct date evidence
SRC_R010B07_TW_376440000A_000429_OFFICIAL,2025,2025-05-20,2015-2025_platformization,松芸軒咖啡莊,峨眉鄉,Taiwan,Taiwan-side,official_open_data,Taiwan Tourism Administration Open Multimedia Data,https://media.taiwan.net.tw/zh-tw/portal/travel/details/restaurant_376440000a_000429,official_restaurant_open_data,2025 official open-data page classifies 松芸軒咖啡莊 as 台灣小吃/台菜（Taiwanese Cuisine） with markers 小吃; 台菜; 台灣小吃/台菜; Taiwanese Cuisine,high,"Official Tourism Administration open-data page gives update date, local government source, restaurant category and direct marker evidence. Duplicate source-url and restaurant artifact ID checked against Round010 overlay before append; one row represents one source artifact. TLS certificate validation was relaxed for metadata fetch because local Python rejected the site certificate, while the exact public URL is browser/web accessible.",SRC_R010B07_TW_376440000A_000429_OFFICIAL,verified,Taiwan-side,資料更新日期時間 2025-05-20T06:36:42+08:00；餐飲店家類型：台灣小吃/台菜（Taiwanese Cuisine）；松芸軒咖啡莊；台灣小吃/台菜（Taiwanese Cuisine）,小吃;台菜;台灣小吃/台菜;Taiwanese Cuisine,台灣小吃/台菜;Taiwanese Cuisine;台菜,,,https://media.taiwan.net.tw/zh-tw/portal/travel/details/restaurant_376440000a_000429,ef07c09596abfabc,SRC_R010B07_TW_376440000A_000429_OFFICIAL,1,0.9000,0.1000,1,松芸軒咖啡莊,secondary,0.7000,official Taiwan Tourism Administration open-data source with direct date evidence
SRC_R010B07_TW_376440000A_000428_OFFICIAL,2025,2025-05-22,2015-2025_platformization,田媽媽特有餐飲美食坊料理館,新埔鎮,Taiwan,Taiwan-side,official_open_data,Taiwan Tourism Administration Open Multimedia Data,https://media.taiwan.net.tw/zh-tw/portal/travel/details/restaurant_376440000a_000428,official_restaurant_open_data,2025 official open-data page classifies 田媽媽特有餐飲美食坊料理館 as 台灣小吃/台菜（Taiwanese Cuisine） with markers 小吃; 台菜; 台灣小吃/台菜; Taiwanese Cuisine,high,"Official Tourism Administration open-data page gives update date, local government source, restaurant category and direct marker evidence. Duplicate source-url and restaurant artifact ID checked against Round010 overlay before append; one row represents one source artifact. TLS certificate validation was relaxed for metadata fetch because local Python rejected the site certificate, while the exact public URL is browser/web accessible.",SRC_R010B07_TW_376440000A_000428_OFFICIAL,verified,Taiwan-side,資料更新日期時間 2025-05-22T07:04:32+08:00；餐飲店家類型：台灣小吃/台菜（Taiwanese Cuisine）；田媽媽特有餐飲美食坊料理館；台灣小吃/台菜（Taiwanese Cuisine）,小吃;台菜;台灣小吃/台菜;Taiwanese Cuisine,台灣小吃/台菜;Taiwanese Cuisine;台菜,,,https://media.taiwan.net.tw/zh-tw/portal/travel/details/restaurant_376440000a_000428,0064393c8f1b418e,SRC_R010B07_TW_376440000A_000428_OFFICIAL,1,0.9000,0.1000,1,田媽媽特有餐飲美食坊料理館,secondary,0.7000,official Taiwan Tourism Administration open-data source with direct date evidence
SRC_R010B07_TW_376440000A_000431_OFFICIAL,2025,2025-05-22,2015-2025_platformization,新豐餃頭美食館,新豐鄉,Taiwan,Taiwan-side,official_open_data,Taiwan Tourism Administration Open Multimedia Data,https://media.taiwan.net.tw/zh-tw/portal/travel/details/restaurant_376440000a_000431,official_restaurant_open_data,2025 official open-data page classifies 新豐餃頭美食館 as 台灣小吃/台菜（Taiwanese Cuisine） with markers 小吃; 台菜; 台灣小吃/台菜; Taiwanese Cuisine,high,"Official Tourism Administration open-data page gives update date, local government source, restaurant category and direct marker evidence. Duplicate source-url and restaurant artifact ID checked against Round010 overlay before append; one row represents one source artifact. TLS certificate validation was relaxed for metadata fetch because local Python rejected the site certificate, while the exact public URL is browser/web accessible.",SRC_R010B07_TW_376440000A_000431_OFFICIAL,verified,Taiwan-side,資料更新日期時間 2025-05-22T06:47:07+08:00；餐飲店家類型：台灣小吃/台菜（Taiwanese Cuisine）；新豐餃頭美食館；台灣小吃/台菜（Taiwanese Cuisine）,小吃;台菜;台灣小吃/台菜;Taiwanese Cuisine,台灣小吃/台菜;Taiwanese Cuisine;台菜,,,https://media.taiwan.net.tw/zh-tw/portal/travel/details/restaurant_376440000a_000431,bf47dbdc9e4c948f,SRC_R010B07_TW_376440000A_000431_OFFICIAL,1,0.9000,0.1000,1,新豐餃頭美食館,secondary,0.7000,official Taiwan Tourism Administration open-data source with direct date evidence
SRC_R010B07_TW_376440000A_000430_OFFICIAL,2025,2025-05-19,2015-2025_platformization,老店麵食館,竹東鎮,Taiwan,Taiwan-side,official_open_data,Taiwan Tourism Administration Open Multimedia Data,https://media.taiwan.net.tw/en-us/portal/travel/details/restaurant_376440000a_000430,official_restaurant_open_data,2025 official open-data page classifies 老店麵食館 as 台灣小吃/台菜（Taiwanese Cuisine） with markers 小吃; 台菜; 台灣小吃/台菜; Taiwanese Cuisine,high,"Official Tourism Administration open-data page gives update date, local government source, restaurant category and direct marker evidence. Duplicate source-url and restaurant artifact ID checked against Round010 overlay before append; one row represents one source artifact. TLS certificate validation was relaxed for metadata fetch because local Python rejected the site certificate, while the exact public URL is browser/web accessible.",SRC_R010B07_TW_376440000A_000430_OFFICIAL,verified,Taiwan-side,資料更新日期時間 2025-05-19T06:55:06+08:00；餐飲店家類型：台灣小吃/台菜（Taiwanese Cuisine）；老店麵食館；台灣小吃/台菜（Taiwanese Cuisine）,小吃;台菜;台灣小吃/台菜;Taiwanese Cuisine,台灣小吃/台菜;Taiwanese Cuisine;台菜,,,https://media.taiwan.net.tw/en-us/portal/travel/details/restaurant_376440000a_000430,18e11dcea5a7ffc8,SRC_R010B07_TW_376440000A_000430_OFFICIAL,1,0.9000,0.1000,1,老店麵食館,secondary,0.7000,official Taiwan Tourism Administration open-data source with direct date evidence
SRC_R010B07_TW_376440000A_000437_OFFICIAL,2025,2025-05-09,2015-2025_platformization,高峰商店 宇老臭豆腐,尖石鄉,Taiwan,Taiwan-side,official_open_data,Taiwan Tourism Administration Open Multimedia Data,https://media.taiwan.net.tw/en-us/portal/travel/details/restaurant_376440000a_000437,official_restaurant_open_data,2025 official open-data page classifies 高峰商店 宇老臭豆腐 as 台灣小吃/台菜（Taiwanese Cuisine） with markers 臭豆腐; 小吃; 台菜; 台灣小吃/台菜,high,"Official Tourism Administration open-data page gives update date, local government source, restaurant category and direct marker evidence. Duplicate source-url and restaurant artifact ID checked against Round010 overlay before append; one row represents one source artifact. TLS certificate validation was relaxed for metadata fetch because local Python rejected the site certificate, while the exact public URL is browser/web accessible.",SRC_R010B07_TW_376440000A_000437_OFFICIAL,verified,Taiwan-side,資料更新日期時間 2025-05-09T09:06:52+08:00；餐飲店家類型：台灣小吃/台菜（Taiwanese Cuisine）；高峰商店 宇老臭豆腐；台灣小吃/台菜（Taiwanese Cuisine）,臭豆腐;小吃;台菜;台灣小吃/台菜;Taiwanese Cuisine,台灣小吃/台菜;Taiwanese Cuisine;台菜,,,https://media.taiwan.net.tw/en-us/portal/travel/details/restaurant_376440000a_000437,20de68a8f3e86d63,SRC_R010B07_TW_376440000A_000437_OFFICIAL,1,0.9000,0.1000,1,高峰商店 宇老臭豆腐,secondary,0.7000,official Taiwan Tourism Administration open-data source with direct date evidence
SRC_R010B07_TW_376440000A_000435_OFFICIAL,2025,2025-05-22,2015-2025_platformization,黃梨園點心店,新埔鎮,Taiwan,Taiwan-side,official_open_data,Taiwan Tourism Administration Open Multimedia Data,https://media.taiwan.net.tw/en-us/portal/travel/details/restaurant_376440000a_000435,official_restaurant_open_data,2025 official open-data page classifies 黃梨園點心店 as 台灣小吃/台菜（Taiwanese Cuisine） with markers 小吃; 台菜; 台灣小吃/台菜; Taiwanese Cuisine,high,"Official Tourism Administration open-data page gives update date, local government source, restaurant category and direct marker evidence. Duplicate source-url and restaurant artifact ID checked against Round010 overlay before append; one row represents one source artifact. TLS certificate validation was relaxed for metadata fetch because local Python rejected the site certificate, while the exact public URL is browser/web accessible.",SRC_R010B07_TW_376440000A_000435_OFFICIAL,verified,Taiwan-side,資料更新日期時間 2025-05-22T07:08:12+08:00；餐飲店家類型：台灣小吃/台菜（Taiwanese Cuisine）；黃梨園點心店；台灣小吃/台菜（Taiwanese Cuisine）,小吃;台菜;台灣小吃/台菜;Taiwanese Cuisine,台灣小吃/台菜;Taiwanese Cuisine;台菜,,,https://media.taiwan.net.tw/en-us/portal/travel/details/restaurant_376440000a_000435,91716132869b7587,SRC_R010B07_TW_376440000A_000435_OFFICIAL,1,0.9000,0.1000,1,黃梨園點心店,secondary,0.7000,official Taiwan Tourism Administration open-data source with direct date evidence
SRC_R010B07_TW_376440000A_000436_OFFICIAL,2026,2026-01-27,2015-2025_platformization,迦南咖啡美食屋,尖石鄉,Taiwan,Taiwan-side,official_open_data,Taiwan Tourism Administration Open Multimedia Data,https://media.taiwan.net.tw/en-us/portal/travel/details/restaurant_376440000a_000436,official_restaurant_open_data,2026 official open-data page classifies 迦南咖啡美食屋 as 台灣小吃/台菜（Taiwanese Cuisine） with markers 小吃; 台菜; 台灣小吃/台菜; Taiwanese Cuisine,high,"Official Tourism Administration open-data page gives update date, local government source, restaurant category and direct marker evidence. Duplicate source-url and restaurant artifact ID checked against Round010 overlay before append; one row represents one source artifact. TLS certificate validation was relaxed for metadata fetch because local Python rejected the site certificate, while the exact public URL is browser/web accessible.",SRC_R010B07_TW_376440000A_000436_OFFICIAL,verified,Taiwan-side,資料更新日期時間 2026-01-27T05:11:57+08:00；餐飲店家類型：台灣小吃/台菜（Taiwanese Cuisine）；迦南咖啡美食屋；台灣小吃/台菜（Taiwanese Cuisine）,小吃;台菜;台灣小吃/台菜;Taiwanese Cuisine,台灣小吃/台菜;Taiwanese Cuisine;台菜,,,https://media.taiwan.net.tw/en-us/portal/travel/details/restaurant_376440000a_000436,27d1dd0250af46da,SRC_R010B07_TW_376440000A_000436_OFFICIAL,1,0.9000,0.1000,1,迦南咖啡美食屋,secondary,0.7000,official Taiwan Tourism Administration open-data source with direct date evidence
SRC_R010B07_TW_376440000A_000442_OFFICIAL,2025,2025-05-06,2015-2025_platformization,老菜櫥,竹北市,Taiwan,Taiwan-side,official_open_data,Taiwan Tourism Administration Open Multimedia Data,https://media.taiwan.net.tw/zh-tw/portal/travel/details/restaurant_376440000a_000442,official_restaurant_open_data,2025 official open-data page classifies 老菜櫥 as 台灣小吃/台菜（Taiwanese Cuisine） with markers 小吃; 台菜; 台灣小吃/台菜; Taiwanese Cuisine,high,"Official Tourism Administration open-data page gives update date, local government source, restaurant category and direct marker evidence. Duplicate source-url and restaurant artifact ID checked against Round010 overlay before append; one row represents one source artifact. TLS certificate validation was relaxed for metadata fetch because local Python rejected the site certificate, while the exact public URL is browser/web accessible.",SRC_R010B07_TW_376440000A_000442_OFFICIAL,verified,Taiwan-side,資料更新日期時間 2025-05-06T07:53:53+08:00；餐飲店家類型：台灣小吃/台菜（Taiwanese Cuisine）；老菜櫥；台灣小吃/台菜（Taiwanese Cuisine）,小吃;台菜;台灣小吃/台菜;Taiwanese Cuisine,台灣小吃/台菜;Taiwanese Cuisine;台菜,,,https://media.taiwan.net.tw/zh-tw/portal/travel/details/restaurant_376440000a_000442,3702d26de7c4994a,SRC_R010B07_TW_376440000A_000442_OFFICIAL,1,0.9000,0.1000,1,老菜櫥,secondary,0.7000,official Taiwan Tourism Administration open-data source with direct date evidence
SRC_R010B07_TW_376440000A_000448_OFFICIAL,2025,2025-05-22,2015-2025_platformization,尖石鄉風味餐廳-媽媽的店,尖石鄉,Taiwan,Taiwan-side,official_open_data,Taiwan Tourism Administration Open Multimedia Data,https://media.taiwan.net.tw/zh-tw/portal/travel/details/restaurant_376440000a_000448,official_restaurant_open_data,2025 official open-data page classifies 尖石鄉風味餐廳-媽媽的店 as 台灣小吃/台菜（Taiwanese Cuisine） with markers 小吃; 台菜; 台灣小吃/台菜; Taiwanese Cuisine,high,"Official Tourism Administration open-data page gives update date, local government source, restaurant category and direct marker evidence. Duplicate source-url and restaurant artifact ID checked against Round010 overlay before append; one row represents one source artifact. TLS certificate validation was relaxed for metadata fetch because local Python rejected the site certificate, while the exact public URL is browser/web accessible.",SRC_R010B07_TW_376440000A_000448_OFFICIAL,verified,Taiwan-side,資料更新日期時間 2025-05-22T06:33:04+08:00；餐飲店家類型：台灣小吃/台菜（Taiwanese Cuisine）；尖石鄉風味餐廳-媽媽的店；台灣小吃/台菜（Taiwanese Cuisine）,小吃;台菜;台灣小吃/台菜;Taiwanese Cuisine,台灣小吃/台菜;Taiwanese Cuisine;台菜,,,https://media.taiwan.net.tw/zh-tw/portal/travel/details/restaurant_376440000a_000448,94309cd3a8152833,SRC_R010B07_TW_376440000A_000448_OFFICIAL,1,0.9000,0.1000,1,尖石鄉風味餐廳-媽媽的店,secondary,0.7000,official Taiwan Tourism Administration open-data source with direct date evidence
SRC_R010B07_TW_376440000A_000456_OFFICIAL,2025,2025-05-22,2015-2025_platformization,小飛俠麵線糊,竹北市,Taiwan,Taiwan-side,official_open_data,Taiwan Tourism Administration Open Multimedia Data,https://media.taiwan.net.tw/en-us/portal/travel/details/restaurant_376440000a_000456,official_restaurant_open_data,2025 official open-data page classifies 小飛俠麵線糊 as 台灣小吃/台菜（Taiwanese Cuisine） with markers 麵線; 小吃; 台菜; 台灣小吃/台菜,high,"Official Tourism Administration open-data page gives update date, local government source, restaurant category and direct marker evidence. Duplicate source-url and restaurant artifact ID checked against Round010 overlay before append; one row represents one source artifact. TLS certificate validation was relaxed for metadata fetch because local Python rejected the site certificate, while the exact public URL is browser/web accessible.",SRC_R010B07_TW_376440000A_000456_OFFICIAL,verified,Taiwan-side,資料更新日期時間 2025-05-22T02:53:08+08:00；餐飲店家類型：台灣小吃/台菜（Taiwanese Cuisine）；小飛俠麵線糊；台灣小吃/台菜（Taiwanese Cuisine）,麵線;小吃;台菜;台灣小吃/台菜;Taiwanese Cuisine,台灣小吃/台菜;Taiwanese Cuisine;台菜,,,https://media.taiwan.net.tw/en-us/portal/travel/details/restaurant_376440000a_000456,0532afea36500cd1,SRC_R010B07_TW_376440000A_000456_OFFICIAL,1,0.9000,0.1000,1,小飛俠麵線糊,secondary,0.7000,official Taiwan Tourism Administration open-data source with direct date evidence
SRC_R010B07_TW_376440000A_000462_OFFICIAL,2025,2025-05-05,2015-2025_platformization,一龍鮮湯包店,竹北市,Taiwan,Taiwan-side,official_open_data,Taiwan Tourism Administration Open Multimedia Data,https://media.taiwan.net.tw/en-us/portal/travel/details/restaurant_376440000a_000462,official_restaurant_open_data,2025 official open-data page classifies 一龍鮮湯包店 as 台灣小吃/台菜（Taiwanese Cuisine） with markers 小吃; 台菜; 台灣小吃/台菜; Taiwanese Cuisine,high,"Official Tourism Administration open-data page gives update date, local government source, restaurant category and direct marker evidence. Duplicate source-url and restaurant artifact ID checked against Round010 overlay before append; one row represents one source artifact. TLS certificate validation was relaxed for metadata fetch because local Python rejected the site certificate, while the exact public URL is browser/web accessible.",SRC_R010B07_TW_376440000A_000462_OFFICIAL,verified,Taiwan-side,資料更新日期時間 2025-05-05T08:30:34+08:00；餐飲店家類型：台灣小吃/台菜（Taiwanese Cuisine）；一龍鮮湯包店；台灣小吃/台菜（Taiwanese Cuisine）,小吃;台菜;台灣小吃/台菜;Taiwanese Cuisine,台灣小吃/台菜;Taiwanese Cuisine;台菜,,,https://media.taiwan.net.tw/en-us/portal/travel/details/restaurant_376440000a_000462,92aadb8b8d0728a0,SRC_R010B07_TW_376440000A_000462_OFFICIAL,1,0.9000,0.1000,1,一龍鮮湯包店,secondary,0.7000,official Taiwan Tourism Administration open-data source with direct date evidence
SRC_R010B07_TW_376440000A_000463_OFFICIAL,2025,2025-05-05,2015-2025_platformization,皇膳湯包,竹北市,Taiwan,Taiwan-side,official_open_data,Taiwan Tourism Administration Open Multimedia Data,https://media.taiwan.net.tw/zh-tw/portal/travel/details/restaurant_376440000a_000463,official_restaurant_open_data,2025 official open-data page classifies 皇膳湯包 as 台灣小吃/台菜（Taiwanese Cuisine） with markers 小吃; 台菜; 台灣小吃/台菜; Taiwanese Cuisine,high,"Official Tourism Administration open-data page gives update date, local government source, restaurant category and direct marker evidence. Duplicate source-url and restaurant artifact ID checked against Round010 overlay before append; one row represents one source artifact. TLS certificate validation was relaxed for metadata fetch because local Python rejected the site certificate, while the exact public URL is browser/web accessible.",SRC_R010B07_TW_376440000A_000463_OFFICIAL,verified,Taiwan-side,資料更新日期時間 2025-05-05T08:32:10+08:00；餐飲店家類型：台灣小吃/台菜（Taiwanese Cuisine）；皇膳湯包；台灣小吃/台菜（Taiwanese Cuisine）,小吃;台菜;台灣小吃/台菜;Taiwanese Cuisine,台灣小吃/台菜;Taiwanese Cuisine;台菜,,,https://media.taiwan.net.tw/zh-tw/portal/travel/details/restaurant_376440000a_000463,342a8fb6432e5c91,SRC_R010B07_TW_376440000A_000463_OFFICIAL,1,0.9000,0.1000,1,皇膳湯包,secondary,0.7000,official Taiwan Tourism Administration open-data source with direct date evidence
SRC_R010B07_TW_376440000A_000468_OFFICIAL,2025,2025-05-23,2015-2025_platformization,炸雞陳-竹東店,竹東鎮,Taiwan,Taiwan-side,official_open_data,Taiwan Tourism Administration Open Multimedia Data,https://media.taiwan.net.tw/zh-tw/portal/travel/details/restaurant_376440000a_000468,official_restaurant_open_data,2025 official open-data page classifies 炸雞陳-竹東店 as 台灣小吃/台菜（Taiwanese Cuisine） with markers 小吃; 台菜; 台灣小吃/台菜; Taiwanese Cuisine,high,"Official Tourism Administration open-data page gives update date, local government source, restaurant category and direct marker evidence. Duplicate source-url and restaurant artifact ID checked against Round010 overlay before append; one row represents one source artifact. TLS certificate validation was relaxed for metadata fetch because local Python rejected the site certificate, while the exact public URL is browser/web accessible.",SRC_R010B07_TW_376440000A_000468_OFFICIAL,verified,Taiwan-side,資料更新日期時間 2025-05-23T09:14:08+08:00；餐飲店家類型：台灣小吃/台菜（Taiwanese Cuisine）；炸雞陳-竹東店；台灣小吃/台菜（Taiwanese Cuisine）,小吃;台菜;台灣小吃/台菜;Taiwanese Cuisine,台灣小吃/台菜;Taiwanese Cuisine;台菜,,,https://media.taiwan.net.tw/zh-tw/portal/travel/details/restaurant_376440000a_000468,521e2e32d5947fda,SRC_R010B07_TW_376440000A_000468_OFFICIAL,1,0.9000,0.1000,1,炸雞陳-竹東店,secondary,0.7000,official Taiwan Tourism Administration open-data source with direct date evidence
SRC_R010B07_TW_376440000A_000469_OFFICIAL,2025,2025-05-23,2015-2025_platformization,超雞跩黃金脆皮炸雞,新豐鄉,Taiwan,Taiwan-side,official_open_data,Taiwan Tourism Administration Open Multimedia Data,https://media.taiwan.net.tw/zh-tw/portal/travel/details/restaurant_376440000a_000469,official_restaurant_open_data,2025 official open-data page classifies 超雞跩黃金脆皮炸雞 as 台灣小吃/台菜（Taiwanese Cuisine） with markers 小吃; 台菜; 台灣小吃/台菜; Taiwanese Cuisine,high,"Official Tourism Administration open-data page gives update date, local government source, restaurant category and direct marker evidence. Duplicate source-url and restaurant artifact ID checked against Round010 overlay before append; one row represents one source artifact. TLS certificate validation was relaxed for metadata fetch because local Python rejected the site certificate, while the exact public URL is browser/web accessible.",SRC_R010B07_TW_376440000A_000469_OFFICIAL,verified,Taiwan-side,資料更新日期時間 2025-05-23T09:14:01+08:00；餐飲店家類型：台灣小吃/台菜（Taiwanese Cuisine）；超雞跩黃金脆皮炸雞；台灣小吃/台菜（Taiwanese Cuisine）,小吃;台菜;台灣小吃/台菜;Taiwanese Cuisine,台灣小吃/台菜;Taiwanese Cuisine;台菜,,,https://media.taiwan.net.tw/zh-tw/portal/travel/details/restaurant_376440000a_000469,7f2af3267762ac79,SRC_R010B07_TW_376440000A_000469_OFFICIAL,1,0.9000,0.1000,1,超雞跩黃金脆皮炸雞,secondary,0.7000,official Taiwan Tourism Administration open-data source with direct date evidence
SRC_R010B07_TW_376440000A_000470_OFFICIAL,2025,2025-05-23,2015-2025_platformization,胖非特炸雞-湖口店,湖口鄉,Taiwan,Taiwan-side,official_open_data,Taiwan Tourism Administration Open Multimedia Data,https://media.taiwan.net.tw/zh-tw/portal/travel/details/restaurant_376440000a_000470,official_restaurant_open_data,2025 official open-data page classifies 胖非特炸雞-湖口店 as 台灣小吃/台菜（Taiwanese Cuisine） with markers 小吃; 台菜; 台灣小吃/台菜; Taiwanese Cuisine,high,"Official Tourism Administration open-data page gives update date, local government source, restaurant category and direct marker evidence. Duplicate source-url and restaurant artifact ID checked against Round010 overlay before append; one row represents one source artifact. TLS certificate validation was relaxed for metadata fetch because local Python rejected the site certificate, while the exact public URL is browser/web accessible.",SRC_R010B07_TW_376440000A_000470_OFFICIAL,verified,Taiwan-side,資料更新日期時間 2025-05-23T09:13:51+08:00；餐飲店家類型：台灣小吃/台菜（Taiwanese Cuisine）；胖非特炸雞-湖口店；台灣小吃/台菜（Taiwanese Cuisine）,小吃;台菜;台灣小吃/台菜;Taiwanese Cuisine,台灣小吃/台菜;Taiwanese Cuisine;台菜,,,https://media.taiwan.net.tw/zh-tw/portal/travel/details/restaurant_376440000a_000470,e261253db6de90ea,SRC_R010B07_TW_376440000A_000470_OFFICIAL,1,0.9000,0.1000,1,胖非特炸雞-湖口店,secondary,0.7000,official Taiwan Tourism Administration open-data source with direct date evidence
SRC_R010B07_TW_376440000A_000471_OFFICIAL,2025,2025-05-06,2015-2025_platformization,早到晚到-新豐店,新豐鄉,Taiwan,Taiwan-side,official_open_data,Taiwan Tourism Administration Open Multimedia Data,https://media.taiwan.net.tw/en-us/portal/travel/details/restaurant_376440000a_000471,official_restaurant_open_data,2025 official open-data page classifies 早到晚到-新豐店 as 台灣小吃/台菜（Taiwanese Cuisine） with markers 小吃; 台菜; 台灣小吃/台菜; Taiwanese Cuisine,high,"Official Tourism Administration open-data page gives update date, local government source, restaurant category and direct marker evidence. Duplicate source-url and restaurant artifact ID checked against Round010 overlay before append; one row represents one source artifact. TLS certificate validation was relaxed for metadata fetch because local Python rejected the site certificate, while the exact public URL is browser/web accessible.",SRC_R010B07_TW_376440000A_000471_OFFICIAL,verified,Taiwan-side,資料更新日期時間 2025-05-06T07:12:13+08:00；餐飲店家類型：台灣小吃/台菜（Taiwanese Cuisine）；早到晚到-新豐店；台灣小吃/台菜（Taiwanese Cuisine）,小吃;台菜;台灣小吃/台菜;Taiwanese Cuisine,台灣小吃/台菜;Taiwanese Cuisine;台菜,,,https://media.taiwan.net.tw/en-us/portal/travel/details/restaurant_376440000a_000471,e60308cfca0dc24a,SRC_R010B07_TW_376440000A_000471_OFFICIAL,1,0.9000,0.1000,1,早到晚到-新豐店,secondary,0.7000,official Taiwan Tourism Administration open-data source with direct date evidence
SRC_R010B07_TW_376440000A_000474_OFFICIAL,2025,2025-05-23,2015-2025_platformization,車庫鹽酥雞-竹北莊敬店,竹北市,Taiwan,Taiwan-side,official_open_data,Taiwan Tourism Administration Open Multimedia Data,https://media.taiwan.net.tw/zh-tw/portal/travel/details/restaurant_376440000a_000474,official_restaurant_open_data,2025 official open-data page classifies 車庫鹽酥雞-竹北莊敬店 as 台灣小吃/台菜（Taiwanese Cuisine） with markers 鹽酥雞; 小吃; 台菜; 台灣小吃/台菜,high,"Official Tourism Administration open-data page gives update date, local government source, restaurant category and direct marker evidence. Duplicate source-url and restaurant artifact ID checked against Round010 overlay before append; one row represents one source artifact. TLS certificate validation was relaxed for metadata fetch because local Python rejected the site certificate, while the exact public URL is browser/web accessible.",SRC_R010B07_TW_376440000A_000474_OFFICIAL,verified,Taiwan-side,資料更新日期時間 2025-05-23T09:29:32+08:00；餐飲店家類型：台灣小吃/台菜（Taiwanese Cuisine）；車庫鹽酥雞-竹北莊敬店；台灣小吃/台菜（Taiwanese Cuisine）,鹽酥雞;小吃;台菜;台灣小吃/台菜;Taiwanese Cuisine,台灣小吃/台菜;Taiwanese Cuisine;台菜,,,https://media.taiwan.net.tw/zh-tw/portal/travel/details/restaurant_376440000a_000474,788ba32cca5bce4c,SRC_R010B07_TW_376440000A_000474_OFFICIAL,1,0.9000,0.1000,1,車庫鹽酥雞-竹北莊敬店,secondary,0.7000,official Taiwan Tourism Administration open-data source with direct date evidence
SRC_R010B07_TW_376440000A_000476_OFFICIAL,2025,2025-05-20,2015-2025_platformization,戲魚酸菜魚,竹北市,Taiwan,Taiwan-side,official_open_data,Taiwan Tourism Administration Open Multimedia Data,https://media.taiwan.net.tw/en-us/portal/travel/details/restaurant_376440000a_000476,official_restaurant_open_data,2025 official open-data page classifies 戲魚酸菜魚 as 台灣小吃/台菜（Taiwanese Cuisine）; 中式料理 — 中餐八大菜系（Chinese Cuisine — Eight Cuisines of China） with markers 小吃; 台菜; 台灣小吃/台菜; Taiwanese Cuisine,high,"Official Tourism Administration open-data page gives update date, local government source, restaurant category and direct marker evidence. Duplicate source-url and restaurant artifact ID checked against Round010 overlay before append; one row represents one source artifact. TLS certificate validation was relaxed for metadata fetch because local Python rejected the site certificate, while the exact public URL is browser/web accessible.",SRC_R010B07_TW_376440000A_000476_OFFICIAL,verified,Taiwan-side,資料更新日期時間 2025-05-20T07:03:44+08:00；餐飲店家類型：台灣小吃/台菜（Taiwanese Cuisine）、中式料理 — 中餐八大菜系（Chinese Cuisine — Eight Cuisines of China）；戲魚酸菜魚；台灣小吃/台菜（Taiwanese Cuisine）; 中式料理 — 中餐八大菜系（Chinese Cuisine — Eight Cuisines of China）,小吃;台菜;台灣小吃/台菜;Taiwanese Cuisine,台灣小吃/台菜;Taiwanese Cuisine;台菜,,,https://media.taiwan.net.tw/en-us/portal/travel/details/restaurant_376440000a_000476,ee8f5c5551760e2a,SRC_R010B07_TW_376440000A_000476_OFFICIAL,1,0.9000,0.1000,1,戲魚酸菜魚,secondary,0.7000,official Taiwan Tourism Administration open-data source with direct date evidence
SRC_R010B07_TW_376440000A_000480_OFFICIAL,2026,2026-04-27,2015-2025_platformization,榕樹下麵館,芎林鄉,Taiwan,Taiwan-side,official_open_data,Taiwan Tourism Administration Open Multimedia Data,https://media.taiwan.net.tw/zh-tw/portal/travel/details/restaurant_376440000a_000480,official_restaurant_open_data,2026 official open-data page classifies 榕樹下麵館 as 台灣小吃/台菜（Taiwanese Cuisine） with markers 小吃; 台菜; 台灣小吃/台菜; Taiwanese Cuisine,high,"Official Tourism Administration open-data page gives update date, local government source, restaurant category and direct marker evidence. Duplicate source-url and restaurant artifact ID checked against Round010 overlay before append; one row represents one source artifact. TLS certificate validation was relaxed for metadata fetch because local Python rejected the site certificate, while the exact public URL is browser/web accessible.",SRC_R010B07_TW_376440000A_000480_OFFICIAL,verified,Taiwan-side,資料更新日期時間 2026-04-27T08:19:35+08:00；餐飲店家類型：台灣小吃/台菜（Taiwanese Cuisine）；榕樹下麵館；台灣小吃/台菜（Taiwanese Cuisine）,小吃;台菜;台灣小吃/台菜;Taiwanese Cuisine,台灣小吃/台菜;Taiwanese Cuisine;台菜,,,https://media.taiwan.net.tw/zh-tw/portal/travel/details/restaurant_376440000a_000480,32af4ed7d3d7e9d6,SRC_R010B07_TW_376440000A_000480_OFFICIAL,1,0.9000,0.1000,1,榕樹下麵館,secondary,0.7000,official Taiwan Tourism Administration open-data source with direct date evidence
SRC_R010B07_TW_376440000A_000484_OFFICIAL,2025,2025-05-22,2015-2025_platformization,壹佰萬個水餃,橫山鄉,Taiwan,Taiwan-side,official_open_data,Taiwan Tourism Administration Open Multimedia Data,https://media.taiwan.net.tw/en-us/portal/travel/details/restaurant_376440000a_000484,official_restaurant_open_data,2025 official open-data page classifies 壹佰萬個水餃 as 台灣小吃/台菜（Taiwanese Cuisine）; 甜點冰品（Desserts And Ice）; 牛排（Steak） with markers 小吃; 台菜; 台灣小吃/台菜; Taiwanese Cuisine,high,"Official Tourism Administration open-data page gives update date, local government source, restaurant category and direct marker evidence. Duplicate source-url and restaurant artifact ID checked against Round010 overlay before append; one row represents one source artifact. TLS certificate validation was relaxed for metadata fetch because local Python rejected the site certificate, while the exact public URL is browser/web accessible.",SRC_R010B07_TW_376440000A_000484_OFFICIAL,verified,Taiwan-side,資料更新日期時間 2025-05-22T04:35:09+08:00；餐飲店家類型：台灣小吃/台菜（Taiwanese Cuisine）、甜點冰品（Desserts And Ice）、牛排（Steak）；壹佰萬個水餃；台灣小吃/台菜（Taiwanese Cuisine）; 甜點冰品（Desserts And Ice）; 牛排（Steak）,小吃;台菜;台灣小吃/台菜;Taiwanese Cuisine,台灣小吃/台菜;Taiwanese Cuisine;台菜,,,https://media.taiwan.net.tw/en-us/portal/travel/details/restaurant_376440000a_000484,9054b5330c4d75b7,SRC_R010B07_TW_376440000A_000484_OFFICIAL,1,0.9000,0.1000,1,壹佰萬個水餃,secondary,0.7000,official Taiwan Tourism Administration open-data source with direct date evidence
SRC_R010B07_TW_376440000A_000481_OFFICIAL,2025,2025-05-19,2015-2025_platformization,圓環蕭古早味豆花,竹東鎮,Taiwan,Taiwan-side,official_open_data,Taiwan Tourism Administration Open Multimedia Data,https://media.taiwan.net.tw/zh-tw/portal/travel/details/restaurant_376440000a_000481,official_restaurant_open_data,2025 official open-data page classifies 圓環蕭古早味豆花 as 甜點冰品（Desserts And Ice） with markers 台灣小吃/台菜,high,"Official Tourism Administration open-data page gives update date, local government source, restaurant category and direct marker evidence. Duplicate source-url and restaurant artifact ID checked against Round010 overlay before append; one row represents one source artifact. TLS certificate validation was relaxed for metadata fetch because local Python rejected the site certificate, while the exact public URL is browser/web accessible.",SRC_R010B07_TW_376440000A_000481_OFFICIAL,verified,Taiwan-side,資料更新日期時間 2025-05-19T07:07:18+08:00；餐飲店家類型：甜點冰品（Desserts And Ice）；圓環蕭古早味豆花；甜點冰品（Desserts And Ice）,台灣小吃/台菜,古早味,,,https://media.taiwan.net.tw/zh-tw/portal/travel/details/restaurant_376440000a_000481,46ce23923a57c056,SRC_R010B07_TW_376440000A_000481_OFFICIAL,1,0.9000,0.1000,1,圓環蕭古早味豆花,secondary,0.7000,official Taiwan Tourism Administration open-data source with direct date evidence
SRC_R010B07_TW_376440000A_000490_OFFICIAL,2025,2025-05-20,2015-2025_platformization,Kurashi 暮,竹北市,Taiwan,Taiwan-side,official_open_data,Taiwan Tourism Administration Open Multimedia Data,https://media.taiwan.net.tw/en-us/portal/travel/details/restaurant_376440000a_000490,official_restaurant_open_data,2025 official open-data page classifies Kurashi 暮 as 台灣小吃/台菜（Taiwanese Cuisine） with markers 小吃; 台菜; 台灣小吃/台菜; Taiwanese Cuisine,high,"Official Tourism Administration open-data page gives update date, local government source, restaurant category and direct marker evidence. Duplicate source-url and restaurant artifact ID checked against Round010 overlay before append; one row represents one source artifact. TLS certificate validation was relaxed for metadata fetch because local Python rejected the site certificate, while the exact public URL is browser/web accessible.",SRC_R010B07_TW_376440000A_000490_OFFICIAL,verified,Taiwan-side,資料更新日期時間 2025-05-20T06:58:00+08:00；餐飲店家類型：台灣小吃/台菜（Taiwanese Cuisine）；Kurashi 暮；台灣小吃/台菜（Taiwanese Cuisine）,小吃;台菜;台灣小吃/台菜;Taiwanese Cuisine,台灣小吃/台菜;Taiwanese Cuisine;台菜,,,https://media.taiwan.net.tw/en-us/portal/travel/details/restaurant_376440000a_000490,46d61ed0f859dee0,SRC_R010B07_TW_376440000A_000490_OFFICIAL,1,0.9000,0.1000,1,Kurashi 暮,secondary,0.7000,official Taiwan Tourism Administration open-data source with direct date evidence
SRC_R010B07_TW_376440000A_000495_OFFICIAL,2025,2025-05-23,2015-2025_platformization,森園寵物友善樹屋咖啡莊園,新豐鄉,Taiwan,Taiwan-side,official_open_data,Taiwan Tourism Administration Open Multimedia Data,https://media.taiwan.net.tw/en-us/portal/travel/details/restaurant_376440000a_000495,official_restaurant_open_data,"2025 official open-data page classifies 森園寵物友善樹屋咖啡莊園 as 台灣小吃/台菜（Taiwanese Cuisine）; 非酒精飲品 — 咖啡、茶等（Non-Alcoholic Beverages — Coffee, Tea, etc.）; 燒烤/鐵板燒（BBQ/Teppanyaki） with markers 小吃; 台菜; 台灣小吃/台菜; Taiwanese Cuisine",high,"Official Tourism Administration open-data page gives update date, local government source, restaurant category and direct marker evidence. Duplicate source-url and restaurant artifact ID checked against Round010 overlay before append; one row represents one source artifact. TLS certificate validation was relaxed for metadata fetch because local Python rejected the site certificate, while the exact public URL is browser/web accessible.",SRC_R010B07_TW_376440000A_000495_OFFICIAL,verified,Taiwan-side,"資料更新日期時間 2025-05-23T09:12:42+08:00；餐飲店家類型：台灣小吃/台菜（Taiwanese Cuisine）、非酒精飲品 — 咖啡、茶等（Non-Alcoholic Beverages — Coffee, Tea, etc.）、燒烤/鐵板燒（BBQ/Teppanyaki）；森園寵物友善樹屋咖啡莊園；台灣小吃/台菜（Taiwanese Cuisine）; 非酒精飲品 — 咖啡、茶等（Non-Alcoholic Beverages — Coffee, Tea, etc.）; 燒烤/鐵板燒（BBQ/Teppanyaki）",小吃;台菜;台灣小吃/台菜;Taiwanese Cuisine,台灣小吃/台菜;Taiwanese Cuisine;台菜,,,https://media.taiwan.net.tw/en-us/portal/travel/details/restaurant_376440000a_000495,169e46c5fac102e7,SRC_R010B07_TW_376440000A_000495_OFFICIAL,1,0.9000,0.1000,1,森園寵物友善樹屋咖啡莊園,secondary,0.7000,official Taiwan Tourism Administration open-data source with direct date evidence
SRC_R010B07_TW_376440000A_000516_OFFICIAL,2025,2025-05-06,2015-2025_platformization,阿婆的早餐店,湖口鄉,Taiwan,Taiwan-side,official_open_data,Taiwan Tourism Administration Open Multimedia Data,https://media.taiwan.net.tw/zh-tw/portal/travel/details/restaurant_376440000a_000516,official_restaurant_open_data,2025 official open-data page classifies 阿婆的早餐店 as 台灣小吃/台菜（Taiwanese Cuisine） with markers 小吃; 台菜; 台灣小吃/台菜; Taiwanese Cuisine,high,"Official Tourism Administration open-data page gives update date, local government source, restaurant category and direct marker evidence. Duplicate source-url and restaurant artifact ID checked against Round010 overlay before append; one row represents one source artifact. TLS certificate validation was relaxed for metadata fetch because local Python rejected the site certificate, while the exact public URL is browser/web accessible.",SRC_R010B07_TW_376440000A_000516_OFFICIAL,verified,Taiwan-side,資料更新日期時間 2025-05-06T04:49:35+08:00；餐飲店家類型：台灣小吃/台菜（Taiwanese Cuisine）；阿婆的早餐店；台灣小吃/台菜（Taiwanese Cuisine）,小吃;台菜;台灣小吃/台菜;Taiwanese Cuisine,台灣小吃/台菜;Taiwanese Cuisine;台菜,,,https://media.taiwan.net.tw/zh-tw/portal/travel/details/restaurant_376440000a_000516,f166e5b8eef12776,SRC_R010B07_TW_376440000A_000516_OFFICIAL,1,0.9000,0.1000,1,阿婆的早餐店,secondary,0.7000,official Taiwan Tourism Administration open-data source with direct date evidence
SRC_R010B07_TW_376440000A_000514_OFFICIAL,2025,2025-05-09,2015-2025_platformization,樹夏坐坐,竹北市,Taiwan,Taiwan-side,official_open_data,Taiwan Tourism Administration Open Multimedia Data,https://media.taiwan.net.tw/en-us/portal/travel/details/restaurant_376440000a_000514,official_restaurant_open_data,2025 official open-data page classifies 樹夏坐坐 as 台灣小吃/台菜（Taiwanese Cuisine） with markers 小吃; 台菜; 台灣小吃/台菜; Taiwanese Cuisine,high,"Official Tourism Administration open-data page gives update date, local government source, restaurant category and direct marker evidence. Duplicate source-url and restaurant artifact ID checked against Round010 overlay before append; one row represents one source artifact. TLS certificate validation was relaxed for metadata fetch because local Python rejected the site certificate, while the exact public URL is browser/web accessible.",SRC_R010B07_TW_376440000A_000514_OFFICIAL,verified,Taiwan-side,資料更新日期時間 2025-05-09T06:39:24+08:00；餐飲店家類型：台灣小吃/台菜（Taiwanese Cuisine）；樹夏坐坐；台灣小吃/台菜（Taiwanese Cuisine）,小吃;台菜;台灣小吃/台菜;Taiwanese Cuisine,台灣小吃/台菜;Taiwanese Cuisine;台菜,,,https://media.taiwan.net.tw/en-us/portal/travel/details/restaurant_376440000a_000514,6479f4c72be55547,SRC_R010B07_TW_376440000A_000514_OFFICIAL,1,0.9000,0.1000,1,樹夏坐坐,secondary,0.7000,official Taiwan Tourism Administration open-data source with direct date evidence
SRC_R010B07_TW_376440000A_000515_OFFICIAL,2025,2025-05-22,2015-2025_platformization,廟前菜包,新埔鎮,Taiwan,Taiwan-side,official_open_data,Taiwan Tourism Administration Open Multimedia Data,https://media.taiwan.net.tw/zh-tw/portal/travel/details/restaurant_376440000a_000515,official_restaurant_open_data,2025 official open-data page classifies 廟前菜包 as 台灣小吃/台菜（Taiwanese Cuisine） with markers 菜包; 小吃; 台菜; 台灣小吃/台菜,high,"Official Tourism Administration open-data page gives update date, local government source, restaurant category and direct marker evidence. Duplicate source-url and restaurant artifact ID checked against Round010 overlay before append; one row represents one source artifact. TLS certificate validation was relaxed for metadata fetch because local Python rejected the site certificate, while the exact public URL is browser/web accessible.",SRC_R010B07_TW_376440000A_000515_OFFICIAL,verified,Taiwan-side,資料更新日期時間 2025-05-22T07:09:54+08:00；餐飲店家類型：台灣小吃/台菜（Taiwanese Cuisine）；廟前菜包；台灣小吃/台菜（Taiwanese Cuisine）,菜包;小吃;台菜;台灣小吃/台菜;Taiwanese Cuisine,台灣小吃/台菜;Taiwanese Cuisine;台菜,,,https://media.taiwan.net.tw/zh-tw/portal/travel/details/restaurant_376440000a_000515,c857c52f8a86c2b7,SRC_R010B07_TW_376440000A_000515_OFFICIAL,1,0.9000,0.1000,1,廟前菜包,secondary,0.7000,official Taiwan Tourism Administration open-data source with direct date evidence
SRC_R010B07_TW_376440000A_000522_OFFICIAL,2025,2025-05-15,2015-2025_platformization,鍾家大湯圓,寶山鄉,Taiwan,Taiwan-side,official_open_data,Taiwan Tourism Administration Open Multimedia Data,https://media.taiwan.net.tw/zh-tw/portal/travel/details/restaurant_376440000a_000522,official_restaurant_open_data,2025 official open-data page classifies 鍾家大湯圓 as 台灣小吃/台菜（Taiwanese Cuisine） with markers 湯圓; 小吃; 台菜; 台灣小吃/台菜,high,"Official Tourism Administration open-data page gives update date, local government source, restaurant category and direct marker evidence. Duplicate source-url and restaurant artifact ID checked against Round010 overlay before append; one row represents one source artifact. TLS certificate validation was relaxed for metadata fetch because local Python rejected the site certificate, while the exact public URL is browser/web accessible.",SRC_R010B07_TW_376440000A_000522_OFFICIAL,verified,Taiwan-side,資料更新日期時間 2025-05-15T09:42:47+08:00；餐飲店家類型：台灣小吃/台菜（Taiwanese Cuisine）；鍾家大湯圓；台灣小吃/台菜（Taiwanese Cuisine）,湯圓;小吃;台菜;台灣小吃/台菜;Taiwanese Cuisine,台灣小吃/台菜;Taiwanese Cuisine;台菜,,,https://media.taiwan.net.tw/zh-tw/portal/travel/details/restaurant_376440000a_000522,f43209367f65d8a7,SRC_R010B07_TW_376440000A_000522_OFFICIAL,1,0.9000,0.1000,1,鍾家大湯圓,secondary,0.7000,official Taiwan Tourism Administration open-data source with direct date evidence
SRC_R010B07_TW_376440000A_000531_OFFICIAL,2025,2025-05-22,2015-2025_platformization,文山小吃,芎林鄉,Taiwan,Taiwan-side,official_open_data,Taiwan Tourism Administration Open Multimedia Data,https://media.taiwan.net.tw/zh-tw/portal/travel/details/restaurant_376440000a_000531,official_restaurant_open_data,2025 official open-data page classifies 文山小吃 as 台灣小吃/台菜（Taiwanese Cuisine） with markers 小吃; 台菜; 台灣小吃/台菜; Taiwanese Cuisine,high,"Official Tourism Administration open-data page gives update date, local government source, restaurant category and direct marker evidence. Duplicate source-url and restaurant artifact ID checked against Round010 overlay before append; one row represents one source artifact. TLS certificate validation was relaxed for metadata fetch because local Python rejected the site certificate, while the exact public URL is browser/web accessible.",SRC_R010B07_TW_376440000A_000531_OFFICIAL,verified,Taiwan-side,資料更新日期時間 2025-05-22T04:44:22+08:00；餐飲店家類型：台灣小吃/台菜（Taiwanese Cuisine）；文山小吃；台灣小吃/台菜（Taiwanese Cuisine）,小吃;台菜;台灣小吃/台菜;Taiwanese Cuisine,台灣小吃/台菜;Taiwanese Cuisine;台菜,,,https://media.taiwan.net.tw/zh-tw/portal/travel/details/restaurant_376440000a_000531,ebf56e521a2b5e2f,SRC_R010B07_TW_376440000A_000531_OFFICIAL,1,0.9000,0.1000,1,文山小吃,secondary,0.7000,official Taiwan Tourism Administration open-data source with direct date evidence
SRC_R010B07_TW_376440000A_000530_OFFICIAL,2025,2025-05-22,2015-2025_platformization,沙坑臭豆腐,橫山鄉,Taiwan,Taiwan-side,official_open_data,Taiwan Tourism Administration Open Multimedia Data,https://media.taiwan.net.tw/en-us/portal/travel/details/restaurant_376440000a_000530,official_restaurant_open_data,2025 official open-data page classifies 沙坑臭豆腐 as 台灣小吃/台菜（Taiwanese Cuisine） with markers 臭豆腐; 小吃; 台菜; 台灣小吃/台菜,high,"Official Tourism Administration open-data page gives update date, local government source, restaurant category and direct marker evidence. Duplicate source-url and restaurant artifact ID checked against Round010 overlay before append; one row represents one source artifact. TLS certificate validation was relaxed for metadata fetch because local Python rejected the site certificate, while the exact public URL is browser/web accessible.",SRC_R010B07_TW_376440000A_000530_OFFICIAL,verified,Taiwan-side,資料更新日期時間 2025-05-22T04:35:55+08:00；餐飲店家類型：台灣小吃/台菜（Taiwanese Cuisine）；沙坑臭豆腐；台灣小吃/台菜（Taiwanese Cuisine）,臭豆腐;小吃;台菜;台灣小吃/台菜;Taiwanese Cuisine,台灣小吃/台菜;Taiwanese Cuisine;台菜,,,https://media.taiwan.net.tw/en-us/portal/travel/details/restaurant_376440000a_000530,3eb937286e4a5f6c,SRC_R010B07_TW_376440000A_000530_OFFICIAL,1,0.9000,0.1000,1,沙坑臭豆腐,secondary,0.7000,official Taiwan Tourism Administration open-data source with direct date evidence
SRC_R010B07_TW_376440000A_000532_OFFICIAL,2025,2025-05-20,2015-2025_platformization,萬里山園小吃部,尖石鄉,Taiwan,Taiwan-side,official_open_data,Taiwan Tourism Administration Open Multimedia Data,https://media.taiwan.net.tw/zh-tw/portal/travel/details/restaurant_376440000a_000532,official_restaurant_open_data,2025 official open-data page classifies 萬里山園小吃部 as 台灣小吃/台菜（Taiwanese Cuisine） with markers 小吃; 台菜; 台灣小吃/台菜; Taiwanese Cuisine,high,"Official Tourism Administration open-data page gives update date, local government source, restaurant category and direct marker evidence. Duplicate source-url and restaurant artifact ID checked against Round010 overlay before append; one row represents one source artifact. TLS certificate validation was relaxed for metadata fetch because local Python rejected the site certificate, while the exact public URL is browser/web accessible.",SRC_R010B07_TW_376440000A_000532_OFFICIAL,verified,Taiwan-side,資料更新日期時間 2025-05-20T09:45:34+08:00；餐飲店家類型：台灣小吃/台菜（Taiwanese Cuisine）；萬里山園小吃部；台灣小吃/台菜（Taiwanese Cuisine）,小吃;台菜;台灣小吃/台菜;Taiwanese Cuisine,台灣小吃/台菜;Taiwanese Cuisine;台菜,,,https://media.taiwan.net.tw/zh-tw/portal/travel/details/restaurant_376440000a_000532,8abc8320bcfeae06,SRC_R010B07_TW_376440000A_000532_OFFICIAL,1,0.9000,0.1000,1,萬里山園小吃部,secondary,0.7000,official Taiwan Tourism Administration open-data source with direct date evidence
SRC_R010B07_TW_376440000A_000538_OFFICIAL,2025,2025-05-12,2015-2025_platformization,清香麵店,北埔鄉,Taiwan,Taiwan-side,official_open_data,Taiwan Tourism Administration Open Multimedia Data,https://media.taiwan.net.tw/en-us/portal/travel/details/restaurant_376440000a_000538,official_restaurant_open_data,2025 official open-data page classifies 清香麵店 as 台灣小吃/台菜（Taiwanese Cuisine） with markers 小吃; 台菜; 台灣小吃/台菜; Taiwanese Cuisine,high,"Official Tourism Administration open-data page gives update date, local government source, restaurant category and direct marker evidence. Duplicate source-url and restaurant artifact ID checked against Round010 overlay before append; one row represents one source artifact. TLS certificate validation was relaxed for metadata fetch because local Python rejected the site certificate, while the exact public URL is browser/web accessible.",SRC_R010B07_TW_376440000A_000538_OFFICIAL,verified,Taiwan-side,資料更新日期時間 2025-05-12T09:21:48+08:00；餐飲店家類型：台灣小吃/台菜（Taiwanese Cuisine）；清香麵店；台灣小吃/台菜（Taiwanese Cuisine）,小吃;台菜;台灣小吃/台菜;Taiwanese Cuisine,台灣小吃/台菜;Taiwanese Cuisine;台菜,,,https://media.taiwan.net.tw/en-us/portal/travel/details/restaurant_376440000a_000538,6264a56beafa0d01,SRC_R010B07_TW_376440000A_000538_OFFICIAL,1,0.9000,0.1000,1,清香麵店,secondary,0.7000,official Taiwan Tourism Administration open-data source with direct date evidence
SRC_R010B07_TW_376440000A_000541_OFFICIAL,2025,2025-05-05,2015-2025_platformization,牧人享魚無菜單私廚,竹北市,Taiwan,Taiwan-side,official_open_data,Taiwan Tourism Administration Open Multimedia Data,https://media.taiwan.net.tw/zh-tw/portal/travel/details/restaurant_376440000a_000541,official_restaurant_open_data,2025 official open-data page classifies 牧人享魚無菜單私廚 as 台灣小吃/台菜（Taiwanese Cuisine） with markers 小吃; 台菜; 台灣小吃/台菜; Taiwanese Cuisine,high,"Official Tourism Administration open-data page gives update date, local government source, restaurant category and direct marker evidence. Duplicate source-url and restaurant artifact ID checked against Round010 overlay before append; one row represents one source artifact. TLS certificate validation was relaxed for metadata fetch because local Python rejected the site certificate, while the exact public URL is browser/web accessible.",SRC_R010B07_TW_376440000A_000541_OFFICIAL,verified,Taiwan-side,資料更新日期時間 2025-05-05T09:48:24+08:00；餐飲店家類型：台灣小吃/台菜（Taiwanese Cuisine）；牧人享魚無菜單私廚；台灣小吃/台菜（Taiwanese Cuisine）,小吃;台菜;台灣小吃/台菜;Taiwanese Cuisine,台灣小吃/台菜;Taiwanese Cuisine;台菜,,,https://media.taiwan.net.tw/zh-tw/portal/travel/details/restaurant_376440000a_000541,aeeac97a93ff15b1,SRC_R010B07_TW_376440000A_000541_OFFICIAL,1,0.9000,0.1000,1,牧人享魚無菜單私廚,secondary,0.7000,official Taiwan Tourism Administration open-data source with direct date evidence
SRC_R010B07_TW_376440000A_000545_OFFICIAL,2025,2025-05-21,2015-2025_platformization,關西大碗公麵,關西鎮,Taiwan,Taiwan-side,official_open_data,Taiwan Tourism Administration Open Multimedia Data,https://media.taiwan.net.tw/en-us/portal/travel/details/restaurant_376440000a_000545,official_restaurant_open_data,2025 official open-data page classifies 關西大碗公麵 as 台灣小吃/台菜（Taiwanese Cuisine） with markers 小吃; 台菜; 台灣小吃/台菜; Taiwanese Cuisine,high,"Official Tourism Administration open-data page gives update date, local government source, restaurant category and direct marker evidence. Duplicate source-url and restaurant artifact ID checked against Round010 overlay before append; one row represents one source artifact. TLS certificate validation was relaxed for metadata fetch because local Python rejected the site certificate, while the exact public URL is browser/web accessible.",SRC_R010B07_TW_376440000A_000545_OFFICIAL,verified,Taiwan-side,資料更新日期時間 2025-05-21T08:13:31+08:00；餐飲店家類型：台灣小吃/台菜（Taiwanese Cuisine）；關西大碗公麵；台灣小吃/台菜（Taiwanese Cuisine）,小吃;台菜;台灣小吃/台菜;Taiwanese Cuisine,台灣小吃/台菜;Taiwanese Cuisine;台菜,,,https://media.taiwan.net.tw/en-us/portal/travel/details/restaurant_376440000a_000545,9ff0d7dcf07df478,SRC_R010B07_TW_376440000A_000545_OFFICIAL,1,0.9000,0.1000,1,關西大碗公麵,secondary,0.7000,official Taiwan Tourism Administration open-data source with direct date evidence
SRC_R010B07_TW_376440000A_000546_OFFICIAL,2025,2025-06-16,2015-2025_platformization,培修米食坊,芎林鄉,Taiwan,Taiwan-side,official_open_data,Taiwan Tourism Administration Open Multimedia Data,https://media.taiwan.net.tw/zh-tw/portal/travel/details/restaurant_376440000a_000546,official_restaurant_open_data,2025 official open-data page classifies 培修米食坊 as 台灣小吃/台菜（Taiwanese Cuisine）; 麵包糕點（Bakery） with markers 小吃; 台菜; 台灣小吃/台菜; Taiwanese Cuisine,high,"Official Tourism Administration open-data page gives update date, local government source, restaurant category and direct marker evidence. Duplicate source-url and restaurant artifact ID checked against Round010 overlay before append; one row represents one source artifact. TLS certificate validation was relaxed for metadata fetch because local Python rejected the site certificate, while the exact public URL is browser/web accessible.",SRC_R010B07_TW_376440000A_000546_OFFICIAL,verified,Taiwan-side,資料更新日期時間 2025-06-16T02:40:19+08:00；餐飲店家類型：台灣小吃/台菜（Taiwanese Cuisine）、麵包糕點（Bakery）；培修米食坊；台灣小吃/台菜（Taiwanese Cuisine）; 麵包糕點（Bakery）,小吃;台菜;台灣小吃/台菜;Taiwanese Cuisine,台灣小吃/台菜;Taiwanese Cuisine;台菜,,,https://media.taiwan.net.tw/zh-tw/portal/travel/details/restaurant_376440000a_000546,e7691086f19e2b22,SRC_R010B07_TW_376440000A_000546_OFFICIAL,1,0.9000,0.1000,1,培修米食坊,secondary,0.7000,official Taiwan Tourism Administration open-data source with direct date evidence
SRC_R010B07_TW_376440000A_000547_OFFICIAL,2025,2025-05-22,2015-2025_platformization,水常劉碳烤,尖石鄉,Taiwan,Taiwan-side,official_open_data,Taiwan Tourism Administration Open Multimedia Data,https://media.taiwan.net.tw/zh-tw/portal/travel/details/restaurant_376440000a_000547,official_restaurant_open_data,2025 official open-data page classifies 水常劉碳烤 as 台灣小吃/台菜（Taiwanese Cuisine）; 燒烤/鐵板燒（BBQ/Teppanyaki） with markers 小吃; 台菜; 台灣小吃/台菜; Taiwanese Cuisine,high,"Official Tourism Administration open-data page gives update date, local government source, restaurant category and direct marker evidence. Duplicate source-url and restaurant artifact ID checked against Round010 overlay before append; one row represents one source artifact. TLS certificate validation was relaxed for metadata fetch because local Python rejected the site certificate, while the exact public URL is browser/web accessible.",SRC_R010B07_TW_376440000A_000547_OFFICIAL,verified,Taiwan-side,資料更新日期時間 2025-05-22T18:00:01+08:00；餐飲店家類型：台灣小吃/台菜（Taiwanese Cuisine）、燒烤/鐵板燒（BBQ/Teppanyaki）；水常劉碳烤；台灣小吃/台菜（Taiwanese Cuisine）; 燒烤/鐵板燒（BBQ/Teppanyaki）,小吃;台菜;台灣小吃/台菜;Taiwanese Cuisine,台灣小吃/台菜;Taiwanese Cuisine;台菜,,,https://media.taiwan.net.tw/zh-tw/portal/travel/details/restaurant_376440000a_000547,c3a55ee4719d2861,SRC_R010B07_TW_376440000A_000547_OFFICIAL,1,0.9000,0.1000,1,水常劉碳烤,secondary,0.7000,official Taiwan Tourism Administration open-data source with direct date evidence
SRC_R010B07_TW_376440000A_000548_OFFICIAL,2025,2025-05-23,2015-2025_platformization,南昌鼎邊銼．仙草雞,竹東鎮,Taiwan,Taiwan-side,official_open_data,Taiwan Tourism Administration Open Multimedia Data,https://media.taiwan.net.tw/zh-tw/portal/travel/details/restaurant_376440000a_000548,official_restaurant_open_data,2025 official open-data page classifies 南昌鼎邊銼．仙草雞 as 台灣小吃/台菜（Taiwanese Cuisine） with markers 小吃; 台菜; 台灣小吃/台菜; Taiwanese Cuisine,high,"Official Tourism Administration open-data page gives update date, local government source, restaurant category and direct marker evidence. Duplicate source-url and restaurant artifact ID checked against Round010 overlay before append; one row represents one source artifact. TLS certificate validation was relaxed for metadata fetch because local Python rejected the site certificate, while the exact public URL is browser/web accessible.",SRC_R010B07_TW_376440000A_000548_OFFICIAL,verified,Taiwan-side,資料更新日期時間 2025-05-23T18:00:02+08:00；餐飲店家類型：台灣小吃/台菜（Taiwanese Cuisine）；南昌鼎邊銼．仙草雞；台灣小吃/台菜（Taiwanese Cuisine）,小吃;台菜;台灣小吃/台菜;Taiwanese Cuisine,台灣小吃/台菜;Taiwanese Cuisine;台菜,,,https://media.taiwan.net.tw/zh-tw/portal/travel/details/restaurant_376440000a_000548,f31753fb8227dc8c,SRC_R010B07_TW_376440000A_000548_OFFICIAL,1,0.9000,0.1000,1,南昌鼎邊銼．仙草雞,secondary,0.7000,official Taiwan Tourism Administration open-data source with direct date evidence
SRC_R010B07_TW_376440000A_000550_OFFICIAL,2025,2025-05-29,2015-2025_platformization,頂廂園,竹北市,Taiwan,Taiwan-side,official_open_data,Taiwan Tourism Administration Open Multimedia Data,https://media.taiwan.net.tw/zh-tw/portal/travel/details/restaurant_376440000a_000550,official_restaurant_open_data,2025 official open-data page classifies 頂廂園 as 台灣小吃/台菜（Taiwanese Cuisine）; 牛肉麵（Beef Noodle Soup） with markers 牛肉麵; 小吃; 台菜; 台灣小吃/台菜,high,"Official Tourism Administration open-data page gives update date, local government source, restaurant category and direct marker evidence. Duplicate source-url and restaurant artifact ID checked against Round010 overlay before append; one row represents one source artifact. TLS certificate validation was relaxed for metadata fetch because local Python rejected the site certificate, while the exact public URL is browser/web accessible.",SRC_R010B07_TW_376440000A_000550_OFFICIAL,verified,Taiwan-side,資料更新日期時間 2025-05-29T18:00:02+08:00；餐飲店家類型：台灣小吃/台菜（Taiwanese Cuisine）、牛肉麵（Beef Noodle Soup）；頂廂園；台灣小吃/台菜（Taiwanese Cuisine）; 牛肉麵（Beef Noodle Soup）,牛肉麵;小吃;台菜;台灣小吃/台菜;Taiwanese Cuisine;Beef Noodle Soup,台灣小吃/台菜;Taiwanese Cuisine;台菜,,,https://media.taiwan.net.tw/zh-tw/portal/travel/details/restaurant_376440000a_000550,6487d74c135c66e3,SRC_R010B07_TW_376440000A_000550_OFFICIAL,1,0.9000,0.1000,1,頂廂園,secondary,0.7000,official Taiwan Tourism Administration open-data source with direct date evidence
SRC_R010B07_TW_376440000A_000551_OFFICIAL,2025,2025-06-02,2015-2025_platformization,聞香來客家美食小館,新埔鎮,Taiwan,Taiwan-side,official_open_data,Taiwan Tourism Administration Open Multimedia Data,https://media.taiwan.net.tw/en-us/portal/travel/details/restaurant_376440000a_000551,official_restaurant_open_data,2025 official open-data page classifies 聞香來客家美食小館 as 台灣小吃/台菜（Taiwanese Cuisine） with markers 小吃; 台菜; 台灣小吃/台菜; Taiwanese Cuisine,high,"Official Tourism Administration open-data page gives update date, local government source, restaurant category and direct marker evidence. Duplicate source-url and restaurant artifact ID checked against Round010 overlay before append; one row represents one source artifact. TLS certificate validation was relaxed for metadata fetch because local Python rejected the site certificate, while the exact public URL is browser/web accessible.",SRC_R010B07_TW_376440000A_000551_OFFICIAL,verified,Taiwan-side,資料更新日期時間 2025-06-02T18:00:00+08:00；餐飲店家類型：台灣小吃/台菜（Taiwanese Cuisine）；聞香來客家美食小館；台灣小吃/台菜（Taiwanese Cuisine）,小吃;台菜;台灣小吃/台菜;Taiwanese Cuisine,台灣小吃/台菜;Taiwanese Cuisine;台菜,,,https://media.taiwan.net.tw/en-us/portal/travel/details/restaurant_376440000a_000551,aebb23c4ceb8aa11,SRC_R010B07_TW_376440000A_000551_OFFICIAL,1,0.9000,0.1000,1,聞香來客家美食小館,secondary,0.7000,official Taiwan Tourism Administration open-data source with direct date evidence
SRC_R010B07_TW_376440000A_000553_OFFICIAL,2025,2025-08-22,2015-2025_platformization,鄒記菜包,北埔鄉,Taiwan,Taiwan-side,official_open_data,Taiwan Tourism Administration Open Multimedia Data,https://media.taiwan.net.tw/en-us/portal/travel/details/restaurant_376440000a_000553,official_restaurant_open_data,2025 official open-data page classifies 鄒記菜包 as 台灣小吃/台菜（Taiwanese Cuisine） with markers 菜包; 小吃; 台菜; 台灣小吃/台菜,high,"Official Tourism Administration open-data page gives update date, local government source, restaurant category and direct marker evidence. Duplicate source-url and restaurant artifact ID checked against Round010 overlay before append; one row represents one source artifact. TLS certificate validation was relaxed for metadata fetch because local Python rejected the site certificate, while the exact public URL is browser/web accessible.",SRC_R010B07_TW_376440000A_000553_OFFICIAL,verified,Taiwan-side,資料更新日期時間 2025-08-22T08:43:14+08:00；餐飲店家類型：台灣小吃/台菜（Taiwanese Cuisine）；鄒記菜包；台灣小吃/台菜（Taiwanese Cuisine）,菜包;小吃;台菜;台灣小吃/台菜;Taiwanese Cuisine,台灣小吃/台菜;Taiwanese Cuisine;台菜,,,https://media.taiwan.net.tw/en-us/portal/travel/details/restaurant_376440000a_000553,4d27689ff7014037,SRC_R010B07_TW_376440000A_000553_OFFICIAL,1,0.9000,0.1000,1,鄒記菜包,secondary,0.7000,official Taiwan Tourism Administration open-data source with direct date evidence
SRC_R010B07_TW_376440000A_000566_OFFICIAL,2026,2026-04-09,2015-2025_platformization,麵容餃好 竹北店,竹北市,Taiwan,Taiwan-side,official_open_data,Taiwan Tourism Administration Open Multimedia Data,https://media.taiwan.net.tw/en-us/portal/travel/details/restaurant_376440000a_000566,official_restaurant_open_data,2026 official open-data page classifies 麵容餃好 竹北店 as 台灣小吃/台菜（Taiwanese Cuisine） with markers 小吃; 台菜; 台灣小吃/台菜; Taiwanese Cuisine,high,"Official Tourism Administration open-data page gives update date, local government source, restaurant category and direct marker evidence. Duplicate source-url and restaurant artifact ID checked against Round010 overlay before append; one row represents one source artifact. TLS certificate validation was relaxed for metadata fetch because local Python rejected the site certificate, while the exact public URL is browser/web accessible.",SRC_R010B07_TW_376440000A_000566_OFFICIAL,verified,Taiwan-side,資料更新日期時間 2026-04-09T18:00:00+08:00；餐飲店家類型：台灣小吃/台菜（Taiwanese Cuisine）；麵容餃好 竹北店；台灣小吃/台菜（Taiwanese Cuisine）,小吃;台菜;台灣小吃/台菜;Taiwanese Cuisine,台灣小吃/台菜;Taiwanese Cuisine;台菜,,,https://media.taiwan.net.tw/en-us/portal/travel/details/restaurant_376440000a_000566,39afe78f9e1585af,SRC_R010B07_TW_376440000A_000566_OFFICIAL,1,0.9000,0.1000,1,麵容餃好 竹北店,secondary,0.7000,official Taiwan Tourism Administration open-data source with direct date evidence
SRC_R010B07_TW_376470000A_000333_OFFICIAL,2022,2022-08-22,2015-2025_platformization,津津民俗小吃,鹿港鎮,Taiwan,Taiwan-side,official_open_data,Taiwan Tourism Administration Open Multimedia Data,https://media.taiwan.net.tw/zh-tw/portal/travel/details/restaurant_376470000a_000333,official_restaurant_open_data,2022 official open-data page classifies 津津民俗小吃 as 台灣小吃/台菜（Taiwanese Cuisine） with markers 小吃; 台菜; 台灣小吃/台菜; Taiwanese Cuisine,high,"Official Tourism Administration open-data page gives update date, local government source, restaurant category and direct marker evidence. Duplicate source-url and restaurant artifact ID checked against Round010 overlay before append; one row represents one source artifact. TLS certificate validation was relaxed for metadata fetch because local Python rejected the site certificate, while the exact public URL is browser/web accessible.",SRC_R010B07_TW_376470000A_000333_OFFICIAL,verified,Taiwan-side,資料更新日期時間 2022-08-22T14:47:57+08:00；餐飲店家類型：台灣小吃/台菜（Taiwanese Cuisine）；津津民俗小吃；古早味 六十年蝦丸湯.排骨酥麵.滷肉飯.草地狀元黃西田.美鳳有約,小吃;台菜;台灣小吃/台菜;Taiwanese Cuisine,台灣小吃/台菜;Taiwanese Cuisine;古早味;台菜,,,https://media.taiwan.net.tw/zh-tw/portal/travel/details/restaurant_376470000a_000333,7a5d97dc5a639927,SRC_R010B07_TW_376470000A_000333_OFFICIAL,1,0.9000,0.1000,1,津津民俗小吃,secondary,0.7000,official Taiwan Tourism Administration open-data source with direct date evidence
SRC_R010B07_TW_376470000A_000343_OFFICIAL,2023,2023-02-17,2015-2025_platformization,阿婆轟炸雞香雞排,大村鄉,Taiwan,Taiwan-side,official_open_data,Taiwan Tourism Administration Open Multimedia Data,https://media.taiwan.net.tw/zh-tw/portal/travel/details/restaurant_376470000a_000343,official_restaurant_open_data,2023 official open-data page classifies 阿婆轟炸雞香雞排 as 夜市小吃（Taiwan Snacks） with markers 鹽酥雞; 小吃; 夜市小吃,high,"Official Tourism Administration open-data page gives update date, local government source, restaurant category and direct marker evidence. Duplicate source-url and restaurant artifact ID checked against Round010 overlay before append; one row represents one source artifact. TLS certificate validation was relaxed for metadata fetch because local Python rejected the site certificate, while the exact public URL is browser/web accessible.",SRC_R010B07_TW_376470000A_000343_OFFICIAL,verified,Taiwan-side,資料更新日期時間 2023-02-17T12:03:16+08:00；餐飲店家類型：夜市小吃（Taiwan Snacks）；阿婆轟炸雞香雞排；阿婆雞排賣的東西都是現炸，只有雞排、雞翅、薯條和豆腐，不像一般鹽酥雞攤什麼都賣，但雞排是用純中藥醃的，配上高級油去炸，趁熱咬一口，肉汁充滿口中，如果一次要買很多份，怕久等，記得要電話預約。,鹽酥雞;小吃;夜市小吃,夜市小吃;Taiwan Snacks,,,https://media.taiwan.net.tw/zh-tw/portal/travel/details/restaurant_376470000a_000343,2460537495b0d209,SRC_R010B07_TW_376470000A_000343_OFFICIAL,1,0.9000,0.1000,1,阿婆轟炸雞香雞排,secondary,0.7000,official Taiwan Tourism Administration open-data source with direct date evidence
SRC_R010B07_TW_376470000A_000344_OFFICIAL,2023,2023-02-17,2015-2025_platformization,金錫蚵嗲,大村鄉,Taiwan,Taiwan-side,official_open_data,Taiwan Tourism Administration Open Multimedia Data,https://media.taiwan.net.tw/zh-tw/portal/travel/details/restaurant_376470000a_000344,official_restaurant_open_data,2023 official open-data page classifies 金錫蚵嗲 as 夜市小吃（Taiwan Snacks） with markers 小吃; 夜市小吃,high,"Official Tourism Administration open-data page gives update date, local government source, restaurant category and direct marker evidence. Duplicate source-url and restaurant artifact ID checked against Round010 overlay before append; one row represents one source artifact. TLS certificate validation was relaxed for metadata fetch because local Python rejected the site certificate, while the exact public URL is browser/web accessible.",SRC_R010B07_TW_376470000A_000344_OFFICIAL,verified,Taiwan-side,資料更新日期時間 2023-02-17T11:59:07+08:00；餐飲店家類型：夜市小吃（Taiwan Snacks）；金錫蚵嗲；位於大村鄉的金錫蚵嗲，其炸粿、柳葉魚、炸番薯等等均讓人食指大動，價格平實又公道，值得前往品嚐。,小吃;夜市小吃,夜市小吃;Taiwan Snacks,,,https://media.taiwan.net.tw/zh-tw/portal/travel/details/restaurant_376470000a_000344,9a228a494ce2d272,SRC_R010B07_TW_376470000A_000344_OFFICIAL,1,0.9000,0.1000,1,金錫蚵嗲,secondary,0.7000,official Taiwan Tourism Administration open-data source with direct date evidence
SRC_R010B07_TW_376470000A_000349_OFFICIAL,2023,2023-02-16,2015-2025_platformization,利昌食品行,永靖鄉,Taiwan,Taiwan-side,official_open_data,Taiwan Tourism Administration Open Multimedia Data,https://media.taiwan.net.tw/en-us/portal/travel/details/restaurant_376470000a_000349,official_restaurant_open_data,2023 official open-data page classifies 利昌食品行 as 伴手禮/禮盒（Gift） with markers 台灣小吃/台菜,high,"Official Tourism Administration open-data page gives update date, local government source, restaurant category and direct marker evidence. Duplicate source-url and restaurant artifact ID checked against Round010 overlay before append; one row represents one source artifact. TLS certificate validation was relaxed for metadata fetch because local Python rejected the site certificate, while the exact public URL is browser/web accessible.",SRC_R010B07_TW_376470000A_000349_OFFICIAL,verified,Taiwan-side,資料更新日期時間 2023-02-16T14:25:07+08:00；餐飲店家類型：伴手禮/禮盒（Gift）；利昌食品行；手工各式酥糖專賣店，商品有花生酥、杏仁酥、南瓜子酥、海苔酥、芝麻酥、米香。歡迎喜愛傳統古早味的朋友來購買，自用送禮兩相宜。,台灣小吃/台菜,古早味,,,https://media.taiwan.net.tw/en-us/portal/travel/details/restaurant_376470000a_000349,c535479af943f9fe,SRC_R010B07_TW_376470000A_000349_OFFICIAL,1,0.9000,0.1000,1,利昌食品行,secondary,0.7000,official Taiwan Tourism Administration open-data source with direct date evidence
SRC_R010B07_TW_376470000A_000352_OFFICIAL,2023,2023-02-16,2015-2025_platformization,魏記牛肉麵,永靖鄉,Taiwan,Taiwan-side,official_open_data,Taiwan Tourism Administration Open Multimedia Data,https://media.taiwan.net.tw/en-us/portal/travel/details/restaurant_376470000a_000352,official_restaurant_open_data,2023 official open-data page classifies 魏記牛肉麵 as 台灣小吃/台菜（Taiwanese Cuisine） with markers 牛肉麵; 小吃; 台菜; 台灣小吃/台菜,high,"Official Tourism Administration open-data page gives update date, local government source, restaurant category and direct marker evidence. Duplicate source-url and restaurant artifact ID checked against Round010 overlay before append; one row represents one source artifact. TLS certificate validation was relaxed for metadata fetch because local Python rejected the site certificate, while the exact public URL is browser/web accessible.",SRC_R010B07_TW_376470000A_000352_OFFICIAL,verified,Taiwan-side,資料更新日期時間 2023-02-16T14:17:27+08:00；餐飲店家類型：台灣小吃/台菜（Taiwanese Cuisine）；魏記牛肉麵；各類麵食水餃飯類，頻獲饕客愛戴!,牛肉麵;小吃;台菜;台灣小吃/台菜;Taiwanese Cuisine,台灣小吃/台菜;Taiwanese Cuisine;台菜,,,https://media.taiwan.net.tw/en-us/portal/travel/details/restaurant_376470000a_000352,d5c4849a0cc89542,SRC_R010B07_TW_376470000A_000352_OFFICIAL,1,0.9000,0.1000,1,魏記牛肉麵,secondary,0.7000,official Taiwan Tourism Administration open-data source with direct date evidence
SRC_R010B07_TW_376470000A_000354_OFFICIAL,2023,2023-02-16,2015-2025_platformization,新吉利餐廳,永靖鄉,Taiwan,Taiwan-side,official_open_data,Taiwan Tourism Administration Open Multimedia Data,https://media.taiwan.net.tw/zh-tw/portal/travel/details/restaurant_376470000a_000354,official_restaurant_open_data,2023 official open-data page classifies 新吉利餐廳 as 台灣小吃/台菜（Taiwanese Cuisine） with markers 小吃; 台菜; 台灣小吃/台菜; Taiwanese Cuisine,high,"Official Tourism Administration open-data page gives update date, local government source, restaurant category and direct marker evidence. Duplicate source-url and restaurant artifact ID checked against Round010 overlay before append; one row represents one source artifact. TLS certificate validation was relaxed for metadata fetch because local Python rejected the site certificate, while the exact public URL is browser/web accessible.",SRC_R010B07_TW_376470000A_000354_OFFICIAL,verified,Taiwan-side,資料更新日期時間 2023-02-16T14:12:23+08:00；餐飲店家類型：台灣小吃/台菜（Taiwanese Cuisine）；新吉利餐廳；是一個有主題特色的海鮮餐廳，老闆精心設計場地及專業品質服務，無論是喜宴、會議、大宴小酌、團體聚餐等等，都能讓您與親朋好友們在此同享每一刻幸福與歡樂的時光。,小吃;台菜;台灣小吃/台菜;Taiwanese Cuisine,台灣小吃/台菜;Taiwanese Cuisine;台菜,,,https://media.taiwan.net.tw/zh-tw/portal/travel/details/restaurant_376470000a_000354,50e2e8191833c885,SRC_R010B07_TW_376470000A_000354_OFFICIAL,1,0.9000,0.1000,1,新吉利餐廳,secondary,0.7000,official Taiwan Tourism Administration open-data source with direct date evidence
SRC_R010B07_TW_376470000A_000356_OFFICIAL,2023,2023-02-16,2015-2025_platformization,新高乙鮮餐廳,永靖鄉,Taiwan,Taiwan-side,official_open_data,Taiwan Tourism Administration Open Multimedia Data,https://media.taiwan.net.tw/zh-tw/portal/travel/details/restaurant_376470000a_000356,official_restaurant_open_data,2023 official open-data page classifies 新高乙鮮餐廳 as 台灣小吃/台菜（Taiwanese Cuisine） with markers 小吃; 台菜; 台灣小吃/台菜; Taiwanese Cuisine,high,"Official Tourism Administration open-data page gives update date, local government source, restaurant category and direct marker evidence. Duplicate source-url and restaurant artifact ID checked against Round010 overlay before append; one row represents one source artifact. TLS certificate validation was relaxed for metadata fetch because local Python rejected the site certificate, while the exact public URL is browser/web accessible.",SRC_R010B07_TW_376470000A_000356_OFFICIAL,verified,Taiwan-side,資料更新日期時間 2023-02-16T14:09:11+08:00；餐飲店家類型：台灣小吃/台菜（Taiwanese Cuisine）；新高乙鮮餐廳；位於在永靖鄉(永靖高工附近)，華麗新穎的婚宴餐廳，秉持著美食饗宴，用心款待每一位貴賓！新高乙鮮海鮮餐廳與每一對新人一起共同創造屬於美好的幸福回憶！,小吃;台菜;台灣小吃/台菜;Taiwanese Cuisine,台灣小吃/台菜;Taiwanese Cuisine;台菜,,,https://media.taiwan.net.tw/zh-tw/portal/travel/details/restaurant_376470000a_000356,69541c17f1c989f6,SRC_R010B07_TW_376470000A_000356_OFFICIAL,1,0.9000,0.1000,1,新高乙鮮餐廳,secondary,0.7000,official Taiwan Tourism Administration open-data source with direct date evidence
SRC_R010B07_TW_376470000A_000368_OFFICIAL,2023,2023-02-16,2015-2025_platformization,熱浪島南洋蔬食茶堂,埔心鄉,Taiwan,Taiwan-side,official_open_data,Taiwan Tourism Administration Open Multimedia Data,https://media.taiwan.net.tw/zh-tw/portal/travel/details/restaurant_376470000a_000368,official_restaurant_open_data,2023 official open-data page classifies 熱浪島南洋蔬食茶堂 as 其他（Other） with markers 客家菜,high,"Official Tourism Administration open-data page gives update date, local government source, restaurant category and direct marker evidence. Duplicate source-url and restaurant artifact ID checked against Round010 overlay before append; one row represents one source artifact. TLS certificate validation was relaxed for metadata fetch because local Python rejected the site certificate, while the exact public URL is browser/web accessible.",SRC_R010B07_TW_376470000A_000368_OFFICIAL,verified,Taiwan-side,資料更新日期時間 2023-02-16T11:21:25+08:00；餐飲店家類型：其他（Other）；熱浪島南洋蔬食茶堂；新加坡、馬來西亞是多種族的國家，有非常多的特色美食，店長本以為自己吃素應該無福享受，但是經朋友的介紹才發現，天啊！東南亞的美味素食還真多啊!有印度料理、中華料理(細分為潮州菜、客家菜、閩南菜、福建菜)、印尼料理.......等，只要葷的有，素的也一定有。,客家菜,客家菜,,,https://media.taiwan.net.tw/zh-tw/portal/travel/details/restaurant_376470000a_000368,b667017cb29741ac,SRC_R010B07_TW_376470000A_000368_OFFICIAL,1,0.9000,0.1000,1,熱浪島南洋蔬食茶堂,secondary,0.7000,official Taiwan Tourism Administration open-data source with direct date evidence
SRC_R010B07_TW_376470000A_000470_OFFICIAL,2022,2022-08-22,2015-2025_platformization,食觀天下婚宴會館,員林市,Taiwan,Taiwan-side,official_open_data,Taiwan Tourism Administration Open Multimedia Data,https://media.taiwan.net.tw/zh-tw/portal/travel/details/restaurant_376470000a_000470,official_restaurant_open_data,2022 official open-data page classifies 食觀天下婚宴會館 as 台灣小吃/台菜（Taiwanese Cuisine） with markers 小吃; 台菜; 台灣小吃/台菜; Taiwanese Cuisine,high,"Official Tourism Administration open-data page gives update date, local government source, restaurant category and direct marker evidence. Duplicate source-url and restaurant artifact ID checked against Round010 overlay before append; one row represents one source artifact. TLS certificate validation was relaxed for metadata fetch because local Python rejected the site certificate, while the exact public URL is browser/web accessible.",SRC_R010B07_TW_376470000A_000470_OFFICIAL,verified,Taiwan-side,資料更新日期時間 2022-08-22T11:18:51+08:00；餐飲店家類型：台灣小吃/台菜（Taiwanese Cuisine）；食觀天下婚宴會館；食觀天下主要以「婚宴辦理」以及「正宗彰化風味餐」為主。重金聘請知名設計師，以奢華搭配高科技的概念，打造彰化地區五星等級的婚禮殿堂。,小吃;台菜;台灣小吃/台菜;Taiwanese Cuisine,台灣小吃/台菜;Taiwanese Cuisine;台菜,,,https://media.taiwan.net.tw/zh-tw/portal/travel/details/restaurant_376470000a_000470,7f239a7b447be321,SRC_R010B07_TW_376470000A_000470_OFFICIAL,1,0.9000,0.1000,1,食觀天下婚宴會館,secondary,0.7000,official Taiwan Tourism Administration open-data source with direct date evidence
SRC_R010B07_TW_376470000A_000492_OFFICIAL,2023,2023-03-01,2015-2025_platformization,正彰化肉圓,彰化市,Taiwan,Taiwan-side,official_open_data,Taiwan Tourism Administration Open Multimedia Data,https://media.taiwan.net.tw/en-us/portal/travel/details/restaurant_376470000a_000492,official_restaurant_open_data,2023 official open-data page classifies 正彰化肉圓 as 地方特產（Local specialty） with markers 肉圓; 小吃,high,"Official Tourism Administration open-data page gives update date, local government source, restaurant category and direct marker evidence. Duplicate source-url and restaurant artifact ID checked against Round010 overlay before append; one row represents one source artifact. TLS certificate validation was relaxed for metadata fetch because local Python rejected the site certificate, while the exact public URL is browser/web accessible.",SRC_R010B07_TW_376470000A_000492_OFFICIAL,verified,Taiwan-side,資料更新日期時間 2023-03-01T14:09:15+08:00；餐飲店家類型：地方特產（Local specialty）；正彰化肉圓；彰化縣口述歷史有紀載西元1940年 (昭和15年間）　　現今正彰化肉圓的傳人楊雅嵐、楊雅筑其祖父楊永祥因父親英年早逝，而家中兄弟眾多，為了維持家中生計，其母親與長子的他商量，決心向鹿港一位老師傅拜師學藝，學習傳統小吃-肉麋(鹿港音)廚藝。　　在完成了艱苦學徒習技之後，終於獲得老師傅讚許同意，讓楊永祥 與母親　許水桃在開始沿街叫賣，而這就始源了彰化肉圓一傳四代的傳承故事。　　歷時82年、藝傳四代的正彰化肉圓，目前由第四代女兒夫妻及母親共同經營。       第四代傳承下來的，不只是傳統的古早味，更有前人認真實在的踏實精神。即使面對時代變遷，傳統小吃日漸衰微，仍發揮著台灣這塊土地的人特有的求新求變的精神。將以沿襲八十多年的好味道，繼續精心開發新技術及賦予肉圓新口感的美味體驗。 文字描述 文字描述-顯示或收起長內容,肉圓;小吃,古早味;傳統小吃,,,https://media.taiwan.net.tw/en-us/portal/travel/details/restaurant_376470000a_000492,c0cdc2f6a33bc38b,SRC_R010B07_TW_376470000A_000492_OFFICIAL,1,0.9000,0.1000,1,正彰化肉圓,secondary,0.7000,official Taiwan Tourism Administration open-data source with direct date evidence
SRC_R010B07_TW_376470000A_000497_OFFICIAL,2023,2023-04-28,2015-2025_platformization,二水-水煎包及麵線,二水鄉,Taiwan,Taiwan-side,official_open_data,Taiwan Tourism Administration Open Multimedia Data,https://media.taiwan.net.tw/zh-tw/portal/travel/details/restaurant_376470000a_000497,official_restaurant_open_data,2023 official open-data page classifies 二水-水煎包及麵線 as 台灣小吃/台菜（Taiwanese Cuisine） with markers 麵線; 小吃; 台菜; 台灣小吃/台菜,high,"Official Tourism Administration open-data page gives update date, local government source, restaurant category and direct marker evidence. Duplicate source-url and restaurant artifact ID checked against Round010 overlay before append; one row represents one source artifact. TLS certificate validation was relaxed for metadata fetch because local Python rejected the site certificate, while the exact public URL is browser/web accessible.",SRC_R010B07_TW_376470000A_000497_OFFICIAL,verified,Taiwan-side,資料更新日期時間 2023-04-28T14:59:46+08:00；餐飲店家類型：台灣小吃/台菜（Taiwanese Cuisine）；二水-水煎包及麵線；位於二水火車站前的人氣銅板美食，開業超過25個年頭，只賣水煎包及麵線，購買人潮絡繹不絕，是二水在地人推薦的好滋味，外皮煎得酥脆的水煎包，內餡高麗菜、肉沫傳來的胡椒味，鹹香甜脆，清淡的口感絕佳令人驚艷，搭配麵線糊，是來到二水必吃的下午茶。,麵線;小吃;台菜;台灣小吃/台菜;Taiwanese Cuisine,台灣小吃/台菜;Taiwanese Cuisine;台菜,,,https://media.taiwan.net.tw/zh-tw/portal/travel/details/restaurant_376470000a_000497,ca4df23c5c91dba9,SRC_R010B07_TW_376470000A_000497_OFFICIAL,1,0.9000,0.1000,1,二水-水煎包及麵線,secondary,0.7000,official Taiwan Tourism Administration open-data source with direct date evidence
SRC_R010B07_TW_376470000A_000496_OFFICIAL,2023,2023-04-07,2015-2025_platformization,掬翠拾煙蔬食創作料理,鹿港鎮,Taiwan,Taiwan-side,official_open_data,Taiwan Tourism Administration Open Multimedia Data,https://media.taiwan.net.tw/zh-tw/portal/travel/details/restaurant_376470000a_000496,official_restaurant_open_data,2023 official open-data page classifies 掬翠拾煙蔬食創作料理 as 台灣小吃/台菜（Taiwanese Cuisine） with markers 小吃; 台菜; 台灣小吃/台菜; Taiwanese Cuisine,high,"Official Tourism Administration open-data page gives update date, local government source, restaurant category and direct marker evidence. Duplicate source-url and restaurant artifact ID checked against Round010 overlay before append; one row represents one source artifact. TLS certificate validation was relaxed for metadata fetch because local Python rejected the site certificate, while the exact public URL is browser/web accessible.",SRC_R010B07_TW_376470000A_000496_OFFICIAL,verified,Taiwan-side,資料更新日期時間 2023-04-07T10:49:34+08:00；餐飲店家類型：台灣小吃/台菜（Taiwanese Cuisine）；掬翠拾煙蔬食創作料理；說到鹿港美食，你會先想到什麼呢？鹿港小鎮近年來開了一家掬翠拾煙蔬食創作料理，位於意樓旁，讓大家到了鹿港來，除了傳統小吃外，有了其他的新選擇！,小吃;台菜;台灣小吃/台菜;Taiwanese Cuisine,台灣小吃/台菜;Taiwanese Cuisine;傳統小吃;台菜,,,https://media.taiwan.net.tw/zh-tw/portal/travel/details/restaurant_376470000a_000496,8dab7ddc5efeeeca,SRC_R010B07_TW_376470000A_000496_OFFICIAL,1,0.9000,0.1000,1,掬翠拾煙蔬食創作料理,secondary,0.7000,official Taiwan Tourism Administration open-data source with direct date evidence
SRC_R010B07_TW_376470000A_000515_OFFICIAL,2025,2025-07-10,2015-2025_platformization,台灣小吃刺繡美食襪四入禮盒組Taiwan Flavor Socks Gift Box (宥森企業有限公司),社頭鄉,Taiwan,Taiwan-side,official_open_data,Taiwan Tourism Administration Open Multimedia Data,https://media.taiwan.net.tw/zh-tw/portal/travel/details/restaurant_376470000a_000515,official_restaurant_open_data,2025 official open-data page classifies 台灣小吃刺繡美食襪四入禮盒組Taiwan Flavor Socks Gift Box (宥森企業有限公司) as 伴手禮/禮盒（Gift） with markers 小吃,high,"Official Tourism Administration open-data page gives update date, local government source, restaurant category and direct marker evidence. Duplicate source-url and restaurant artifact ID checked against Round010 overlay before append; one row represents one source artifact. TLS certificate validation was relaxed for metadata fetch because local Python rejected the site certificate, while the exact public URL is browser/web accessible.",SRC_R010B07_TW_376470000A_000515_OFFICIAL,verified,Taiwan-side,資料更新日期時間 2025-07-10T15:25:13+08:00；餐飲店家類型：伴手禮/禮盒（Gift）；台灣小吃刺繡美食襪四入禮盒組Taiwan Flavor Socks Gift Box (宥森企業有限公司)；產品外觀與包裝設計以正宗台灣風味為核心，打破傳統單一包材模式，引入四大主題，以貼紙區隔，完美融合優雅設計與獨特特色。「消暑氣」、「迺夜市」、「古早味」、「念鄉愁」四款主題襪子。巧妙的禮盒包裝，簡約又富有質感，提升產品在架上的吸引力，同時突顯台灣文化特色。此外，我們的文化特色強調家鄉根深蒂固的價值觀， 以DIT和MIT的精神為基石，追求永續發展，並希望透過「木森好襪 MUSEN SOCKS」成為台灣百年永續的製襪品牌。 文字描述 文字描述-顯示或收起長內容,小吃,古早味,,,https://media.taiwan.net.tw/zh-tw/portal/travel/details/restaurant_376470000a_000515,786023c56a9fc13b,SRC_R010B07_TW_376470000A_000515_OFFICIAL,1,0.9000,0.1000,1,台灣小吃刺繡美食襪四入禮盒組Taiwan Flavor Socks Gift Box (宥森企業有限公司),secondary,0.7000,official Taiwan Tourism Administration open-data source with direct date evidence
SRC_R010B07_TW_376480000A_000008_OFFICIAL,2023,2023-06-30,2015-2025_platformization,青山食堂,鹿谷鄉,Taiwan,Taiwan-side,official_open_data,Taiwan Tourism Administration Open Multimedia Data,https://media.taiwan.net.tw/en-us/portal/travel/details/restaurant_376480000a_000008,official_restaurant_open_data,2023 official open-data page classifies 青山食堂 as 中式料理 — 中餐八大菜系（Chinese Cuisine — Eight Cuisines of China）; 素食飲食（Vegetarian Diet） with markers 台灣小吃/台菜,high,"Official Tourism Administration open-data page gives update date, local government source, restaurant category and direct marker evidence. Duplicate source-url and restaurant artifact ID checked against Round010 overlay before append; one row represents one source artifact. TLS certificate validation was relaxed for metadata fetch because local Python rejected the site certificate, while the exact public URL is browser/web accessible.",SRC_R010B07_TW_376480000A_000008_OFFICIAL,verified,Taiwan-side,資料更新日期時間 2023-06-30T17:30:00+08:00；餐飲店家類型：中式料理 — 中餐八大菜系（Chinese Cuisine — Eight Cuisines of China）、素食飲食（Vegetarian Diet）；青山食堂；「青山食堂」是妖怪村中最大的餐廳，餐廳內部的裝潢採用了懷舊風格來佈置，並搭配著許多俏皮的妖怪營造出獨特氛圍。餐點部分以養生鍋物、古早味料理、野菜料理作為主軸，並且與在地農民配合，能讓顧客來餐廳吃飯時能夠品嘗到最在地的風味。,台灣小吃/台菜,古早味,,,https://media.taiwan.net.tw/en-us/portal/travel/details/restaurant_376480000a_000008,590e0f554efccdc0,SRC_R010B07_TW_376480000A_000008_OFFICIAL,1,0.9000,0.1000,1,青山食堂,secondary,0.7000,official Taiwan Tourism Administration open-data source with direct date evidence
SRC_R010B07_TW_376480000A_000004_OFFICIAL,2023,2023-06-30,2015-2025_platformization,木茶房餐廳,水里鄉,Taiwan,Taiwan-side,official_open_data,Taiwan Tourism Administration Open Multimedia Data,https://media.taiwan.net.tw/zh-tw/portal/travel/details/restaurant_376480000a_000004,official_restaurant_open_data,2023 official open-data page classifies 木茶房餐廳 as 台灣小吃/台菜（Taiwanese Cuisine）; 便當/自助餐（Boxed Meal/Cafeteria） with markers 小吃; 台菜; 台灣小吃/台菜; Taiwanese Cuisine,high,"Official Tourism Administration open-data page gives update date, local government source, restaurant category and direct marker evidence. Duplicate source-url and restaurant artifact ID checked against Round010 overlay before append; one row represents one source artifact. TLS certificate validation was relaxed for metadata fetch because local Python rejected the site certificate, while the exact public URL is browser/web accessible.",SRC_R010B07_TW_376480000A_000004_OFFICIAL,verified,Taiwan-side,資料更新日期時間 2023-06-30T17:30:00+08:00；餐飲店家類型：台灣小吃/台菜（Taiwanese Cuisine）、便當/自助餐（Boxed Meal/Cafeteria）；木茶房餐廳；位在南投縣水里鄉的「木茶房餐廳」，本身建築是以木造房舍作為主題並加以設計而來。因為餐廳位於車埕老街貯木池旁，故此能夠邊享用餐廳的特色木桶便當，邊欣賞美麗的池畔美景。,小吃;台菜;台灣小吃/台菜;Taiwanese Cuisine,台灣小吃/台菜;Taiwanese Cuisine;台菜,,,https://media.taiwan.net.tw/zh-tw/portal/travel/details/restaurant_376480000a_000004,f158cf50ee4fc097,SRC_R010B07_TW_376480000A_000004_OFFICIAL,1,0.9000,0.1000,1,木茶房餐廳,secondary,0.7000,official Taiwan Tourism Administration open-data source with direct date evidence
SRC_R010B07_TW_376480000A_000010_OFFICIAL,2023,2023-06-30,2015-2025_platformization,經典生活飲食,草屯鎮,Taiwan,Taiwan-side,official_open_data,Taiwan Tourism Administration Open Multimedia Data,https://media.taiwan.net.tw/zh-tw/portal/travel/details/restaurant_376480000a_000010,official_restaurant_open_data,2023 official open-data page classifies 經典生活飲食 as 台灣小吃/台菜（Taiwanese Cuisine）; 甜點冰品（Desserts And Ice）; 火鍋（Hot Pot） with markers 小吃; 台菜; 台灣小吃/台菜; Taiwanese Cuisine,high,"Official Tourism Administration open-data page gives update date, local government source, restaurant category and direct marker evidence. Duplicate source-url and restaurant artifact ID checked against Round010 overlay before append; one row represents one source artifact. TLS certificate validation was relaxed for metadata fetch because local Python rejected the site certificate, while the exact public URL is browser/web accessible.",SRC_R010B07_TW_376480000A_000010_OFFICIAL,verified,Taiwan-side,資料更新日期時間 2023-06-30T17:30:00+08:00；餐飲店家類型：台灣小吃/台菜（Taiwanese Cuisine）、甜點冰品（Desserts And Ice）、火鍋（Hot Pot）；經典生活飲食；在南投縣草屯鎮的「經典簡餐店」，佔地約為100~120坪 。內部的裝潢使用深咖啡色的原木作為樑柱，天花板則是採用藝術燈飾來點綴，並在餐廳四周都採用大型透明玻璃窗增擴視野，使得店內裝潢在華麗中不失典雅。而店內也提供各式簡餐、複合式餐點、火鍋、下午茶等等各式各樣的餐點，是個多人聚餐的好去處。,小吃;台菜;台灣小吃/台菜;Taiwanese Cuisine,台灣小吃/台菜;Taiwanese Cuisine;台菜,,,https://media.taiwan.net.tw/zh-tw/portal/travel/details/restaurant_376480000a_000010,d18f4dd1f87c8cd6,SRC_R010B07_TW_376480000A_000010_OFFICIAL,1,0.9000,0.1000,1,經典生活飲食,secondary,0.7000,official Taiwan Tourism Administration open-data source with direct date evidence
SRC_R010B07_TW_376480000A_000012_OFFICIAL,2023,2023-06-30,2015-2025_platformization,國姓鄉村風味民宿餐廳,國姓鄉,Taiwan,Taiwan-side,official_open_data,Taiwan Tourism Administration Open Multimedia Data,https://media.taiwan.net.tw/en-us/portal/travel/details/restaurant_376480000a_000012,official_restaurant_open_data,2023 official open-data page classifies 國姓鄉村風味民宿餐廳 as 台灣小吃/台菜（Taiwanese Cuisine） with markers 小吃; 台菜; 台灣小吃/台菜; Taiwanese Cuisine,high,"Official Tourism Administration open-data page gives update date, local government source, restaurant category and direct marker evidence. Duplicate source-url and restaurant artifact ID checked against Round010 overlay before append; one row represents one source artifact. TLS certificate validation was relaxed for metadata fetch because local Python rejected the site certificate, while the exact public URL is browser/web accessible.",SRC_R010B07_TW_376480000A_000012_OFFICIAL,verified,Taiwan-side,資料更新日期時間 2023-06-30T17:30:00+08:00；餐飲店家類型：台灣小吃/台菜（Taiwanese Cuisine）；國姓鄉村風味民宿餐廳；「國姓民宿‧國姓鄉村民宿餐廳」位於山水秀麗的南投國姓鄉，座落於北港溪糯米橋附近；距離以原住民風味為主題的泰雅渡假村開車僅須3分鐘，造訪山光水秀的惠蓀林場森林遊樂區也只需15分鐘路程，前往國姓驛站、百年古蹟-糯米橋、芙蓉瀑布等知名景點更是鄰近易抵，旅人們可以將這裡當做前往埔里、清境、日月潭、合歡山、奧 萬大等熱門景點的中繼站，享受便捷鄰近的交通。 文字描述 文字描述-顯示或收起長內容,小吃;台菜;台灣小吃/台菜;Taiwanese Cuisine,台灣小吃/台菜;Taiwanese Cuisine;台菜,,,https://media.taiwan.net.tw/en-us/portal/travel/details/restaurant_376480000a_000012,988ec21653884c39,SRC_R010B07_TW_376480000A_000012_OFFICIAL,1,0.9000,0.1000,1,國姓鄉村風味民宿餐廳,secondary,0.7000,official Taiwan Tourism Administration open-data source with direct date evidence
