attestation_id,year,date,period,brand_or_category,city,province,corridor,source_type,source_name,source_url,attestation_type,text_for_scoring,confidence,notes,source_id,verification_level,region,original_text,dish_marker,taiwan_marker,ownership_category,capital_origin,source_url_or_archive_ref,dedupe_key,merged_from_attestation_ids,merged_row_count,novelty_score,avg_text_similarity,novelty_group_size,novelty_group_key,authority_level,authority_weight,authority_reason
SRC_R010B06_TW_376440000A_000005_OFFICIAL,2025,2025-05-27,2015-2025_platformization,湖畔人家,峨眉鄉,Taiwan,Taiwan-side,official_open_data,Taiwan Tourism Administration Open Multimedia Data,https://media.taiwan.net.tw/zh-tw/portal/travel/details/restaurant_376440000a_000005,official_restaurant_open_data,"2025 official open-data page classifies 湖畔人家 as 台灣小吃/台菜（Taiwanese Cuisine）; 甜點冰品（Desserts And Ice）; 非酒精飲品 — 咖啡、茶等（Non-Alcoholic Beverages — Coffee, Tea, etc.） with markers 小吃; 台菜; 台灣小吃/台菜; Taiwanese Cuisine",high,"Official Tourism Administration open-data page gives update date, local government source, restaurant category and direct marker evidence. Duplicate source-url and restaurant artifact ID checked against Round010 overlay before append; one row represents one source artifact. TLS certificate validation was relaxed for metadata fetch because local Python rejected the site certificate, while the exact public URL is browser/web accessible.",SRC_R010B06_TW_376440000A_000005_OFFICIAL,verified,Taiwan-side,"資料更新日期時間 2025-05-27T07:30:10+08:00；餐飲店家類型：台灣小吃/台菜（Taiwanese Cuisine）、甜點冰品（Desserts And Ice）、非酒精飲品 — 咖啡、茶等（Non-Alcoholic Beverages — Coffee, Tea, etc.）；湖畔人家；台灣小吃/台菜（Taiwanese Cuisine）; 甜點冰品（Desserts And Ice）; 非酒精飲品 — 咖啡、茶等（Non-Alcoholic Beverages — Coffee, Tea, etc.）",小吃;台菜;台灣小吃/台菜;Taiwanese Cuisine,台灣小吃/台菜;Taiwanese Cuisine;台菜,,,https://media.taiwan.net.tw/zh-tw/portal/travel/details/restaurant_376440000a_000005,a6ef3a4998e78c51,SRC_R010B06_TW_376440000A_000005_OFFICIAL,1,0.9000,0.1000,1,湖畔人家,secondary,0.7000,official Taiwan Tourism Administration open-data source with direct date evidence
SRC_R010B06_TW_376440000A_000020_OFFICIAL,2025,2025-05-20,2015-2025_platformization,以娜的店,尖石鄉,Taiwan,Taiwan-side,official_open_data,Taiwan Tourism Administration Open Multimedia Data,https://media.taiwan.net.tw/en-us/portal/travel/details/restaurant_376440000a_000020,official_restaurant_open_data,2025 official open-data page classifies 以娜的店 as 台灣小吃/台菜（Taiwanese Cuisine） with markers 小吃; 台菜; 台灣小吃/台菜; Taiwanese Cuisine,high,"Official Tourism Administration open-data page gives update date, local government source, restaurant category and direct marker evidence. Duplicate source-url and restaurant artifact ID checked against Round010 overlay before append; one row represents one source artifact. TLS certificate validation was relaxed for metadata fetch because local Python rejected the site certificate, while the exact public URL is browser/web accessible.",SRC_R010B06_TW_376440000A_000020_OFFICIAL,verified,Taiwan-side,資料更新日期時間 2025-05-20T09:28:25+08:00；餐飲店家類型：台灣小吃/台菜（Taiwanese Cuisine）；以娜的店；台灣小吃/台菜（Taiwanese Cuisine）,小吃;台菜;台灣小吃/台菜;Taiwanese Cuisine,台灣小吃/台菜;Taiwanese Cuisine;台菜,,,https://media.taiwan.net.tw/en-us/portal/travel/details/restaurant_376440000a_000020,e101b76ebeaf57f9,SRC_R010B06_TW_376440000A_000020_OFFICIAL,1,0.9000,0.1000,1,以娜的店,secondary,0.7000,official Taiwan Tourism Administration open-data source with direct date evidence
SRC_R010B06_TW_376440000A_000022_OFFICIAL,2025,2025-05-23,2015-2025_platformization,尖石不怕餐館,尖石鄉,Taiwan,Taiwan-side,official_open_data,Taiwan Tourism Administration Open Multimedia Data,https://media.taiwan.net.tw/en-us/portal/travel/details/restaurant_376440000a_000022,official_restaurant_open_data,2025 official open-data page classifies 尖石不怕餐館 as 台灣小吃/台菜（Taiwanese Cuisine） with markers 小吃; 台菜; 台灣小吃/台菜; Taiwanese Cuisine,high,"Official Tourism Administration open-data page gives update date, local government source, restaurant category and direct marker evidence. Duplicate source-url and restaurant artifact ID checked against Round010 overlay before append; one row represents one source artifact. TLS certificate validation was relaxed for metadata fetch because local Python rejected the site certificate, while the exact public URL is browser/web accessible.",SRC_R010B06_TW_376440000A_000022_OFFICIAL,verified,Taiwan-side,資料更新日期時間 2025-05-23T04:50:21+08:00；餐飲店家類型：台灣小吃/台菜（Taiwanese Cuisine）；尖石不怕餐館；台灣小吃/台菜（Taiwanese Cuisine）,小吃;台菜;台灣小吃/台菜;Taiwanese Cuisine,台灣小吃/台菜;Taiwanese Cuisine;台菜,,,https://media.taiwan.net.tw/en-us/portal/travel/details/restaurant_376440000a_000022,99991ce030e517e8,SRC_R010B06_TW_376440000A_000022_OFFICIAL,1,0.9000,0.1000,1,尖石不怕餐館,secondary,0.7000,official Taiwan Tourism Administration open-data source with direct date evidence
SRC_R010B06_TW_376440000A_000023_OFFICIAL,2025,2025-06-06,2015-2025_platformization,6號花園,尖石鄉,Taiwan,Taiwan-side,official_open_data,Taiwan Tourism Administration Open Multimedia Data,https://media.taiwan.net.tw/zh-tw/portal/travel/details/restaurant_376440000a_000023,official_restaurant_open_data,"2025 official open-data page classifies 6號花園 as 台灣小吃/台菜（Taiwanese Cuisine）; 麵包糕點（Bakery）; 非酒精飲品 — 咖啡、茶等（Non-Alcoholic Beverages — Coffee, Tea, etc.） with markers 小吃; 台菜; 台灣小吃/台菜; Taiwanese Cuisine",high,"Official Tourism Administration open-data page gives update date, local government source, restaurant category and direct marker evidence. Duplicate source-url and restaurant artifact ID checked against Round010 overlay before append; one row represents one source artifact. TLS certificate validation was relaxed for metadata fetch because local Python rejected the site certificate, while the exact public URL is browser/web accessible.",SRC_R010B06_TW_376440000A_000023_OFFICIAL,verified,Taiwan-side,"資料更新日期時間 2025-06-06T02:44:32+08:00；餐飲店家類型：台灣小吃/台菜（Taiwanese Cuisine）、麵包糕點（Bakery）、非酒精飲品 — 咖啡、茶等（Non-Alcoholic Beverages — Coffee, Tea, etc.）、火鍋（Hot Pot）；6號花園；台灣小吃/台菜（Taiwanese Cuisine）; 麵包糕點（Bakery）; 非酒精飲品 — 咖啡、茶等（Non-Alcoholic Beverages — Coffee, Tea, etc.）; 火鍋（Hot Pot）",小吃;台菜;台灣小吃/台菜;Taiwanese Cuisine,台灣小吃/台菜;Taiwanese Cuisine;台菜,,,https://media.taiwan.net.tw/zh-tw/portal/travel/details/restaurant_376440000a_000023,f2ea66eefc8baff7,SRC_R010B06_TW_376440000A_000023_OFFICIAL,1,0.9000,0.1000,1,6號花園,secondary,0.7000,official Taiwan Tourism Administration open-data source with direct date evidence
SRC_R010B06_TW_376440000A_000030_OFFICIAL,2025,2025-05-07,2015-2025_platformization,金銀島主題餐廳,竹北市,Taiwan,Taiwan-side,official_open_data,Taiwan Tourism Administration Open Multimedia Data,https://media.taiwan.net.tw/zh-tw/portal/travel/details/restaurant_376440000a_000030,official_restaurant_open_data,2025 official open-data page classifies 金銀島主題餐廳 as 台灣小吃/台菜（Taiwanese Cuisine） with markers 小吃; 台菜; 台灣小吃/台菜; Taiwanese Cuisine,high,"Official Tourism Administration open-data page gives update date, local government source, restaurant category and direct marker evidence. Duplicate source-url and restaurant artifact ID checked against Round010 overlay before append; one row represents one source artifact. TLS certificate validation was relaxed for metadata fetch because local Python rejected the site certificate, while the exact public URL is browser/web accessible.",SRC_R010B06_TW_376440000A_000030_OFFICIAL,verified,Taiwan-side,資料更新日期時間 2025-05-07T06:36:19+08:00；餐飲店家類型：台灣小吃/台菜（Taiwanese Cuisine）；金銀島主題餐廳；台灣小吃/台菜（Taiwanese Cuisine）,小吃;台菜;台灣小吃/台菜;Taiwanese Cuisine,台灣小吃/台菜;Taiwanese Cuisine;台菜,,,https://media.taiwan.net.tw/zh-tw/portal/travel/details/restaurant_376440000a_000030,de0e9fc7dea27328,SRC_R010B06_TW_376440000A_000030_OFFICIAL,1,0.9000,0.1000,1,金銀島主題餐廳,secondary,0.7000,official Taiwan Tourism Administration open-data source with direct date evidence
SRC_R010B06_TW_376440000A_000028_OFFICIAL,2025,2025-05-15,2015-2025_platformization,食在巷弄,竹北市,Taiwan,Taiwan-side,official_open_data,Taiwan Tourism Administration Open Multimedia Data,https://media.taiwan.net.tw/en-us/portal/travel/details/restaurant_376440000a_000028,official_restaurant_open_data,2025 official open-data page classifies 食在巷弄 as 台灣小吃/台菜（Taiwanese Cuisine） with markers 小吃; 台菜; 台灣小吃/台菜; Taiwanese Cuisine,high,"Official Tourism Administration open-data page gives update date, local government source, restaurant category and direct marker evidence. Duplicate source-url and restaurant artifact ID checked against Round010 overlay before append; one row represents one source artifact. TLS certificate validation was relaxed for metadata fetch because local Python rejected the site certificate, while the exact public URL is browser/web accessible.",SRC_R010B06_TW_376440000A_000028_OFFICIAL,verified,Taiwan-side,資料更新日期時間 2025-05-15T09:09:37+08:00；餐飲店家類型：台灣小吃/台菜（Taiwanese Cuisine）；食在巷弄；台灣小吃/台菜（Taiwanese Cuisine）,小吃;台菜;台灣小吃/台菜;Taiwanese Cuisine,台灣小吃/台菜;Taiwanese Cuisine;台菜,,,https://media.taiwan.net.tw/en-us/portal/travel/details/restaurant_376440000a_000028,622bd8ca9bdef6df,SRC_R010B06_TW_376440000A_000028_OFFICIAL,1,0.9000,0.1000,1,食在巷弄,secondary,0.7000,official Taiwan Tourism Administration open-data source with direct date evidence
SRC_R010B06_TW_376440000A_000029_OFFICIAL,2025,2025-05-20,2015-2025_platformization,香草花園,湖口鄉,Taiwan,Taiwan-side,official_open_data,Taiwan Tourism Administration Open Multimedia Data,https://media.taiwan.net.tw/en-us/portal/travel/details/restaurant_376440000a_000029,official_restaurant_open_data,"2025 official open-data page classifies 香草花園 as 台灣小吃/台菜（Taiwanese Cuisine）; 甜點冰品（Desserts And Ice）; 非酒精飲品 — 咖啡、茶等（Non-Alcoholic Beverages — Coffee, Tea, etc.） with markers 小吃; 台菜; 台灣小吃/台菜; Taiwanese Cuisine",high,"Official Tourism Administration open-data page gives update date, local government source, restaurant category and direct marker evidence. Duplicate source-url and restaurant artifact ID checked against Round010 overlay before append; one row represents one source artifact. TLS certificate validation was relaxed for metadata fetch because local Python rejected the site certificate, while the exact public URL is browser/web accessible.",SRC_R010B06_TW_376440000A_000029_OFFICIAL,verified,Taiwan-side,"資料更新日期時間 2025-05-20T07:13:45+08:00；餐飲店家類型：台灣小吃/台菜（Taiwanese Cuisine）、甜點冰品（Desserts And Ice）、非酒精飲品 — 咖啡、茶等（Non-Alcoholic Beverages — Coffee, Tea, etc.）；香草花園；台灣小吃/台菜（Taiwanese Cuisine）; 甜點冰品（Desserts And Ice）; 非酒精飲品 — 咖啡、茶等（Non-Alcoholic Beverages — Coffee, Tea, etc.）",小吃;台菜;台灣小吃/台菜;Taiwanese Cuisine,台灣小吃/台菜;Taiwanese Cuisine;台菜,,,https://media.taiwan.net.tw/en-us/portal/travel/details/restaurant_376440000a_000029,cd2aacfc83e419da,SRC_R010B06_TW_376440000A_000029_OFFICIAL,1,0.9000,0.1000,1,香草花園,secondary,0.7000,official Taiwan Tourism Administration open-data source with direct date evidence
SRC_R010B06_TW_376440000A_000041_OFFICIAL,2025,2025-05-19,2015-2025_platformization,月嵋莊客家餐廳,峨眉鄉,Taiwan,Taiwan-side,official_open_data,Taiwan Tourism Administration Open Multimedia Data,https://media.taiwan.net.tw/zh-tw/portal/travel/details/restaurant_376440000a_000041,official_restaurant_open_data,2025 official open-data page classifies 月嵋莊客家餐廳 as 台灣小吃/台菜（Taiwanese Cuisine） with markers 小吃; 台菜; 台灣小吃/台菜; Taiwanese Cuisine,high,"Official Tourism Administration open-data page gives update date, local government source, restaurant category and direct marker evidence. Duplicate source-url and restaurant artifact ID checked against Round010 overlay before append; one row represents one source artifact. TLS certificate validation was relaxed for metadata fetch because local Python rejected the site certificate, while the exact public URL is browser/web accessible.",SRC_R010B06_TW_376440000A_000041_OFFICIAL,verified,Taiwan-side,資料更新日期時間 2025-05-19T09:03:59+08:00；餐飲店家類型：台灣小吃/台菜（Taiwanese Cuisine）；月嵋莊客家餐廳；台灣小吃/台菜（Taiwanese Cuisine）,小吃;台菜;台灣小吃/台菜;Taiwanese Cuisine,台灣小吃/台菜;Taiwanese Cuisine;台菜,,,https://media.taiwan.net.tw/zh-tw/portal/travel/details/restaurant_376440000a_000041,4f90fc30cd88c293,SRC_R010B06_TW_376440000A_000041_OFFICIAL,1,0.9000,0.1000,1,月嵋莊客家餐廳,secondary,0.7000,official Taiwan Tourism Administration open-data source with direct date evidence
SRC_R010B06_TW_376440000A_000042_OFFICIAL,2025,2025-08-18,2015-2025_platformization,咕麵,關西鎮,Taiwan,Taiwan-side,official_open_data,Taiwan Tourism Administration Open Multimedia Data,https://media.taiwan.net.tw/en-us/portal/travel/details/restaurant_376440000a_000042,official_restaurant_open_data,2025 official open-data page classifies 咕麵 as 台灣小吃/台菜（Taiwanese Cuisine） with markers 小吃; 台菜; 台灣小吃/台菜; Taiwanese Cuisine,high,"Official Tourism Administration open-data page gives update date, local government source, restaurant category and direct marker evidence. Duplicate source-url and restaurant artifact ID checked against Round010 overlay before append; one row represents one source artifact. TLS certificate validation was relaxed for metadata fetch because local Python rejected the site certificate, while the exact public URL is browser/web accessible.",SRC_R010B06_TW_376440000A_000042_OFFICIAL,verified,Taiwan-side,資料更新日期時間 2025-08-18T06:57:42+08:00；餐飲店家類型：台灣小吃/台菜（Taiwanese Cuisine）；咕麵；台灣小吃/台菜（Taiwanese Cuisine）,小吃;台菜;台灣小吃/台菜;Taiwanese Cuisine,台灣小吃/台菜;Taiwanese Cuisine;台菜,,,https://media.taiwan.net.tw/en-us/portal/travel/details/restaurant_376440000a_000042,30b52694ae8c0299,SRC_R010B06_TW_376440000A_000042_OFFICIAL,1,0.9000,0.1000,1,咕麵,secondary,0.7000,official Taiwan Tourism Administration open-data source with direct date evidence
SRC_R010B06_TW_376440000A_000043_OFFICIAL,2025,2025-05-19,2015-2025_platformization,龍鳳饌,峨眉鄉,Taiwan,Taiwan-side,official_open_data,Taiwan Tourism Administration Open Multimedia Data,https://media.taiwan.net.tw/zh-tw/portal/travel/details/restaurant_376440000a_000043,official_restaurant_open_data,2025 official open-data page classifies 龍鳳饌 as 台灣小吃/台菜（Taiwanese Cuisine） with markers 小吃; 台菜; 台灣小吃/台菜; Taiwanese Cuisine,high,"Official Tourism Administration open-data page gives update date, local government source, restaurant category and direct marker evidence. Duplicate source-url and restaurant artifact ID checked against Round010 overlay before append; one row represents one source artifact. TLS certificate validation was relaxed for metadata fetch because local Python rejected the site certificate, while the exact public URL is browser/web accessible.",SRC_R010B06_TW_376440000A_000043_OFFICIAL,verified,Taiwan-side,資料更新日期時間 2025-05-19T09:19:10+08:00；餐飲店家類型：台灣小吃/台菜（Taiwanese Cuisine）；龍鳳饌；台灣小吃/台菜（Taiwanese Cuisine）,小吃;台菜;台灣小吃/台菜;Taiwanese Cuisine,台灣小吃/台菜;Taiwanese Cuisine;台菜,,,https://media.taiwan.net.tw/zh-tw/portal/travel/details/restaurant_376440000a_000043,dba14eb46ae93d10,SRC_R010B06_TW_376440000A_000043_OFFICIAL,1,0.9000,0.1000,1,龍鳳饌,secondary,0.7000,official Taiwan Tourism Administration open-data source with direct date evidence
SRC_R010B06_TW_376440000A_000045_OFFICIAL,2025,2025-05-22,2015-2025_platformization,劉家庄燜雞,新埔鎮,Taiwan,Taiwan-side,official_open_data,Taiwan Tourism Administration Open Multimedia Data,https://media.taiwan.net.tw/zh-tw/portal/travel/details/restaurant_376440000a_000045,official_restaurant_open_data,2025 official open-data page classifies 劉家庄燜雞 as 台灣小吃/台菜（Taiwanese Cuisine） with markers 小吃; 台菜; 台灣小吃/台菜; Taiwanese Cuisine,high,"Official Tourism Administration open-data page gives update date, local government source, restaurant category and direct marker evidence. Duplicate source-url and restaurant artifact ID checked against Round010 overlay before append; one row represents one source artifact. TLS certificate validation was relaxed for metadata fetch because local Python rejected the site certificate, while the exact public URL is browser/web accessible.",SRC_R010B06_TW_376440000A_000045_OFFICIAL,verified,Taiwan-side,資料更新日期時間 2025-05-22T06:58:09+08:00；餐飲店家類型：台灣小吃/台菜（Taiwanese Cuisine）；劉家庄燜雞；台灣小吃/台菜（Taiwanese Cuisine）,小吃;台菜;台灣小吃/台菜;Taiwanese Cuisine,台灣小吃/台菜;Taiwanese Cuisine;台菜,,,https://media.taiwan.net.tw/zh-tw/portal/travel/details/restaurant_376440000a_000045,25e90bd3c4946d6f,SRC_R010B06_TW_376440000A_000045_OFFICIAL,1,0.9000,0.1000,1,劉家庄燜雞,secondary,0.7000,official Taiwan Tourism Administration open-data source with direct date evidence
SRC_R010B06_TW_376440000A_000047_OFFICIAL,2025,2025-05-19,2015-2025_platformization,二十二番麵食,峨眉鄉,Taiwan,Taiwan-side,official_open_data,Taiwan Tourism Administration Open Multimedia Data,https://media.taiwan.net.tw/zh-tw/portal/travel/details/restaurant_376440000a_000047,official_restaurant_open_data,2025 official open-data page classifies 二十二番麵食 as 台灣小吃/台菜（Taiwanese Cuisine） with markers 小吃; 台菜; 台灣小吃/台菜; Taiwanese Cuisine,high,"Official Tourism Administration open-data page gives update date, local government source, restaurant category and direct marker evidence. Duplicate source-url and restaurant artifact ID checked against Round010 overlay before append; one row represents one source artifact. TLS certificate validation was relaxed for metadata fetch because local Python rejected the site certificate, while the exact public URL is browser/web accessible.",SRC_R010B06_TW_376440000A_000047_OFFICIAL,verified,Taiwan-side,資料更新日期時間 2025-05-19T09:20:10+08:00；餐飲店家類型：台灣小吃/台菜（Taiwanese Cuisine）；二十二番麵食；台灣小吃/台菜（Taiwanese Cuisine）,小吃;台菜;台灣小吃/台菜;Taiwanese Cuisine,台灣小吃/台菜;Taiwanese Cuisine;台菜,,,https://media.taiwan.net.tw/zh-tw/portal/travel/details/restaurant_376440000a_000047,bd70ce219e00d906,SRC_R010B06_TW_376440000A_000047_OFFICIAL,1,0.9000,0.1000,1,二十二番麵食,secondary,0.7000,official Taiwan Tourism Administration open-data source with direct date evidence
SRC_R010B06_TW_376440000A_000048_OFFICIAL,2025,2025-05-12,2015-2025_platformization,泥磚屋客家菜餐廳,北埔鄉,Taiwan,Taiwan-side,official_open_data,Taiwan Tourism Administration Open Multimedia Data,https://media.taiwan.net.tw/en-us/portal/travel/details/restaurant_376440000a_000048,official_restaurant_open_data,2025 official open-data page classifies 泥磚屋客家菜餐廳 as 台灣小吃/台菜（Taiwanese Cuisine） with markers 客家菜; 小吃; 台菜; 台灣小吃/台菜,high,"Official Tourism Administration open-data page gives update date, local government source, restaurant category and direct marker evidence. Duplicate source-url and restaurant artifact ID checked against Round010 overlay before append; one row represents one source artifact. TLS certificate validation was relaxed for metadata fetch because local Python rejected the site certificate, while the exact public URL is browser/web accessible.",SRC_R010B06_TW_376440000A_000048_OFFICIAL,verified,Taiwan-side,資料更新日期時間 2025-05-12T03:57:50+08:00；餐飲店家類型：台灣小吃/台菜（Taiwanese Cuisine）；泥磚屋客家菜餐廳；台灣小吃/台菜（Taiwanese Cuisine）,客家菜;小吃;台菜;台灣小吃/台菜;Taiwanese Cuisine,台灣小吃/台菜;Taiwanese Cuisine;客家菜;台菜,,,https://media.taiwan.net.tw/en-us/portal/travel/details/restaurant_376440000a_000048,d5f67cd8d9860d4d,SRC_R010B06_TW_376440000A_000048_OFFICIAL,1,0.9000,0.1000,1,泥磚屋客家菜餐廳,secondary,0.7000,official Taiwan Tourism Administration open-data source with direct date evidence
SRC_R010B06_TW_376440000A_000051_OFFICIAL,2025,2025-05-15,2015-2025_platformization,美濃樓飲食店,芎林鄉,Taiwan,Taiwan-side,official_open_data,Taiwan Tourism Administration Open Multimedia Data,https://media.taiwan.net.tw/en-us/portal/travel/details/restaurant_376440000a_000051,official_restaurant_open_data,2025 official open-data page classifies 美濃樓飲食店 as 台灣小吃/台菜（Taiwanese Cuisine） with markers 小吃; 台菜; 台灣小吃/台菜; Taiwanese Cuisine,high,"Official Tourism Administration open-data page gives update date, local government source, restaurant category and direct marker evidence. Duplicate source-url and restaurant artifact ID checked against Round010 overlay before append; one row represents one source artifact. TLS certificate validation was relaxed for metadata fetch because local Python rejected the site certificate, while the exact public URL is browser/web accessible.",SRC_R010B06_TW_376440000A_000051_OFFICIAL,verified,Taiwan-side,資料更新日期時間 2025-05-15T08:42:16+08:00；餐飲店家類型：台灣小吃/台菜（Taiwanese Cuisine）；美濃樓飲食店；台灣小吃/台菜（Taiwanese Cuisine）,小吃;台菜;台灣小吃/台菜;Taiwanese Cuisine,台灣小吃/台菜;Taiwanese Cuisine;台菜,,,https://media.taiwan.net.tw/en-us/portal/travel/details/restaurant_376440000a_000051,55caeda7ed889101,SRC_R010B06_TW_376440000A_000051_OFFICIAL,1,0.9000,0.1000,1,美濃樓飲食店,secondary,0.7000,official Taiwan Tourism Administration open-data source with direct date evidence
SRC_R010B06_TW_376440000A_000050_OFFICIAL,2025,2025-05-22,2015-2025_platformization,老街粄條,北埔鄉,Taiwan,Taiwan-side,official_open_data,Taiwan Tourism Administration Open Multimedia Data,https://media.taiwan.net.tw/zh-tw/portal/travel/details/restaurant_376440000a_000050,official_restaurant_open_data,2025 official open-data page classifies 老街粄條 as 台灣小吃/台菜（Taiwanese Cuisine） with markers 粄條; 小吃; 台菜; 台灣小吃/台菜,high,"Official Tourism Administration open-data page gives update date, local government source, restaurant category and direct marker evidence. Duplicate source-url and restaurant artifact ID checked against Round010 overlay before append; one row represents one source artifact. TLS certificate validation was relaxed for metadata fetch because local Python rejected the site certificate, while the exact public URL is browser/web accessible.",SRC_R010B06_TW_376440000A_000050_OFFICIAL,verified,Taiwan-side,資料更新日期時間 2025-05-22T04:54:12+08:00；餐飲店家類型：台灣小吃/台菜（Taiwanese Cuisine）；老街粄條；台灣小吃/台菜（Taiwanese Cuisine）,粄條;小吃;台菜;台灣小吃/台菜;Taiwanese Cuisine,台灣小吃/台菜;Taiwanese Cuisine;台菜,,,https://media.taiwan.net.tw/zh-tw/portal/travel/details/restaurant_376440000a_000050,9be9b1a1127f8814,SRC_R010B06_TW_376440000A_000050_OFFICIAL,1,0.9000,0.1000,1,老街粄條,secondary,0.7000,official Taiwan Tourism Administration open-data source with direct date evidence
SRC_R010B06_TW_376440000A_000052_OFFICIAL,2025,2025-08-18,2015-2025_platformization,新福飲食店,竹東鎮,Taiwan,Taiwan-side,official_open_data,Taiwan Tourism Administration Open Multimedia Data,https://media.taiwan.net.tw/zh-tw/portal/travel/details/restaurant_376440000a_000052,official_restaurant_open_data,2025 official open-data page classifies 新福飲食店 as 台灣小吃/台菜（Taiwanese Cuisine） with markers 小吃; 台菜; 台灣小吃/台菜; Taiwanese Cuisine,high,"Official Tourism Administration open-data page gives update date, local government source, restaurant category and direct marker evidence. Duplicate source-url and restaurant artifact ID checked against Round010 overlay before append; one row represents one source artifact. TLS certificate validation was relaxed for metadata fetch because local Python rejected the site certificate, while the exact public URL is browser/web accessible.",SRC_R010B06_TW_376440000A_000052_OFFICIAL,verified,Taiwan-side,資料更新日期時間 2025-08-18T06:59:58+08:00；餐飲店家類型：台灣小吃/台菜（Taiwanese Cuisine）；新福飲食店；台灣小吃/台菜（Taiwanese Cuisine）,小吃;台菜;台灣小吃/台菜;Taiwanese Cuisine,台灣小吃/台菜;Taiwanese Cuisine;台菜,,,https://media.taiwan.net.tw/zh-tw/portal/travel/details/restaurant_376440000a_000052,ec6d46fac638cc03,SRC_R010B06_TW_376440000A_000052_OFFICIAL,1,0.9000,0.1000,1,新福飲食店,secondary,0.7000,official Taiwan Tourism Administration open-data source with direct date evidence
SRC_R010B06_TW_376440000A_000054_OFFICIAL,2025,2025-05-09,2015-2025_platformization,源香屋,新埔鎮,Taiwan,Taiwan-side,official_open_data,Taiwan Tourism Administration Open Multimedia Data,https://media.taiwan.net.tw/en-us/portal/travel/details/restaurant_376440000a_000054,official_restaurant_open_data,2025 official open-data page classifies 源香屋 as 台灣小吃/台菜（Taiwanese Cuisine） with markers 小吃; 台菜; 台灣小吃/台菜; Taiwanese Cuisine,high,"Official Tourism Administration open-data page gives update date, local government source, restaurant category and direct marker evidence. Duplicate source-url and restaurant artifact ID checked against Round010 overlay before append; one row represents one source artifact. TLS certificate validation was relaxed for metadata fetch because local Python rejected the site certificate, while the exact public URL is browser/web accessible.",SRC_R010B06_TW_376440000A_000054_OFFICIAL,verified,Taiwan-side,資料更新日期時間 2025-05-09T07:17:57+08:00；餐飲店家類型：台灣小吃/台菜（Taiwanese Cuisine）；源香屋；台灣小吃/台菜（Taiwanese Cuisine）,小吃;台菜;台灣小吃/台菜;Taiwanese Cuisine,台灣小吃/台菜;Taiwanese Cuisine;台菜,,,https://media.taiwan.net.tw/en-us/portal/travel/details/restaurant_376440000a_000054,a50668c4a398d82f,SRC_R010B06_TW_376440000A_000054_OFFICIAL,1,0.9000,0.1000,1,源香屋,secondary,0.7000,official Taiwan Tourism Administration open-data source with direct date evidence
SRC_R010B06_TW_376440000A_000053_OFFICIAL,2025,2025-05-15,2015-2025_platformization,一鼎軒,橫山鄉,Taiwan,Taiwan-side,official_open_data,Taiwan Tourism Administration Open Multimedia Data,https://media.taiwan.net.tw/zh-tw/portal/travel/details/restaurant_376440000a_000053,official_restaurant_open_data,2025 official open-data page classifies 一鼎軒 as 台灣小吃/台菜（Taiwanese Cuisine） with markers 小吃; 台菜; 台灣小吃/台菜; Taiwanese Cuisine,high,"Official Tourism Administration open-data page gives update date, local government source, restaurant category and direct marker evidence. Duplicate source-url and restaurant artifact ID checked against Round010 overlay before append; one row represents one source artifact. TLS certificate validation was relaxed for metadata fetch because local Python rejected the site certificate, while the exact public URL is browser/web accessible.",SRC_R010B06_TW_376440000A_000053_OFFICIAL,verified,Taiwan-side,資料更新日期時間 2025-05-15T02:20:44+08:00；餐飲店家類型：台灣小吃/台菜（Taiwanese Cuisine）；一鼎軒；台灣小吃/台菜（Taiwanese Cuisine）,小吃;台菜;台灣小吃/台菜;Taiwanese Cuisine,台灣小吃/台菜;Taiwanese Cuisine;台菜,,,https://media.taiwan.net.tw/zh-tw/portal/travel/details/restaurant_376440000a_000053,64ca005803e381e4,SRC_R010B06_TW_376440000A_000053_OFFICIAL,1,0.9000,0.1000,1,一鼎軒,secondary,0.7000,official Taiwan Tourism Administration open-data source with direct date evidence
SRC_R010B06_TW_376440000A_000056_OFFICIAL,2025,2025-05-15,2015-2025_platformization,老復興飲食店,寶山鄉,Taiwan,Taiwan-side,official_open_data,Taiwan Tourism Administration Open Multimedia Data,https://media.taiwan.net.tw/zh-tw/portal/travel/details/restaurant_376440000a_000056,official_restaurant_open_data,2025 official open-data page classifies 老復興飲食店 as 台灣小吃/台菜（Taiwanese Cuisine） with markers 小吃; 台菜; 台灣小吃/台菜; Taiwanese Cuisine,high,"Official Tourism Administration open-data page gives update date, local government source, restaurant category and direct marker evidence. Duplicate source-url and restaurant artifact ID checked against Round010 overlay before append; one row represents one source artifact. TLS certificate validation was relaxed for metadata fetch because local Python rejected the site certificate, while the exact public URL is browser/web accessible.",SRC_R010B06_TW_376440000A_000056_OFFICIAL,verified,Taiwan-side,資料更新日期時間 2025-05-15T07:52:55+08:00；餐飲店家類型：台灣小吃/台菜（Taiwanese Cuisine）；老復興飲食店；台灣小吃/台菜（Taiwanese Cuisine）,小吃;台菜;台灣小吃/台菜;Taiwanese Cuisine,台灣小吃/台菜;Taiwanese Cuisine;台菜,,,https://media.taiwan.net.tw/zh-tw/portal/travel/details/restaurant_376440000a_000056,423abb204f2f974b,SRC_R010B06_TW_376440000A_000056_OFFICIAL,1,0.9000,0.1000,1,老復興飲食店,secondary,0.7000,official Taiwan Tourism Administration open-data source with direct date evidence
SRC_R010B06_TW_376440000A_000058_OFFICIAL,2025,2025-08-18,2015-2025_platformization,彭家粄糕,北埔鄉,Taiwan,Taiwan-side,official_open_data,Taiwan Tourism Administration Open Multimedia Data,https://media.taiwan.net.tw/zh-tw/portal/travel/details/restaurant_376440000a_000058,official_restaurant_open_data,2025 official open-data page classifies 彭家粄糕 as 台灣小吃/台菜（Taiwanese Cuisine） with markers 小吃; 台菜; 台灣小吃/台菜; Taiwanese Cuisine,high,"Official Tourism Administration open-data page gives update date, local government source, restaurant category and direct marker evidence. Duplicate source-url and restaurant artifact ID checked against Round010 overlay before append; one row represents one source artifact. TLS certificate validation was relaxed for metadata fetch because local Python rejected the site certificate, while the exact public URL is browser/web accessible.",SRC_R010B06_TW_376440000A_000058_OFFICIAL,verified,Taiwan-side,資料更新日期時間 2025-08-18T06:54:38+08:00；餐飲店家類型：台灣小吃/台菜（Taiwanese Cuisine）；彭家粄糕；台灣小吃/台菜（Taiwanese Cuisine）,小吃;台菜;台灣小吃/台菜;Taiwanese Cuisine,台灣小吃/台菜;Taiwanese Cuisine;台菜,,,https://media.taiwan.net.tw/zh-tw/portal/travel/details/restaurant_376440000a_000058,f9c4679c4e6cc732,SRC_R010B06_TW_376440000A_000058_OFFICIAL,1,0.9000,0.1000,1,彭家粄糕,secondary,0.7000,official Taiwan Tourism Administration open-data source with direct date evidence
SRC_R010B06_TW_376440000A_000062_OFFICIAL,2025,2025-05-09,2015-2025_platformization,日勝客家蔬食,新埔鎮,Taiwan,Taiwan-side,official_open_data,Taiwan Tourism Administration Open Multimedia Data,https://media.taiwan.net.tw/zh-tw/portal/travel/details/restaurant_376440000a_000062,official_restaurant_open_data,2025 official open-data page classifies 日勝客家蔬食 as 台灣小吃/台菜（Taiwanese Cuisine） with markers 小吃; 台菜; 台灣小吃/台菜; Taiwanese Cuisine,high,"Official Tourism Administration open-data page gives update date, local government source, restaurant category and direct marker evidence. Duplicate source-url and restaurant artifact ID checked against Round010 overlay before append; one row represents one source artifact. TLS certificate validation was relaxed for metadata fetch because local Python rejected the site certificate, while the exact public URL is browser/web accessible.",SRC_R010B06_TW_376440000A_000062_OFFICIAL,verified,Taiwan-side,資料更新日期時間 2025-05-09T07:17:34+08:00；餐飲店家類型：台灣小吃/台菜（Taiwanese Cuisine）；日勝客家蔬食；台灣小吃/台菜（Taiwanese Cuisine）,小吃;台菜;台灣小吃/台菜;Taiwanese Cuisine,台灣小吃/台菜;Taiwanese Cuisine;台菜,,,https://media.taiwan.net.tw/zh-tw/portal/travel/details/restaurant_376440000a_000062,9994a11df05ee1db,SRC_R010B06_TW_376440000A_000062_OFFICIAL,1,0.9000,0.1000,1,日勝客家蔬食,secondary,0.7000,official Taiwan Tourism Administration open-data source with direct date evidence
SRC_R010B06_TW_376440000A_000063_OFFICIAL,2025,2025-05-22,2015-2025_platformization,新友飲食店,湖口鄉,Taiwan,Taiwan-side,official_open_data,Taiwan Tourism Administration Open Multimedia Data,https://media.taiwan.net.tw/zh-tw/portal/travel/details/restaurant_376440000a_000063,official_restaurant_open_data,2025 official open-data page classifies 新友飲食店 as 台灣小吃/台菜（Taiwanese Cuisine） with markers 小吃; 台菜; 台灣小吃/台菜; Taiwanese Cuisine,high,"Official Tourism Administration open-data page gives update date, local government source, restaurant category and direct marker evidence. Duplicate source-url and restaurant artifact ID checked against Round010 overlay before append; one row represents one source artifact. TLS certificate validation was relaxed for metadata fetch because local Python rejected the site certificate, while the exact public URL is browser/web accessible.",SRC_R010B06_TW_376440000A_000063_OFFICIAL,verified,Taiwan-side,資料更新日期時間 2025-05-22T07:56:40+08:00；餐飲店家類型：台灣小吃/台菜（Taiwanese Cuisine）；新友飲食店；台灣小吃/台菜（Taiwanese Cuisine）,小吃;台菜;台灣小吃/台菜;Taiwanese Cuisine,台灣小吃/台菜;Taiwanese Cuisine;台菜,,,https://media.taiwan.net.tw/zh-tw/portal/travel/details/restaurant_376440000a_000063,c084d436b654dd2b,SRC_R010B06_TW_376440000A_000063_OFFICIAL,1,0.9000,0.1000,1,新友飲食店,secondary,0.7000,official Taiwan Tourism Administration open-data source with direct date evidence
SRC_R010B06_TW_376440000A_000061_OFFICIAL,2025,2025-05-09,2015-2025_platformization,清香飲食店,關西鎮,Taiwan,Taiwan-side,official_open_data,Taiwan Tourism Administration Open Multimedia Data,https://media.taiwan.net.tw/en-us/portal/travel/details/restaurant_376440000a_000061,official_restaurant_open_data,2025 official open-data page classifies 清香飲食店 as 台灣小吃/台菜（Taiwanese Cuisine） with markers 小吃; 台菜; 台灣小吃/台菜; Taiwanese Cuisine,high,"Official Tourism Administration open-data page gives update date, local government source, restaurant category and direct marker evidence. Duplicate source-url and restaurant artifact ID checked against Round010 overlay before append; one row represents one source artifact. TLS certificate validation was relaxed for metadata fetch because local Python rejected the site certificate, while the exact public URL is browser/web accessible.",SRC_R010B06_TW_376440000A_000061_OFFICIAL,verified,Taiwan-side,資料更新日期時間 2025-05-09T07:19:43+08:00；餐飲店家類型：台灣小吃/台菜（Taiwanese Cuisine）；清香飲食店；台灣小吃/台菜（Taiwanese Cuisine）,小吃;台菜;台灣小吃/台菜;Taiwanese Cuisine,台灣小吃/台菜;Taiwanese Cuisine;台菜,,,https://media.taiwan.net.tw/en-us/portal/travel/details/restaurant_376440000a_000061,2d8d1de01a982b2c,SRC_R010B06_TW_376440000A_000061_OFFICIAL,1,0.9000,0.1000,1,清香飲食店,secondary,0.7000,official Taiwan Tourism Administration open-data source with direct date evidence
SRC_R010B06_TW_376440000A_000064_OFFICIAL,2025,2025-05-06,2015-2025_platformization,吧哩國古藝餐館,新埔鎮,Taiwan,Taiwan-side,official_open_data,Taiwan Tourism Administration Open Multimedia Data,https://media.taiwan.net.tw/zh-tw/portal/travel/details/restaurant_376440000a_000064,official_restaurant_open_data,2025 official open-data page classifies 吧哩國古藝餐館 as 台灣小吃/台菜（Taiwanese Cuisine） with markers 小吃; 台菜; 台灣小吃/台菜; Taiwanese Cuisine,high,"Official Tourism Administration open-data page gives update date, local government source, restaurant category and direct marker evidence. Duplicate source-url and restaurant artifact ID checked against Round010 overlay before append; one row represents one source artifact. TLS certificate validation was relaxed for metadata fetch because local Python rejected the site certificate, while the exact public URL is browser/web accessible.",SRC_R010B06_TW_376440000A_000064_OFFICIAL,verified,Taiwan-side,資料更新日期時間 2025-05-06T08:57:40+08:00；餐飲店家類型：台灣小吃/台菜（Taiwanese Cuisine）；吧哩國古藝餐館；台灣小吃/台菜（Taiwanese Cuisine）,小吃;台菜;台灣小吃/台菜;Taiwanese Cuisine,台灣小吃/台菜;Taiwanese Cuisine;台菜,,,https://media.taiwan.net.tw/zh-tw/portal/travel/details/restaurant_376440000a_000064,bc4c5026a7a834c5,SRC_R010B06_TW_376440000A_000064_OFFICIAL,1,0.9000,0.1000,1,吧哩國古藝餐館,secondary,0.7000,official Taiwan Tourism Administration open-data source with direct date evidence
SRC_R010B06_TW_376440000A_000065_OFFICIAL,2025,2025-05-19,2015-2025_platformization,東之湖餐廳,竹東鎮,Taiwan,Taiwan-side,official_open_data,Taiwan Tourism Administration Open Multimedia Data,https://media.taiwan.net.tw/zh-tw/portal/travel/details/restaurant_376440000a_000065,official_restaurant_open_data,2025 official open-data page classifies 東之湖餐廳 as 台灣小吃/台菜（Taiwanese Cuisine） with markers 小吃; 台菜; 台灣小吃/台菜; Taiwanese Cuisine,high,"Official Tourism Administration open-data page gives update date, local government source, restaurant category and direct marker evidence. Duplicate source-url and restaurant artifact ID checked against Round010 overlay before append; one row represents one source artifact. TLS certificate validation was relaxed for metadata fetch because local Python rejected the site certificate, while the exact public URL is browser/web accessible.",SRC_R010B06_TW_376440000A_000065_OFFICIAL,verified,Taiwan-side,資料更新日期時間 2025-05-19T02:48:12+08:00；餐飲店家類型：台灣小吃/台菜（Taiwanese Cuisine）；東之湖餐廳；台灣小吃/台菜（Taiwanese Cuisine）,小吃;台菜;台灣小吃/台菜;Taiwanese Cuisine,台灣小吃/台菜;Taiwanese Cuisine;台菜,,,https://media.taiwan.net.tw/zh-tw/portal/travel/details/restaurant_376440000a_000065,58c3b1383ad02f24,SRC_R010B06_TW_376440000A_000065_OFFICIAL,1,0.9000,0.1000,1,東之湖餐廳,secondary,0.7000,official Taiwan Tourism Administration open-data source with direct date evidence
SRC_R010B06_TW_376440000A_000068_OFFICIAL,2025,2025-08-18,2015-2025_platformization,好所在客家料理,竹東鎮,Taiwan,Taiwan-side,official_open_data,Taiwan Tourism Administration Open Multimedia Data,https://media.taiwan.net.tw/zh-tw/portal/travel/details/restaurant_376440000a_000068,official_restaurant_open_data,2025 official open-data page classifies 好所在客家料理 as 台灣小吃/台菜（Taiwanese Cuisine） with markers 小吃; 台菜; 台灣小吃/台菜; Taiwanese Cuisine,high,"Official Tourism Administration open-data page gives update date, local government source, restaurant category and direct marker evidence. Duplicate source-url and restaurant artifact ID checked against Round010 overlay before append; one row represents one source artifact. TLS certificate validation was relaxed for metadata fetch because local Python rejected the site certificate, while the exact public URL is browser/web accessible.",SRC_R010B06_TW_376440000A_000068_OFFICIAL,verified,Taiwan-side,資料更新日期時間 2025-08-18T06:59:08+08:00；餐飲店家類型：台灣小吃/台菜（Taiwanese Cuisine）；好所在客家料理；台灣小吃/台菜（Taiwanese Cuisine）,小吃;台菜;台灣小吃/台菜;Taiwanese Cuisine,台灣小吃/台菜;Taiwanese Cuisine;台菜,,,https://media.taiwan.net.tw/zh-tw/portal/travel/details/restaurant_376440000a_000068,0106667e7b797e68,SRC_R010B06_TW_376440000A_000068_OFFICIAL,1,0.9000,0.1000,1,好所在客家料理,secondary,0.7000,official Taiwan Tourism Administration open-data source with direct date evidence
SRC_R010B06_TW_376440000A_000067_OFFICIAL,2025,2025-05-22,2015-2025_platformization,鹿寮坑驛棧,芎林鄉,Taiwan,Taiwan-side,official_open_data,Taiwan Tourism Administration Open Multimedia Data,https://media.taiwan.net.tw/en-us/portal/travel/details/restaurant_376440000a_000067,official_restaurant_open_data,2025 official open-data page classifies 鹿寮坑驛棧 as 台灣小吃/台菜（Taiwanese Cuisine） with markers 小吃; 台菜; 台灣小吃/台菜; Taiwanese Cuisine,high,"Official Tourism Administration open-data page gives update date, local government source, restaurant category and direct marker evidence. Duplicate source-url and restaurant artifact ID checked against Round010 overlay before append; one row represents one source artifact. TLS certificate validation was relaxed for metadata fetch because local Python rejected the site certificate, while the exact public URL is browser/web accessible.",SRC_R010B06_TW_376440000A_000067_OFFICIAL,verified,Taiwan-side,資料更新日期時間 2025-05-22T04:51:07+08:00；餐飲店家類型：台灣小吃/台菜（Taiwanese Cuisine）；鹿寮坑驛棧；台灣小吃/台菜（Taiwanese Cuisine）,小吃;台菜;台灣小吃/台菜;Taiwanese Cuisine,台灣小吃/台菜;Taiwanese Cuisine;台菜,,,https://media.taiwan.net.tw/en-us/portal/travel/details/restaurant_376440000a_000067,7b7fa4f49d5a616c,SRC_R010B06_TW_376440000A_000067_OFFICIAL,1,0.9000,0.1000,1,鹿寮坑驛棧,secondary,0.7000,official Taiwan Tourism Administration open-data source with direct date evidence
SRC_R010B06_TW_376440000A_000066_OFFICIAL,2025,2025-05-15,2015-2025_platformization,上坪麵食館,竹北市,Taiwan,Taiwan-side,official_open_data,Taiwan Tourism Administration Open Multimedia Data,https://media.taiwan.net.tw/en-us/portal/travel/details/restaurant_376440000a_000066,official_restaurant_open_data,2025 official open-data page classifies 上坪麵食館 as 台灣小吃/台菜（Taiwanese Cuisine） with markers 小吃; 台菜; 台灣小吃/台菜; Taiwanese Cuisine,high,"Official Tourism Administration open-data page gives update date, local government source, restaurant category and direct marker evidence. Duplicate source-url and restaurant artifact ID checked against Round010 overlay before append; one row represents one source artifact. TLS certificate validation was relaxed for metadata fetch because local Python rejected the site certificate, while the exact public URL is browser/web accessible.",SRC_R010B06_TW_376440000A_000066_OFFICIAL,verified,Taiwan-side,資料更新日期時間 2025-05-15T09:08:51+08:00；餐飲店家類型：台灣小吃/台菜（Taiwanese Cuisine）；上坪麵食館；台灣小吃/台菜（Taiwanese Cuisine）,小吃;台菜;台灣小吃/台菜;Taiwanese Cuisine,台灣小吃/台菜;Taiwanese Cuisine;台菜,,,https://media.taiwan.net.tw/en-us/portal/travel/details/restaurant_376440000a_000066,7cdd8ea1a8c17300,SRC_R010B06_TW_376440000A_000066_OFFICIAL,1,0.9000,0.1000,1,上坪麵食館,secondary,0.7000,official Taiwan Tourism Administration open-data source with direct date evidence
SRC_R010B06_TW_376440000A_000069_OFFICIAL,2025,2025-05-27,2015-2025_platformization,非常鄉村小吃店,竹東鎮,Taiwan,Taiwan-side,official_open_data,Taiwan Tourism Administration Open Multimedia Data,https://media.taiwan.net.tw/zh-tw/portal/travel/details/restaurant_376440000a_000069,official_restaurant_open_data,2025 official open-data page classifies 非常鄉村小吃店 as 台灣小吃/台菜（Taiwanese Cuisine） with markers 小吃; 台菜; 台灣小吃/台菜; Taiwanese Cuisine,high,"Official Tourism Administration open-data page gives update date, local government source, restaurant category and direct marker evidence. Duplicate source-url and restaurant artifact ID checked against Round010 overlay before append; one row represents one source artifact. TLS certificate validation was relaxed for metadata fetch because local Python rejected the site certificate, while the exact public URL is browser/web accessible.",SRC_R010B06_TW_376440000A_000069_OFFICIAL,verified,Taiwan-side,資料更新日期時間 2025-05-27T07:13:33+08:00；餐飲店家類型：台灣小吃/台菜（Taiwanese Cuisine）；非常鄉村小吃店；台灣小吃/台菜（Taiwanese Cuisine）,小吃;台菜;台灣小吃/台菜;Taiwanese Cuisine,台灣小吃/台菜;Taiwanese Cuisine;台菜,,,https://media.taiwan.net.tw/zh-tw/portal/travel/details/restaurant_376440000a_000069,e1f210fb6d54cbc1,SRC_R010B06_TW_376440000A_000069_OFFICIAL,1,0.9000,0.1000,1,非常鄉村小吃店,secondary,0.7000,official Taiwan Tourism Administration open-data source with direct date evidence
SRC_R010B06_TW_376440000A_000072_OFFICIAL,2025,2025-05-22,2015-2025_platformization,湖口風情客家菜,湖口鄉,Taiwan,Taiwan-side,official_open_data,Taiwan Tourism Administration Open Multimedia Data,https://media.taiwan.net.tw/zh-tw/portal/travel/details/restaurant_376440000a_000072,official_restaurant_open_data,2025 official open-data page classifies 湖口風情客家菜 as 台灣小吃/台菜（Taiwanese Cuisine） with markers 客家菜; 小吃; 台菜; 台灣小吃/台菜,high,"Official Tourism Administration open-data page gives update date, local government source, restaurant category and direct marker evidence. Duplicate source-url and restaurant artifact ID checked against Round010 overlay before append; one row represents one source artifact. TLS certificate validation was relaxed for metadata fetch because local Python rejected the site certificate, while the exact public URL is browser/web accessible.",SRC_R010B06_TW_376440000A_000072_OFFICIAL,verified,Taiwan-side,資料更新日期時間 2025-05-22T07:50:10+08:00；餐飲店家類型：台灣小吃/台菜（Taiwanese Cuisine）；湖口風情客家菜；台灣小吃/台菜（Taiwanese Cuisine）,客家菜;小吃;台菜;台灣小吃/台菜;Taiwanese Cuisine,台灣小吃/台菜;Taiwanese Cuisine;客家菜;台菜,,,https://media.taiwan.net.tw/zh-tw/portal/travel/details/restaurant_376440000a_000072,13a8bcfe28d153dd,SRC_R010B06_TW_376440000A_000072_OFFICIAL,1,0.9000,0.1000,1,湖口風情客家菜,secondary,0.7000,official Taiwan Tourism Administration open-data source with direct date evidence
SRC_R010B06_TW_376440000A_000073_OFFICIAL,2025,2025-05-06,2015-2025_platformization,全家福客家菜館竹北店,竹北市,Taiwan,Taiwan-side,official_open_data,Taiwan Tourism Administration Open Multimedia Data,https://media.taiwan.net.tw/zh-tw/portal/travel/details/restaurant_376440000a_000073,official_restaurant_open_data,2025 official open-data page classifies 全家福客家菜館竹北店 as 台灣小吃/台菜（Taiwanese Cuisine） with markers 客家菜; 小吃; 台菜; 台灣小吃/台菜,high,"Official Tourism Administration open-data page gives update date, local government source, restaurant category and direct marker evidence. Duplicate source-url and restaurant artifact ID checked against Round010 overlay before append; one row represents one source artifact. TLS certificate validation was relaxed for metadata fetch because local Python rejected the site certificate, while the exact public URL is browser/web accessible.",SRC_R010B06_TW_376440000A_000073_OFFICIAL,verified,Taiwan-side,資料更新日期時間 2025-05-06T08:29:26+08:00；餐飲店家類型：台灣小吃/台菜（Taiwanese Cuisine）；全家福客家菜館竹北店；台灣小吃/台菜（Taiwanese Cuisine）,客家菜;小吃;台菜;台灣小吃/台菜;Taiwanese Cuisine,台灣小吃/台菜;Taiwanese Cuisine;客家菜;台菜,,,https://media.taiwan.net.tw/zh-tw/portal/travel/details/restaurant_376440000a_000073,c52868d558566d7f,SRC_R010B06_TW_376440000A_000073_OFFICIAL,1,0.9000,0.1000,1,全家福客家菜館竹北店,secondary,0.7000,official Taiwan Tourism Administration open-data source with direct date evidence
SRC_R010B06_TW_376440000A_000077_OFFICIAL,2025,2025-05-19,2015-2025_platformization,老周食品行,湖口鄉,Taiwan,Taiwan-side,official_open_data,Taiwan Tourism Administration Open Multimedia Data,https://media.taiwan.net.tw/zh-tw/portal/travel/details/restaurant_376440000a_000077,official_restaurant_open_data,2025 official open-data page classifies 老周食品行 as 台灣小吃/台菜（Taiwanese Cuisine）; 伴手禮/禮盒（Gift） with markers 小吃; 台菜; 台灣小吃/台菜; Taiwanese Cuisine,high,"Official Tourism Administration open-data page gives update date, local government source, restaurant category and direct marker evidence. Duplicate source-url and restaurant artifact ID checked against Round010 overlay before append; one row represents one source artifact. TLS certificate validation was relaxed for metadata fetch because local Python rejected the site certificate, while the exact public URL is browser/web accessible.",SRC_R010B06_TW_376440000A_000077_OFFICIAL,verified,Taiwan-side,資料更新日期時間 2025-05-19T08:17:55+08:00；餐飲店家類型：台灣小吃/台菜（Taiwanese Cuisine）、伴手禮/禮盒（Gift）；老周食品行；台灣小吃/台菜（Taiwanese Cuisine）; 伴手禮/禮盒（Gift）,小吃;台菜;台灣小吃/台菜;Taiwanese Cuisine,台灣小吃/台菜;Taiwanese Cuisine;台菜,,,https://media.taiwan.net.tw/zh-tw/portal/travel/details/restaurant_376440000a_000077,873c822e82f9c622,SRC_R010B06_TW_376440000A_000077_OFFICIAL,1,0.9000,0.1000,1,老周食品行,secondary,0.7000,official Taiwan Tourism Administration open-data source with direct date evidence
SRC_R010B06_TW_376440000A_000074_OFFICIAL,2025,2025-05-20,2015-2025_platformization,新埔粄條之家,新埔鎮,Taiwan,Taiwan-side,official_open_data,Taiwan Tourism Administration Open Multimedia Data,https://media.taiwan.net.tw/zh-tw/portal/travel/details/restaurant_376440000a_000074,official_restaurant_open_data,2025 official open-data page classifies 新埔粄條之家 as 台灣小吃/台菜（Taiwanese Cuisine） with markers 粄條; 小吃; 台菜; 台灣小吃/台菜,high,"Official Tourism Administration open-data page gives update date, local government source, restaurant category and direct marker evidence. Duplicate source-url and restaurant artifact ID checked against Round010 overlay before append; one row represents one source artifact. TLS certificate validation was relaxed for metadata fetch because local Python rejected the site certificate, while the exact public URL is browser/web accessible.",SRC_R010B06_TW_376440000A_000074_OFFICIAL,verified,Taiwan-side,資料更新日期時間 2025-05-20T08:42:21+08:00；餐飲店家類型：台灣小吃/台菜（Taiwanese Cuisine）；新埔粄條之家；台灣小吃/台菜（Taiwanese Cuisine）,粄條;小吃;台菜;台灣小吃/台菜;Taiwanese Cuisine,台灣小吃/台菜;Taiwanese Cuisine;台菜,,,https://media.taiwan.net.tw/zh-tw/portal/travel/details/restaurant_376440000a_000074,5c90c7bc2ec291e2,SRC_R010B06_TW_376440000A_000074_OFFICIAL,1,0.9000,0.1000,1,新埔粄條之家,secondary,0.7000,official Taiwan Tourism Administration open-data source with direct date evidence
SRC_R010B06_TW_376440000A_000081_OFFICIAL,2025,2025-05-20,2015-2025_platformization,民歌擂茶,北埔鄉,Taiwan,Taiwan-side,official_open_data,Taiwan Tourism Administration Open Multimedia Data,https://media.taiwan.net.tw/zh-tw/portal/travel/details/restaurant_376440000a_000081,official_restaurant_open_data,"2025 official open-data page classifies 民歌擂茶 as 台灣小吃/台菜（Taiwanese Cuisine）; 非酒精飲品 — 咖啡、茶等（Non-Alcoholic Beverages — Coffee, Tea, etc.） with markers 小吃; 台菜; 台灣小吃/台菜; Taiwanese Cuisine",high,"Official Tourism Administration open-data page gives update date, local government source, restaurant category and direct marker evidence. Duplicate source-url and restaurant artifact ID checked against Round010 overlay before append; one row represents one source artifact. TLS certificate validation was relaxed for metadata fetch because local Python rejected the site certificate, while the exact public URL is browser/web accessible.",SRC_R010B06_TW_376440000A_000081_OFFICIAL,verified,Taiwan-side,"資料更新日期時間 2025-05-20T09:56:33+08:00；餐飲店家類型：台灣小吃/台菜（Taiwanese Cuisine）、非酒精飲品 — 咖啡、茶等（Non-Alcoholic Beverages — Coffee, Tea, etc.）；民歌擂茶；台灣小吃/台菜（Taiwanese Cuisine）; 非酒精飲品 — 咖啡、茶等（Non-Alcoholic Beverages — Coffee, Tea, etc.）",小吃;台菜;台灣小吃/台菜;Taiwanese Cuisine,台灣小吃/台菜;Taiwanese Cuisine;台菜,,,https://media.taiwan.net.tw/zh-tw/portal/travel/details/restaurant_376440000a_000081,9c39b8855c7d392c,SRC_R010B06_TW_376440000A_000081_OFFICIAL,1,0.9000,0.1000,1,民歌擂茶,secondary,0.7000,official Taiwan Tourism Administration open-data source with direct date evidence
SRC_R010B06_TW_376440000A_000082_OFFICIAL,2025,2025-08-18,2015-2025_platformization,東風客家米食中心,竹東鎮,Taiwan,Taiwan-side,official_open_data,Taiwan Tourism Administration Open Multimedia Data,https://media.taiwan.net.tw/zh-tw/portal/travel/details/restaurant_376440000a_000082,official_restaurant_open_data,2025 official open-data page classifies 東風客家米食中心 as 台灣小吃/台菜（Taiwanese Cuisine） with markers 小吃; 台菜; 台灣小吃/台菜; Taiwanese Cuisine,high,"Official Tourism Administration open-data page gives update date, local government source, restaurant category and direct marker evidence. Duplicate source-url and restaurant artifact ID checked against Round010 overlay before append; one row represents one source artifact. TLS certificate validation was relaxed for metadata fetch because local Python rejected the site certificate, while the exact public URL is browser/web accessible.",SRC_R010B06_TW_376440000A_000082_OFFICIAL,verified,Taiwan-side,資料更新日期時間 2025-08-18T06:59:36+08:00；餐飲店家類型：台灣小吃/台菜（Taiwanese Cuisine）；東風客家米食中心；台灣小吃/台菜（Taiwanese Cuisine）,小吃;台菜;台灣小吃/台菜;Taiwanese Cuisine,台灣小吃/台菜;Taiwanese Cuisine;台菜,,,https://media.taiwan.net.tw/zh-tw/portal/travel/details/restaurant_376440000a_000082,d13f33c4fa4d6b4e,SRC_R010B06_TW_376440000A_000082_OFFICIAL,1,0.9000,0.1000,1,東風客家米食中心,secondary,0.7000,official Taiwan Tourism Administration open-data source with direct date evidence
SRC_R010B06_TW_376440000A_000086_OFFICIAL,2025,2025-05-23,2015-2025_platformization,北埔食堂,北埔鄉,Taiwan,Taiwan-side,official_open_data,Taiwan Tourism Administration Open Multimedia Data,https://media.taiwan.net.tw/zh-tw/portal/travel/details/restaurant_376440000a_000086,official_restaurant_open_data,2025 official open-data page classifies 北埔食堂 as 台灣小吃/台菜（Taiwanese Cuisine） with markers 小吃; 台菜; 台灣小吃/台菜; Taiwanese Cuisine,high,"Official Tourism Administration open-data page gives update date, local government source, restaurant category and direct marker evidence. Duplicate source-url and restaurant artifact ID checked against Round010 overlay before append; one row represents one source artifact. TLS certificate validation was relaxed for metadata fetch because local Python rejected the site certificate, while the exact public URL is browser/web accessible.",SRC_R010B06_TW_376440000A_000086_OFFICIAL,verified,Taiwan-side,資料更新日期時間 2025-05-23T06:14:09+08:00；餐飲店家類型：台灣小吃/台菜（Taiwanese Cuisine）；北埔食堂；台灣小吃/台菜（Taiwanese Cuisine）,小吃;台菜;台灣小吃/台菜;Taiwanese Cuisine,台灣小吃/台菜;Taiwanese Cuisine;台菜,,,https://media.taiwan.net.tw/zh-tw/portal/travel/details/restaurant_376440000a_000086,8394925f56d7854d,SRC_R010B06_TW_376440000A_000086_OFFICIAL,1,0.9000,0.1000,1,北埔食堂,secondary,0.7000,official Taiwan Tourism Administration open-data source with direct date evidence
SRC_R010B06_TW_376440000A_000083_OFFICIAL,2025,2025-05-06,2015-2025_platformization,古月阿婆粄條店,新埔鎮,Taiwan,Taiwan-side,official_open_data,Taiwan Tourism Administration Open Multimedia Data,https://media.taiwan.net.tw/zh-tw/portal/travel/details/restaurant_376440000a_000083,official_restaurant_open_data,2025 official open-data page classifies 古月阿婆粄條店 as 台灣小吃/台菜（Taiwanese Cuisine） with markers 粄條; 小吃; 台菜; 台灣小吃/台菜,high,"Official Tourism Administration open-data page gives update date, local government source, restaurant category and direct marker evidence. Duplicate source-url and restaurant artifact ID checked against Round010 overlay before append; one row represents one source artifact. TLS certificate validation was relaxed for metadata fetch because local Python rejected the site certificate, while the exact public URL is browser/web accessible.",SRC_R010B06_TW_376440000A_000083_OFFICIAL,verified,Taiwan-side,資料更新日期時間 2025-05-06T09:01:50+08:00；餐飲店家類型：台灣小吃/台菜（Taiwanese Cuisine）；古月阿婆粄條店；台灣小吃/台菜（Taiwanese Cuisine）,粄條;小吃;台菜;台灣小吃/台菜;Taiwanese Cuisine,台灣小吃/台菜;Taiwanese Cuisine;台菜,,,https://media.taiwan.net.tw/zh-tw/portal/travel/details/restaurant_376440000a_000083,e91c9216bbd44e86,SRC_R010B06_TW_376440000A_000083_OFFICIAL,1,0.9000,0.1000,1,古月阿婆粄條店,secondary,0.7000,official Taiwan Tourism Administration open-data source with direct date evidence
SRC_R010B06_TW_376440000A_000088_OFFICIAL,2025,2025-05-15,2015-2025_platformization,阿三哥客家菜,橫山鄉,Taiwan,Taiwan-side,official_open_data,Taiwan Tourism Administration Open Multimedia Data,https://media.taiwan.net.tw/zh-tw/portal/travel/details/restaurant_376440000a_000088,official_restaurant_open_data,2025 official open-data page classifies 阿三哥客家菜 as 台灣小吃/台菜（Taiwanese Cuisine） with markers 客家菜; 小吃; 台菜; 台灣小吃/台菜,high,"Official Tourism Administration open-data page gives update date, local government source, restaurant category and direct marker evidence. Duplicate source-url and restaurant artifact ID checked against Round010 overlay before append; one row represents one source artifact. TLS certificate validation was relaxed for metadata fetch because local Python rejected the site certificate, while the exact public URL is browser/web accessible.",SRC_R010B06_TW_376440000A_000088_OFFICIAL,verified,Taiwan-side,資料更新日期時間 2025-05-15T02:34:34+08:00；餐飲店家類型：台灣小吃/台菜（Taiwanese Cuisine）；阿三哥客家菜；台灣小吃/台菜（Taiwanese Cuisine）,客家菜;小吃;台菜;台灣小吃/台菜;Taiwanese Cuisine,台灣小吃/台菜;Taiwanese Cuisine;客家菜;台菜,,,https://media.taiwan.net.tw/zh-tw/portal/travel/details/restaurant_376440000a_000088,829c3bb4849e1cc7,SRC_R010B06_TW_376440000A_000088_OFFICIAL,1,0.9000,0.1000,1,阿三哥客家菜,secondary,0.7000,official Taiwan Tourism Administration open-data source with direct date evidence
SRC_R010B06_TW_376440000A_000091_OFFICIAL,2025,2025-05-09,2015-2025_platformization,日昇飲食店,新埔鎮,Taiwan,Taiwan-side,official_open_data,Taiwan Tourism Administration Open Multimedia Data,https://media.taiwan.net.tw/zh-tw/portal/travel/details/restaurant_376440000a_000091,official_restaurant_open_data,2025 official open-data page classifies 日昇飲食店 as 台灣小吃/台菜（Taiwanese Cuisine）; 中式料理 — 中餐八大菜系（Chinese Cuisine — Eight Cuisines of China） with markers 小吃; 台菜; 台灣小吃/台菜; Taiwanese Cuisine,high,"Official Tourism Administration open-data page gives update date, local government source, restaurant category and direct marker evidence. Duplicate source-url and restaurant artifact ID checked against Round010 overlay before append; one row represents one source artifact. TLS certificate validation was relaxed for metadata fetch because local Python rejected the site certificate, while the exact public URL is browser/web accessible.",SRC_R010B06_TW_376440000A_000091_OFFICIAL,verified,Taiwan-side,資料更新日期時間 2025-05-09T07:17:06+08:00；餐飲店家類型：台灣小吃/台菜（Taiwanese Cuisine）、中式料理 — 中餐八大菜系（Chinese Cuisine — Eight Cuisines of China）；日昇飲食店；台灣小吃/台菜（Taiwanese Cuisine）; 中式料理 — 中餐八大菜系（Chinese Cuisine — Eight Cuisines of China）,小吃;台菜;台灣小吃/台菜;Taiwanese Cuisine,台灣小吃/台菜;Taiwanese Cuisine;台菜,,,https://media.taiwan.net.tw/zh-tw/portal/travel/details/restaurant_376440000a_000091,e91e82727e5a4dfe,SRC_R010B06_TW_376440000A_000091_OFFICIAL,1,0.9000,0.1000,1,日昇飲食店,secondary,0.7000,official Taiwan Tourism Administration open-data source with direct date evidence
SRC_R010B06_TW_376440000A_000090_OFFICIAL,2025,2025-05-22,2015-2025_platformization,秀汶水菜包,北埔鄉,Taiwan,Taiwan-side,official_open_data,Taiwan Tourism Administration Open Multimedia Data,https://media.taiwan.net.tw/en-us/portal/travel/details/restaurant_376440000a_000090,official_restaurant_open_data,2025 official open-data page classifies 秀汶水菜包 as 台灣小吃/台菜（Taiwanese Cuisine） with markers 菜包; 小吃; 台菜; 台灣小吃/台菜,high,"Official Tourism Administration open-data page gives update date, local government source, restaurant category and direct marker evidence. Duplicate source-url and restaurant artifact ID checked against Round010 overlay before append; one row represents one source artifact. TLS certificate validation was relaxed for metadata fetch because local Python rejected the site certificate, while the exact public URL is browser/web accessible.",SRC_R010B06_TW_376440000A_000090_OFFICIAL,verified,Taiwan-side,資料更新日期時間 2025-05-22T08:10:33+08:00；餐飲店家類型：台灣小吃/台菜（Taiwanese Cuisine）；秀汶水菜包；台灣小吃/台菜（Taiwanese Cuisine）,菜包;小吃;台菜;台灣小吃/台菜;Taiwanese Cuisine,台灣小吃/台菜;Taiwanese Cuisine;台菜,,,https://media.taiwan.net.tw/en-us/portal/travel/details/restaurant_376440000a_000090,4d8b19afd0bd9d74,SRC_R010B06_TW_376440000A_000090_OFFICIAL,1,0.9000,0.1000,1,秀汶水菜包,secondary,0.7000,official Taiwan Tourism Administration open-data source with direct date evidence
SRC_R010B06_TW_376440000A_000089_OFFICIAL,2025,2025-05-15,2015-2025_platformization,內灣茶堂,橫山鄉,Taiwan,Taiwan-side,official_open_data,Taiwan Tourism Administration Open Multimedia Data,https://media.taiwan.net.tw/en-us/portal/travel/details/restaurant_376440000a_000089,official_restaurant_open_data,2025 official open-data page classifies 內灣茶堂 as 台灣小吃/台菜（Taiwanese Cuisine） with markers 小吃; 台菜; 台灣小吃/台菜; Taiwanese Cuisine,high,"Official Tourism Administration open-data page gives update date, local government source, restaurant category and direct marker evidence. Duplicate source-url and restaurant artifact ID checked against Round010 overlay before append; one row represents one source artifact. TLS certificate validation was relaxed for metadata fetch because local Python rejected the site certificate, while the exact public URL is browser/web accessible.",SRC_R010B06_TW_376440000A_000089_OFFICIAL,verified,Taiwan-side,資料更新日期時間 2025-05-15T02:36:37+08:00；餐飲店家類型：台灣小吃/台菜（Taiwanese Cuisine）；內灣茶堂；台灣小吃/台菜（Taiwanese Cuisine）,小吃;台菜;台灣小吃/台菜;Taiwanese Cuisine,台灣小吃/台菜;Taiwanese Cuisine;台菜,,,https://media.taiwan.net.tw/en-us/portal/travel/details/restaurant_376440000a_000089,eebc5f87b2780520,SRC_R010B06_TW_376440000A_000089_OFFICIAL,1,0.9000,0.1000,1,內灣茶堂,secondary,0.7000,official Taiwan Tourism Administration open-data source with direct date evidence
SRC_R010B06_TW_376440000A_000093_OFFICIAL,2025,2025-05-09,2015-2025_platformization,逸園客家餐館,關西鎮,Taiwan,Taiwan-side,official_open_data,Taiwan Tourism Administration Open Multimedia Data,https://media.taiwan.net.tw/en-us/portal/travel/details/restaurant_376440000a_000093,official_restaurant_open_data,2025 official open-data page classifies 逸園客家餐館 as 台灣小吃/台菜（Taiwanese Cuisine） with markers 小吃; 台菜; 台灣小吃/台菜; Taiwanese Cuisine,high,"Official Tourism Administration open-data page gives update date, local government source, restaurant category and direct marker evidence. Duplicate source-url and restaurant artifact ID checked against Round010 overlay before append; one row represents one source artifact. TLS certificate validation was relaxed for metadata fetch because local Python rejected the site certificate, while the exact public URL is browser/web accessible.",SRC_R010B06_TW_376440000A_000093_OFFICIAL,verified,Taiwan-side,資料更新日期時間 2025-05-09T07:20:22+08:00；餐飲店家類型：台灣小吃/台菜（Taiwanese Cuisine）；逸園客家餐館；台灣小吃/台菜（Taiwanese Cuisine）,小吃;台菜;台灣小吃/台菜;Taiwanese Cuisine,台灣小吃/台菜;Taiwanese Cuisine;台菜,,,https://media.taiwan.net.tw/en-us/portal/travel/details/restaurant_376440000a_000093,b7301c94e9d12230,SRC_R010B06_TW_376440000A_000093_OFFICIAL,1,0.9000,0.1000,1,逸園客家餐館,secondary,0.7000,official Taiwan Tourism Administration open-data source with direct date evidence
SRC_R010B06_TW_376440000A_000100_OFFICIAL,2025,2025-05-23,2015-2025_platformization,老街一口菜包,北埔鄉,Taiwan,Taiwan-side,official_open_data,Taiwan Tourism Administration Open Multimedia Data,https://media.taiwan.net.tw/en-us/portal/travel/details/restaurant_376440000a_000100,official_restaurant_open_data,2025 official open-data page classifies 老街一口菜包 as 台灣小吃/台菜（Taiwanese Cuisine） with markers 菜包; 小吃; 台菜; 台灣小吃/台菜,high,"Official Tourism Administration open-data page gives update date, local government source, restaurant category and direct marker evidence. Duplicate source-url and restaurant artifact ID checked against Round010 overlay before append; one row represents one source artifact. TLS certificate validation was relaxed for metadata fetch because local Python rejected the site certificate, while the exact public URL is browser/web accessible.",SRC_R010B06_TW_376440000A_000100_OFFICIAL,verified,Taiwan-side,資料更新日期時間 2025-05-23T09:28:58+08:00；餐飲店家類型：台灣小吃/台菜（Taiwanese Cuisine）；老街一口菜包；台灣小吃/台菜（Taiwanese Cuisine）,菜包;小吃;台菜;台灣小吃/台菜;Taiwanese Cuisine,台灣小吃/台菜;Taiwanese Cuisine;台菜,,,https://media.taiwan.net.tw/en-us/portal/travel/details/restaurant_376440000a_000100,09ef1bb3dbff9fa6,SRC_R010B06_TW_376440000A_000100_OFFICIAL,1,0.9000,0.1000,1,老街一口菜包,secondary,0.7000,official Taiwan Tourism Administration open-data source with direct date evidence
SRC_R010B06_TW_376440000A_000099_OFFICIAL,2026,2026-03-24,2015-2025_platformization,Ks’house,寶山鄉,Taiwan,Taiwan-side,official_open_data,Taiwan Tourism Administration Open Multimedia Data,https://media.taiwan.net.tw/zh-tw/portal/travel/details/restaurant_376440000a_000099,official_restaurant_open_data,2026 official open-data page classifies Ks’house as 台灣小吃/台菜（Taiwanese Cuisine） with markers 小吃; 台菜; 台灣小吃/台菜; Taiwanese Cuisine,high,"Official Tourism Administration open-data page gives update date, local government source, restaurant category and direct marker evidence. Duplicate source-url and restaurant artifact ID checked against Round010 overlay before append; one row represents one source artifact. TLS certificate validation was relaxed for metadata fetch because local Python rejected the site certificate, while the exact public URL is browser/web accessible.",SRC_R010B06_TW_376440000A_000099_OFFICIAL,verified,Taiwan-side,資料更新日期時間 2026-03-24T08:49:12+08:00；餐飲店家類型：台灣小吃/台菜（Taiwanese Cuisine）；Ks’house；台灣小吃/台菜（Taiwanese Cuisine）,小吃;台菜;台灣小吃/台菜;Taiwanese Cuisine,台灣小吃/台菜;Taiwanese Cuisine;台菜,,,https://media.taiwan.net.tw/zh-tw/portal/travel/details/restaurant_376440000a_000099,2066b6c36379a787,SRC_R010B06_TW_376440000A_000099_OFFICIAL,1,0.9000,0.1000,1,Ks’house,secondary,0.7000,official Taiwan Tourism Administration open-data source with direct date evidence
SRC_R010B06_TW_376440000A_000101_OFFICIAL,2025,2025-05-27,2015-2025_platformization,莊記牛肉麵,竹東鎮,Taiwan,Taiwan-side,official_open_data,Taiwan Tourism Administration Open Multimedia Data,https://media.taiwan.net.tw/en-us/portal/travel/details/restaurant_376440000a_000101,official_restaurant_open_data,2025 official open-data page classifies 莊記牛肉麵 as 台灣小吃/台菜（Taiwanese Cuisine）; 牛肉麵（Beef Noodle Soup） with markers 牛肉麵; 小吃; 台菜; 台灣小吃/台菜,high,"Official Tourism Administration open-data page gives update date, local government source, restaurant category and direct marker evidence. Duplicate source-url and restaurant artifact ID checked against Round010 overlay before append; one row represents one source artifact. TLS certificate validation was relaxed for metadata fetch because local Python rejected the site certificate, while the exact public URL is browser/web accessible.",SRC_R010B06_TW_376440000A_000101_OFFICIAL,verified,Taiwan-side,資料更新日期時間 2025-05-27T07:14:00+08:00；餐飲店家類型：台灣小吃/台菜（Taiwanese Cuisine）、牛肉麵（Beef Noodle Soup）；莊記牛肉麵；台灣小吃/台菜（Taiwanese Cuisine）; 牛肉麵（Beef Noodle Soup）,牛肉麵;小吃;台菜;台灣小吃/台菜;Taiwanese Cuisine;Beef Noodle Soup,台灣小吃/台菜;Taiwanese Cuisine;台菜,,,https://media.taiwan.net.tw/en-us/portal/travel/details/restaurant_376440000a_000101,531d29342d71e06f,SRC_R010B06_TW_376440000A_000101_OFFICIAL,1,0.9000,0.1000,1,莊記牛肉麵,secondary,0.7000,official Taiwan Tourism Administration open-data source with direct date evidence
SRC_R010B06_TW_376440000A_000104_OFFICIAL,2025,2025-05-19,2015-2025_platformization,名人養生餐廳,竹東鎮,Taiwan,Taiwan-side,official_open_data,Taiwan Tourism Administration Open Multimedia Data,https://media.taiwan.net.tw/en-us/portal/travel/details/restaurant_376440000a_000104,official_restaurant_open_data,2025 official open-data page classifies 名人養生餐廳 as 台灣小吃/台菜（Taiwanese Cuisine） with markers 小吃; 台菜; 台灣小吃/台菜; Taiwanese Cuisine,high,"Official Tourism Administration open-data page gives update date, local government source, restaurant category and direct marker evidence. Duplicate source-url and restaurant artifact ID checked against Round010 overlay before append; one row represents one source artifact. TLS certificate validation was relaxed for metadata fetch because local Python rejected the site certificate, while the exact public URL is browser/web accessible.",SRC_R010B06_TW_376440000A_000104_OFFICIAL,verified,Taiwan-side,資料更新日期時間 2025-05-19T03:37:27+08:00；餐飲店家類型：台灣小吃/台菜（Taiwanese Cuisine）；名人養生餐廳；台灣小吃/台菜（Taiwanese Cuisine）,小吃;台菜;台灣小吃/台菜;Taiwanese Cuisine,台灣小吃/台菜;Taiwanese Cuisine;台菜,,,https://media.taiwan.net.tw/en-us/portal/travel/details/restaurant_376440000a_000104,0f75929e93dcd413,SRC_R010B06_TW_376440000A_000104_OFFICIAL,1,0.9000,0.1000,1,名人養生餐廳,secondary,0.7000,official Taiwan Tourism Administration open-data source with direct date evidence
SRC_R010B06_TW_376440000A_000105_OFFICIAL,2025,2025-05-23,2015-2025_platformization,大山北月,橫山鄉,Taiwan,Taiwan-side,official_open_data,Taiwan Tourism Administration Open Multimedia Data,https://media.taiwan.net.tw/zh-tw/portal/travel/details/restaurant_376440000a_000105,official_restaurant_open_data,2025 official open-data page classifies 大山北月 as 台灣小吃/台菜（Taiwanese Cuisine） with markers 小吃; 台菜; 台灣小吃/台菜; Taiwanese Cuisine,high,"Official Tourism Administration open-data page gives update date, local government source, restaurant category and direct marker evidence. Duplicate source-url and restaurant artifact ID checked against Round010 overlay before append; one row represents one source artifact. TLS certificate validation was relaxed for metadata fetch because local Python rejected the site certificate, while the exact public URL is browser/web accessible.",SRC_R010B06_TW_376440000A_000105_OFFICIAL,verified,Taiwan-side,資料更新日期時間 2025-05-23T09:26:33+08:00；餐飲店家類型：台灣小吃/台菜（Taiwanese Cuisine）；大山北月；台灣小吃/台菜（Taiwanese Cuisine）,小吃;台菜;台灣小吃/台菜;Taiwanese Cuisine,台灣小吃/台菜;Taiwanese Cuisine;台菜,,,https://media.taiwan.net.tw/zh-tw/portal/travel/details/restaurant_376440000a_000105,75bfd95d30b115e3,SRC_R010B06_TW_376440000A_000105_OFFICIAL,1,0.9000,0.1000,1,大山北月,secondary,0.7000,official Taiwan Tourism Administration open-data source with direct date evidence
SRC_R010B06_TW_376440000A_000108_OFFICIAL,2025,2025-05-19,2015-2025_platformization,阿滿姑古早味手工餅,北埔鄉,Taiwan,Taiwan-side,official_open_data,Taiwan Tourism Administration Open Multimedia Data,https://media.taiwan.net.tw/zh-tw/portal/travel/details/restaurant_376440000a_000108,official_restaurant_open_data,2025 official open-data page classifies 阿滿姑古早味手工餅 as 台灣小吃/台菜（Taiwanese Cuisine）; 伴手禮/禮盒（Gift） with markers 小吃; 台菜; 台灣小吃/台菜; Taiwanese Cuisine,high,"Official Tourism Administration open-data page gives update date, local government source, restaurant category and direct marker evidence. Duplicate source-url and restaurant artifact ID checked against Round010 overlay before append; one row represents one source artifact. TLS certificate validation was relaxed for metadata fetch because local Python rejected the site certificate, while the exact public URL is browser/web accessible.",SRC_R010B06_TW_376440000A_000108_OFFICIAL,verified,Taiwan-side,資料更新日期時間 2025-05-19T08:18:22+08:00；餐飲店家類型：台灣小吃/台菜（Taiwanese Cuisine）、伴手禮/禮盒（Gift）；阿滿姑古早味手工餅；台灣小吃/台菜（Taiwanese Cuisine）; 伴手禮/禮盒（Gift）,小吃;台菜;台灣小吃/台菜;Taiwanese Cuisine,台灣小吃/台菜;Taiwanese Cuisine;古早味;台菜,,,https://media.taiwan.net.tw/zh-tw/portal/travel/details/restaurant_376440000a_000108,c042e211bacca3fc,SRC_R010B06_TW_376440000A_000108_OFFICIAL,1,0.9000,0.1000,1,阿滿姑古早味手工餅,secondary,0.7000,official Taiwan Tourism Administration open-data source with direct date evidence
SRC_R010B06_TW_376440000A_000110_OFFICIAL,2025,2025-05-06,2015-2025_platformization,老家風味麵食小館,新豐鄉,Taiwan,Taiwan-side,official_open_data,Taiwan Tourism Administration Open Multimedia Data,https://media.taiwan.net.tw/en-us/portal/travel/details/restaurant_376440000a_000110,official_restaurant_open_data,2025 official open-data page classifies 老家風味麵食小館 as 台灣小吃/台菜（Taiwanese Cuisine） with markers 小吃; 台菜; 台灣小吃/台菜; Taiwanese Cuisine,high,"Official Tourism Administration open-data page gives update date, local government source, restaurant category and direct marker evidence. Duplicate source-url and restaurant artifact ID checked against Round010 overlay before append; one row represents one source artifact. TLS certificate validation was relaxed for metadata fetch because local Python rejected the site certificate, while the exact public URL is browser/web accessible.",SRC_R010B06_TW_376440000A_000110_OFFICIAL,verified,Taiwan-side,資料更新日期時間 2025-05-06T06:16:07+08:00；餐飲店家類型：台灣小吃/台菜（Taiwanese Cuisine）；老家風味麵食小館；台灣小吃/台菜（Taiwanese Cuisine）,小吃;台菜;台灣小吃/台菜;Taiwanese Cuisine,台灣小吃/台菜;Taiwanese Cuisine;台菜,,,https://media.taiwan.net.tw/en-us/portal/travel/details/restaurant_376440000a_000110,7a853ab5e94387a4,SRC_R010B06_TW_376440000A_000110_OFFICIAL,1,0.9000,0.1000,1,老家風味麵食小館,secondary,0.7000,official Taiwan Tourism Administration open-data source with direct date evidence
SRC_R010B06_TW_376440000A_000107_OFFICIAL,2025,2025-06-16,2015-2025_platformization,李記祖傳大腸包小腸,芎林鄉,Taiwan,Taiwan-side,official_open_data,Taiwan Tourism Administration Open Multimedia Data,https://media.taiwan.net.tw/zh-tw/portal/travel/details/restaurant_376440000a_000107,official_restaurant_open_data,2025 official open-data page classifies 李記祖傳大腸包小腸 as 台灣小吃/台菜（Taiwanese Cuisine）; 燒烤/鐵板燒（BBQ/Teppanyaki） with markers 小吃; 台菜; 台灣小吃/台菜; Taiwanese Cuisine,high,"Official Tourism Administration open-data page gives update date, local government source, restaurant category and direct marker evidence. Duplicate source-url and restaurant artifact ID checked against Round010 overlay before append; one row represents one source artifact. TLS certificate validation was relaxed for metadata fetch because local Python rejected the site certificate, while the exact public URL is browser/web accessible.",SRC_R010B06_TW_376440000A_000107_OFFICIAL,verified,Taiwan-side,資料更新日期時間 2025-06-16T02:41:36+08:00；餐飲店家類型：台灣小吃/台菜（Taiwanese Cuisine）、燒烤/鐵板燒（BBQ/Teppanyaki）；李記祖傳大腸包小腸；台灣小吃/台菜（Taiwanese Cuisine）; 燒烤/鐵板燒（BBQ/Teppanyaki）,小吃;台菜;台灣小吃/台菜;Taiwanese Cuisine,台灣小吃/台菜;Taiwanese Cuisine;台菜,,,https://media.taiwan.net.tw/zh-tw/portal/travel/details/restaurant_376440000a_000107,cebc25154afd5fd9,SRC_R010B06_TW_376440000A_000107_OFFICIAL,1,0.9000,0.1000,1,李記祖傳大腸包小腸,secondary,0.7000,official Taiwan Tourism Administration open-data source with direct date evidence
SRC_R010B06_TW_376440000A_000117_OFFICIAL,2025,2025-05-15,2015-2025_platformization,福臨飯店,關西鎮,Taiwan,Taiwan-side,official_open_data,Taiwan Tourism Administration Open Multimedia Data,https://media.taiwan.net.tw/zh-tw/portal/travel/details/restaurant_376440000a_000117,official_restaurant_open_data,2025 official open-data page classifies 福臨飯店 as 台灣小吃/台菜（Taiwanese Cuisine） with markers 小吃; 台菜; 台灣小吃/台菜; Taiwanese Cuisine,high,"Official Tourism Administration open-data page gives update date, local government source, restaurant category and direct marker evidence. Duplicate source-url and restaurant artifact ID checked against Round010 overlay before append; one row represents one source artifact. TLS certificate validation was relaxed for metadata fetch because local Python rejected the site certificate, while the exact public URL is browser/web accessible.",SRC_R010B06_TW_376440000A_000117_OFFICIAL,verified,Taiwan-side,資料更新日期時間 2025-05-15T08:57:24+08:00；餐飲店家類型：台灣小吃/台菜（Taiwanese Cuisine）；福臨飯店；台灣小吃/台菜（Taiwanese Cuisine）,小吃;台菜;台灣小吃/台菜;Taiwanese Cuisine,台灣小吃/台菜;Taiwanese Cuisine;台菜,,,https://media.taiwan.net.tw/zh-tw/portal/travel/details/restaurant_376440000a_000117,5893b26fb1b9e510,SRC_R010B06_TW_376440000A_000117_OFFICIAL,1,0.9000,0.1000,1,福臨飯店,secondary,0.7000,official Taiwan Tourism Administration open-data source with direct date evidence
SRC_R010B06_TW_376440000A_000116_OFFICIAL,2025,2025-05-15,2015-2025_platformization,高頂農莊,橫山鄉,Taiwan,Taiwan-side,official_open_data,Taiwan Tourism Administration Open Multimedia Data,https://media.taiwan.net.tw/en-us/portal/travel/details/restaurant_376440000a_000116,official_restaurant_open_data,2025 official open-data page classifies 高頂農莊 as 台灣小吃/台菜（Taiwanese Cuisine） with markers 小吃; 台菜; 台灣小吃/台菜; Taiwanese Cuisine,high,"Official Tourism Administration open-data page gives update date, local government source, restaurant category and direct marker evidence. Duplicate source-url and restaurant artifact ID checked against Round010 overlay before append; one row represents one source artifact. TLS certificate validation was relaxed for metadata fetch because local Python rejected the site certificate, while the exact public URL is browser/web accessible.",SRC_R010B06_TW_376440000A_000116_OFFICIAL,verified,Taiwan-side,資料更新日期時間 2025-05-15T02:44:28+08:00；餐飲店家類型：台灣小吃/台菜（Taiwanese Cuisine）；高頂農莊；台灣小吃/台菜（Taiwanese Cuisine）,小吃;台菜;台灣小吃/台菜;Taiwanese Cuisine,台灣小吃/台菜;Taiwanese Cuisine;台菜,,,https://media.taiwan.net.tw/en-us/portal/travel/details/restaurant_376440000a_000116,1842a18b9caf47dd,SRC_R010B06_TW_376440000A_000116_OFFICIAL,1,0.9000,0.1000,1,高頂農莊,secondary,0.7000,official Taiwan Tourism Administration open-data source with direct date evidence
SRC_R010B06_TW_376440000A_000118_OFFICIAL,2025,2025-05-15,2015-2025_platformization,頂好小吃,北埔鄉,Taiwan,Taiwan-side,official_open_data,Taiwan Tourism Administration Open Multimedia Data,https://media.taiwan.net.tw/en-us/portal/travel/details/restaurant_376440000a_000118,official_restaurant_open_data,2025 official open-data page classifies 頂好小吃 as 台灣小吃/台菜（Taiwanese Cuisine） with markers 小吃; 台菜; 台灣小吃/台菜; Taiwanese Cuisine,high,"Official Tourism Administration open-data page gives update date, local government source, restaurant category and direct marker evidence. Duplicate source-url and restaurant artifact ID checked against Round010 overlay before append; one row represents one source artifact. TLS certificate validation was relaxed for metadata fetch because local Python rejected the site certificate, while the exact public URL is browser/web accessible.",SRC_R010B06_TW_376440000A_000118_OFFICIAL,verified,Taiwan-side,資料更新日期時間 2025-05-15T08:57:59+08:00；餐飲店家類型：台灣小吃/台菜（Taiwanese Cuisine）；頂好小吃；台灣小吃/台菜（Taiwanese Cuisine）,小吃;台菜;台灣小吃/台菜;Taiwanese Cuisine,台灣小吃/台菜;Taiwanese Cuisine;台菜,,,https://media.taiwan.net.tw/en-us/portal/travel/details/restaurant_376440000a_000118,bc9ad4ef40fc62d8,SRC_R010B06_TW_376440000A_000118_OFFICIAL,1,0.9000,0.1000,1,頂好小吃,secondary,0.7000,official Taiwan Tourism Administration open-data source with direct date evidence
SRC_R010B06_TW_376440000A_000123_OFFICIAL,2025,2025-06-16,2015-2025_platformization,竹園麵食坊,峨眉鄉,Taiwan,Taiwan-side,official_open_data,Taiwan Tourism Administration Open Multimedia Data,https://media.taiwan.net.tw/en-us/portal/travel/details/restaurant_376440000a_000123,official_restaurant_open_data,2025 official open-data page classifies 竹園麵食坊 as 台灣小吃/台菜（Taiwanese Cuisine） with markers 小吃; 台菜; 台灣小吃/台菜; Taiwanese Cuisine,high,"Official Tourism Administration open-data page gives update date, local government source, restaurant category and direct marker evidence. Duplicate source-url and restaurant artifact ID checked against Round010 overlay before append; one row represents one source artifact. TLS certificate validation was relaxed for metadata fetch because local Python rejected the site certificate, while the exact public URL is browser/web accessible.",SRC_R010B06_TW_376440000A_000123_OFFICIAL,verified,Taiwan-side,資料更新日期時間 2025-06-16T02:44:13+08:00；餐飲店家類型：台灣小吃/台菜（Taiwanese Cuisine）；竹園麵食坊；台灣小吃/台菜（Taiwanese Cuisine）,小吃;台菜;台灣小吃/台菜;Taiwanese Cuisine,台灣小吃/台菜;Taiwanese Cuisine;台菜,,,https://media.taiwan.net.tw/en-us/portal/travel/details/restaurant_376440000a_000123,4d7f7a6b5c1d54aa,SRC_R010B06_TW_376440000A_000123_OFFICIAL,1,0.9000,0.1000,1,竹園麵食坊,secondary,0.7000,official Taiwan Tourism Administration open-data source with direct date evidence
SRC_R010B06_TW_376440000A_000127_OFFICIAL,2025,2025-08-18,2015-2025_platformization,歇心茶樓,峨眉鄉,Taiwan,Taiwan-side,official_open_data,Taiwan Tourism Administration Open Multimedia Data,https://media.taiwan.net.tw/zh-tw/portal/travel/details/restaurant_376440000a_000127,official_restaurant_open_data,2025 official open-data page classifies 歇心茶樓 as 台灣小吃/台菜（Taiwanese Cuisine） with markers 小吃; 台菜; 台灣小吃/台菜; Taiwanese Cuisine,high,"Official Tourism Administration open-data page gives update date, local government source, restaurant category and direct marker evidence. Duplicate source-url and restaurant artifact ID checked against Round010 overlay before append; one row represents one source artifact. TLS certificate validation was relaxed for metadata fetch because local Python rejected the site certificate, while the exact public URL is browser/web accessible.",SRC_R010B06_TW_376440000A_000127_OFFICIAL,verified,Taiwan-side,資料更新日期時間 2025-08-18T07:36:04+08:00；餐飲店家類型：台灣小吃/台菜（Taiwanese Cuisine）；歇心茶樓；台灣小吃/台菜（Taiwanese Cuisine）,小吃;台菜;台灣小吃/台菜;Taiwanese Cuisine,台灣小吃/台菜;Taiwanese Cuisine;台菜,,,https://media.taiwan.net.tw/zh-tw/portal/travel/details/restaurant_376440000a_000127,32e9797f2f62a081,SRC_R010B06_TW_376440000A_000127_OFFICIAL,1,0.9000,0.1000,1,歇心茶樓,secondary,0.7000,official Taiwan Tourism Administration open-data source with direct date evidence
SRC_R010B06_TW_376440000A_000131_OFFICIAL,2025,2025-05-09,2015-2025_platformization,天然谷山水餐廳,尖石鄉,Taiwan,Taiwan-side,official_open_data,Taiwan Tourism Administration Open Multimedia Data,https://media.taiwan.net.tw/zh-tw/portal/travel/details/restaurant_376440000a_000131,official_restaurant_open_data,2025 official open-data page classifies 天然谷山水餐廳 as 台灣小吃/台菜（Taiwanese Cuisine） with markers 小吃; 台菜; 台灣小吃/台菜; Taiwanese Cuisine,high,"Official Tourism Administration open-data page gives update date, local government source, restaurant category and direct marker evidence. Duplicate source-url and restaurant artifact ID checked against Round010 overlay before append; one row represents one source artifact. TLS certificate validation was relaxed for metadata fetch because local Python rejected the site certificate, while the exact public URL is browser/web accessible.",SRC_R010B06_TW_376440000A_000131_OFFICIAL,verified,Taiwan-side,資料更新日期時間 2025-05-09T08:33:02+08:00；餐飲店家類型：台灣小吃/台菜（Taiwanese Cuisine）；天然谷山水餐廳；台灣小吃/台菜（Taiwanese Cuisine）,小吃;台菜;台灣小吃/台菜;Taiwanese Cuisine,台灣小吃/台菜;Taiwanese Cuisine;台菜,,,https://media.taiwan.net.tw/zh-tw/portal/travel/details/restaurant_376440000a_000131,9ea8de79ecd4fc43,SRC_R010B06_TW_376440000A_000131_OFFICIAL,1,0.9000,0.1000,1,天然谷山水餐廳,secondary,0.7000,official Taiwan Tourism Administration open-data source with direct date evidence
SRC_R010B06_TW_376440000A_000134_OFFICIAL,2025,2025-05-05,2015-2025_platformization,燕京麵食館,竹北市,Taiwan,Taiwan-side,official_open_data,Taiwan Tourism Administration Open Multimedia Data,https://media.taiwan.net.tw/zh-tw/portal/travel/details/restaurant_376440000a_000134,official_restaurant_open_data,2025 official open-data page classifies 燕京麵食館 as 台灣小吃/台菜（Taiwanese Cuisine） with markers 小吃; 台菜; 台灣小吃/台菜; Taiwanese Cuisine,high,"Official Tourism Administration open-data page gives update date, local government source, restaurant category and direct marker evidence. Duplicate source-url and restaurant artifact ID checked against Round010 overlay before append; one row represents one source artifact. TLS certificate validation was relaxed for metadata fetch because local Python rejected the site certificate, while the exact public URL is browser/web accessible.",SRC_R010B06_TW_376440000A_000134_OFFICIAL,verified,Taiwan-side,資料更新日期時間 2025-05-05T04:40:51+08:00；餐飲店家類型：台灣小吃/台菜（Taiwanese Cuisine）；燕京麵食館；台灣小吃/台菜（Taiwanese Cuisine）,小吃;台菜;台灣小吃/台菜;Taiwanese Cuisine,台灣小吃/台菜;Taiwanese Cuisine;台菜,,,https://media.taiwan.net.tw/zh-tw/portal/travel/details/restaurant_376440000a_000134,48583b36ff2e4451,SRC_R010B06_TW_376440000A_000134_OFFICIAL,1,0.9000,0.1000,1,燕京麵食館,secondary,0.7000,official Taiwan Tourism Administration open-data source with direct date evidence
SRC_R010B06_TW_376440000A_000136_OFFICIAL,2025,2025-05-22,2015-2025_platformization,阿賢純黑豬肉高粱香腸,橫山鄉,Taiwan,Taiwan-side,official_open_data,Taiwan Tourism Administration Open Multimedia Data,https://media.taiwan.net.tw/en-us/portal/travel/details/restaurant_376440000a_000136,official_restaurant_open_data,2025 official open-data page classifies 阿賢純黑豬肉高粱香腸 as 台灣小吃/台菜（Taiwanese Cuisine） with markers 小吃; 台菜; 台灣小吃/台菜; Taiwanese Cuisine,high,"Official Tourism Administration open-data page gives update date, local government source, restaurant category and direct marker evidence. Duplicate source-url and restaurant artifact ID checked against Round010 overlay before append; one row represents one source artifact. TLS certificate validation was relaxed for metadata fetch because local Python rejected the site certificate, while the exact public URL is browser/web accessible.",SRC_R010B06_TW_376440000A_000136_OFFICIAL,verified,Taiwan-side,資料更新日期時間 2025-05-22T03:56:33+08:00；餐飲店家類型：台灣小吃/台菜（Taiwanese Cuisine）；阿賢純黑豬肉高粱香腸；台灣小吃/台菜（Taiwanese Cuisine）,小吃;台菜;台灣小吃/台菜;Taiwanese Cuisine,台灣小吃/台菜;Taiwanese Cuisine;台菜,,,https://media.taiwan.net.tw/en-us/portal/travel/details/restaurant_376440000a_000136,47b8e08bf9225bd4,SRC_R010B06_TW_376440000A_000136_OFFICIAL,1,0.9000,0.1000,1,阿賢純黑豬肉高粱香腸,secondary,0.7000,official Taiwan Tourism Administration open-data source with direct date evidence
SRC_R010B06_TW_376440000A_000139_OFFICIAL,2025,2025-05-23,2015-2025_platformization,順口小吃店,北埔鄉,Taiwan,Taiwan-side,official_open_data,Taiwan Tourism Administration Open Multimedia Data,https://media.taiwan.net.tw/zh-tw/portal/travel/details/restaurant_376440000a_000139,official_restaurant_open_data,2025 official open-data page classifies 順口小吃店 as 台灣小吃/台菜（Taiwanese Cuisine） with markers 小吃; 台菜; 台灣小吃/台菜; Taiwanese Cuisine,high,"Official Tourism Administration open-data page gives update date, local government source, restaurant category and direct marker evidence. Duplicate source-url and restaurant artifact ID checked against Round010 overlay before append; one row represents one source artifact. TLS certificate validation was relaxed for metadata fetch because local Python rejected the site certificate, while the exact public URL is browser/web accessible.",SRC_R010B06_TW_376440000A_000139_OFFICIAL,verified,Taiwan-side,資料更新日期時間 2025-05-23T06:05:37+08:00；餐飲店家類型：台灣小吃/台菜（Taiwanese Cuisine）；順口小吃店；台灣小吃/台菜（Taiwanese Cuisine）,小吃;台菜;台灣小吃/台菜;Taiwanese Cuisine,台灣小吃/台菜;Taiwanese Cuisine;台菜,,,https://media.taiwan.net.tw/zh-tw/portal/travel/details/restaurant_376440000a_000139,bad865c9311e5029,SRC_R010B06_TW_376440000A_000139_OFFICIAL,1,0.9000,0.1000,1,順口小吃店,secondary,0.7000,official Taiwan Tourism Administration open-data source with direct date evidence
SRC_R010B06_TW_376440000A_000146_OFFICIAL,2025,2025-05-05,2015-2025_platformization,雲南麵店,竹北市,Taiwan,Taiwan-side,official_open_data,Taiwan Tourism Administration Open Multimedia Data,https://media.taiwan.net.tw/zh-tw/portal/travel/details/restaurant_376440000a_000146,official_restaurant_open_data,2025 official open-data page classifies 雲南麵店 as 台灣小吃/台菜（Taiwanese Cuisine） with markers 小吃; 台菜; 台灣小吃/台菜; Taiwanese Cuisine,high,"Official Tourism Administration open-data page gives update date, local government source, restaurant category and direct marker evidence. Duplicate source-url and restaurant artifact ID checked against Round010 overlay before append; one row represents one source artifact. TLS certificate validation was relaxed for metadata fetch because local Python rejected the site certificate, while the exact public URL is browser/web accessible.",SRC_R010B06_TW_376440000A_000146_OFFICIAL,verified,Taiwan-side,資料更新日期時間 2025-05-05T04:55:44+08:00；餐飲店家類型：台灣小吃/台菜（Taiwanese Cuisine）；雲南麵店；台灣小吃/台菜（Taiwanese Cuisine）,小吃;台菜;台灣小吃/台菜;Taiwanese Cuisine,台灣小吃/台菜;Taiwanese Cuisine;台菜,,,https://media.taiwan.net.tw/zh-tw/portal/travel/details/restaurant_376440000a_000146,24938ad0890fd4ea,SRC_R010B06_TW_376440000A_000146_OFFICIAL,1,0.9000,0.1000,1,雲南麵店,secondary,0.7000,official Taiwan Tourism Administration open-data source with direct date evidence
SRC_R010B06_TW_376440000A_000147_OFFICIAL,2025,2025-05-12,2015-2025_platformization,福星飲食店,新埔鎮,Taiwan,Taiwan-side,official_open_data,Taiwan Tourism Administration Open Multimedia Data,https://media.taiwan.net.tw/zh-tw/portal/travel/details/restaurant_376440000a_000147,official_restaurant_open_data,2025 official open-data page classifies 福星飲食店 as 台灣小吃/台菜（Taiwanese Cuisine） with markers 小吃; 台菜; 台灣小吃/台菜; Taiwanese Cuisine,high,"Official Tourism Administration open-data page gives update date, local government source, restaurant category and direct marker evidence. Duplicate source-url and restaurant artifact ID checked against Round010 overlay before append; one row represents one source artifact. TLS certificate validation was relaxed for metadata fetch because local Python rejected the site certificate, while the exact public URL is browser/web accessible.",SRC_R010B06_TW_376440000A_000147_OFFICIAL,verified,Taiwan-side,資料更新日期時間 2025-05-12T02:32:17+08:00；餐飲店家類型：台灣小吃/台菜（Taiwanese Cuisine）；福星飲食店；台灣小吃/台菜（Taiwanese Cuisine）,小吃;台菜;台灣小吃/台菜;Taiwanese Cuisine,台灣小吃/台菜;Taiwanese Cuisine;台菜,,,https://media.taiwan.net.tw/zh-tw/portal/travel/details/restaurant_376440000a_000147,740df1adb91b885f,SRC_R010B06_TW_376440000A_000147_OFFICIAL,1,0.9000,0.1000,1,福星飲食店,secondary,0.7000,official Taiwan Tourism Administration open-data source with direct date evidence
SRC_R010B06_TW_376440000A_000132_OFFICIAL,2025,2025-05-20,2015-2025_platformization,豐味棧,湖口鄉,Taiwan,Taiwan-side,official_open_data,Taiwan Tourism Administration Open Multimedia Data,https://media.taiwan.net.tw/en-us/portal/travel/details/restaurant_376440000a_000132,official_restaurant_open_data,2025 official open-data page classifies 豐味棧 as 台灣小吃/台菜（Taiwanese Cuisine）; 便當/自助餐（Boxed Meal/Cafeteria） with markers 小吃; 台菜; 台灣小吃/台菜; Taiwanese Cuisine,high,"Official Tourism Administration open-data page gives update date, local government source, restaurant category and direct marker evidence. Duplicate source-url and restaurant artifact ID checked against Round010 overlay before append; one row represents one source artifact. TLS certificate validation was relaxed for metadata fetch because local Python rejected the site certificate, while the exact public URL is browser/web accessible.",SRC_R010B06_TW_376440000A_000132_OFFICIAL,verified,Taiwan-side,資料更新日期時間 2025-05-20T07:41:42+08:00；餐飲店家類型：台灣小吃/台菜（Taiwanese Cuisine）、便當/自助餐（Boxed Meal/Cafeteria）；豐味棧；台灣小吃/台菜（Taiwanese Cuisine）; 便當/自助餐（Boxed Meal/Cafeteria）,小吃;台菜;台灣小吃/台菜;Taiwanese Cuisine,台灣小吃/台菜;Taiwanese Cuisine;台菜,,,https://media.taiwan.net.tw/en-us/portal/travel/details/restaurant_376440000a_000132,b4446ba21481d88d,SRC_R010B06_TW_376440000A_000132_OFFICIAL,1,0.9000,0.1000,1,豐味棧,secondary,0.7000,official Taiwan Tourism Administration open-data source with direct date evidence
SRC_R010B06_TW_376440000A_000148_OFFICIAL,2025,2025-05-20,2015-2025_platformization,康莊小吃,新豐鄉,Taiwan,Taiwan-side,official_open_data,Taiwan Tourism Administration Open Multimedia Data,https://media.taiwan.net.tw/zh-tw/portal/travel/details/restaurant_376440000a_000148,official_restaurant_open_data,2025 official open-data page classifies 康莊小吃 as 台灣小吃/台菜（Taiwanese Cuisine） with markers 小吃; 台菜; 台灣小吃/台菜; Taiwanese Cuisine,high,"Official Tourism Administration open-data page gives update date, local government source, restaurant category and direct marker evidence. Duplicate source-url and restaurant artifact ID checked against Round010 overlay before append; one row represents one source artifact. TLS certificate validation was relaxed for metadata fetch because local Python rejected the site certificate, while the exact public URL is browser/web accessible.",SRC_R010B06_TW_376440000A_000148_OFFICIAL,verified,Taiwan-side,資料更新日期時間 2025-05-20T08:06:37+08:00；餐飲店家類型：台灣小吃/台菜（Taiwanese Cuisine）；康莊小吃；台灣小吃/台菜（Taiwanese Cuisine）,小吃;台菜;台灣小吃/台菜;Taiwanese Cuisine,台灣小吃/台菜;Taiwanese Cuisine;台菜,,,https://media.taiwan.net.tw/zh-tw/portal/travel/details/restaurant_376440000a_000148,c1c0ea42653468b3,SRC_R010B06_TW_376440000A_000148_OFFICIAL,1,0.9000,0.1000,1,康莊小吃,secondary,0.7000,official Taiwan Tourism Administration open-data source with direct date evidence
SRC_R010B06_TW_376440000A_000150_OFFICIAL,2025,2025-05-15,2015-2025_platformization,風城之月,竹北市,Taiwan,Taiwan-side,official_open_data,Taiwan Tourism Administration Open Multimedia Data,https://media.taiwan.net.tw/en-us/portal/travel/details/restaurant_376440000a_000150,official_restaurant_open_data,2025 official open-data page classifies 風城之月 as 台灣小吃/台菜（Taiwanese Cuisine） with markers 小吃; 台菜; 台灣小吃/台菜; Taiwanese Cuisine,high,"Official Tourism Administration open-data page gives update date, local government source, restaurant category and direct marker evidence. Duplicate source-url and restaurant artifact ID checked against Round010 overlay before append; one row represents one source artifact. TLS certificate validation was relaxed for metadata fetch because local Python rejected the site certificate, while the exact public URL is browser/web accessible.",SRC_R010B06_TW_376440000A_000150_OFFICIAL,verified,Taiwan-side,資料更新日期時間 2025-05-15T08:58:42+08:00；餐飲店家類型：台灣小吃/台菜（Taiwanese Cuisine）；風城之月；台灣小吃/台菜（Taiwanese Cuisine）,小吃;台菜;台灣小吃/台菜;Taiwanese Cuisine,台灣小吃/台菜;Taiwanese Cuisine;台菜,,,https://media.taiwan.net.tw/en-us/portal/travel/details/restaurant_376440000a_000150,b1c8a06238619e28,SRC_R010B06_TW_376440000A_000150_OFFICIAL,1,0.9000,0.1000,1,風城之月,secondary,0.7000,official Taiwan Tourism Administration open-data source with direct date evidence
SRC_R010B06_TW_376440000A_000151_OFFICIAL,2025,2025-05-19,2015-2025_platformization,振興關西扁麵舖(振興號),關西鎮,Taiwan,Taiwan-side,official_open_data,Taiwan Tourism Administration Open Multimedia Data,https://media.taiwan.net.tw/en-us/portal/travel/details/restaurant_376440000a_000151,official_restaurant_open_data,2025 official open-data page classifies 振興關西扁麵舖(振興號) as 台灣小吃/台菜（Taiwanese Cuisine）; 伴手禮/禮盒（Gift） with markers 小吃; 台菜; 台灣小吃/台菜; Taiwanese Cuisine,high,"Official Tourism Administration open-data page gives update date, local government source, restaurant category and direct marker evidence. Duplicate source-url and restaurant artifact ID checked against Round010 overlay before append; one row represents one source artifact. TLS certificate validation was relaxed for metadata fetch because local Python rejected the site certificate, while the exact public URL is browser/web accessible.",SRC_R010B06_TW_376440000A_000151_OFFICIAL,verified,Taiwan-side,資料更新日期時間 2025-05-19T08:20:06+08:00；餐飲店家類型：台灣小吃/台菜（Taiwanese Cuisine）、伴手禮/禮盒（Gift）；振興關西扁麵舖(振興號)；台灣小吃/台菜（Taiwanese Cuisine）; 伴手禮/禮盒（Gift）,小吃;台菜;台灣小吃/台菜;Taiwanese Cuisine,台灣小吃/台菜;Taiwanese Cuisine;台菜,,,https://media.taiwan.net.tw/en-us/portal/travel/details/restaurant_376440000a_000151,af2e7f78ddde99ab,SRC_R010B06_TW_376440000A_000151_OFFICIAL,1,0.9000,0.1000,1,振興關西扁麵舖(振興號),secondary,0.7000,official Taiwan Tourism Administration open-data source with direct date evidence
SRC_R010B06_TW_376440000A_000158_OFFICIAL,2025,2025-05-15,2015-2025_platformization,金德美食客家菜,新埔鎮,Taiwan,Taiwan-side,official_open_data,Taiwan Tourism Administration Open Multimedia Data,https://media.taiwan.net.tw/zh-tw/portal/travel/details/restaurant_376440000a_000158,official_restaurant_open_data,2025 official open-data page classifies 金德美食客家菜 as 台灣小吃/台菜（Taiwanese Cuisine） with markers 客家菜; 小吃; 台菜; 台灣小吃/台菜,high,"Official Tourism Administration open-data page gives update date, local government source, restaurant category and direct marker evidence. Duplicate source-url and restaurant artifact ID checked against Round010 overlay before append; one row represents one source artifact. TLS certificate validation was relaxed for metadata fetch because local Python rejected the site certificate, while the exact public URL is browser/web accessible.",SRC_R010B06_TW_376440000A_000158_OFFICIAL,verified,Taiwan-side,資料更新日期時間 2025-05-15T08:59:02+08:00；餐飲店家類型：台灣小吃/台菜（Taiwanese Cuisine）；金德美食客家菜；台灣小吃/台菜（Taiwanese Cuisine）,客家菜;小吃;台菜;台灣小吃/台菜;Taiwanese Cuisine,台灣小吃/台菜;Taiwanese Cuisine;客家菜;台菜,,,https://media.taiwan.net.tw/zh-tw/portal/travel/details/restaurant_376440000a_000158,e6b58a7d83d0a756,SRC_R010B06_TW_376440000A_000158_OFFICIAL,1,0.9000,0.1000,1,金德美食客家菜,secondary,0.7000,official Taiwan Tourism Administration open-data source with direct date evidence
SRC_R010B06_TW_376440000A_000159_OFFICIAL,2025,2025-05-19,2015-2025_platformization,阿英鮮肉湯包,竹東鎮,Taiwan,Taiwan-side,official_open_data,Taiwan Tourism Administration Open Multimedia Data,https://media.taiwan.net.tw/zh-tw/portal/travel/details/restaurant_376440000a_000159,official_restaurant_open_data,2025 official open-data page classifies 阿英鮮肉湯包 as 台灣小吃/台菜（Taiwanese Cuisine） with markers 小吃; 台菜; 台灣小吃/台菜; Taiwanese Cuisine,high,"Official Tourism Administration open-data page gives update date, local government source, restaurant category and direct marker evidence. Duplicate source-url and restaurant artifact ID checked against Round010 overlay before append; one row represents one source artifact. TLS certificate validation was relaxed for metadata fetch because local Python rejected the site certificate, while the exact public URL is browser/web accessible.",SRC_R010B06_TW_376440000A_000159_OFFICIAL,verified,Taiwan-side,資料更新日期時間 2025-05-19T04:10:19+08:00；餐飲店家類型：台灣小吃/台菜（Taiwanese Cuisine）；阿英鮮肉湯包；台灣小吃/台菜（Taiwanese Cuisine）,小吃;台菜;台灣小吃/台菜;Taiwanese Cuisine,台灣小吃/台菜;Taiwanese Cuisine;台菜,,,https://media.taiwan.net.tw/zh-tw/portal/travel/details/restaurant_376440000a_000159,a0b8b498eeb3107a,SRC_R010B06_TW_376440000A_000159_OFFICIAL,1,0.9000,0.1000,1,阿英鮮肉湯包,secondary,0.7000,official Taiwan Tourism Administration open-data source with direct date evidence
SRC_R010B06_TW_376440000A_000161_OFFICIAL,2025,2025-05-22,2015-2025_platformization,百年歲月,湖口鄉,Taiwan,Taiwan-side,official_open_data,Taiwan Tourism Administration Open Multimedia Data,https://media.taiwan.net.tw/zh-tw/portal/travel/details/restaurant_376440000a_000161,official_restaurant_open_data,2025 official open-data page classifies 百年歲月 as 台灣小吃/台菜（Taiwanese Cuisine） with markers 小吃; 台菜; 台灣小吃/台菜; Taiwanese Cuisine,high,"Official Tourism Administration open-data page gives update date, local government source, restaurant category and direct marker evidence. Duplicate source-url and restaurant artifact ID checked against Round010 overlay before append; one row represents one source artifact. TLS certificate validation was relaxed for metadata fetch because local Python rejected the site certificate, while the exact public URL is browser/web accessible.",SRC_R010B06_TW_376440000A_000161_OFFICIAL,verified,Taiwan-side,資料更新日期時間 2025-05-22T07:51:07+08:00；餐飲店家類型：台灣小吃/台菜（Taiwanese Cuisine）；百年歲月；台灣小吃/台菜（Taiwanese Cuisine）,小吃;台菜;台灣小吃/台菜;Taiwanese Cuisine,台灣小吃/台菜;Taiwanese Cuisine;台菜,,,https://media.taiwan.net.tw/zh-tw/portal/travel/details/restaurant_376440000a_000161,f87fa36e04a93763,SRC_R010B06_TW_376440000A_000161_OFFICIAL,1,0.9000,0.1000,1,百年歲月,secondary,0.7000,official Taiwan Tourism Administration open-data source with direct date evidence
SRC_R010B06_TW_376440000A_000163_OFFICIAL,2025,2025-08-22,2015-2025_platformization,竹東排骨酥麵,竹東鎮,Taiwan,Taiwan-side,official_open_data,Taiwan Tourism Administration Open Multimedia Data,https://media.taiwan.net.tw/en-us/portal/travel/details/restaurant_376440000a_000163,official_restaurant_open_data,2025 official open-data page classifies 竹東排骨酥麵 as 台灣小吃/台菜（Taiwanese Cuisine） with markers 小吃; 台菜; 台灣小吃/台菜; Taiwanese Cuisine,high,"Official Tourism Administration open-data page gives update date, local government source, restaurant category and direct marker evidence. Duplicate source-url and restaurant artifact ID checked against Round010 overlay before append; one row represents one source artifact. TLS certificate validation was relaxed for metadata fetch because local Python rejected the site certificate, while the exact public URL is browser/web accessible.",SRC_R010B06_TW_376440000A_000163_OFFICIAL,verified,Taiwan-side,資料更新日期時間 2025-08-22T08:33:21+08:00；餐飲店家類型：台灣小吃/台菜（Taiwanese Cuisine）；竹東排骨酥麵；台灣小吃/台菜（Taiwanese Cuisine）,小吃;台菜;台灣小吃/台菜;Taiwanese Cuisine,台灣小吃/台菜;Taiwanese Cuisine;台菜,,,https://media.taiwan.net.tw/en-us/portal/travel/details/restaurant_376440000a_000163,dbd5ab9503c66a56,SRC_R010B06_TW_376440000A_000163_OFFICIAL,1,0.9000,0.1000,1,竹東排骨酥麵,secondary,0.7000,official Taiwan Tourism Administration open-data source with direct date evidence
SRC_R010B06_TW_376440000A_000168_OFFICIAL,2025,2025-05-06,2015-2025_platformization,錦興豆腐店,新埔鎮,Taiwan,Taiwan-side,official_open_data,Taiwan Tourism Administration Open Multimedia Data,https://media.taiwan.net.tw/zh-tw/portal/travel/details/restaurant_376440000a_000168,official_restaurant_open_data,2025 official open-data page classifies 錦興豆腐店 as 台灣小吃/台菜（Taiwanese Cuisine） with markers 小吃; 台菜; 台灣小吃/台菜; Taiwanese Cuisine,high,"Official Tourism Administration open-data page gives update date, local government source, restaurant category and direct marker evidence. Duplicate source-url and restaurant artifact ID checked against Round010 overlay before append; one row represents one source artifact. TLS certificate validation was relaxed for metadata fetch because local Python rejected the site certificate, while the exact public URL is browser/web accessible.",SRC_R010B06_TW_376440000A_000168_OFFICIAL,verified,Taiwan-side,資料更新日期時間 2025-05-06T09:43:25+08:00；餐飲店家類型：台灣小吃/台菜（Taiwanese Cuisine）；錦興豆腐店；台灣小吃/台菜（Taiwanese Cuisine）,小吃;台菜;台灣小吃/台菜;Taiwanese Cuisine,台灣小吃/台菜;Taiwanese Cuisine;台菜,,,https://media.taiwan.net.tw/zh-tw/portal/travel/details/restaurant_376440000a_000168,c7603f5964a1f897,SRC_R010B06_TW_376440000A_000168_OFFICIAL,1,0.9000,0.1000,1,錦興豆腐店,secondary,0.7000,official Taiwan Tourism Administration open-data source with direct date evidence
SRC_R010B06_TW_376440000A_000169_OFFICIAL,2025,2025-05-12,2015-2025_platformization,福美軒飲食店,北埔鄉,Taiwan,Taiwan-side,official_open_data,Taiwan Tourism Administration Open Multimedia Data,https://media.taiwan.net.tw/zh-tw/portal/travel/details/restaurant_376440000a_000169,official_restaurant_open_data,2025 official open-data page classifies 福美軒飲食店 as 台灣小吃/台菜（Taiwanese Cuisine） with markers 小吃; 台菜; 台灣小吃/台菜; Taiwanese Cuisine,high,"Official Tourism Administration open-data page gives update date, local government source, restaurant category and direct marker evidence. Duplicate source-url and restaurant artifact ID checked against Round010 overlay before append; one row represents one source artifact. TLS certificate validation was relaxed for metadata fetch because local Python rejected the site certificate, while the exact public URL is browser/web accessible.",SRC_R010B06_TW_376440000A_000169_OFFICIAL,verified,Taiwan-side,資料更新日期時間 2025-05-12T04:17:50+08:00；餐飲店家類型：台灣小吃/台菜（Taiwanese Cuisine）；福美軒飲食店；台灣小吃/台菜（Taiwanese Cuisine）,小吃;台菜;台灣小吃/台菜;Taiwanese Cuisine,台灣小吃/台菜;Taiwanese Cuisine;台菜,,,https://media.taiwan.net.tw/zh-tw/portal/travel/details/restaurant_376440000a_000169,ea5e954d099b5bde,SRC_R010B06_TW_376440000A_000169_OFFICIAL,1,0.9000,0.1000,1,福美軒飲食店,secondary,0.7000,official Taiwan Tourism Administration open-data source with direct date evidence
SRC_R010B06_TW_376440000A_000171_OFFICIAL,2025,2025-05-06,2015-2025_platformization,南北合麵食館,湖口鄉,Taiwan,Taiwan-side,official_open_data,Taiwan Tourism Administration Open Multimedia Data,https://media.taiwan.net.tw/zh-tw/portal/travel/details/restaurant_376440000a_000171,official_restaurant_open_data,2025 official open-data page classifies 南北合麵食館 as 台灣小吃/台菜（Taiwanese Cuisine） with markers 小吃; 台菜; 台灣小吃/台菜; Taiwanese Cuisine,high,"Official Tourism Administration open-data page gives update date, local government source, restaurant category and direct marker evidence. Duplicate source-url and restaurant artifact ID checked against Round010 overlay before append; one row represents one source artifact. TLS certificate validation was relaxed for metadata fetch because local Python rejected the site certificate, while the exact public URL is browser/web accessible.",SRC_R010B06_TW_376440000A_000171_OFFICIAL,verified,Taiwan-side,資料更新日期時間 2025-05-06T03:12:29+08:00；餐飲店家類型：台灣小吃/台菜（Taiwanese Cuisine）；南北合麵食館；台灣小吃/台菜（Taiwanese Cuisine）,小吃;台菜;台灣小吃/台菜;Taiwanese Cuisine,台灣小吃/台菜;Taiwanese Cuisine;台菜,,,https://media.taiwan.net.tw/zh-tw/portal/travel/details/restaurant_376440000a_000171,3979e0e68f58ef77,SRC_R010B06_TW_376440000A_000171_OFFICIAL,1,0.9000,0.1000,1,南北合麵食館,secondary,0.7000,official Taiwan Tourism Administration open-data source with direct date evidence
SRC_R010B06_TW_376440000A_000172_OFFICIAL,2025,2025-05-19,2015-2025_platformization,十一街麵食館,竹北市,Taiwan,Taiwan-side,official_open_data,Taiwan Tourism Administration Open Multimedia Data,https://media.taiwan.net.tw/en-us/portal/travel/details/restaurant_376440000a_000172,official_restaurant_open_data,2025 official open-data page classifies 十一街麵食館 as 台灣小吃/台菜（Taiwanese Cuisine） with markers 小吃; 台菜; 台灣小吃/台菜; Taiwanese Cuisine,high,"Official Tourism Administration open-data page gives update date, local government source, restaurant category and direct marker evidence. Duplicate source-url and restaurant artifact ID checked against Round010 overlay before append; one row represents one source artifact. TLS certificate validation was relaxed for metadata fetch because local Python rejected the site certificate, while the exact public URL is browser/web accessible.",SRC_R010B06_TW_376440000A_000172_OFFICIAL,verified,Taiwan-side,資料更新日期時間 2025-05-19T02:06:43+08:00；餐飲店家類型：台灣小吃/台菜（Taiwanese Cuisine）；十一街麵食館；台灣小吃/台菜（Taiwanese Cuisine）,小吃;台菜;台灣小吃/台菜;Taiwanese Cuisine,台灣小吃/台菜;Taiwanese Cuisine;台菜,,,https://media.taiwan.net.tw/en-us/portal/travel/details/restaurant_376440000a_000172,2f25b981b70c9466,SRC_R010B06_TW_376440000A_000172_OFFICIAL,1,0.9000,0.1000,1,十一街麵食館,secondary,0.7000,official Taiwan Tourism Administration open-data source with direct date evidence
SRC_R010B06_TW_376440000A_000174_OFFICIAL,2025,2025-05-22,2015-2025_platformization,曾家牛肉麵,關西鎮,Taiwan,Taiwan-side,official_open_data,Taiwan Tourism Administration Open Multimedia Data,https://media.taiwan.net.tw/zh-tw/portal/travel/details/restaurant_376440000a_000174,official_restaurant_open_data,2025 official open-data page classifies 曾家牛肉麵 as 台灣小吃/台菜（Taiwanese Cuisine）; 牛肉麵（Beef Noodle Soup） with markers 牛肉麵; 小吃; 台菜; 台灣小吃/台菜,high,"Official Tourism Administration open-data page gives update date, local government source, restaurant category and direct marker evidence. Duplicate source-url and restaurant artifact ID checked against Round010 overlay before append; one row represents one source artifact. TLS certificate validation was relaxed for metadata fetch because local Python rejected the site certificate, while the exact public URL is browser/web accessible.",SRC_R010B06_TW_376440000A_000174_OFFICIAL,verified,Taiwan-side,資料更新日期時間 2025-05-22T09:12:54+08:00；餐飲店家類型：台灣小吃/台菜（Taiwanese Cuisine）、牛肉麵（Beef Noodle Soup）；曾家牛肉麵；台灣小吃/台菜（Taiwanese Cuisine）; 牛肉麵（Beef Noodle Soup）,牛肉麵;小吃;台菜;台灣小吃/台菜;Taiwanese Cuisine;Beef Noodle Soup,台灣小吃/台菜;Taiwanese Cuisine;台菜,,,https://media.taiwan.net.tw/zh-tw/portal/travel/details/restaurant_376440000a_000174,517739476ded431a,SRC_R010B06_TW_376440000A_000174_OFFICIAL,1,0.9000,0.1000,1,曾家牛肉麵,secondary,0.7000,official Taiwan Tourism Administration open-data source with direct date evidence
SRC_R010B06_TW_376440000A_000176_OFFICIAL,2025,2025-05-15,2015-2025_platformization,温媽媽菜包,橫山鄉,Taiwan,Taiwan-side,official_open_data,Taiwan Tourism Administration Open Multimedia Data,https://media.taiwan.net.tw/zh-tw/portal/travel/details/restaurant_376440000a_000176,official_restaurant_open_data,2025 official open-data page classifies 温媽媽菜包 as 台灣小吃/台菜（Taiwanese Cuisine） with markers 菜包; 小吃; 台菜; 台灣小吃/台菜,high,"Official Tourism Administration open-data page gives update date, local government source, restaurant category and direct marker evidence. Duplicate source-url and restaurant artifact ID checked against Round010 overlay before append; one row represents one source artifact. TLS certificate validation was relaxed for metadata fetch because local Python rejected the site certificate, while the exact public URL is browser/web accessible.",SRC_R010B06_TW_376440000A_000176_OFFICIAL,verified,Taiwan-side,資料更新日期時間 2025-05-15T09:23:36+08:00；餐飲店家類型：台灣小吃/台菜（Taiwanese Cuisine）；温媽媽菜包；台灣小吃/台菜（Taiwanese Cuisine）,菜包;小吃;台菜;台灣小吃/台菜;Taiwanese Cuisine,台灣小吃/台菜;Taiwanese Cuisine;台菜,,,https://media.taiwan.net.tw/zh-tw/portal/travel/details/restaurant_376440000a_000176,e6138d69d14868ec,SRC_R010B06_TW_376440000A_000176_OFFICIAL,1,0.9000,0.1000,1,温媽媽菜包,secondary,0.7000,official Taiwan Tourism Administration open-data source with direct date evidence
SRC_R010B06_TW_376440000A_000182_OFFICIAL,2025,2025-05-15,2015-2025_platformization,櫻花園休閒農莊,橫山鄉,Taiwan,Taiwan-side,official_open_data,Taiwan Tourism Administration Open Multimedia Data,https://media.taiwan.net.tw/zh-tw/portal/travel/details/restaurant_376440000a_000182,official_restaurant_open_data,2025 official open-data page classifies 櫻花園休閒農莊 as 台灣小吃/台菜（Taiwanese Cuisine） with markers 小吃; 台菜; 台灣小吃/台菜; Taiwanese Cuisine,high,"Official Tourism Administration open-data page gives update date, local government source, restaurant category and direct marker evidence. Duplicate source-url and restaurant artifact ID checked against Round010 overlay before append; one row represents one source artifact. TLS certificate validation was relaxed for metadata fetch because local Python rejected the site certificate, while the exact public URL is browser/web accessible.",SRC_R010B06_TW_376440000A_000182_OFFICIAL,verified,Taiwan-side,資料更新日期時間 2025-05-15T03:18:03+08:00；餐飲店家類型：台灣小吃/台菜（Taiwanese Cuisine）；櫻花園休閒農莊；台灣小吃/台菜（Taiwanese Cuisine）,小吃;台菜;台灣小吃/台菜;Taiwanese Cuisine,台灣小吃/台菜;Taiwanese Cuisine;台菜,,,https://media.taiwan.net.tw/zh-tw/portal/travel/details/restaurant_376440000a_000182,1fc4794b4048fb57,SRC_R010B06_TW_376440000A_000182_OFFICIAL,1,0.9000,0.1000,1,櫻花園休閒農莊,secondary,0.7000,official Taiwan Tourism Administration open-data source with direct date evidence
SRC_R010B06_TW_376440000A_000190_OFFICIAL,2025,2025-05-15,2015-2025_platformization,阿蘭滷味,橫山鄉,Taiwan,Taiwan-side,official_open_data,Taiwan Tourism Administration Open Multimedia Data,https://media.taiwan.net.tw/zh-tw/portal/travel/details/restaurant_376440000a_000190,official_restaurant_open_data,2025 official open-data page classifies 阿蘭滷味 as 台灣小吃/台菜（Taiwanese Cuisine） with markers 小吃; 台菜; 台灣小吃/台菜; Taiwanese Cuisine,high,"Official Tourism Administration open-data page gives update date, local government source, restaurant category and direct marker evidence. Duplicate source-url and restaurant artifact ID checked against Round010 overlay before append; one row represents one source artifact. TLS certificate validation was relaxed for metadata fetch because local Python rejected the site certificate, while the exact public URL is browser/web accessible.",SRC_R010B06_TW_376440000A_000190_OFFICIAL,verified,Taiwan-side,資料更新日期時間 2025-05-15T03:35:34+08:00；餐飲店家類型：台灣小吃/台菜（Taiwanese Cuisine）；阿蘭滷味；台灣小吃/台菜（Taiwanese Cuisine）,小吃;台菜;台灣小吃/台菜;Taiwanese Cuisine,台灣小吃/台菜;Taiwanese Cuisine;台菜,,,https://media.taiwan.net.tw/zh-tw/portal/travel/details/restaurant_376440000a_000190,b4810392281e8992,SRC_R010B06_TW_376440000A_000190_OFFICIAL,1,0.9000,0.1000,1,阿蘭滷味,secondary,0.7000,official Taiwan Tourism Administration open-data source with direct date evidence
SRC_R010B06_TW_376440000A_000193_OFFICIAL,2025,2025-05-15,2015-2025_platformization,一勺百茶堂,橫山鄉,Taiwan,Taiwan-side,official_open_data,Taiwan Tourism Administration Open Multimedia Data,https://media.taiwan.net.tw/zh-tw/portal/travel/details/restaurant_376440000a_000193,official_restaurant_open_data,2025 official open-data page classifies 一勺百茶堂 as 台灣小吃/台菜（Taiwanese Cuisine） with markers 小吃; 台菜; 台灣小吃/台菜; Taiwanese Cuisine,high,"Official Tourism Administration open-data page gives update date, local government source, restaurant category and direct marker evidence. Duplicate source-url and restaurant artifact ID checked against Round010 overlay before append; one row represents one source artifact. TLS certificate validation was relaxed for metadata fetch because local Python rejected the site certificate, while the exact public URL is browser/web accessible.",SRC_R010B06_TW_376440000A_000193_OFFICIAL,verified,Taiwan-side,資料更新日期時間 2025-05-15T03:48:34+08:00；餐飲店家類型：台灣小吃/台菜（Taiwanese Cuisine）；一勺百茶堂；台灣小吃/台菜（Taiwanese Cuisine）,小吃;台菜;台灣小吃/台菜;Taiwanese Cuisine,台灣小吃/台菜;Taiwanese Cuisine;台菜,,,https://media.taiwan.net.tw/zh-tw/portal/travel/details/restaurant_376440000a_000193,1c1ec0cf21f379f7,SRC_R010B06_TW_376440000A_000193_OFFICIAL,1,0.9000,0.1000,1,一勺百茶堂,secondary,0.7000,official Taiwan Tourism Administration open-data source with direct date evidence
SRC_R010B06_TW_376440000A_000195_OFFICIAL,2025,2025-05-22,2015-2025_platformization,利興飲食店,橫山鄉,Taiwan,Taiwan-side,official_open_data,Taiwan Tourism Administration Open Multimedia Data,https://media.taiwan.net.tw/en-us/portal/travel/details/restaurant_376440000a_000195,official_restaurant_open_data,2025 official open-data page classifies 利興飲食店 as 台灣小吃/台菜（Taiwanese Cuisine） with markers 小吃; 台菜; 台灣小吃/台菜; Taiwanese Cuisine,high,"Official Tourism Administration open-data page gives update date, local government source, restaurant category and direct marker evidence. Duplicate source-url and restaurant artifact ID checked against Round010 overlay before append; one row represents one source artifact. TLS certificate validation was relaxed for metadata fetch because local Python rejected the site certificate, while the exact public URL is browser/web accessible.",SRC_R010B06_TW_376440000A_000195_OFFICIAL,verified,Taiwan-side,資料更新日期時間 2025-05-22T04:08:36+08:00；餐飲店家類型：台灣小吃/台菜（Taiwanese Cuisine）；利興飲食店；台灣小吃/台菜（Taiwanese Cuisine）,小吃;台菜;台灣小吃/台菜;Taiwanese Cuisine,台灣小吃/台菜;Taiwanese Cuisine;台菜,,,https://media.taiwan.net.tw/en-us/portal/travel/details/restaurant_376440000a_000195,fde6610eff603e9f,SRC_R010B06_TW_376440000A_000195_OFFICIAL,1,0.9000,0.1000,1,利興飲食店,secondary,0.7000,official Taiwan Tourism Administration open-data source with direct date evidence
SRC_R010B06_TW_376440000A_000196_OFFICIAL,2025,2025-05-19,2015-2025_platformization,如聞心齋,竹北市,Taiwan,Taiwan-side,official_open_data,Taiwan Tourism Administration Open Multimedia Data,https://media.taiwan.net.tw/zh-tw/portal/travel/details/restaurant_376440000a_000196,official_restaurant_open_data,2025 official open-data page classifies 如聞心齋 as 台灣小吃/台菜（Taiwanese Cuisine）; 素食飲食（Vegetarian Diet） with markers 小吃; 台菜; 台灣小吃/台菜; Taiwanese Cuisine,high,"Official Tourism Administration open-data page gives update date, local government source, restaurant category and direct marker evidence. Duplicate source-url and restaurant artifact ID checked against Round010 overlay before append; one row represents one source artifact. TLS certificate validation was relaxed for metadata fetch because local Python rejected the site certificate, while the exact public URL is browser/web accessible.",SRC_R010B06_TW_376440000A_000196_OFFICIAL,verified,Taiwan-side,資料更新日期時間 2025-05-19T02:09:03+08:00；餐飲店家類型：台灣小吃/台菜（Taiwanese Cuisine）、素食飲食（Vegetarian Diet）；如聞心齋；台灣小吃/台菜（Taiwanese Cuisine）; 素食飲食（Vegetarian Diet）,小吃;台菜;台灣小吃/台菜;Taiwanese Cuisine,台灣小吃/台菜;Taiwanese Cuisine;台菜,,,https://media.taiwan.net.tw/zh-tw/portal/travel/details/restaurant_376440000a_000196,615809774c686961,SRC_R010B06_TW_376440000A_000196_OFFICIAL,1,0.9000,0.1000,1,如聞心齋,secondary,0.7000,official Taiwan Tourism Administration open-data source with direct date evidence
SRC_R010B06_TW_376440000A_000197_OFFICIAL,2025,2025-05-19,2015-2025_platformization,悅自在蔬食無菜單料理,新豐鄉,Taiwan,Taiwan-side,official_open_data,Taiwan Tourism Administration Open Multimedia Data,https://media.taiwan.net.tw/zh-tw/portal/travel/details/restaurant_376440000a_000197,official_restaurant_open_data,2025 official open-data page classifies 悅自在蔬食無菜單料理 as 台灣小吃/台菜（Taiwanese Cuisine）; 素食飲食（Vegetarian Diet） with markers 小吃; 台菜; 台灣小吃/台菜; Taiwanese Cuisine,high,"Official Tourism Administration open-data page gives update date, local government source, restaurant category and direct marker evidence. Duplicate source-url and restaurant artifact ID checked against Round010 overlay before append; one row represents one source artifact. TLS certificate validation was relaxed for metadata fetch because local Python rejected the site certificate, while the exact public URL is browser/web accessible.",SRC_R010B06_TW_376440000A_000197_OFFICIAL,verified,Taiwan-side,資料更新日期時間 2025-05-19T03:25:27+08:00；餐飲店家類型：台灣小吃/台菜（Taiwanese Cuisine）、素食飲食（Vegetarian Diet）；悅自在蔬食無菜單料理；台灣小吃/台菜（Taiwanese Cuisine）; 素食飲食（Vegetarian Diet）,小吃;台菜;台灣小吃/台菜;Taiwanese Cuisine,台灣小吃/台菜;Taiwanese Cuisine;台菜,,,https://media.taiwan.net.tw/zh-tw/portal/travel/details/restaurant_376440000a_000197,04cfd19de34b3651,SRC_R010B06_TW_376440000A_000197_OFFICIAL,1,0.9000,0.1000,1,悅自在蔬食無菜單料理,secondary,0.7000,official Taiwan Tourism Administration open-data source with direct date evidence
SRC_R010B06_TW_376440000A_000200_OFFICIAL,2025,2025-05-06,2015-2025_platformization,斑馬騷莎,竹北市,Taiwan,Taiwan-side,official_open_data,Taiwan Tourism Administration Open Multimedia Data,https://media.taiwan.net.tw/zh-tw/portal/travel/details/restaurant_376440000a_000200,official_restaurant_open_data,2025 official open-data page classifies 斑馬騷莎 as 台灣小吃/台菜（Taiwanese Cuisine） with markers 小吃; 台菜; 台灣小吃/台菜; Taiwanese Cuisine,high,"Official Tourism Administration open-data page gives update date, local government source, restaurant category and direct marker evidence. Duplicate source-url and restaurant artifact ID checked against Round010 overlay before append; one row represents one source artifact. TLS certificate validation was relaxed for metadata fetch because local Python rejected the site certificate, while the exact public URL is browser/web accessible.",SRC_R010B06_TW_376440000A_000200_OFFICIAL,verified,Taiwan-side,資料更新日期時間 2025-05-06T08:19:34+08:00；餐飲店家類型：台灣小吃/台菜（Taiwanese Cuisine）；斑馬騷莎；台灣小吃/台菜（Taiwanese Cuisine）,小吃;台菜;台灣小吃/台菜;Taiwanese Cuisine,台灣小吃/台菜;Taiwanese Cuisine;台菜,,,https://media.taiwan.net.tw/zh-tw/portal/travel/details/restaurant_376440000a_000200,81887b4e0fcfeb37,SRC_R010B06_TW_376440000A_000200_OFFICIAL,1,0.9000,0.1000,1,斑馬騷莎,secondary,0.7000,official Taiwan Tourism Administration open-data source with direct date evidence
SRC_R010B06_TW_376440000A_000207_OFFICIAL,2025,2025-05-09,2015-2025_platformization,轉角豬頭肉麵,關西鎮,Taiwan,Taiwan-side,official_open_data,Taiwan Tourism Administration Open Multimedia Data,https://media.taiwan.net.tw/zh-tw/portal/travel/details/restaurant_376440000a_000207,official_restaurant_open_data,2025 official open-data page classifies 轉角豬頭肉麵 as 台灣小吃/台菜（Taiwanese Cuisine） with markers 小吃; 台菜; 台灣小吃/台菜; Taiwanese Cuisine,high,"Official Tourism Administration open-data page gives update date, local government source, restaurant category and direct marker evidence. Duplicate source-url and restaurant artifact ID checked against Round010 overlay before append; one row represents one source artifact. TLS certificate validation was relaxed for metadata fetch because local Python rejected the site certificate, while the exact public URL is browser/web accessible.",SRC_R010B06_TW_376440000A_000207_OFFICIAL,verified,Taiwan-side,資料更新日期時間 2025-05-09T08:07:06+08:00；餐飲店家類型：台灣小吃/台菜（Taiwanese Cuisine）；轉角豬頭肉麵；台灣小吃/台菜（Taiwanese Cuisine）,小吃;台菜;台灣小吃/台菜;Taiwanese Cuisine,台灣小吃/台菜;Taiwanese Cuisine;台菜,,,https://media.taiwan.net.tw/zh-tw/portal/travel/details/restaurant_376440000a_000207,c6cea48a9e038a66,SRC_R010B06_TW_376440000A_000207_OFFICIAL,1,0.9000,0.1000,1,轉角豬頭肉麵,secondary,0.7000,official Taiwan Tourism Administration open-data source with direct date evidence
SRC_R010B06_TW_376440000A_000212_OFFICIAL,2025,2025-05-20,2015-2025_platformization,竺園素食,關西鎮,Taiwan,Taiwan-side,official_open_data,Taiwan Tourism Administration Open Multimedia Data,https://media.taiwan.net.tw/zh-tw/portal/travel/details/restaurant_376440000a_000212,official_restaurant_open_data,2025 official open-data page classifies 竺園素食 as 台灣小吃/台菜（Taiwanese Cuisine）; 素食飲食（Vegetarian Diet） with markers 小吃; 台菜; 台灣小吃/台菜; Taiwanese Cuisine,high,"Official Tourism Administration open-data page gives update date, local government source, restaurant category and direct marker evidence. Duplicate source-url and restaurant artifact ID checked against Round010 overlay before append; one row represents one source artifact. TLS certificate validation was relaxed for metadata fetch because local Python rejected the site certificate, while the exact public URL is browser/web accessible.",SRC_R010B06_TW_376440000A_000212_OFFICIAL,verified,Taiwan-side,資料更新日期時間 2025-05-20T09:11:14+08:00；餐飲店家類型：台灣小吃/台菜（Taiwanese Cuisine）、素食飲食（Vegetarian Diet）；竺園素食；台灣小吃/台菜（Taiwanese Cuisine）; 素食飲食（Vegetarian Diet）,小吃;台菜;台灣小吃/台菜;Taiwanese Cuisine,台灣小吃/台菜;Taiwanese Cuisine;台菜,,,https://media.taiwan.net.tw/zh-tw/portal/travel/details/restaurant_376440000a_000212,3dbed68e79843e16,SRC_R010B06_TW_376440000A_000212_OFFICIAL,1,0.9000,0.1000,1,竺園素食,secondary,0.7000,official Taiwan Tourism Administration open-data source with direct date evidence
SRC_R010B06_TW_376440000A_000208_OFFICIAL,2025,2025-05-09,2015-2025_platformization,阿汀豆腐店,關西鎮,Taiwan,Taiwan-side,official_open_data,Taiwan Tourism Administration Open Multimedia Data,https://media.taiwan.net.tw/zh-tw/portal/travel/details/restaurant_376440000a_000208,official_restaurant_open_data,2025 official open-data page classifies 阿汀豆腐店 as 台灣小吃/台菜（Taiwanese Cuisine） with markers 小吃; 台菜; 台灣小吃/台菜; Taiwanese Cuisine,high,"Official Tourism Administration open-data page gives update date, local government source, restaurant category and direct marker evidence. Duplicate source-url and restaurant artifact ID checked against Round010 overlay before append; one row represents one source artifact. TLS certificate validation was relaxed for metadata fetch because local Python rejected the site certificate, while the exact public URL is browser/web accessible.",SRC_R010B06_TW_376440000A_000208_OFFICIAL,verified,Taiwan-side,資料更新日期時間 2025-05-09T04:38:11+08:00；餐飲店家類型：台灣小吃/台菜（Taiwanese Cuisine）；阿汀豆腐店；台灣小吃/台菜（Taiwanese Cuisine）,小吃;台菜;台灣小吃/台菜;Taiwanese Cuisine,台灣小吃/台菜;Taiwanese Cuisine;台菜,,,https://media.taiwan.net.tw/zh-tw/portal/travel/details/restaurant_376440000a_000208,23f8da35ca11a20e,SRC_R010B06_TW_376440000A_000208_OFFICIAL,1,0.9000,0.1000,1,阿汀豆腐店,secondary,0.7000,official Taiwan Tourism Administration open-data source with direct date evidence
SRC_R010B06_TW_376440000A_000223_OFFICIAL,2025,2025-05-12,2015-2025_platformization,登富茶坊,北埔鄉,Taiwan,Taiwan-side,official_open_data,Taiwan Tourism Administration Open Multimedia Data,https://media.taiwan.net.tw/zh-tw/portal/travel/details/restaurant_376440000a_000223,official_restaurant_open_data,2025 official open-data page classifies 登富茶坊 as 台灣小吃/台菜（Taiwanese Cuisine） with markers 小吃; 台菜; 台灣小吃/台菜; Taiwanese Cuisine,high,"Official Tourism Administration open-data page gives update date, local government source, restaurant category and direct marker evidence. Duplicate source-url and restaurant artifact ID checked against Round010 overlay before append; one row represents one source artifact. TLS certificate validation was relaxed for metadata fetch because local Python rejected the site certificate, while the exact public URL is browser/web accessible.",SRC_R010B06_TW_376440000A_000223_OFFICIAL,verified,Taiwan-side,資料更新日期時間 2025-05-12T04:46:03+08:00；餐飲店家類型：台灣小吃/台菜（Taiwanese Cuisine）；登富茶坊；台灣小吃/台菜（Taiwanese Cuisine）,小吃;台菜;台灣小吃/台菜;Taiwanese Cuisine,台灣小吃/台菜;Taiwanese Cuisine;台菜,,,https://media.taiwan.net.tw/zh-tw/portal/travel/details/restaurant_376440000a_000223,986e215154f1a322,SRC_R010B06_TW_376440000A_000223_OFFICIAL,1,0.9000,0.1000,1,登富茶坊,secondary,0.7000,official Taiwan Tourism Administration open-data source with direct date evidence
SRC_R010B06_TW_376440000A_000251_OFFICIAL,2025,2025-05-06,2015-2025_platformization,瑞芳鴨肉麵,新豐鄉,Taiwan,Taiwan-side,official_open_data,Taiwan Tourism Administration Open Multimedia Data,https://media.taiwan.net.tw/zh-tw/portal/travel/details/restaurant_376440000a_000251,official_restaurant_open_data,2025 official open-data page classifies 瑞芳鴨肉麵 as 台灣小吃/台菜（Taiwanese Cuisine） with markers 小吃; 台菜; 台灣小吃/台菜; Taiwanese Cuisine,high,"Official Tourism Administration open-data page gives update date, local government source, restaurant category and direct marker evidence. Duplicate source-url and restaurant artifact ID checked against Round010 overlay before append; one row represents one source artifact. TLS certificate validation was relaxed for metadata fetch because local Python rejected the site certificate, while the exact public URL is browser/web accessible.",SRC_R010B06_TW_376440000A_000251_OFFICIAL,verified,Taiwan-side,資料更新日期時間 2025-05-06T06:30:29+08:00；餐飲店家類型：台灣小吃/台菜（Taiwanese Cuisine）；瑞芳鴨肉麵；台灣小吃/台菜（Taiwanese Cuisine）,小吃;台菜;台灣小吃/台菜;Taiwanese Cuisine,台灣小吃/台菜;Taiwanese Cuisine;台菜,,,https://media.taiwan.net.tw/zh-tw/portal/travel/details/restaurant_376440000a_000251,047261f00aeec2b3,SRC_R010B06_TW_376440000A_000251_OFFICIAL,1,0.9000,0.1000,1,瑞芳鴨肉麵,secondary,0.7000,official Taiwan Tourism Administration open-data source with direct date evidence
SRC_R010B06_TW_376440000A_000252_OFFICIAL,2025,2025-05-19,2015-2025_platformization,阿胖豆漿,竹東鎮,Taiwan,Taiwan-side,official_open_data,Taiwan Tourism Administration Open Multimedia Data,https://media.taiwan.net.tw/zh-tw/portal/travel/details/restaurant_376440000a_000252,official_restaurant_open_data,"2025 official open-data page classifies 阿胖豆漿 as 台灣小吃/台菜（Taiwanese Cuisine）; 非酒精飲品 — 咖啡、茶等（Non-Alcoholic Beverages — Coffee, Tea, etc.） with markers 小吃; 台菜; 台灣小吃/台菜; Taiwanese Cuisine",high,"Official Tourism Administration open-data page gives update date, local government source, restaurant category and direct marker evidence. Duplicate source-url and restaurant artifact ID checked against Round010 overlay before append; one row represents one source artifact. TLS certificate validation was relaxed for metadata fetch because local Python rejected the site certificate, while the exact public URL is browser/web accessible.",SRC_R010B06_TW_376440000A_000252_OFFICIAL,verified,Taiwan-side,"資料更新日期時間 2025-05-19T07:27:36+08:00；餐飲店家類型：台灣小吃/台菜（Taiwanese Cuisine）、非酒精飲品 — 咖啡、茶等（Non-Alcoholic Beverages — Coffee, Tea, etc.）；阿胖豆漿；台灣小吃/台菜（Taiwanese Cuisine）; 非酒精飲品 — 咖啡、茶等（Non-Alcoholic Beverages — Coffee, Tea, etc.）",小吃;台菜;台灣小吃/台菜;Taiwanese Cuisine,台灣小吃/台菜;Taiwanese Cuisine;台菜,,,https://media.taiwan.net.tw/zh-tw/portal/travel/details/restaurant_376440000a_000252,9366e3bcdcd39b80,SRC_R010B06_TW_376440000A_000252_OFFICIAL,1,0.9000,0.1000,1,阿胖豆漿,secondary,0.7000,official Taiwan Tourism Administration open-data source with direct date evidence
SRC_R010B06_TW_376440000A_000253_OFFICIAL,2025,2025-05-22,2015-2025_platformization,阿滿水晶餃,北埔鄉,Taiwan,Taiwan-side,official_open_data,Taiwan Tourism Administration Open Multimedia Data,https://media.taiwan.net.tw/zh-tw/portal/travel/details/restaurant_376440000a_000253,official_restaurant_open_data,2025 official open-data page classifies 阿滿水晶餃 as 台灣小吃/台菜（Taiwanese Cuisine） with markers 小吃; 台菜; 台灣小吃/台菜; Taiwanese Cuisine,high,"Official Tourism Administration open-data page gives update date, local government source, restaurant category and direct marker evidence. Duplicate source-url and restaurant artifact ID checked against Round010 overlay before append; one row represents one source artifact. TLS certificate validation was relaxed for metadata fetch because local Python rejected the site certificate, while the exact public URL is browser/web accessible.",SRC_R010B06_TW_376440000A_000253_OFFICIAL,verified,Taiwan-side,資料更新日期時間 2025-05-22T08:38:14+08:00；餐飲店家類型：台灣小吃/台菜（Taiwanese Cuisine）；阿滿水晶餃；台灣小吃/台菜（Taiwanese Cuisine）,小吃;台菜;台灣小吃/台菜;Taiwanese Cuisine,台灣小吃/台菜;Taiwanese Cuisine;台菜,,,https://media.taiwan.net.tw/zh-tw/portal/travel/details/restaurant_376440000a_000253,16dbc6d173a00bb5,SRC_R010B06_TW_376440000A_000253_OFFICIAL,1,0.9000,0.1000,1,阿滿水晶餃,secondary,0.7000,official Taiwan Tourism Administration open-data source with direct date evidence
SRC_R010B06_TW_376440000A_000254_OFFICIAL,2025,2025-05-22,2015-2025_platformization,珍香手工早點,湖口鄉,Taiwan,Taiwan-side,official_open_data,Taiwan Tourism Administration Open Multimedia Data,https://media.taiwan.net.tw/zh-tw/portal/travel/details/restaurant_376440000a_000254,official_restaurant_open_data,2025 official open-data page classifies 珍香手工早點 as 台灣小吃/台菜（Taiwanese Cuisine） with markers 小吃; 台菜; 台灣小吃/台菜; Taiwanese Cuisine,high,"Official Tourism Administration open-data page gives update date, local government source, restaurant category and direct marker evidence. Duplicate source-url and restaurant artifact ID checked against Round010 overlay before append; one row represents one source artifact. TLS certificate validation was relaxed for metadata fetch because local Python rejected the site certificate, while the exact public URL is browser/web accessible.",SRC_R010B06_TW_376440000A_000254_OFFICIAL,verified,Taiwan-side,資料更新日期時間 2025-05-22T09:13:55+08:00；餐飲店家類型：台灣小吃/台菜（Taiwanese Cuisine）；珍香手工早點；台灣小吃/台菜（Taiwanese Cuisine）,小吃;台菜;台灣小吃/台菜;Taiwanese Cuisine,台灣小吃/台菜;Taiwanese Cuisine;台菜,,,https://media.taiwan.net.tw/zh-tw/portal/travel/details/restaurant_376440000a_000254,22bda5b95c90513c,SRC_R010B06_TW_376440000A_000254_OFFICIAL,1,0.9000,0.1000,1,珍香手工早點,secondary,0.7000,official Taiwan Tourism Administration open-data source with direct date evidence
SRC_R010B06_TW_376440000A_000255_OFFICIAL,2025,2025-08-18,2015-2025_platformization,欣園客家美食坊,關西鎮,Taiwan,Taiwan-side,official_open_data,Taiwan Tourism Administration Open Multimedia Data,https://media.taiwan.net.tw/en-us/portal/travel/details/restaurant_376440000a_000255,official_restaurant_open_data,2025 official open-data page classifies 欣園客家美食坊 as 台灣小吃/台菜（Taiwanese Cuisine） with markers 小吃; 台菜; 台灣小吃/台菜; Taiwanese Cuisine,high,"Official Tourism Administration open-data page gives update date, local government source, restaurant category and direct marker evidence. Duplicate source-url and restaurant artifact ID checked against Round010 overlay before append; one row represents one source artifact. TLS certificate validation was relaxed for metadata fetch because local Python rejected the site certificate, while the exact public URL is browser/web accessible.",SRC_R010B06_TW_376440000A_000255_OFFICIAL,verified,Taiwan-side,資料更新日期時間 2025-08-18T06:56:54+08:00；餐飲店家類型：台灣小吃/台菜（Taiwanese Cuisine）；欣園客家美食坊；台灣小吃/台菜（Taiwanese Cuisine）,小吃;台菜;台灣小吃/台菜;Taiwanese Cuisine,台灣小吃/台菜;Taiwanese Cuisine;台菜,,,https://media.taiwan.net.tw/en-us/portal/travel/details/restaurant_376440000a_000255,f14922f377879dad,SRC_R010B06_TW_376440000A_000255_OFFICIAL,1,0.9000,0.1000,1,欣園客家美食坊,secondary,0.7000,official Taiwan Tourism Administration open-data source with direct date evidence
SRC_R010B06_TW_376440000A_000260_OFFICIAL,2025,2025-08-18,2015-2025_platformization,Bebu春嬌粄條,北埔鄉,Taiwan,Taiwan-side,official_open_data,Taiwan Tourism Administration Open Multimedia Data,https://media.taiwan.net.tw/en-us/portal/travel/details/restaurant_376440000a_000260,official_restaurant_open_data,2025 official open-data page classifies Bebu春嬌粄條 as 台灣小吃/台菜（Taiwanese Cuisine） with markers 粄條; 小吃; 台菜; 台灣小吃/台菜,high,"Official Tourism Administration open-data page gives update date, local government source, restaurant category and direct marker evidence. Duplicate source-url and restaurant artifact ID checked against Round010 overlay before append; one row represents one source artifact. TLS certificate validation was relaxed for metadata fetch because local Python rejected the site certificate, while the exact public URL is browser/web accessible.",SRC_R010B06_TW_376440000A_000260_OFFICIAL,verified,Taiwan-side,資料更新日期時間 2025-08-18T06:55:10+08:00；餐飲店家類型：台灣小吃/台菜（Taiwanese Cuisine）；Bebu春嬌粄條；台灣小吃/台菜（Taiwanese Cuisine）,粄條;小吃;台菜;台灣小吃/台菜;Taiwanese Cuisine,台灣小吃/台菜;Taiwanese Cuisine;台菜,,,https://media.taiwan.net.tw/en-us/portal/travel/details/restaurant_376440000a_000260,e63fb912cfac2fa2,SRC_R010B06_TW_376440000A_000260_OFFICIAL,1,0.9000,0.1000,1,Bebu春嬌粄條,secondary,0.7000,official Taiwan Tourism Administration open-data source with direct date evidence
SRC_R010B06_TW_376440000A_000263_OFFICIAL,2026,2026-04-20,2015-2025_platformization,阿婆麵,關西鎮,Taiwan,Taiwan-side,official_open_data,Taiwan Tourism Administration Open Multimedia Data,https://media.taiwan.net.tw/zh-tw/portal/travel/details/restaurant_376440000a_000263,official_restaurant_open_data,2026 official open-data page classifies 阿婆麵 as 台灣小吃/台菜（Taiwanese Cuisine） with markers 小吃; 台菜; 台灣小吃/台菜; Taiwanese Cuisine,high,"Official Tourism Administration open-data page gives update date, local government source, restaurant category and direct marker evidence. Duplicate source-url and restaurant artifact ID checked against Round010 overlay before append; one row represents one source artifact. TLS certificate validation was relaxed for metadata fetch because local Python rejected the site certificate, while the exact public URL is browser/web accessible.",SRC_R010B06_TW_376440000A_000263_OFFICIAL,verified,Taiwan-side,資料更新日期時間 2026-04-20T04:02:29+08:00；餐飲店家類型：台灣小吃/台菜（Taiwanese Cuisine）；阿婆麵；台灣小吃/台菜（Taiwanese Cuisine）,小吃;台菜;台灣小吃/台菜;Taiwanese Cuisine,台灣小吃/台菜;Taiwanese Cuisine;台菜,,,https://media.taiwan.net.tw/zh-tw/portal/travel/details/restaurant_376440000a_000263,72e2c00a9dce922e,SRC_R010B06_TW_376440000A_000263_OFFICIAL,1,0.9000,0.1000,1,阿婆麵,secondary,0.7000,official Taiwan Tourism Administration open-data source with direct date evidence
SRC_R010B06_TW_376440000A_000261_OFFICIAL,2025,2025-08-18,2015-2025_platformization,晌午粄食,橫山鄉,Taiwan,Taiwan-side,official_open_data,Taiwan Tourism Administration Open Multimedia Data,https://media.taiwan.net.tw/zh-tw/portal/travel/details/restaurant_376440000a_000261,official_restaurant_open_data,2025 official open-data page classifies 晌午粄食 as 台灣小吃/台菜（Taiwanese Cuisine） with markers 小吃; 台菜; 台灣小吃/台菜; Taiwanese Cuisine,high,"Official Tourism Administration open-data page gives update date, local government source, restaurant category and direct marker evidence. Duplicate source-url and restaurant artifact ID checked against Round010 overlay before append; one row represents one source artifact. TLS certificate validation was relaxed for metadata fetch because local Python rejected the site certificate, while the exact public URL is browser/web accessible.",SRC_R010B06_TW_376440000A_000261_OFFICIAL,verified,Taiwan-side,資料更新日期時間 2025-08-18T06:55:04+08:00；餐飲店家類型：台灣小吃/台菜（Taiwanese Cuisine）；晌午粄食；台灣小吃/台菜（Taiwanese Cuisine）,小吃;台菜;台灣小吃/台菜;Taiwanese Cuisine,台灣小吃/台菜;Taiwanese Cuisine;台菜,,,https://media.taiwan.net.tw/zh-tw/portal/travel/details/restaurant_376440000a_000261,38e30eb6b3214d5d,SRC_R010B06_TW_376440000A_000261_OFFICIAL,1,0.9000,0.1000,1,晌午粄食,secondary,0.7000,official Taiwan Tourism Administration open-data source with direct date evidence
SRC_R010B06_TW_376440000A_000262_OFFICIAL,2025,2025-08-18,2015-2025_platformization,一哥炊粉,芎林鄉,Taiwan,Taiwan-side,official_open_data,Taiwan Tourism Administration Open Multimedia Data,https://media.taiwan.net.tw/en-us/portal/travel/details/restaurant_376440000a_000262,official_restaurant_open_data,2025 official open-data page classifies 一哥炊粉 as 台灣小吃/台菜（Taiwanese Cuisine） with markers 小吃; 台菜; 台灣小吃/台菜; Taiwanese Cuisine,high,"Official Tourism Administration open-data page gives update date, local government source, restaurant category and direct marker evidence. Duplicate source-url and restaurant artifact ID checked against Round010 overlay before append; one row represents one source artifact. TLS certificate validation was relaxed for metadata fetch because local Python rejected the site certificate, while the exact public URL is browser/web accessible.",SRC_R010B06_TW_376440000A_000262_OFFICIAL,verified,Taiwan-side,資料更新日期時間 2025-08-18T06:55:46+08:00；餐飲店家類型：台灣小吃/台菜（Taiwanese Cuisine）；一哥炊粉；台灣小吃/台菜（Taiwanese Cuisine）,小吃;台菜;台灣小吃/台菜;Taiwanese Cuisine,台灣小吃/台菜;Taiwanese Cuisine;台菜,,,https://media.taiwan.net.tw/en-us/portal/travel/details/restaurant_376440000a_000262,f507df302d739118,SRC_R010B06_TW_376440000A_000262_OFFICIAL,1,0.9000,0.1000,1,一哥炊粉,secondary,0.7000,official Taiwan Tourism Administration open-data source with direct date evidence
SRC_R010B06_TW_376440000A_000271_OFFICIAL,2025,2025-05-22,2015-2025_platformization,山樂林風味小舖,尖石鄉,Taiwan,Taiwan-side,official_open_data,Taiwan Tourism Administration Open Multimedia Data,https://media.taiwan.net.tw/en-us/portal/travel/details/restaurant_376440000a_000271,official_restaurant_open_data,2025 official open-data page classifies 山樂林風味小舖 as 台灣小吃/台菜（Taiwanese Cuisine） with markers 小吃; 台菜; 台灣小吃/台菜; Taiwanese Cuisine,high,"Official Tourism Administration open-data page gives update date, local government source, restaurant category and direct marker evidence. Duplicate source-url and restaurant artifact ID checked against Round010 overlay before append; one row represents one source artifact. TLS certificate validation was relaxed for metadata fetch because local Python rejected the site certificate, while the exact public URL is browser/web accessible.",SRC_R010B06_TW_376440000A_000271_OFFICIAL,verified,Taiwan-side,資料更新日期時間 2025-05-22T08:42:26+08:00；餐飲店家類型：台灣小吃/台菜（Taiwanese Cuisine）；山樂林風味小舖；台灣小吃/台菜（Taiwanese Cuisine）,小吃;台菜;台灣小吃/台菜;Taiwanese Cuisine,台灣小吃/台菜;Taiwanese Cuisine;台菜,,,https://media.taiwan.net.tw/en-us/portal/travel/details/restaurant_376440000a_000271,befb5b8839caf627,SRC_R010B06_TW_376440000A_000271_OFFICIAL,1,0.9000,0.1000,1,山樂林風味小舖,secondary,0.7000,official Taiwan Tourism Administration open-data source with direct date evidence
SRC_R010B06_TW_376440000A_000272_OFFICIAL,2025,2025-05-09,2015-2025_platformization,影原餐坊,五峰鄉,Taiwan,Taiwan-side,official_open_data,Taiwan Tourism Administration Open Multimedia Data,https://media.taiwan.net.tw/zh-tw/portal/travel/details/restaurant_376440000a_000272,official_restaurant_open_data,2025 official open-data page classifies 影原餐坊 as 台灣小吃/台菜（Taiwanese Cuisine） with markers 小吃; 台菜; 台灣小吃/台菜; Taiwanese Cuisine,high,"Official Tourism Administration open-data page gives update date, local government source, restaurant category and direct marker evidence. Duplicate source-url and restaurant artifact ID checked against Round010 overlay before append; one row represents one source artifact. TLS certificate validation was relaxed for metadata fetch because local Python rejected the site certificate, while the exact public URL is browser/web accessible.",SRC_R010B06_TW_376440000A_000272_OFFICIAL,verified,Taiwan-side,資料更新日期時間 2025-05-09T09:21:06+08:00；餐飲店家類型：台灣小吃/台菜（Taiwanese Cuisine）；影原餐坊；台灣小吃/台菜（Taiwanese Cuisine）,小吃;台菜;台灣小吃/台菜;Taiwanese Cuisine,台灣小吃/台菜;Taiwanese Cuisine;台菜,,,https://media.taiwan.net.tw/zh-tw/portal/travel/details/restaurant_376440000a_000272,9fb5f0bcd146c698,SRC_R010B06_TW_376440000A_000272_OFFICIAL,1,0.9000,0.1000,1,影原餐坊,secondary,0.7000,official Taiwan Tourism Administration open-data source with direct date evidence
SRC_R010B06_TW_376440000A_000280_OFFICIAL,2025,2025-05-26,2015-2025_platformization,北埔邱記古早味豆花仙草,北埔鄉,Taiwan,Taiwan-side,official_open_data,Taiwan Tourism Administration Open Multimedia Data,https://media.taiwan.net.tw/en-us/portal/travel/details/restaurant_376440000a_000280,official_restaurant_open_data,2025 official open-data page classifies 北埔邱記古早味豆花仙草 as 甜點冰品（Desserts And Ice） with markers 台灣小吃/台菜,high,"Official Tourism Administration open-data page gives update date, local government source, restaurant category and direct marker evidence. Duplicate source-url and restaurant artifact ID checked against Round010 overlay before append; one row represents one source artifact. TLS certificate validation was relaxed for metadata fetch because local Python rejected the site certificate, while the exact public URL is browser/web accessible.",SRC_R010B06_TW_376440000A_000280_OFFICIAL,verified,Taiwan-side,資料更新日期時間 2025-05-26T03:21:57+08:00；餐飲店家類型：甜點冰品（Desserts And Ice）；北埔邱記古早味豆花仙草；甜點冰品（Desserts And Ice）,台灣小吃/台菜,古早味,,,https://media.taiwan.net.tw/en-us/portal/travel/details/restaurant_376440000a_000280,08a393a117387e2c,SRC_R010B06_TW_376440000A_000280_OFFICIAL,1,0.9000,0.1000,1,北埔邱記古早味豆花仙草,secondary,0.7000,official Taiwan Tourism Administration open-data source with direct date evidence
SRC_R010B06_TW_376440000A_000282_OFFICIAL,2025,2025-05-09,2015-2025_platformization,美人鱻境餐廳,尖石鄉,Taiwan,Taiwan-side,official_open_data,Taiwan Tourism Administration Open Multimedia Data,https://media.taiwan.net.tw/en-us/portal/travel/details/restaurant_376440000a_000282,official_restaurant_open_data,2025 official open-data page classifies 美人鱻境餐廳 as 台灣小吃/台菜（Taiwanese Cuisine） with markers 小吃; 台菜; 台灣小吃/台菜; Taiwanese Cuisine,high,"Official Tourism Administration open-data page gives update date, local government source, restaurant category and direct marker evidence. Duplicate source-url and restaurant artifact ID checked against Round010 overlay before append; one row represents one source artifact. TLS certificate validation was relaxed for metadata fetch because local Python rejected the site certificate, while the exact public URL is browser/web accessible.",SRC_R010B06_TW_376440000A_000282_OFFICIAL,verified,Taiwan-side,資料更新日期時間 2025-05-09T08:50:28+08:00；餐飲店家類型：台灣小吃/台菜（Taiwanese Cuisine）；美人鱻境餐廳；台灣小吃/台菜（Taiwanese Cuisine）,小吃;台菜;台灣小吃/台菜;Taiwanese Cuisine,台灣小吃/台菜;Taiwanese Cuisine;台菜,,,https://media.taiwan.net.tw/en-us/portal/travel/details/restaurant_376440000a_000282,99f1d2ed9a7a1501,SRC_R010B06_TW_376440000A_000282_OFFICIAL,1,0.9000,0.1000,1,美人鱻境餐廳,secondary,0.7000,official Taiwan Tourism Administration open-data source with direct date evidence
SRC_R010B06_TW_376440000A_000286_OFFICIAL,2025,2025-05-20,2015-2025_platformization,疣豬山寨,湖口鄉,Taiwan,Taiwan-side,official_open_data,Taiwan Tourism Administration Open Multimedia Data,https://media.taiwan.net.tw/en-us/portal/travel/details/restaurant_376440000a_000286,official_restaurant_open_data,2025 official open-data page classifies 疣豬山寨 as 台灣小吃/台菜（Taiwanese Cuisine） with markers 小吃; 台菜; 台灣小吃/台菜; Taiwanese Cuisine,high,"Official Tourism Administration open-data page gives update date, local government source, restaurant category and direct marker evidence. Duplicate source-url and restaurant artifact ID checked against Round010 overlay before append; one row represents one source artifact. TLS certificate validation was relaxed for metadata fetch because local Python rejected the site certificate, while the exact public URL is browser/web accessible.",SRC_R010B06_TW_376440000A_000286_OFFICIAL,verified,Taiwan-side,資料更新日期時間 2025-05-20T07:28:00+08:00；餐飲店家類型：台灣小吃/台菜（Taiwanese Cuisine）；疣豬山寨；台灣小吃/台菜（Taiwanese Cuisine）,小吃;台菜;台灣小吃/台菜;Taiwanese Cuisine,台灣小吃/台菜;Taiwanese Cuisine;台菜,,,https://media.taiwan.net.tw/en-us/portal/travel/details/restaurant_376440000a_000286,f77f7677092a0f38,SRC_R010B06_TW_376440000A_000286_OFFICIAL,1,0.9000,0.1000,1,疣豬山寨,secondary,0.7000,official Taiwan Tourism Administration open-data source with direct date evidence
