attestation_id,year,date,period,brand_or_category,city,province,corridor,source_type,source_name,source_url,attestation_type,text_for_scoring,confidence,notes,source_id,verification_level,region,original_text,dish_marker,taiwan_marker,ownership_category,capital_origin,source_url_or_archive_ref,dedupe_key,merged_from_attestation_ids,merged_row_count,novelty_score,avg_text_similarity,novelty_group_size,novelty_group_key,authority_level,authority_weight,authority_reason
SRC_R010_TW_TAINAN_ASHIA_1940_OFFICIAL,1940,2024-10-18,1940-1945_preformation,阿霞飯店,Tainan,Taiwan,Taiwan-side,official_tourism_news,Tainan Travel,https://www.twtainan.net/zh-tw/event/newsdetail/6818/,official_food_culture_feature,1940 Tainan Asha Restaurant temple-front snack stall became old Taiwanese banquet restaurant with sausage cooked meats mixed soup and red crab rice cake,high,Tainan city tourism feature gives source date and 1940 origin evidence for an old Taiwanese cuisine restaurant. Duplicate source-url and artifact-key checked against overlay 001_005 before append; one row represents one source artifact.,SRC_R010_TW_TAINAN_ASHIA_1940_OFFICIAL,verified,Taiwan-side,發佈日期 2024-10-18；阿霞飯店創始於1940年，最初是興濟宮廟前的點心攤，靠著香腸熟肉、什菜湯等建立口碑，菜色從小吃點心衍生出桌菜，再逐步發展為臺菜餐廳。,香腸熟肉;什菜湯;紅蟳米糕,臺菜;臺南;老字號,,,https://www.twtainan.net/zh-tw/event/newsdetail/6818/,084547ba0cba59b2,SRC_R010_TW_TAINAN_ASHIA_1940_OFFICIAL,1,0.9000,0.1000,1,阿霞飯店,secondary,0.7000,official or Michelin source with direct date or live source evidence
SRC_R010_TW_TAINAN_XINXIN_2024_OFFICIAL,2024,2024-10-26,2015-2025_platformization,欣欣餐廳,Tainan,Taiwan,Taiwan-side,official_tourism_news,Tainan Travel,https://www.twtainan.net/zh-tw/event/newsdetail/6837/,official_food_culture_feature,2024 Tainan official feature names Xinxin as old Taiwanese cuisine restaurant preserving banquet dishes seafood fried rice and mixed soup,high,Tainan city tourism feature has source date and direct Taiwanese cuisine markers for Xinxin Restaurant. Duplicate source-url and artifact-key checked against overlay 001_005 before append; one row represents one source artifact.,SRC_R010_TW_TAINAN_XINXIN_2024_OFFICIAL,verified,Taiwan-side,發佈日期 2024-10-26；欣欣餐廳掌勺超過六十年，創辦人阿塗師從小攤發展到餐廳，與阿霞飯店、阿美飯店並列齊名，成為臺南的老字號臺菜餐廳，從海鮮料理轉型以臺菜為主。,海鮮料理;炒飯;什菜湯,臺菜;臺南老字號,,,https://www.twtainan.net/zh-tw/event/newsdetail/6837/,d3404db2f8f2f107,SRC_R010_TW_TAINAN_XINXIN_2024_OFFICIAL,1,0.9000,0.1000,1,欣欣餐廳,secondary,0.7000,official or Michelin source with direct date or live source evidence
SRC_R010_TW_TAINAN_AMEI_2024_OFFICIAL,2024,2024-12-21,2015-2025_platformization,阿美飯店,Tainan,Taiwan,Taiwan-side,official_tourism_news,Tainan Travel,https://www.twtainan.net/zh-tw/event/newsdetail/6971/,official_food_culture_feature,2024 Tainan official feature describes Amei Restaurant old Taiwanese and banquet cuisine preserving old flavors from Central Market lineage,high,Tainan city tourism feature supplies source date and old Taiwanese banquet-cuisine evidence. Duplicate source-url and artifact-key checked against overlay 001_005 before append; one row represents one source artifact.,SRC_R010_TW_TAINAN_AMEI_2024_OFFICIAL,verified,Taiwan-side,發佈日期 2024-12-21；阿美飯店由中央市場發跡，民國70年更名為阿美飯店，蔡崇廉磨練出一手臺菜與酒家菜功夫；飯店保留古早味與臺灣民間辦桌氛圍。,臺菜;酒家菜;辦桌菜,臺南;臺灣民間辦桌;老字號,,,https://www.twtainan.net/zh-tw/event/newsdetail/6971/,f37ebd807a29fedc,SRC_R010_TW_TAINAN_AMEI_2024_OFFICIAL,1,0.9000,0.1000,1,阿美飯店,secondary,0.7000,official or Michelin source with direct date or live source evidence
SRC_R010_TW_TAINAN_MINSIN_1962_OFFICIAL,1962,2026-01-12,1946-1987_taiwan_side_formation,明新食品-總店,Tainan,Taiwan,Taiwan-side,official_tourism_profile,Tainan Travel,https://www.twtainan.net/zh-tw/shop/consume/1082/,official_shop_profile,1962 Tainan Minsin Foods official profile links Taiwanese pineapple cake shaped as Taiwan and traditional meat bun old taste,high,Official shop profile gives update date and exact 1962 founding evidence for Taiwan-side food sign. Duplicate source-url and artifact-key checked against overlay 001_005 before append; one row represents one source artifact.,SRC_R010_TW_TAINAN_MINSIN_1962_OFFICIAL,verified,Taiwan-side,更新日期 2026-01-12；明新食品創立於1962年，2010明新台灣土鳳梨酥以台灣做造型，選用關廟土鳳梨；明新古早味肉包保留傳統與傳承的意義。,台灣土鳳梨酥;古早味肉包;虱目魚Q餅,台灣;台南;關廟土鳳梨,,,https://www.twtainan.net/zh-tw/shop/consume/1082/,f817757ed190b444,SRC_R010_TW_TAINAN_MINSIN_1962_OFFICIAL,1,0.9000,0.1000,1,明新食品-總店,secondary,0.7000,official or Michelin source with direct date or live source evidence
SRC_R010_TW_TAIPEI_GOLDENFORMOSA_1954_MICHELIN,1954,2019-05-27,1946-1987_taiwan_side_formation,Golden Formosa,Taipei,Taiwan,Taiwan-side,michelin_editorial,MICHELIN Guide Taiwan,https://guide.michelin.com/tw/en/article/dining-out/golden-formosa-old-soul-new-life,professional_guide_feature,1954 Taipei Golden Formosa Michelin feature identifies Taiwanese cuisine restaurant with Taiwanese banquet cuisine and Hokkien fried rice,high,Michelin editorial has publication date and exact 1954 founding evidence for a Taiwanese cuisine restaurant. Duplicate source-url and artifact-key checked against overlay 001_005 before append; one row represents one source artifact.,SRC_R010_TW_TAIPEI_GOLDENFORMOSA_1954_MICHELIN,verified,Taiwan-side,"27 May 2019；Golden Formosa was one of two Taiwanese cuisine restaurants to receive a star in the inaugural Michelin Guide Taipei; formerly known as Formosa Restaurant, founded in 1954 in Xinbeitou; article discusses Taiwanese banquet cuisine and Hokkien fried rice.",Taiwanese banquet cuisine;Hokkien fried rice,Taiwanese cuisine;Taipei;Xinbeitou,,,https://guide.michelin.com/tw/en/article/dining-out/golden-formosa-old-soul-new-life,91866aad5e6ab729,SRC_R010_TW_TAIPEI_GOLDENFORMOSA_1954_MICHELIN,1,0.9000,0.1000,1,Golden Formosa,secondary,0.7000,official or Michelin source with direct date or live source evidence
SRC_R010_KR_SEOUL_NIUROUMIANGUAN_2026_MICHELIN,2026,2026-06-04,2015-2025_platformization,Niroumianguan,Seoul,Seoul Capital Area,Korea,michelin_restaurant_page,MICHELIN Guide Korea,https://guide.michelin.com/gb/en/seoul-capital-area/kr-seoul/restaurant/niroumianguan,professional_guide_listing,2026 Seoul Michelin listing discusses Chinese beef noodle soup as commonly known to have originated from Taiwan and not classic Taiwanese style,medium,Live Michelin restaurant page accessed successfully on 2026-06-04; page supplies Taiwan-origin discourse for beef noodle soup in Seoul. Duplicate source-url and artifact-key checked against overlay 001_005 before append; one row represents one source artifact.,SRC_R010_KR_SEOUL_NIUROUMIANGUAN_2026_MICHELIN,probable,Korea,"Niroumianguan, Seoul; Bib Gourmand; Chinese beef noodle soup is commonly known to have originated from Taiwan, but the page says this restaurant differs from classic Taiwanese style after a Shandong recipe lineage.",Chinese beef noodle soup;cilantro;chili sauce,originated from Taiwan;classic Taiwanese style,,,https://guide.michelin.com/gb/en/seoul-capital-area/kr-seoul/restaurant/niroumianguan,ccff573f4f954812,SRC_R010_KR_SEOUL_NIUROUMIANGUAN_2026_MICHELIN,1,0.9000,0.1000,1,Niroumianguan,secondary,0.7000,official or Michelin source with direct date or live source evidence
SRC_R010_KR_BUSAN_MICHELIN_2024_TAIWANESE_BIB,2024,2024-02-22,2015-2025_platformization,Niurou mian guan zi and Bao Haus,Busan,Busan,Korea,michelin_press_release_pdf,MICHELIN Guide Seoul and Busan,https://dgaddcosprod.blob.core.windows.net/corporate-production/attachments/clte81prt043o15o72is77qex-20240222-pr-michelin-guide-seoul-2024.pdf,professional_guide_awards_list,2024 Michelin Busan inaugural Bib Gourmand awards list records Niurou mian guan zi and Bao Haus as Taiwanese cuisine type,high,Michelin press release PDF is a dated primary artifact for the 2024 Seoul and Busan guide awards list; one row captures the PDF artifact rather than splitting each restaurant. Duplicate source-url and artifact-key checked against overlay 001_005 before append; one row represents one source artifact.,SRC_R010_KR_BUSAN_MICHELIN_2024_TAIWANESE_BIB,verified,Korea,"Paris, 22 February 2024; MICHELIN Guide Busan 2024 Bib Gourmand list includes Niurou mian guan zi as Taiwanese and Bao Haus as Taiwanese in Busan inaugural selection.",Niurou mian guan zi;Bao Haus,Taiwanese;Busan MICHELIN Guide,,,https://dgaddcosprod.blob.core.windows.net/corporate-production/attachments/clte81prt043o15o72is77qex-20240222-pr-michelin-guide-seoul-2024.pdf,f6dd0b5ee37f9c47,SRC_R010_KR_BUSAN_MICHELIN_2024_TAIWANESE_BIB,1,0.9000,0.1000,1,Niurou mian guan zi and Bao Haus,secondary,0.7000,official or Michelin source with direct date or live source evidence
SRC_R010B02_TW_TAINAN_ASHIA_BOOK_2022,2022,2022-08-21,2015-2025_platformization,阿霞飯店,Tainan,Taiwan,Taiwan-side,official_tourism_news,Tainan Travel,https://www.twtainan.net/zh-tw/event/newsdetail/5149/,official_book_event_feature,2022 Tainan Travel book-event article frames Asha Restaurant as classic old Taiwanese cuisine with banquet dishes and Tainan food history,high,"Tainan city tourism article gives publication date, 1940 book title, old Taiwanese cuisine framing, and named banquet cuisine context. Duplicate source-url and artifact-key checked against Round010 overlay before append; one row represents one source artifact.",SRC_R010B02_TW_TAINAN_ASHIA_BOOK_2022,verified,Taiwan-side,發佈日期 2022-08-21；阿霞飯店新書以飲食文化角度呈現老臺菜歷史，市長說臺菜涵蓋庶民小吃、辦桌菜、酒家菜，阿霞是臺南人想到臺菜就想到的經典老字號。,手路菜;辦桌菜;酒家菜,臺菜;老臺菜;臺南老字號,,,https://www.twtainan.net/zh-tw/event/newsdetail/5149/,cc8e634bfa0412f7,SRC_R010B02_TW_TAINAN_ASHIA_BOOK_2022,1,0.9000,0.1000,1,阿霞飯店,secondary,0.7000,official municipal or Michelin source with direct date or live source evidence
SRC_R010B02_TW_TAINAN_FULOU_2024,2024,2024-11-22,2015-2025_platformization,福樓餐廳,Tainan,Taiwan,Taiwan-side,official_tourism_news,Tainan Travel,https://www.twtainan.net/zh-tw/event/newsdetail/6923/,official_food_culture_feature,2024 Tainan Travel feature records Fulou as Tainan restaurant serving Taiwanese seafood barbecue banquet dishes and local rice-cake dishes,high,"Tainan city tourism feature has source date, 1992 origin evidence, Taiwanese cuisine markers, and named dishes. Duplicate source-url and artifact-key checked against Round010 overlay before append; one row represents one source artifact.",SRC_R010B02_TW_TAINAN_FULOU_2024,verified,Taiwan-side,發佈日期 2024-11-22；1992年於夏林路起家的福樓餐廳，主打臺菜海鮮與燒烤，經典臺菜、時令海鮮、燒烤與宴席料理俱全，文章列蝦捲、麻油雞米糕與西瓜綿鮮魚湯。,蝦捲;麻油雞米糕;西瓜綿鮮魚湯,臺菜;臺南;臺灣在地糯米,,,https://www.twtainan.net/zh-tw/event/newsdetail/6923/,7e8ad51645771aa1,SRC_R010B02_TW_TAINAN_FULOU_2024,1,0.9000,0.1000,1,福樓餐廳,secondary,0.7000,official municipal or Michelin source with direct date or live source evidence
SRC_R010B02_TW_TAINAN_SHIJIA_2024_16,2024,2024-08-16,2015-2025_platformization,歸仁施家班餐飲宴席,Tainan,Taiwan,Taiwan-side,official_tourism_news,Tainan Travel,https://www.twtainan.net/zh-tw/event/newsdetail/6681/,official_banquet_culture_feature,2024 Tainan Travel article documents Guiren Shijia Ban banquet service with Taiwanese banquet dishes fish-fin soup red-crab rice cake and Fotiaoqiang,high,Tainan city tourism article gives date and direct Taiwanese banquet dish evidence. Duplicate source-url and artifact-key checked against Round010 overlay before append; one row represents one source artifact.,SRC_R010B02_TW_TAINAN_SHIJIA_2024_16,verified,Taiwan-side,發佈日期 2024-08-16；歸仁施家班餐飲宴席傳承五代，報導說臺灣人婚喪喜慶常見臺式魚翅羹、南靖雞與佛跳牆，也說臺南辦宴常見冷盤、魚翅羹、紅蟳米糕。,臺式魚翅羹;南靖雞;紅蟳米糕;佛跳牆,臺灣人;臺南辦桌;臺式,,,https://www.twtainan.net/zh-tw/event/newsdetail/6681/,f08f9c239f0b16de,SRC_R010B02_TW_TAINAN_SHIJIA_2024_16,1,0.9000,0.1000,1,歸仁施家班餐飲宴席,secondary,0.7000,official municipal or Michelin source with direct date or live source evidence
SRC_R010B02_TW_TAINAN_XIQING_2024_22,2024,2024-09-14,2015-2025_platformization,喜慶宴席料理,Tainan,Taiwan,Taiwan-side,official_tourism_news,Tainan Travel,https://www.twtainan.net/zh-tw/event/newsdetail/6740/,official_banquet_culture_feature,2024 Tainan Travel article records Xiqing banquet cuisine carrying Taiwanese banquet flavors through seal pork eight-treasure balls and fish-fin soup,high,Tainan city tourism article has date and direct Taiwanese banquet-culture framing. Duplicate source-url and artifact-key checked against Round010 overlay before append; one row represents one source artifact.,SRC_R010B02_TW_TAINAN_XIQING_2024_22,verified,Taiwan-side,發佈日期 2024-09-14；喜慶宴席料理推出臺菜宴席，文章列封肉、八寶丸、魚翅羹為傳統宴席古早味，並說臺式辦桌是臺灣飲食文化精髓。,封肉;八寶丸;魚翅羹;筍乾封肉,臺菜宴席;臺式辦桌;臺灣飲食文化,,,https://www.twtainan.net/zh-tw/event/newsdetail/6740/,fefc5d1f3ed4fed4,SRC_R010B02_TW_TAINAN_XIQING_2024_22,1,0.9000,0.1000,1,喜慶宴席料理,secondary,0.7000,official municipal or Michelin source with direct date or live source evidence
SRC_R010B02_TW_TAINAN_NANJI_2024_18,2024,2024-08-30,2015-2025_platformization,南吉外燴宴席,Tainan,Taiwan,Taiwan-side,official_tourism_news,Tainan Travel,https://www.twtainan.net/zh-tw/event/newsdetail/6710/,official_banquet_culture_feature,2024 Tainan Travel article documents Nanji catering from Tainan Sakari-ba lineage with Taiwanese stir-fry banquet and religious-festival catering,high,Tainan city tourism article gives publication date and direct Taiwanese banquet-cuisine terms. Duplicate source-url and artifact-key checked against Round010 overlay before append; one row represents one source artifact.,SRC_R010B02_TW_TAINAN_NANJI_2024_18,verified,Taiwan-side,發佈日期 2024-08-30；南吉外燴宴席最初從沙卡里巴點心店起家，第二代學習酒家菜，無論臺式熱炒或酒家菜樣樣精通，後來專營婚喪喜慶、廟會與尾牙桌菜。,臺式熱炒;酒家菜;桌菜,臺式;臺南;辦桌,,,https://www.twtainan.net/zh-tw/event/newsdetail/6710/,2dbbdce74e8949fd,SRC_R010B02_TW_TAINAN_NANJI_2024_18,1,0.9000,0.1000,1,南吉外燴宴席,secondary,0.7000,official municipal or Michelin source with direct date or live source evidence
SRC_R010B02_TW_TAINAN_BAJIATIAN_2024,2024,2024-09-28,2015-2025_platformization,八甲田外燴餐飲,Tainan,Taiwan,Taiwan-side,official_tourism_news,Tainan Travel,https://twtainan.net/zh-tw/event/newsdetail/6772/,official_banquet_culture_feature,2024 Tainan Travel article records Bajiatian catering preserving traditional banquet dishes while mixing Taiwanese Japanese and Western elements,high,"Tainan city tourism article has date, generational evidence, and Taiwanese banquet-cuisine markers. Duplicate source-url and artifact-key checked against Round010 overlay before append; one row represents one source artifact.",SRC_R010B02_TW_TAINAN_BAJIATIAN_2024,verified,Taiwan-side,發佈日期 2024-09-28；八甲田外燴餐飲從事辦桌三代，保留傳統辦桌並規劃菜品創新，文章說八甲田從傳統路線辦桌到融合臺式、日式與西式飲食元素。,米糕;紅蟳米糕;稻草西施牛,臺式;傳統辦桌;臺南,,,https://twtainan.net/zh-tw/event/newsdetail/6772/,3781e2489f4ddcc1,SRC_R010B02_TW_TAINAN_BAJIATIAN_2024,1,0.9000,0.1000,1,八甲田外燴餐飲,secondary,0.7000,official municipal or Michelin source with direct date or live source evidence
SRC_R010B02_TW_TAINAN_NANJI_2024_05,2024,2024-04-24,2015-2025_platformization,南吉外燴宴席,Tainan,Taiwan,Taiwan-side,official_tourism_news,Tainan Travel,https://www.twtainan.net/zh-tw/event/newsdetail/6451/,official_banquet_culture_feature,2024 Tainan Travel article links Nanji catering to Tainan temple-festival banquet practice and handmade banquet dishes,medium,Separate Tainan city tourism artifact from the later Nanji feature; source date and temple-banquet context are explicit. Duplicate source-url and artifact-key checked against Round010 overlay before append; one row represents one source artifact.,SRC_R010B02_TW_TAINAN_NANJI_2024_05,probable,Taiwan-side,發佈日期 2024-04-24；臺南廟會祭典帶動外燴師傅一展身手，南吉外燴宴席第三代承襲家學辦桌手路，報導邀請民眾品嘗辦桌師傅手藝。,辦桌手路;外燴宴席;廟會宴席,臺南;辦桌;臺南400,,,https://www.twtainan.net/zh-tw/event/newsdetail/6451/,7edb2272f50b6032,SRC_R010B02_TW_TAINAN_NANJI_2024_05,1,0.9000,0.1000,1,南吉外燴宴席,secondary,0.7000,official municipal or Michelin source with direct date or live source evidence
SRC_R010B02_TW_TAINAN_AMEI_2024_12,2024,2024-12-27,2015-2025_platformization,阿美飯店,Tainan,Taiwan,Taiwan-side,official_tourism_news,Tainan Travel,https://www.twtainan.net/zh-tw/event/newsdetail/6982/,official_food_culture_feature,2024 Tainan Travel feature identifies Amei Restaurant as old Taiwanese cuisine and wine-house cuisine specialist with signature casserole duck and crab dishes,high,"Tainan city tourism feature has source date, Taiwanese cuisine markers, and named signature dishes. Duplicate source-url and artifact-key checked against Round010 overlay before append; one row represents one source artifact.",SRC_R010B02_TW_TAINAN_AMEI_2024_12,verified,Taiwan-side,發佈日期 2024-12-27；阿美飯店以古早味臺菜與經典酒家菜聞名，招牌菜有砂鍋鴨、雞仔豬肚鱉、肉米蝦、白菜蟳，報導說上一代深諳酒家菜與臺灣料理。,砂鍋鴨;雞仔豬肚鱉;肉米蝦;白菜蟳,古早味臺菜;臺灣料理;臺南,,,https://www.twtainan.net/zh-tw/event/newsdetail/6982/,0d6441a1622a1465,SRC_R010B02_TW_TAINAN_AMEI_2024_12,1,0.9000,0.1000,1,阿美飯店,secondary,0.7000,official municipal or Michelin source with direct date or live source evidence
SRC_R010B02_TW_TAINAN_ZHUXINJU_2024,2024,2024-11-08,2015-2025_platformization,筑馨居,Tainan,Taiwan,Taiwan-side,official_tourism_news,Tainan Travel,https://www.twtainan.net/zh-tw/event/newsdetail/6893/,official_food_culture_feature,2024 Tainan Travel feature records Zhuxinju as Taiwanese banquet no-menu cuisine in old Tainan houses,high,Tainan city tourism feature has publication date and direct Taiwanese banquet-cuisine framing. Duplicate source-url and artifact-key checked against Round010 overlay before append; one row represents one source artifact.,SRC_R010B02_TW_TAINAN_ZHUXINJU_2024,verified,Taiwan-side,發佈日期 2024-11-08；筑馨居在百年古厝中供應只講味道不強調服務的臺菜辦桌料理，文章稱用餐者品嘗純粹美味與在地底蘊。,無菜單料理;辦桌料理;臺菜料理,臺菜;臺南;在地底蘊,,,https://www.twtainan.net/zh-tw/event/newsdetail/6893/,fd8ca225de953aeb,SRC_R010B02_TW_TAINAN_ZHUXINJU_2024,1,0.9000,0.1000,1,筑馨居,secondary,0.7000,official municipal or Michelin source with direct date or live source evidence
SRC_R010B02_TW_TAINAN_FUCHENGSHIFU_2024,2024,2024-12-13,2015-2025_platformization,府城食府,Tainan,Taiwan,Taiwan-side,official_tourism_news,Tainan Travel,https://www.twtainan.net/zh-tw/event/newsdetail/6959/,official_food_culture_feature,2024 Tainan Travel feature records Fucheng Shifu preserving classic Taiwanese and wine-house dishes plus Tainan snack forms,high,Tainan city tourism feature has date and dense dish markers. Duplicate source-url and artifact-key checked against Round010 overlay before append; one row represents one source artifact.,SRC_R010B02_TW_TAINAN_FUCHENGSHIFU_2024,verified,Taiwan-side,發佈日期 2024-12-13；府城食府保留經典臺菜與早期酒家菜，如八寶丸、魚翅羹、南靖雞、魷魚螺肉蒜、烏雞豬肚鱉、鮸魚米粉，也結合虱目魚粥、蚵仔麵線、蝦捲等小吃。,八寶丸;魚翅羹;魷魚螺肉蒜;虱目魚粥;蝦捲,經典臺菜;臺南正宗料理;酒家菜,,,https://www.twtainan.net/zh-tw/event/newsdetail/6959/,fe40547cbaf66f20,SRC_R010B02_TW_TAINAN_FUCHENGSHIFU_2024,1,0.9000,0.1000,1,府城食府,secondary,0.7000,official municipal or Michelin source with direct date or live source evidence
SRC_R010B02_TW_TAINAN_BAOWEIZHEN_2024,2024,2024-10-11,2015-2025_platformization,寶味珍宴席,Tainan,Taiwan,Taiwan-side,official_tourism_news,Tainan Travel,https://www.twtainan.net/zh-tw/event/newsdetail/6804/,official_banquet_culture_feature,2024 Tainan Travel article records Baoweizhen banquet lineage and local Tainan banquet innovation with banana rice-cake roll and chrysanthemum scallop,high,Tainan city tourism article gives date and named banquet dishes. Duplicate source-url and artifact-key checked against Round010 overlay before append; one row represents one source artifact.,SRC_R010B02_TW_TAINAN_BAOWEIZHEN_2024,verified,Taiwan-side,發佈日期 2024-10-11；盧正治接手寶味珍宴席，專精地方風味料理，報導列菊花干貝與家傳香蕉米糕捲，並說其結合在地鳳梨、秈米、竹筍與釋迦等創意料理。,菊花干貝;香蕉米糕捲;鳳梨竹筍宴,臺南;辦桌菜;地方風土宴,,,https://www.twtainan.net/zh-tw/event/newsdetail/6804/,892b9c55e876ec28,SRC_R010B02_TW_TAINAN_BAOWEIZHEN_2024,1,0.9000,0.1000,1,寶味珍宴席,secondary,0.7000,official municipal or Michelin source with direct date or live source evidence
SRC_R010B02_TW_TAINAN_SHIJIA_2024_02,2024,2024-03-29,2015-2025_platformization,施家班餐飲宴席,Tainan,Taiwan,Taiwan-side,official_tourism_news,Tainan Travel,https://www.twtainan.net/zh-tw/event/newsdetail/6411/,official_banquet_culture_feature,2024 Tainan Travel article documents five-generation Shijia Ban catering lineage and Tainan banquet modernization,high,"Tainan city tourism article has source date, generational evidence, and banquet-cuisine framing. Duplicate source-url and artifact-key checked against Round010 overlay before append; one row represents one source artifact.",SRC_R010B02_TW_TAINAN_SHIJIA_2024_02,verified,Taiwan-side,發佈日期 2024-03-29；施家班餐飲宴席自第一代起已五代、上百年歷史，2015年拓展至玄饌宴會館，報導說其以經典手路菜、戶外辦桌與喜宴市場延續味道。,經典手路菜;喜宴;辦桌,臺南;辦桌師傅;臺南400,,,https://www.twtainan.net/zh-tw/event/newsdetail/6411/,4ce5f778fe5591e7,SRC_R010B02_TW_TAINAN_SHIJIA_2024_02,1,0.9000,0.1000,1,施家班餐飲宴席,secondary,0.7000,official municipal or Michelin source with direct date or live source evidence
SRC_R010B02_TW_TAINAN_LIWAN_2024,2024,2024-08-23,2015-2025_platformization,李萬辦桌宴席,Tainan,Taiwan,Taiwan-side,official_tourism_news,Tainan Travel,https://www.twtainan.net/zh-tw/event/newsdetail/6696/,official_banquet_culture_feature,2024 Tainan Travel article records Li Wan banquet cooking as Taiwanese food culture with symbolic pork-leg and fried-vinegar-shrimp dishes,high,Tainan city tourism article has publication date and direct Taiwanese food-culture framing. Duplicate source-url and artifact-key checked against Round010 overlay before append; one row represents one source artifact.,SRC_R010B02_TW_TAINAN_LIWAN_2024,verified,Taiwan-side,發佈日期 2024-08-23；阿萬師李萬從事餐飲超過五十年，報導說吃進嘴裡的不僅是盛宴，更是臺灣數百年的飲食文化，並列豬腳、封肉與南靖封雞等宴席菜。,豬腳;封肉;南靖封雞;炸醋蝦,臺灣飲食文化;臺南辦桌;宴席,,,https://www.twtainan.net/zh-tw/event/newsdetail/6696/,575712da5e633e79,SRC_R010B02_TW_TAINAN_LIWAN_2024,1,0.9000,0.1000,1,李萬辦桌宴席,secondary,0.7000,official municipal or Michelin source with direct date or live source evidence
SRC_R010B02_TW_TAINAN_XIQING_2024_08,2024,2024-05-24,2015-2025_platformization,喜慶宴席料理,Tainan,Taiwan,Taiwan-side,official_tourism_news,Tainan Travel,https://www.twtainan.net/zh-tw/event/newsdetail/6499/,official_banquet_culture_feature,2024 Tainan Travel article documents Xiqing banquet founder from Guiren catering family and Tainan banquet lineage,medium,Separate Tainan city tourism artifact from the later Xiqing feature; source date and banquet lineage evidence are explicit. Duplicate source-url and artifact-key checked against Round010 overlay before append; one row represents one source artifact.,SRC_R010B02_TW_TAINAN_XIQING_2024_08,probable,Taiwan-side,發佈日期 2024-05-24；喜慶宴席料理創辦人施宗泰出身歸仁辦桌世家，自祖父從事飲食業起歷經多代，報導介紹臺南辦桌師傅並邀請民眾品味在地師傅廚藝。,喜慶宴席;辦桌;手路菜,臺南;辦桌師傅;總鋪師故鄉,,,https://www.twtainan.net/zh-tw/event/newsdetail/6499/,d6954e84350bbf1d,SRC_R010B02_TW_TAINAN_XIQING_2024_08,1,0.9000,0.1000,1,喜慶宴席料理,secondary,0.7000,official municipal or Michelin source with direct date or live source evidence
SRC_R010B02_TW_TAINAN_CHENJINMING_2024,2024,2024-08-03,2015-2025_platformization,147食堂陳進明,Tainan,Taiwan,Taiwan-side,official_tourism_news,Tainan Travel,https://www.twtainan.net/zh-tw/event/newsdetail/6621/,official_banquet_culture_feature,2024 Tainan Travel article records Yanshui banquet chef Chen Jinming using local seasonal ingredients and complex banquet dishes,high,Tainan city tourism article has source date and direct local/Taiwanese banquet-cuisine evidence. Duplicate source-url and artifact-key checked against Round010 overlay before append; one row represents one source artifact.,SRC_R010B02_TW_TAINAN_CHENJINMING_2024,verified,Taiwan-side,發佈日期 2024-08-03；鹽水是臺灣舊時第四大城，意麵、豆簽羹、豬頭飯等小吃孕育辦桌師傅陳進明，他以本土時令食材結合做工繁複的手路菜辦宴。,意麵;豆簽羹;豬頭飯;手路菜,臺灣舊時;臺南;本土時令食材,,,https://www.twtainan.net/zh-tw/event/newsdetail/6621/,2375a1253826ebdc,SRC_R010B02_TW_TAINAN_CHENJINMING_2024,1,0.9000,0.1000,1,147食堂陳進明,secondary,0.7000,official municipal or Michelin source with direct date or live source evidence
SRC_R010B02_TW_TAINAN_DONGXIANG_2024,2024,2024-06-28,2015-2025_platformization,東香臺菜海味料理,Tainan,Taiwan,Taiwan-side,official_tourism_news,Tainan Travel,https://www.twtainan.net/zh-tw/event/newsdetail/6553/,official_food_culture_feature,2024 Tainan Travel article identifies Dongxiang as Taiwanese seafood cuisine and first Michelin Bib Taiwanese banquet chef case,high,"Tainan city tourism article has publication date, Michelin context, Taiwanese cuisine name, and chef/banquet evidence. Duplicate source-url and artifact-key checked against Round010 overlay before append; one row represents one source artifact.",SRC_R010B02_TW_TAINAN_DONGXIANG_2024,verified,Taiwan-side,發佈日期 2024-06-28；東香臺菜海味料理入選米其林必比登推介，蔡瑞成以在地食材、綠色辦桌形成特色，報導稱他是第一位獲得米其林必比登推介的臺灣辦桌師傅。,臺菜海味料理;辦桌;健康桌菜,臺菜;臺灣辦桌師傅;臺南,,,https://www.twtainan.net/zh-tw/event/newsdetail/6553/,ee49a9ed8190bfbc,SRC_R010B02_TW_TAINAN_DONGXIANG_2024,1,0.9000,0.1000,1,東香臺菜海味料理,secondary,0.7000,official municipal or Michelin source with direct date or live source evidence
SRC_R010B02_TW_TAINAN_CHEFS_HANDBOOK_2024,2024,2024-12-30,2015-2025_platformization,臺南美食名廚手冊,Tainan,Taiwan,Taiwan-side,official_tourism_news,Tainan Travel,https://www.twtainan.net/zh-tw/event/newsdetail/6988/,official_food_culture_handbook_news,2024 Tainan Travel article records official chefs handbook collecting 22 Tainan banquet and Taiwanese cuisine chefs and signature dishes,high,Tainan city tourism handbook news has date and source-artifact evidence for a named curated set of Taiwanese-cuisine chefs. Duplicate source-url and artifact-key checked against Round010 overlay before append; one row represents one source artifact.,SRC_R010B02_TW_TAINAN_CHEFS_HANDBOOK_2024,verified,Taiwan-side,發佈日期 2024-12-30；臺南美食名廚手冊匯集22位臺南名廚，包括東香臺菜海味料理、阿霞飯店、欣欣餐廳、筑馨居、福樓餐廳、阿美飯店等，報導說招牌料理有古味技藝傳承與多元技法創新。,臺菜海味料理;招牌料理;辦桌,臺南名廚;臺菜;臺南400,,,https://www.twtainan.net/zh-tw/event/newsdetail/6988/,240d7aaffc76c800,SRC_R010B02_TW_TAINAN_CHEFS_HANDBOOK_2024,1,0.9000,0.1000,1,臺南美食名廚手冊,secondary,0.7000,official municipal or Michelin source with direct date or live source evidence
SRC_R010B02_TW_TAINAN_ZONGPUSHI_2025,2025,2025-08-30,2015-2025_platformization,臺南總舖師四季辦桌夏季場,Tainan,Taiwan,Taiwan-side,official_tourism_news,Tainan Travel,https://www.twtainan.net/zh-tw/event/newsdetail/7396/,official_banquet_event_news,2025 Tainan Travel event report records seasonal banquet with Dongxiang Taiwanese cuisine and traditional Tainan banquet dishes,high,Tainan city tourism event report has source date and named Taiwanese banquet dishes and chefs. Duplicate source-url and artifact-key checked against Round010 overlay before append; one row represents one source artifact.,SRC_R010B02_TW_TAINAN_ZONGPUSHI_2025,verified,Taiwan-side,發佈日期 2025-08-30；2025臺南總舖師四季辦桌夏季場由東香台菜大頭師與筑馨居勇伯推出十道手路菜，菜單延續古早辦桌文化並選用虱目魚、白蝦、西瓜綿、菱角、蓮子與臺灣鯛等在地食材。,手路菜;虱目魚;西瓜綿;臺灣鯛,東香台菜;臺南辦桌文化;臺灣味,,,https://www.twtainan.net/zh-tw/event/newsdetail/7396/,36f5304ed6ec2f2c,SRC_R010B02_TW_TAINAN_ZONGPUSHI_2025,1,0.9000,0.1000,1,臺南總舖師四季辦桌夏季場,secondary,0.7000,official municipal or Michelin source with direct date or live source evidence
SRC_R010B02_TW_TAINAN_CHANGYUAN_2024,2024,2024-07-01,2015-2025_platformization,長園新鮮CHILL塩麴美食節,Tainan,Taiwan,Taiwan-side,official_tourism_news,Tainan Travel,https://www.twtainan.net/zh-tw/event/newsdetail/6555/,official_food_event_news,2024 Tainan Travel event report records old Tainan hotel using hand-road cuisine techniques for salt-koji dishes,medium,Tainan city tourism event report has date and hand-road cuisine markers; accepted as lower-weight official event artifact. Duplicate source-url and artifact-key checked against Round010 overlay before append; one row represents one source artifact.,SRC_R010B02_TW_TAINAN_CHANGYUAN_2024,probable,Taiwan-side,發佈日期 2024-07-01；台糖長榮酒店與臺鹽公司推出塩麴美食節，選用塩麴微調料，以手路菜繁複料理技法開發精緻菜餚，並有傳統台菜代表塩麴燒扣肉。,手路菜;塩麴燒扣肉;塩麴海鮮炒飯,台南;傳統台菜;臺鹽,,,https://www.twtainan.net/zh-tw/event/newsdetail/6555/,c8c290be1d0ca66a,SRC_R010B02_TW_TAINAN_CHANGYUAN_2024,1,0.9000,0.1000,1,長園新鮮CHILL塩麴美食節,secondary,0.7000,official municipal or Michelin source with direct date or live source evidence
SRC_R010B02_TW_TAINAN_AHUI_EEL_2022,2022,2022-12-05,2015-2025_platformization,阿輝炒鱔魚,Tainan,Taiwan,Taiwan-side,official_tourism_profile,Tainan Travel,https://www.twtainan.net/zh-tw/shop/consume/1060/,official_shop_profile,2022 Tainan Travel shop profile identifies Ahui fried eel noodles as famous southern Taiwan snack with Tainan old-market lineage,high,"Tainan city tourism profile has updated date, address, dish marker, and southern Taiwan snack framing. Duplicate source-url and artifact-key checked against Round010 overlay before append; one row represents one source artifact.",SRC_R010B02_TW_TAINAN_AHUI_EEL_2022,verified,Taiwan-side,更新日期 2022-12-05；阿輝炒鱔魚傳承父親喜宴辦桌功力，老店位在延平市場，鱔魚是台灣南部知名小吃，招牌鱔魚意麵用油炸意麵、蒜頭、高麗菜與洋蔥大火炒製。,鱔魚意麵;炒鱔魚;油炸意麵,台灣南部小吃;台南;延平市場,,,https://www.twtainan.net/zh-tw/shop/consume/1060/,1eec2fff65f983d9,SRC_R010B02_TW_TAINAN_AHUI_EEL_2022,1,0.9000,0.1000,1,阿輝炒鱔魚,secondary,0.7000,official municipal or Michelin source with direct date or live source evidence
SRC_R010B02_TW_KHH_STREET_SNACKS_2023,2023,2023-07-18,2015-2025_platformization,高雄料理職人口袋美食街頭小吃名單,Kaohsiung,Taiwan,Taiwan-side,official_tourism_news,Kaohsiung Travel,https://khh.travel/zh-tw/event/news/5230/,official_food_list_news,2023 Kaohsiung Travel official street-snack list records rice cakes pork rice eel noodles and milkfish soup as local street foods,high,Kaohsiung city tourism article has date and official list of 108 street snacks with named Taiwanese local dishes. Duplicate source-url and artifact-key checked against Round010 overlay before append; one row represents one source artifact.,SRC_R010B02_TW_KHH_STREET_SNACKS_2023,verified,Taiwan-side,更新日期 2023-07-18；高雄料理職人口袋美食第三波街頭小吃名單，列小暫渡米糕四神湯、菜粽李粽店、輝哥鱔魚花枝麵、老店柏弘肉燥、北港蔡三代筒仔米糕、大溝頂虱目魚米粉湯等。,米糕;肉燥飯;鱔魚花枝麵;虱目魚米粉湯,高雄;街頭小吃;台灣小吃,,,https://khh.travel/zh-tw/event/news/5230/,968ca3cb09b06cc1,SRC_R010B02_TW_KHH_STREET_SNACKS_2023,1,0.9000,0.1000,1,高雄料理職人口袋美食街頭小吃名單,secondary,0.7000,official municipal or Michelin source with direct date or live source evidence
SRC_R010B02_TW_KHH_MICHELIN_2022,2022,2022-08-23,2015-2025_platformization,高雄2022米其林必比登名單,Kaohsiung,Taiwan,Taiwan-side,official_tourism_news,Kaohsiung Travel,https://khh.travel/zh-tw/event/news/4654/,official_michelin_list_news,2022 Kaohsiung Travel official Michelin Bib report records nine Taiwanese-cuisine restaurants and local small-eat shops,high,Kaohsiung city tourism article has date and official Michelin/Bib list with Taiwanese cuisine category. Duplicate source-url and artifact-key checked against Round010 overlay before append; one row represents one source artifact.,SRC_R010B02_TW_KHH_MICHELIN_2022,verified,Taiwan-side,更新日期 2022-08-23；2022米其林必比登推介高雄20間上榜，臺灣菜有牛老大涮牛肉、柏弘肉燥、湖東牛肉、舊市羊肉、老新台菜等9家，小吃包含北港蔡三代筒仔米糕、菜粽李、橋仔頭黃家肉燥飯等。,涮牛肉;肉燥飯;筒仔米糕;菜粽,臺灣菜;高雄;米其林必比登,,,https://khh.travel/zh-tw/event/news/4654/,0cc3d89fc2c55f39,SRC_R010B02_TW_KHH_MICHELIN_2022,1,0.9000,0.1000,1,高雄2022米其林必比登名單,secondary,0.7000,official municipal or Michelin source with direct date or live source evidence
SRC_R010B02_TW_KHH_LOCAL_CHINESE_2023,2023,2023-01-06,2015-2025_platformization,高雄料理職人口袋美食中菜在地菜名單,Kaohsiung,Taiwan,Taiwan-side,official_tourism_news,Kaohsiung Travel,https://khh.travel/zh-tw/event/news/5207/,official_food_list_news,2023 Kaohsiung Travel official local-cuisine list records old-shop Taiwanese cuisine and local home-style dishes,high,Kaohsiung city tourism article has date and Taiwanese-cuisine category entries. Duplicate source-url and artifact-key checked against Round010 overlay before append; one row represents one source artifact.,SRC_R010B02_TW_KHH_LOCAL_CHINESE_2023,verified,Taiwan-side,更新日期 2023-01-06；高雄料理職人口袋美食首波中菜、在地菜名單，入選者含老店台菜新風尚老新台菜、賣塩順台菜正宗台菜、鄧師傅功夫菜、五福台菜海產鵝肉等。,台菜;海產;鵝肉;功夫菜,高雄;台菜;在地菜,,,https://khh.travel/zh-tw/event/news/5207/,ef7acbef1b4ed661,SRC_R010B02_TW_KHH_LOCAL_CHINESE_2023,1,0.9000,0.1000,1,高雄料理職人口袋美食中菜在地菜名單,secondary,0.7000,official municipal or Michelin source with direct date or live source evidence
SRC_R010B02_TW_KHH_MICHELIN_2023,2023,2023-08-24,2015-2025_platformization,高雄2023米其林必比登新增名單,Kaohsiung,Taiwan,Taiwan-side,official_tourism_news,Kaohsiung Travel,https://khh.travel/zh-tw/event/news/5275/,official_michelin_list_news,2023 Kaohsiung Travel official Michelin Bib report records new Kaohsiung rice-cake and sesame-oil rice dishes,high,"Kaohsiung city tourism article has source date, Michelin context, and named local dishes. Duplicate source-url and artifact-key checked against Round010 overlay before append; one row represents one source artifact.",SRC_R010B02_TW_KHH_MICHELIN_2023,verified,Taiwan-side,更新日期 2023-08-24；高雄2023米其林必比登新增9間，報導說北港蔡三代筒仔米糕以陶瓦筒蒸煮，配肉燥醬汁、肉鬆與醬黃瓜，米院子油飯以麻油和老薑製成招牌鴨肉油飯。,筒仔米糕;肉燥醬汁;鴨肉油飯,高雄;米其林必比登;台灣小吃,,,https://khh.travel/zh-tw/event/news/5275/,c29134a516288bb7,SRC_R010B02_TW_KHH_MICHELIN_2023,1,0.9000,0.1000,1,高雄2023米其林必比登新增名單,secondary,0.7000,official municipal or Michelin source with direct date or live source evidence
SRC_R010B02_TW_KHH_YANCHENG_2022,2022,2022-10-11,2015-2025_platformization,高雄鹽埕巷仔內美食,Kaohsiung,Taiwan,Taiwan-side,official_tourism_news,Kaohsiung Travel,https://khh.travel/zh-tw/event/news/5094/,official_food_culture_feature,2022 Kaohsiung Travel Yancheng feature records classic old shops later recognized by Michelin Bib Gourmand,high,"Kaohsiung city tourism article has date, town/corridor evidence, and named old-shop dishes. Duplicate source-url and artifact-key checked against Round010 overlay before append; one row represents one source artifact.",SRC_R010B02_TW_KHH_YANCHENG_2022,verified,Taiwan-side,更新日期 2022-10-11；高雄鹽埕區獲選台灣經典小鎮，報導說鹽埕在地美食包括北港蔡三代筒仔米糕、鄭家切仔麵、鴨肉珍等米其林必比登推介老店。,筒仔米糕;切仔麵;鴨肉飯,台灣經典小鎮;高雄鹽埕;在地美食,,,https://khh.travel/zh-tw/event/news/5094/,fd0d8157bff14e4a,SRC_R010B02_TW_KHH_YANCHENG_2022,1,0.9000,0.1000,1,高雄鹽埕巷仔內美食,secondary,0.7000,official municipal or Michelin source with direct date or live source evidence
SRC_R010B02_KR_BUSAN_BAOHAUS_2026_MICHELIN,2026,2026-06-04,2015-2025_platformization,Bao Haus,Busan,Busan,Korea,michelin_restaurant_page,MICHELIN Guide Korea,https://guide.michelin.com/gb/en/busan-region/busan_1025838/restaurant/bao-haus,professional_guide_listing,2026 Michelin Busan listing classifies Bao Haus as Taiwanese and describes bao lu rou fan mapo tofu and yu xiang eggplant,high,Michelin restaurant page was discoverable with current listing content and accessed for this run; date is access date. Duplicate source-url and artifact-key checked against Round010 overlay before append; one row represents one source artifact.,SRC_R010B02_KR_BUSAN_BAOHAUS_2026_MICHELIN,verified,Korea,"Accessed 2026-06-04; MICHELIN Guide listing for Bao Haus in Busan classifies it as Taiwanese and describes Taiwanese-inspired cooking centered on steamed bao, lu rou fan, mapo tofu and crispy yu-xiang eggplant.",steamed bao;lu rou fan;mapo tofu;yu-xiang eggplant,Taiwanese;Taiwanese-inspired cooking;Busan,,,https://guide.michelin.com/gb/en/busan-region/busan_1025838/restaurant/bao-haus,8007c82c56a0fb31,SRC_R010B02_KR_BUSAN_BAOHAUS_2026_MICHELIN,1,0.9000,0.1000,1,Bao Haus,secondary,0.7000,official municipal or Michelin source with direct date or live source evidence
SRC_R010B02_KR_BUSAN_NIUROU_2026_MICHELIN,2026,2026-06-04,2015-2025_platformization,Niurou mian guan zi,Busan,Busan,Korea,michelin_restaurant_page,MICHELIN Guide Korea,https://guide.michelin.com/us/en/busan-region/busan_1025838/restaurant/niurou-mian-guan-zi,professional_guide_listing,2026 Michelin Busan listing classifies Niurou mian guan zi as Taiwanese with hongshao beef noodles pork chops and Taiwanese beer,high,Michelin restaurant page was discoverable with current listing content and accessed for this run; date is access date. Duplicate source-url and artifact-key checked against Round010 overlay before append; one row represents one source artifact.,SRC_R010B02_KR_BUSAN_NIUROU_2026_MICHELIN,verified,Korea,"Accessed 2026-06-04; MICHELIN Guide listing for Niurou mian guan zi in Busan classifies it as Taiwanese and describes Hongshao Beef Noodles, crispy Taiwanese-style fried pork chops, hongyou chaoshou and Taiwanese beer.",Hongshao Beef Noodles;Taiwanese-style fried pork chops;hongyou chaoshou,Taiwanese;Taiwanese beer;Busan,,,https://guide.michelin.com/us/en/busan-region/busan_1025838/restaurant/niurou-mian-guan-zi,00c4b81e20ed64f7,SRC_R010B02_KR_BUSAN_NIUROU_2026_MICHELIN,1,0.9000,0.1000,1,Niurou mian guan zi,secondary,0.7000,official municipal or Michelin source with direct date or live source evidence
SRC_R010B03_TW_NANTOU_SUIYI_2023_OFFICIAL,2023,2023-06-30,2015-2025_platformization,隨意食堂,Nantou,Taiwan,Taiwan-side,official_open_data,Taiwan Tourism Administration Open Multimedia Data,https://media.taiwan.net.tw/zh-tw/portal/travel/details/restaurant_376480000a_000013,official_restaurant_open_data,2023 Nantou official open-data page classifies Suiyi Shitang as Taiwanese cuisine and describes old-time Taiwanese style bamboo shoots and braised pork,high,"Official Tourism Administration open-data page gives update date, county source, Taiwanese cuisine category and dish description. Duplicate source-url and artifact-key checked against Round010 overlay before append; one row represents one source artifact.",SRC_R010B03_TW_NANTOU_SUIYI_2023_OFFICIAL,verified,Taiwan-side,資料更新日期時間 2023-06-30T17:30:00+08:00；餐飲店家類型：台灣小吃/台菜；在地飄香長達60年的「隨意食堂」，店內料理主要以古早味為風格，招牌筍絲控肉受客人愛戴。,筍絲控肉;古早味料理,台灣小吃/台菜;古早時期的台灣,,,https://media.taiwan.net.tw/zh-tw/portal/travel/details/restaurant_376480000a_000013,0b2cb7d5e60ec1dc,SRC_R010B03_TW_NANTOU_SUIYI_2023_OFFICIAL,1,0.9000,0.1000,1,隨意食堂,secondary,0.7000,official Taiwan Tourism Administration open-data or Michelin-derived tourism source with direct date evidence
SRC_R010B03_TW_NANTOU_KOUFU_2023_OFFICIAL,2023,2023-06-30,2015-2025_platformization,口福小吃部,Nantou,Taiwan,Taiwan-side,official_open_data,Taiwan Tourism Administration Open Multimedia Data,https://media.taiwan.net.tw/zh-tw/portal/travel/details/restaurant_376480000a_000068,official_restaurant_open_data,2023 Nantou official open-data page classifies Koufu as Taiwanese cuisine with old-flavor bamboo-shoot pork and fried chicken,high,"Official page gives update date, source agency and direct dish/category markers. Duplicate source-url and artifact-key checked against Round010 overlay before append; one row represents one source artifact.",SRC_R010B03_TW_NANTOU_KOUFU_2023_OFFICIAL,verified,Taiwan-side,資料更新日期時間 2023-06-30T17:30:00+08:00；餐飲店家類型：台灣小吃/台菜；開業近四十年的「口福小吃部」以快炒小吃為特色，餐點以古早味料理為主，招牌筍干爌肉、酥炸嫩雞肉受饕客喜愛。,筍干爌肉;酥炸嫩雞肉;快炒小吃,台灣小吃/台菜;古早味,,,https://media.taiwan.net.tw/zh-tw/portal/travel/details/restaurant_376480000a_000068,e619fb9a6a9ab192,SRC_R010B03_TW_NANTOU_KOUFU_2023_OFFICIAL,1,0.9000,0.1000,1,口福小吃部,secondary,0.7000,official Taiwan Tourism Administration open-data or Michelin-derived tourism source with direct date evidence
SRC_R010B03_TW_NANTOU_ASEN_2023_OFFICIAL,2023,2023-06-30,2015-2025_platformization,阿森臭豆腐蚵仔麵線,Nantou,Taiwan,Taiwan-side,official_open_data,Taiwan Tourism Administration Open Multimedia Data,https://media.taiwan.net.tw/zh-tw/portal/travel/details/restaurant_376480000a_000078,official_restaurant_open_data,2023 Nantou official open-data page classifies Asen as Taiwanese cuisine and night-market snacks with stinky tofu and oyster vermicelli,high,"Official page gives update date, Taiwanese cuisine/night-market category and concrete dish evidence. Duplicate source-url and artifact-key checked against Round010 overlay before append; one row represents one source artifact.",SRC_R010B03_TW_NANTOU_ASEN_2023_OFFICIAL,verified,Taiwan-side,資料更新日期時間 2023-06-30T17:30:00+08:00；餐飲店家類型：台灣小吃/台菜、夜市小吃；開業超過40年的「阿森臭豆腐蚵仔麵線」以臭豆腐與手工麵線、新鮮蚵仔製成的蚵仔麵線為招牌。,臭豆腐;蚵仔麵線;手工麵線,台灣小吃/台菜;夜市小吃,,,https://media.taiwan.net.tw/zh-tw/portal/travel/details/restaurant_376480000a_000078,5c60952d9ea4b630,SRC_R010B03_TW_NANTOU_ASEN_2023_OFFICIAL,1,0.9000,0.1000,1,阿森臭豆腐蚵仔麵線,secondary,0.7000,official Taiwan Tourism Administration open-data or Michelin-derived tourism source with direct date evidence
SRC_R010B03_TW_NANTOU_XITOU_CUIGU_2023_OFFICIAL,2023,2023-06-30,2015-2025_platformization,溪頭翠谷餐廳,Nantou,Taiwan,Taiwan-side,official_open_data,Taiwan Tourism Administration Open Multimedia Data,https://media.taiwan.net.tw/zh-tw/portal/travel/details/restaurant_376480000a_000074,official_restaurant_open_data,2023 Nantou official page classifies Xitou Cuigu as Taiwanese cuisine and describes mountain produce and wild vegetable dishes,high,"Official page gives update date, Taiwanese cuisine category and named local dish style. Duplicate source-url and artifact-key checked against Round010 overlay before append; one row represents one source artifact.",SRC_R010B03_TW_NANTOU_XITOU_CUIGU_2023_OFFICIAL,verified,Taiwan-side,資料更新日期時間 2023-06-30T17:30:00+08:00；餐飲店家類型：台灣小吃/台菜；至今擁有超過40年歷史的「溪頭翠谷餐廳」，餐點主打山產野菜料理作為招牌。,山產野菜料理;素食飲食,台灣小吃/台菜;南投鹿谷,,,https://media.taiwan.net.tw/zh-tw/portal/travel/details/restaurant_376480000a_000074,de282c382ca90ae3,SRC_R010B03_TW_NANTOU_XITOU_CUIGU_2023_OFFICIAL,1,0.9000,0.1000,1,溪頭翠谷餐廳,secondary,0.7000,official Taiwan Tourism Administration open-data or Michelin-derived tourism source with direct date evidence
SRC_R010B03_TW_NANTOU_SHUILI_LAMB_1971_OFFICIAL,1971,2023-06-30,1946-1987_taiwan_side_formation,水里羊肉王餐廳,Nantou,Taiwan,Taiwan-side,official_open_data,Taiwan Tourism Administration Open Multimedia Data,https://media.taiwan.net.tw/zh-tw/portal/travel/details/restaurant_376480000a_000017,official_restaurant_open_data,1971 Nantou official page records Shuili Lamb King as a Taiwanese cuisine restaurant developing from a street stall with whole-lamb dishes,high,Official page gives direct 1971 founding evidence plus 2023 update date. Duplicate source-url and artifact-key checked against Round010 overlay before append; one row represents one source artifact.,SRC_R010B03_TW_NANTOU_SHUILI_LAMB_1971_OFFICIAL,verified,Taiwan-side,資料更新日期時間 2023-06-30T17:30:00+08:00；餐飲店家類型：台灣小吃/台菜；創立於1971年的「水里羊肉王餐廳」從太平街小攤販遷至現址，以全羊料理為招牌，另有山產、野溪產、日月潭魚。,全羊料理;山產;野溪產;日月潭魚,台灣小吃/台菜;南投水里,,,https://media.taiwan.net.tw/zh-tw/portal/travel/details/restaurant_376480000a_000017,a4db2ea72432bfa5,SRC_R010B03_TW_NANTOU_SHUILI_LAMB_1971_OFFICIAL,1,0.9000,0.1000,1,水里羊肉王餐廳,secondary,0.7000,official Taiwan Tourism Administration open-data or Michelin-derived tourism source with direct date evidence
SRC_R010B03_TW_NANTOU_ROUYUANLI_2023_OFFICIAL,2023,2023-06-30,2015-2025_platformization,肉圓李百年老店,Nantou,Taiwan,Taiwan-side,official_open_data,Taiwan Tourism Administration Open Multimedia Data,https://media.taiwan.net.tw/zh-tw/portal/travel/details/restaurant_376480000a_000034,official_restaurant_open_data,2023 Nantou official page classifies Rouyuan Li as Taiwanese cuisine and describes century-old meatball shop with rice-paste skin,high,"Official page gives update date, Taiwanese cuisine category and dish-specific old-shop evidence. Duplicate source-url and artifact-key checked against Round010 overlay before append; one row represents one source artifact.",SRC_R010B03_TW_NANTOU_ROUYUANLI_2023_OFFICIAL,verified,Taiwan-side,資料更新日期時間 2023-06-30T17:30:00+08:00；餐飲店家類型：台灣小吃/台菜；位於草屯的「肉圓李」已有百年歷史，招牌肉圓外皮使用萊米磨製，另有湯品、肉粽、涼圓、碗粿。,肉圓;肉粽;涼圓;碗粿,台灣小吃/台菜;百年老店,,,https://media.taiwan.net.tw/zh-tw/portal/travel/details/restaurant_376480000a_000034,531a2d73a21e53cf,SRC_R010B03_TW_NANTOU_ROUYUANLI_2023_OFFICIAL,1,0.9000,0.1000,1,肉圓李百年老店,secondary,0.7000,official Taiwan Tourism Administration open-data or Michelin-derived tourism source with direct date evidence
SRC_R010B03_TW_NANTOU_BAZHANG_BEEFNOODLE_2023_OFFICIAL,2023,2023-06-30,2015-2025_platformization,八張牛肉麵,Nantou,Taiwan,Taiwan-side,official_open_data,Taiwan Tourism Administration Open Multimedia Data,https://media.taiwan.net.tw/zh-tw/portal/travel/details/restaurant_376480000a_000014,official_restaurant_open_data,2023 Nantou official page classifies Bazhang Beef Noodle as Taiwanese cuisine with red-braised beef noodles dumplings and side dishes,high,"Official page gives update date, category marker and dish detail. Duplicate source-url and artifact-key checked against Round010 overlay before append; one row represents one source artifact.",SRC_R010B03_TW_NANTOU_BAZHANG_BEEFNOODLE_2023_OFFICIAL,verified,Taiwan-side,資料更新日期時間 2023-06-30T17:30:00+08:00；餐飲店家類型：台灣小吃/台菜；擁有30年歷史的「八張牛肉麵」，招牌牛肉麵使用紅燒湯頭，搭配軟嫩牛肉與圓扁麵條，店內也有水餃、小菜、湯類。,牛肉麵;紅燒湯頭;水餃;小菜,台灣小吃/台菜;家常味,,,https://media.taiwan.net.tw/zh-tw/portal/travel/details/restaurant_376480000a_000014,8c5e88a9ef46c030,SRC_R010B03_TW_NANTOU_BAZHANG_BEEFNOODLE_2023_OFFICIAL,1,0.9000,0.1000,1,八張牛肉麵,secondary,0.7000,official Taiwan Tourism Administration open-data or Michelin-derived tourism source with direct date evidence
SRC_R010B03_TW_TAICHUNG_ZAILAI_2025_MICHELIN_OPEN,2025,2025-08-27,2015-2025_platformization,在來,Taichung,Taiwan,Taiwan-side,official_open_data_michelin,Taiwan Tourism Administration Open Multimedia Data,https://media.taiwan.net.tw/zh-tw/portal/travel/details/restaurant_a15010000h_122309,official_restaurant_open_data,2025 Tourism Administration Michelin-derived page classifies Zailai as Taiwanese cuisine and describes Chiayi rice-cake lineage,high,"Official open-data page edited from Michelin source gives update date, Taiwanese cuisine category and lineage/dish detail. Duplicate source-url and artifact-key checked against Round010 overlay before append; one row represents one source artifact.",SRC_R010B03_TW_TAICHUNG_ZAILAI_2025_MICHELIN_OPEN,verified,Taiwan-side,資料更新日期時間 2025-08-27T00:00:00+08:00；餐飲店家類型：台灣小吃/台菜；「在來」創於2023年，店家是嘉義碗粿老店後代，手藝歷經三代傳承，碗粿以每日研磨米漿蒸製，佐辣炒蘿蔔乾和蒜汁。,碗粿;辣炒蘿蔔乾;蒜汁;黑糖碗粿,台灣小吃/台菜;嘉義老店後代;三代傳承,,,https://media.taiwan.net.tw/zh-tw/portal/travel/details/restaurant_a15010000h_122309,4f7d483d2380b860,SRC_R010B03_TW_TAICHUNG_ZAILAI_2025_MICHELIN_OPEN,1,0.9000,0.1000,1,在來,secondary,0.7000,official Taiwan Tourism Administration open-data or Michelin-derived tourism source with direct date evidence
SRC_R010B03_TW_NANTOU_QILINTAN_2023_OFFICIAL,2023,2023-06-30,2015-2025_platformization,麒麟潭湖濱簡餐,Nantou,Taiwan,Taiwan-side,official_open_data,Taiwan Tourism Administration Open Multimedia Data,https://media.taiwan.net.tw/zh-tw/portal/travel/details/restaurant_376480000a_000061,official_restaurant_open_data,2023 Nantou official page classifies Qilintan as Taiwanese cuisine with tea-oil chicken bamboo-shoot pork and bamboo-shoot egg dishes,high,"Official page gives update date, category and listed signature dishes. Duplicate source-url and artifact-key checked against Round010 overlay before append; one row represents one source artifact.",SRC_R010B03_TW_NANTOU_QILINTAN_2023_OFFICIAL,verified,Taiwan-side,資料更新日期時間 2023-06-30T17:30:00+08:00；餐飲店家類型：台灣小吃/台菜；餐點以經典中式料理為主軸，招牌菜有茶油雞、竹筍爌肉、醬筍蛋等。,茶油雞;竹筍爌肉;醬筍蛋,台灣小吃/台菜;南投鹿谷,,,https://media.taiwan.net.tw/zh-tw/portal/travel/details/restaurant_376480000a_000061,223b6401a9a107c8,SRC_R010B03_TW_NANTOU_QILINTAN_2023_OFFICIAL,1,0.9000,0.1000,1,麒麟潭湖濱簡餐,secondary,0.7000,official Taiwan Tourism Administration open-data or Michelin-derived tourism source with direct date evidence
SRC_R010B03_TW_CHANGHUA_SHANHAIZHEN_2023_OFFICIAL,2023,2023-02-18,2015-2025_platformization,山海珍羊肉店,Changhua,Taiwan,Taiwan-side,official_open_data,Taiwan Tourism Administration Open Multimedia Data,https://media.taiwan.net.tw/zh-tw/portal/travel/details/restaurant_376470000a_000195,official_restaurant_open_data,2023 Changhua official page classifies Shanhaizhen as Taiwanese cuisine and describes lamb hot pot and lamb jelly,high,"Official page gives update date, county source and dish evidence. Duplicate source-url and artifact-key checked against Round010 overlay before append; one row represents one source artifact.",SRC_R010B03_TW_CHANGHUA_SHANHAIZHEN_2023_OFFICIAL,verified,Taiwan-side,資料更新日期時間 2023-02-18T13:21:47+08:00；餐飲店家類型：台灣小吃/台菜；山海珍羊肉店店內羊肉爐肉質新鮮，另有特殊羊肉凍料理，切成薄片滋味美妙。,羊肉爐;羊肉凍;羊肉湯,台灣小吃/台菜;彰化福興,,,https://media.taiwan.net.tw/zh-tw/portal/travel/details/restaurant_376470000a_000195,c599401ebda656e9,SRC_R010B03_TW_CHANGHUA_SHANHAIZHEN_2023_OFFICIAL,1,0.9000,0.1000,1,山海珍羊肉店,secondary,0.7000,official Taiwan Tourism Administration open-data or Michelin-derived tourism source with direct date evidence
SRC_R010B03_TW_NANTOU_JINZHUWEI_2023_OFFICIAL,2023,2023-06-30,2015-2025_platformization,金竹味餐廳,Nantou,Taiwan,Taiwan-side,official_open_data,Taiwan Tourism Administration Open Multimedia Data,https://media.taiwan.net.tw/zh-tw/portal/travel/details/restaurant_376480000a_000080,official_restaurant_open_data,2023 Nantou official page classifies Jin Zhu Wei as Taiwanese cuisine with Zhushan bamboo-shoot and kiln chicken banquet dishes,high,"Official page gives update date, Taiwanese cuisine category and signature dish. Duplicate source-url and artifact-key checked against Round010 overlay before append; one row represents one source artifact.",SRC_R010B03_TW_NANTOU_JINZHUWEI_2023_OFFICIAL,verified,Taiwan-side,資料更新日期時間 2023-06-30T17:30:00+08:00；餐飲店家類型：台灣小吃/台菜；結合竹山在地特產竹筍與甕窯雞，料理出招牌菜「發財爆料雞」，餐廳亦適合婚宴喜慶。,發財爆料雞;竹筍;甕窯雞,台灣小吃/台菜;竹山在地特產,,,https://media.taiwan.net.tw/zh-tw/portal/travel/details/restaurant_376480000a_000080,1600a95a877dcb84,SRC_R010B03_TW_NANTOU_JINZHUWEI_2023_OFFICIAL,1,0.9000,0.1000,1,金竹味餐廳,secondary,0.7000,official Taiwan Tourism Administration open-data or Michelin-derived tourism source with direct date evidence
SRC_R010B03_TW_MATSU_XIEHE_1976_OFFICIAL,1976,2026-03-10,1946-1987_taiwan_side_formation,發師傅 協和食品行,Lienchiang,Taiwan,Taiwan-side,official_open_data,Taiwan Tourism Administration Open Multimedia Data,https://media.taiwan.net.tw/zh-tw/portal/travel/details/restaurant_a15010500h_002856,official_restaurant_open_data,1976 Matsu official open-data page classifies Xiehe Foods as Taiwanese cuisine and describes Matsu pastries and traditional foods,high,Official Matsu National Scenic Area page gives direct 1976 founding evidence and 2026 update date. Duplicate source-url and artifact-key checked against Round010 overlay before append; one row represents one source artifact.,SRC_R010B03_TW_MATSU_XIEHE_1976_OFFICIAL,verified,Taiwan-side,資料更新日期時間 2026-03-10T15:29:54+08:00；餐飲店家類型：台灣小吃/台菜；協和食品行創立於1976年，於北竿塘岐延續馬祖傳統美食，包括馬祖酥、芙蓉酥、蘿蔔絲餅、黃金地瓜餃與婚慶禮餅。,馬祖酥;芙蓉酥;蘿蔔絲餅;黃金地瓜餃,台灣小吃/台菜;馬祖傳統美食,,,https://media.taiwan.net.tw/zh-tw/portal/travel/details/restaurant_a15010500h_002856,e2de13deede5cbdc,SRC_R010B03_TW_MATSU_XIEHE_1976_OFFICIAL,1,0.9000,0.1000,1,發師傅 協和食品行,secondary,0.7000,official Taiwan Tourism Administration open-data or Michelin-derived tourism source with direct date evidence
SRC_R010B03_TW_TAINAN_SANHAO_DUCK_1949_MICHELIN_OPEN,1949,2025-08-27,1946-1987_taiwan_side_formation,三好一公道當歸鴨,Tainan,Taiwan,Taiwan-side,official_open_data_michelin,Taiwan Tourism Administration Open Multimedia Data,https://media.taiwan.net.tw/zh-tw/portal/travel/details/restaurant_a15010000h_122305,official_restaurant_open_data,1949 Tainan Tourism Administration Michelin-derived page classifies Sanhao duck shop as Taiwanese cuisine and Bib Gourmand,high,"Official open-data page gives 1949 opening evidence, update date and Michelin/Bib source marker. Duplicate source-url and artifact-key checked against Round010 overlay before append; one row represents one source artifact.",SRC_R010B03_TW_TAINAN_SANHAO_DUCK_1949_MICHELIN_OPEN,verified,Taiwan-side,資料更新日期時間 2025-08-27T00:00:00+08:00；餐飲店家類型：台灣小吃/台菜；小店於1949年開業，以當歸鴨麵線聞名，當歸鴨腿麵線最受歡迎；湯頭以當歸、甘草熬煮，搭配紅麵線。,當歸鴨麵線;當歸鴨腿麵線;紅麵線,台灣小吃/台菜;臺南;米其林指南必比登推薦,,,https://media.taiwan.net.tw/zh-tw/portal/travel/details/restaurant_a15010000h_122305,451b322b0e12ea6a,SRC_R010B03_TW_TAINAN_SANHAO_DUCK_1949_MICHELIN_OPEN,1,0.9000,0.1000,1,三好一公道當歸鴨,secondary,0.7000,official Taiwan Tourism Administration open-data or Michelin-derived tourism source with direct date evidence
SRC_R010B03_TW_TAINAN_TIANHOU_2025_MICHELIN_OPEN,2025,2025-08-27,2015-2025_platformization,添厚,Tainan,Taiwan,Taiwan-side,official_open_data_michelin,Taiwan Tourism Administration Open Multimedia Data,https://media.taiwan.net.tw/zh-tw/portal/travel/details/restaurant_a15010000h_122307,official_restaurant_open_data,2025 Tainan Tourism Administration Michelin-derived page classifies Tianhou as Taiwanese cuisine with homestyle Taiwanese dishes and squid conch garlic soup,high,"Official Michelin-derived open-data page gives update date, Taiwanese cuisine category and dish detail. Duplicate source-url and artifact-key checked against Round010 overlay before append; one row represents one source artifact.",SRC_R010B03_TW_TAINAN_TIANHOU_2025_MICHELIN_OPEN,verified,Taiwan-side,資料更新日期時間 2025-08-27T00:00:00+08:00；餐飲店家類型：台灣小吃/台菜；其家常臺菜精緻細膩，如金銀蛋時蔬；經典湯品魷魚螺肉蒜料好實在，另有自製菊花茶。,金銀蛋時蔬;魷魚螺肉蒜;菊花茶,台灣小吃/台菜;家常臺菜;臺南,,,https://media.taiwan.net.tw/zh-tw/portal/travel/details/restaurant_a15010000h_122307,2d5f761b51609f18,SRC_R010B03_TW_TAINAN_TIANHOU_2025_MICHELIN_OPEN,1,0.9000,0.1000,1,添厚,secondary,0.7000,official Taiwan Tourism Administration open-data or Michelin-derived tourism source with direct date evidence
SRC_R010B03_TW_TAIPEI_DAQIAOTOU_RICECAKE_1973_OPEN,1973,2025-08-27,1946-1987_taiwan_side_formation,大橋頭老牌筒仔米糕 (延平北路),Taipei,Taiwan,Taiwan-side,official_open_data_michelin,Taiwan Tourism Administration Open Multimedia Data,https://media.taiwan.net.tw/en-us/portal/travel/details/restaurant_a15010000h_122624,official_restaurant_open_data,1973 Taipei Tourism Administration Michelin-derived page classifies Daqiaotou as Taiwanese cuisine and describes tube rice cake and oyster soup,high,"Official open-data page gives direct 1973 founding evidence, update date and dish evidence. Duplicate source-url and artifact-key checked against Round010 overlay before append; one row represents one source artifact.",SRC_R010B03_TW_TAIPEI_DAQIAOTOU_RICECAKE_1973_OPEN,verified,Taiwan-side,資料更新日期時間 2025-08-27T00:00:00+08:00；餐飲店家類型：台灣小吃/台菜；創立於1973年，第三代接手供應筒仔米糕，選用圓糯米並佐甜辣醬、辣蘿蔔醬；另有鮮蚵湯。,筒仔米糕;鮮蚵湯;甜辣醬;辣蘿蔔醬,台灣小吃/台菜;臺北夜市;米其林指南必比登推薦,,,https://media.taiwan.net.tw/en-us/portal/travel/details/restaurant_a15010000h_122624,cb36efd03d05ede1,SRC_R010B03_TW_TAIPEI_DAQIAOTOU_RICECAKE_1973_OPEN,1,0.9000,0.1000,1,大橋頭老牌筒仔米糕 (延平北路),secondary,0.7000,official Taiwan Tourism Administration open-data or Michelin-derived tourism source with direct date evidence
SRC_R010B03_TW_TAIPEI_SANJIU_2025_MICHELIN_OPEN,2025,2025-08-27,2015-2025_platformization,叁酒弍沏,Taipei,Taiwan,Taiwan-side,official_open_data_michelin,Taiwan Tourism Administration Open Multimedia Data,https://media.taiwan.net.tw/zh-tw/portal/travel/details/restaurant_a15010000h_122310,official_restaurant_open_data,2025 Taipei Tourism Administration Michelin-derived page classifies 3927 as Taiwanese cuisine with reinterpreted traditional Taiwanese dishes,high,"Official open-data page gives update date, Taiwanese cuisine category and Taiwaneseness reinterpretation marker. Duplicate source-url and artifact-key checked against Round010 overlay before append; one row represents one source artifact.",SRC_R010B03_TW_TAIPEI_SANJIU_2025_MICHELIN_OPEN,verified,Taiwan-side,資料更新日期時間 2025-08-27T00:00:00+08:00；餐飲店家類型：台灣小吃/台菜；主廚具備臺菜經歷，擅長以各國食材和料理技法重新詮釋傳統臺菜。,傳統臺菜;餐酒饗宴;調酒,台灣小吃/台菜;重新詮釋傳統臺菜,,,https://media.taiwan.net.tw/zh-tw/portal/travel/details/restaurant_a15010000h_122310,e3df63652d731829,SRC_R010B03_TW_TAIPEI_SANJIU_2025_MICHELIN_OPEN,1,0.9000,0.1000,1,叁酒弍沏,secondary,0.7000,official Taiwan Tourism Administration open-data or Michelin-derived tourism source with direct date evidence
SRC_R010B03_TW_NEWTAIPEI_ABBA_TARO_2025_OPEN,2025,2025-08-27,2015-2025_platformization,阿爸の芋圓,New Taipei,Taiwan,Taiwan-side,official_open_data_michelin,Taiwan Tourism Administration Open Multimedia Data,https://media.taiwan.net.tw/zh-tw/portal/travel/details/restaurant_a15010000h_122458,official_restaurant_open_data,2025 Tourism Administration Michelin-derived page classifies Abba taro balls as Taiwanese cuisine with taro ball desserts and sugarcane ice,high,"Official open-data page gives update date, Taiwanese cuisine category and dish detail. Duplicate source-url and artifact-key checked against Round010 overlay before append; one row represents one source artifact.",SRC_R010B03_TW_NEWTAIPEI_ABBA_TARO_2025_OPEN,verified,Taiwan-side,資料更新日期時間 2025-08-27T00:00:00+08:00；餐飲店家類型：台灣小吃/台菜；甜點店招牌芋圓由店家親自製作，推薦芋見泥蔗片冰，芋圓配搭芋泥、蔗片冰，也有紅豆湯。,芋圓;芋泥;蔗片冰;紅豆湯,台灣小吃/台菜;米其林指南必比登推薦,,,https://media.taiwan.net.tw/zh-tw/portal/travel/details/restaurant_a15010000h_122458,b103caff16302a3c,SRC_R010B03_TW_NEWTAIPEI_ABBA_TARO_2025_OPEN,1,0.9000,0.1000,1,阿爸の芋圓,secondary,0.7000,official Taiwan Tourism Administration open-data or Michelin-derived tourism source with direct date evidence
SRC_R010B03_TW_TAIPEI_SHINYEH_ZHONGCAI_2025_OPEN,2025,2025-08-27,2015-2025_platformization,欣葉 鐘菜,Taipei,Taiwan,Taiwan-side,official_open_data_michelin,Taiwan Tourism Administration Open Multimedia Data,https://media.taiwan.net.tw/zh-tw/portal/travel/details/restaurant_a15010000h_122302,official_restaurant_open_data,2025 Taipei Tourism Administration Michelin-derived page classifies Shinyeh Zhongcai as Taiwanese cuisine with banquet dishes and 1970s shrimp dish,high,"Official open-data page gives update date, Taiwanese cuisine category and Michelin one-star marker. Duplicate source-url and artifact-key checked against Round010 overlay before append; one row represents one source artifact.",SRC_R010B03_TW_TAIPEI_SHINYEH_ZHONGCAI_2025_OPEN,verified,Taiwan-side,資料更新日期時間 2025-08-27T00:00:00+08:00；餐飲店家類型：台灣小吃/台菜；菜單涵蓋過百道菜餚，以宴客菜為主，例如源於七十年代的鯉魚大蝦；另有集團經典菜色與杏仁花生豆腐。,鯉魚大蝦;宴客菜;杏仁花生豆腐,台灣小吃/台菜;宴客菜;米其林指南一星,,,https://media.taiwan.net.tw/zh-tw/portal/travel/details/restaurant_a15010000h_122302,c43434dd93fc99f8,SRC_R010B03_TW_TAIPEI_SHINYEH_ZHONGCAI_2025_OPEN,1,0.9000,0.1000,1,欣葉 鐘菜,secondary,0.7000,official Taiwan Tourism Administration open-data or Michelin-derived tourism source with direct date evidence
SRC_R010B03_TW_TAIPEI_XIONGJI_SCALLION_2024_OPEN,2024,2024-09-04,2015-2025_platformization,雄記蔥抓餅,Taipei,Taiwan,Taiwan-side,official_open_data_michelin,Taiwan Tourism Administration Open Multimedia Data,https://media.taiwan.net.tw/en-us/portal/travel/details/restaurant_a15010000h_103322,official_restaurant_open_data,2024 Taipei Tourism Administration Michelin-derived page classifies Xiongji as Taiwanese cuisine with scallion pancake honey mustard and basil,high,"Official open-data page gives update date, Taiwanese cuisine category and concrete snack description. Duplicate source-url and artifact-key checked against Round010 overlay before append; one row represents one source artifact.",SRC_R010B03_TW_TAIPEI_XIONGJI_SCALLION_2024_OPEN,verified,Taiwan-side,資料更新日期時間 2024-09-04T00:00:00+08:00；餐飲店家類型：台灣小吃/台菜；蔥抓餅餅皮外脆內嫩，搭配特製蜂蜜芥末醬和九層塔，香味四溢。,蔥抓餅;蜂蜜芥末醬;九層塔,台灣小吃/台菜;公館夜市;米其林指南必比登推薦,,,https://media.taiwan.net.tw/en-us/portal/travel/details/restaurant_a15010000h_103322,98e5837af4bd2534,SRC_R010B03_TW_TAIPEI_XIONGJI_SCALLION_2024_OPEN,1,0.9000,0.1000,1,雄記蔥抓餅,secondary,0.7000,official Taiwan Tourism Administration open-data or Michelin-derived tourism source with direct date evidence
SRC_R010B03_TW_CHANGHUA_OYSTER_AREN_2022_OFFICIAL,2022,2022-09-02,2015-2025_platformization,蚵ㄚ仁,Changhua,Taiwan,Taiwan-side,official_open_data,Taiwan Tourism Administration Open Multimedia Data,https://media.taiwan.net.tw/zh-tw/portal/travel/details/restaurant_376470000a_000229,official_restaurant_open_data,2022 Changhua official open-data page classifies Ke-a-ren as Taiwanese cuisine and describes oyster soup oyster vermicelli oyster porridge and lu rou fan,high,"Official page gives update date, Taiwanese cuisine category and dish evidence. Duplicate source-url and artifact-key checked against Round010 overlay before append; one row represents one source artifact.",SRC_R010B03_TW_CHANGHUA_OYSTER_AREN_2022_OFFICIAL,verified,Taiwan-side,資料更新日期時間 2022-09-02T13:48:54+08:00；餐飲店家類型：台灣小吃/台菜；蚵ㄚ仁的材料主要蚵仔，蚵仔湯採用新鮮蚵仔加蕃薯粉下水煮；另有蚵仔麵線、蚵仔粥、蚵仔酥、滷肉飯。,蚵仔湯;蚵仔麵線;蚵仔粥;蚵仔酥;滷肉飯,台灣小吃/台菜;彰化王功蚵仔,,,https://media.taiwan.net.tw/zh-tw/portal/travel/details/restaurant_376470000a_000229,43844663176717a6,SRC_R010B03_TW_CHANGHUA_OYSTER_AREN_2022_OFFICIAL,1,0.9000,0.1000,1,蚵ㄚ仁,secondary,0.7000,official Taiwan Tourism Administration open-data or Michelin-derived tourism source with direct date evidence
SRC_R010B03_TW_CHANGHUA_DALU_BEEFNOODLE_2023_OFFICIAL,2023,2023-02-16,2015-2025_platformization,大陸牛肉麵,Changhua,Taiwan,Taiwan-side,official_open_data,Taiwan Tourism Administration Open Multimedia Data,https://media.taiwan.net.tw/zh-tw/portal/travel/details/restaurant_376470000a_000284,official_restaurant_open_data,2023 Changhua official page classifies Dalu Beef Noodle as Taiwanese cuisine with beef noodles side dishes and chili sauce,high,"Official page gives update date, category and concrete dish/condiment markers. Duplicate source-url and artifact-key checked against Round010 overlay before append; one row represents one source artifact.",SRC_R010B03_TW_CHANGHUA_DALU_BEEFNOODLE_2023_OFFICIAL,verified,Taiwan-side,資料更新日期時間 2023-02-16T13:23:14+08:00；餐飲店家類型：台灣小吃/台菜；店內牛肉麵知名，小菜如豆乾、泡菜、滷大腸、鴨頭，另有辣椒醬與自製辣醬。,牛肉麵;豆乾;泡菜;滷大腸;辣椒醬,台灣小吃/台菜;彰化秀水,,,https://media.taiwan.net.tw/zh-tw/portal/travel/details/restaurant_376470000a_000284,52ec2466d6f0a770,SRC_R010B03_TW_CHANGHUA_DALU_BEEFNOODLE_2023_OFFICIAL,1,0.9000,0.1000,1,大陸牛肉麵,secondary,0.7000,official Taiwan Tourism Administration open-data or Michelin-derived tourism source with direct date evidence
SRC_R010B03_TW_NANTOU_LAOHU_2023_OFFICIAL,2023,2023-06-30,2015-2025_platformization,老胡麵館,Nantou,Taiwan,Taiwan-side,official_open_data,Taiwan Tourism Administration Open Multimedia Data,https://media.taiwan.net.tw/zh-tw/portal/travel/details/restaurant_376480000a_000001,official_restaurant_open_data,2023 Nantou official page classifies Lao Hu as Taiwanese cuisine with old-flavor rice cake meatballs and tofu pudding,high,"Official page gives update date, category and traditional dish markers. Duplicate source-url and artifact-key checked against Round010 overlay before append; one row represents one source artifact.",SRC_R010B03_TW_NANTOU_LAOHU_2023_OFFICIAL,verified,Taiwan-side,資料更新日期時間 2023-06-30T17:30:00+08:00；餐飲店家類型：台灣小吃/台菜；古早味碗粿是南投市經典美食，另有涼圓、肉圓、豆花，都是以傳統方式製作。,碗粿;涼圓;肉圓;豆花,台灣小吃/台菜;古早味;傳統方式,,,https://media.taiwan.net.tw/zh-tw/portal/travel/details/restaurant_376480000a_000001,45282c4635d6fe89,SRC_R010B03_TW_NANTOU_LAOHU_2023_OFFICIAL,1,0.9000,0.1000,1,老胡麵館,secondary,0.7000,official Taiwan Tourism Administration open-data or Michelin-derived tourism source with direct date evidence
SRC_R010B03_TW_NANTOU_QIAOTOUBIAN_ROUYUAN_2023_OFFICIAL,2023,2023-06-30,2015-2025_platformization,橋頭邊肉圓,Nantou,Taiwan,Taiwan-side,official_open_data,Taiwan Tourism Administration Open Multimedia Data,https://media.taiwan.net.tw/en-us/portal/travel/details/restaurant_376480000a_000007,official_restaurant_open_data,2023 Nantou official page classifies Qiaotoubian Rouyuan as Taiwanese cuisine with third-generation meatballs and old-flavor pork-oil aroma,high,"Official page gives update date, Taiwanese cuisine category and multi-generation dish evidence. Duplicate source-url and artifact-key checked against Round010 overlay before append; one row represents one source artifact.",SRC_R010B03_TW_NANTOU_QIAOTOUBIAN_ROUYUAN_2023_OFFICIAL,verified,Taiwan-side,資料更新日期時間 2023-06-30T17:30:00+08:00；餐飲店家類型：台灣小吃/台菜；橋頭邊肉圓由第一代廖阿嬤攤車開始，至今傳至第三代，肉圓以糯米、在來米和地瓜粉製作，餡用溫體豬並有古早味豬油香。,肉圓;糯米;在來米;地瓜粉;溫體豬,台灣小吃/台菜;古早味;第三代,,,https://media.taiwan.net.tw/en-us/portal/travel/details/restaurant_376480000a_000007,af5a7974537e336a,SRC_R010B03_TW_NANTOU_QIAOTOUBIAN_ROUYUAN_2023_OFFICIAL,1,0.9000,0.1000,1,橋頭邊肉圓,secondary,0.7000,official Taiwan Tourism Administration open-data or Michelin-derived tourism source with direct date evidence
SRC_R010B03_TW_NANTOU_TAIWAN_SNACKS_2023_OFFICIAL,2023,2023-06-30,2015-2025_platformization,台灣小吃,Nantou,Taiwan,Taiwan-side,official_open_data,Taiwan Tourism Administration Open Multimedia Data,https://media.taiwan.net.tw/en-us/portal/travel/details/restaurant_376480000a_000090,official_restaurant_open_data,2023 Nantou official page classifies a shop named Taiwan Snacks as Taiwanese cuisine with lu rou fan yi noodles and braised foods,high,"Official page gives update date, exact Taiwan-snack category and dish markers. Duplicate source-url and artifact-key checked against Round010 overlay before append; one row represents one source artifact.",SRC_R010B03_TW_NANTOU_TAIWAN_SNACKS_2023_OFFICIAL,verified,Taiwan-side,資料更新日期時間 2023-06-30T17:30:00+08:00；餐飲店家類型：台灣小吃/台菜；「台灣小吃」主要販賣經典的台灣小吃菜色，像是滷肉飯、意麵、滷味等。,滷肉飯;意麵;滷味,台灣小吃/台菜;經典的台灣小吃,,,https://media.taiwan.net.tw/en-us/portal/travel/details/restaurant_376480000a_000090,91363a0a686d2cd8,SRC_R010B03_TW_NANTOU_TAIWAN_SNACKS_2023_OFFICIAL,1,0.9000,0.1000,1,台灣小吃,secondary,0.7000,official Taiwan Tourism Administration open-data or Michelin-derived tourism source with direct date evidence
SRC_R010B03_TW_NANTOU_MAZU_TEMPLE_RICECAKE_2023_OFFICIAL,2023,2023-06-30,2015-2025_platformization,媽祖廟口米糕,Nantou,Taiwan,Taiwan-side,official_open_data,Taiwan Tourism Administration Open Multimedia Data,https://media.taiwan.net.tw/en-us/portal/travel/details/restaurant_376480000a_000085,official_restaurant_open_data,2023 Nantou official page classifies Mazu Temple rice cake as Taiwanese cuisine with rice cake fried shallots pickled mustard and meat soup,high,"Official page gives update date, Taiwanese cuisine category and local food markers. Duplicate source-url and artifact-key checked against Round010 overlay before append; one row represents one source artifact.",SRC_R010B03_TW_NANTOU_MAZU_TEMPLE_RICECAKE_2023_OFFICIAL,verified,Taiwan-side,資料更新日期時間 2023-06-30T17:30:00+08:00；餐飲店家類型：台灣小吃/台菜；位在竹山老街媽祖廟前的廟口米糕，米糕裡花生香氣搭配油蔥酥及酸菜，另販賣乾麵、肉羹湯等小吃。,米糕;油蔥酥;酸菜;乾麵;肉羹湯,台灣小吃/台菜;竹山道地好味道,,,https://media.taiwan.net.tw/en-us/portal/travel/details/restaurant_376480000a_000085,2d5867e38b19fab4,SRC_R010B03_TW_NANTOU_MAZU_TEMPLE_RICECAKE_2023_OFFICIAL,1,0.9000,0.1000,1,媽祖廟口米糕,secondary,0.7000,official Taiwan Tourism Administration open-data or Michelin-derived tourism source with direct date evidence
SRC_R010B04_TW_376440000A_000397_OFFICIAL,2025,2025-05-09,2015-2025_platformization,劉大叔肉圓,竹北市,Taiwan,Taiwan-side,official_open_data,Taiwan Tourism Administration Open Multimedia Data,https://media.taiwan.net.tw/zh-tw/portal/travel/details/restaurant_376440000a_000397,official_restaurant_open_data,2025 official open-data page classifies 劉大叔肉圓 as 台灣小吃/台菜（Taiwanese Cuisine） with markers 肉圓; 小吃; 台菜; Taiwanese Cuisine,high,"Official Tourism Administration open-data page gives update date, local government source, restaurant category and direct marker evidence. Duplicate source-url and artifact-key checked against Round010 overlay before append; one row represents one source artifact. TLS certificate validation was relaxed for metadata fetch because local Python rejected the site certificate, while the exact public URL is browser/web accessible.",SRC_R010B04_TW_376440000A_000397_OFFICIAL,verified,Taiwan-side,資料更新日期時間 2025-05-09T06:42:56+08:00；餐飲店家類型：台灣小吃/台菜（Taiwanese Cuisine）；劉大叔肉圓；台灣小吃/台菜（Taiwanese Cuisine）,肉圓;小吃;台菜;Taiwanese Cuisine,台灣小吃/台菜;Taiwanese Cuisine;台菜;Taiwan,,,https://media.taiwan.net.tw/zh-tw/portal/travel/details/restaurant_376440000a_000397,0786082105133b52,SRC_R010B04_TW_376440000A_000397_OFFICIAL,1,0.9000,0.1000,1,劉大叔肉圓,secondary,0.7000,official Taiwan Tourism Administration open-data source with direct date evidence
SRC_R010B04_TW_376440000A_000485_OFFICIAL,2025,2025-05-29,2015-2025_platformization,包Sir牛肉麵餃子館,竹東鎮,Taiwan,Taiwan-side,official_open_data,Taiwan Tourism Administration Open Multimedia Data,https://media.taiwan.net.tw/zh-tw/portal/travel/details/restaurant_376440000a_000485,official_restaurant_open_data,2025 official open-data page classifies 包Sir牛肉麵餃子館 as 台灣小吃/台菜（Taiwanese Cuisine）; 牛肉麵（Beef Noodle Soup） with markers 牛肉麵; 餃子; 小吃; 台菜,high,"Official Tourism Administration open-data page gives update date, local government source, restaurant category and direct marker evidence. Duplicate source-url and artifact-key checked against Round010 overlay before append; one row represents one source artifact. TLS certificate validation was relaxed for metadata fetch because local Python rejected the site certificate, while the exact public URL is browser/web accessible.",SRC_R010B04_TW_376440000A_000485_OFFICIAL,verified,Taiwan-side,資料更新日期時間 2025-05-29T02:14:06+08:00；餐飲店家類型：台灣小吃/台菜（Taiwanese Cuisine）、牛肉麵（Beef Noodle Soup）；包Sir牛肉麵餃子館；台灣小吃/台菜（Taiwanese Cuisine）; 牛肉麵（Beef Noodle Soup）,牛肉麵;餃子;小吃;台菜;Taiwanese Cuisine;Beef Noodle Soup,台灣小吃/台菜;Taiwanese Cuisine;台菜;Taiwan,,,https://media.taiwan.net.tw/zh-tw/portal/travel/details/restaurant_376440000a_000485,00fb420570f5bfc7,SRC_R010B04_TW_376440000A_000485_OFFICIAL,1,0.9000,0.1000,1,包Sir牛肉麵餃子館,secondary,0.7000,official Taiwan Tourism Administration open-data source with direct date evidence
SRC_R010B04_TW_376440000A_000198_OFFICIAL,2025,2025-05-19,2015-2025_platformization,文化城牛肉麵,竹北市,Taiwan,Taiwan-side,official_open_data,Taiwan Tourism Administration Open Multimedia Data,https://media.taiwan.net.tw/zh-tw/portal/travel/details/restaurant_376440000a_000198,official_restaurant_open_data,2025 official open-data page classifies 文化城牛肉麵 as 台灣小吃/台菜（Taiwanese Cuisine）; 牛肉麵（Beef Noodle Soup） with markers 牛肉麵; 小吃; 台菜; Taiwanese Cuisine,high,"Official Tourism Administration open-data page gives update date, local government source, restaurant category and direct marker evidence. Duplicate source-url and artifact-key checked against Round010 overlay before append; one row represents one source artifact. TLS certificate validation was relaxed for metadata fetch because local Python rejected the site certificate, while the exact public URL is browser/web accessible.",SRC_R010B04_TW_376440000A_000198_OFFICIAL,verified,Taiwan-side,資料更新日期時間 2025-05-19T03:25:04+08:00；餐飲店家類型：台灣小吃/台菜（Taiwanese Cuisine）、牛肉麵（Beef Noodle Soup）；文化城牛肉麵；台灣小吃/台菜（Taiwanese Cuisine）; 牛肉麵（Beef Noodle Soup）,牛肉麵;小吃;台菜;Taiwanese Cuisine;Beef Noodle Soup,台灣小吃/台菜;Taiwanese Cuisine;台菜;Taiwan,,,https://media.taiwan.net.tw/zh-tw/portal/travel/details/restaurant_376440000a_000198,d6041abf31acd61b,SRC_R010B04_TW_376440000A_000198_OFFICIAL,1,0.9000,0.1000,1,文化城牛肉麵,secondary,0.7000,official Taiwan Tourism Administration open-data source with direct date evidence
SRC_R010B04_TW_376440000A_000529_OFFICIAL,2025,2025-05-06,2015-2025_platformization,竹北 原味牛肉麵,竹北市,Taiwan,Taiwan-side,official_open_data,Taiwan Tourism Administration Open Multimedia Data,https://media.taiwan.net.tw/zh-tw/portal/travel/details/restaurant_376440000a_000529,official_restaurant_open_data,2025 official open-data page classifies 竹北 原味牛肉麵 as 台灣小吃/台菜（Taiwanese Cuisine）; 牛肉麵（Beef Noodle Soup） with markers 牛肉麵; 小吃; 台菜; Taiwanese Cuisine,high,"Official Tourism Administration open-data page gives update date, local government source, restaurant category and direct marker evidence. Duplicate source-url and artifact-key checked against Round010 overlay before append; one row represents one source artifact. TLS certificate validation was relaxed for metadata fetch because local Python rejected the site certificate, while the exact public URL is browser/web accessible.",SRC_R010B04_TW_376440000A_000529_OFFICIAL,verified,Taiwan-side,資料更新日期時間 2025-05-06T07:49:34+08:00；餐飲店家類型：台灣小吃/台菜（Taiwanese Cuisine）、牛肉麵（Beef Noodle Soup）；竹北 原味牛肉麵；台灣小吃/台菜（Taiwanese Cuisine）; 牛肉麵（Beef Noodle Soup）,牛肉麵;小吃;台菜;Taiwanese Cuisine;Beef Noodle Soup,台灣小吃/台菜;Taiwanese Cuisine;台菜;Taiwan,,,https://media.taiwan.net.tw/zh-tw/portal/travel/details/restaurant_376440000a_000529,898245928766ebff,SRC_R010B04_TW_376440000A_000529_OFFICIAL,1,0.9000,0.1000,1,竹北 原味牛肉麵,secondary,0.7000,official Taiwan Tourism Administration open-data source with direct date evidence
SRC_R010B04_TW_376440000A_000130_OFFICIAL,2025,2025-05-06,2015-2025_platformization,老兄牛肉麵,新豐鄉,Taiwan,Taiwan-side,official_open_data,Taiwan Tourism Administration Open Multimedia Data,https://media.taiwan.net.tw/zh-tw/portal/travel/details/restaurant_376440000a_000130,official_restaurant_open_data,2025 official open-data page classifies 老兄牛肉麵 as 台灣小吃/台菜（Taiwanese Cuisine）; 牛肉麵（Beef Noodle Soup） with markers 牛肉麵; 小吃; 台菜; Taiwanese Cuisine,high,"Official Tourism Administration open-data page gives update date, local government source, restaurant category and direct marker evidence. Duplicate source-url and artifact-key checked against Round010 overlay before append; one row represents one source artifact. TLS certificate validation was relaxed for metadata fetch because local Python rejected the site certificate, while the exact public URL is browser/web accessible.",SRC_R010B04_TW_376440000A_000130_OFFICIAL,verified,Taiwan-side,資料更新日期時間 2025-05-06T06:23:24+08:00；餐飲店家類型：台灣小吃/台菜（Taiwanese Cuisine）、牛肉麵（Beef Noodle Soup）；老兄牛肉麵；台灣小吃/台菜（Taiwanese Cuisine）; 牛肉麵（Beef Noodle Soup）,牛肉麵;小吃;台菜;Taiwanese Cuisine;Beef Noodle Soup,台灣小吃/台菜;Taiwanese Cuisine;台菜;Taiwan,,,https://media.taiwan.net.tw/zh-tw/portal/travel/details/restaurant_376440000a_000130,782e076923d2edcf,SRC_R010B04_TW_376440000A_000130_OFFICIAL,1,0.9000,0.1000,1,老兄牛肉麵,secondary,0.7000,official Taiwan Tourism Administration open-data source with direct date evidence
SRC_R010B04_TW_376440000A_000112_OFFICIAL,2025,2025-05-22,2015-2025_platformization,福州牛肉麵,關西鎮,Taiwan,Taiwan-side,official_open_data,Taiwan Tourism Administration Open Multimedia Data,https://media.taiwan.net.tw/en-us/portal/travel/details/restaurant_376440000a_000112,official_restaurant_open_data,2025 official open-data page classifies 福州牛肉麵 as 台灣小吃/台菜（Taiwanese Cuisine）; 牛肉麵（Beef Noodle Soup） with markers 牛肉麵; 小吃; 台菜; Taiwanese Cuisine,high,"Official Tourism Administration open-data page gives update date, local government source, restaurant category and direct marker evidence. Duplicate source-url and artifact-key checked against Round010 overlay before append; one row represents one source artifact. TLS certificate validation was relaxed for metadata fetch because local Python rejected the site certificate, while the exact public URL is browser/web accessible.",SRC_R010B04_TW_376440000A_000112_OFFICIAL,verified,Taiwan-side,資料更新日期時間 2025-05-22T09:08:59+08:00；餐飲店家類型：台灣小吃/台菜（Taiwanese Cuisine）、牛肉麵（Beef Noodle Soup）；福州牛肉麵；台灣小吃/台菜（Taiwanese Cuisine）; 牛肉麵（Beef Noodle Soup）,牛肉麵;小吃;台菜;Taiwanese Cuisine;Beef Noodle Soup,台灣小吃/台菜;Taiwanese Cuisine;台菜;Taiwan,,,https://media.taiwan.net.tw/en-us/portal/travel/details/restaurant_376440000a_000112,701d476161a2e1d2,SRC_R010B04_TW_376440000A_000112_OFFICIAL,1,0.9000,0.1000,1,福州牛肉麵,secondary,0.7000,official Taiwan Tourism Administration open-data source with direct date evidence
SRC_R010B04_TW_376440000A_000458_OFFICIAL,2025,2025-05-23,2015-2025_platformization,陳記大腸蚵仔麵線,湖口鄉,Taiwan,Taiwan-side,official_open_data,Taiwan Tourism Administration Open Multimedia Data,https://media.taiwan.net.tw/zh-tw/portal/travel/details/restaurant_376440000a_000458,official_restaurant_open_data,2025 official open-data page classifies 陳記大腸蚵仔麵線 as 台灣小吃/台菜（Taiwanese Cuisine） with markers 蚵仔麵線; 麵線; 小吃; 台菜,high,"Official Tourism Administration open-data page gives update date, local government source, restaurant category and direct marker evidence. Duplicate source-url and artifact-key checked against Round010 overlay before append; one row represents one source artifact. TLS certificate validation was relaxed for metadata fetch because local Python rejected the site certificate, while the exact public URL is browser/web accessible.",SRC_R010B04_TW_376440000A_000458_OFFICIAL,verified,Taiwan-side,資料更新日期時間 2025-05-23T09:14:47+08:00；餐飲店家類型：台灣小吃/台菜（Taiwanese Cuisine）；陳記大腸蚵仔麵線；台灣小吃/台菜（Taiwanese Cuisine）,蚵仔麵線;麵線;小吃;台菜;Taiwanese Cuisine,台灣小吃/台菜;Taiwanese Cuisine;台菜;Taiwan,,,https://media.taiwan.net.tw/zh-tw/portal/travel/details/restaurant_376440000a_000458,aafbf20cd05b86f8,SRC_R010B04_TW_376440000A_000458_OFFICIAL,1,0.9000,0.1000,1,陳記大腸蚵仔麵線,secondary,0.7000,official Taiwan Tourism Administration open-data source with direct date evidence
SRC_R010B04_TW_376440000A_000452_OFFICIAL,2025,2025-05-09,2015-2025_platformization,關西公園臭豆腐,關西鎮,Taiwan,Taiwan-side,official_open_data,Taiwan Tourism Administration Open Multimedia Data,https://media.taiwan.net.tw/zh-tw/portal/travel/details/restaurant_376440000a_000452,official_restaurant_open_data,2025 official open-data page classifies 關西公園臭豆腐 as 台灣小吃/台菜（Taiwanese Cuisine） with markers 臭豆腐; 小吃; 台菜; Taiwanese Cuisine,high,"Official Tourism Administration open-data page gives update date, local government source, restaurant category and direct marker evidence. Duplicate source-url and artifact-key checked against Round010 overlay before append; one row represents one source artifact. TLS certificate validation was relaxed for metadata fetch because local Python rejected the site certificate, while the exact public URL is browser/web accessible.",SRC_R010B04_TW_376440000A_000452_OFFICIAL,verified,Taiwan-side,資料更新日期時間 2025-05-09T07:51:59+08:00；餐飲店家類型：台灣小吃/台菜（Taiwanese Cuisine）；關西公園臭豆腐；台灣小吃/台菜（Taiwanese Cuisine）,臭豆腐;小吃;台菜;Taiwanese Cuisine,台灣小吃/台菜;Taiwanese Cuisine;台菜;Taiwan,,,https://media.taiwan.net.tw/zh-tw/portal/travel/details/restaurant_376440000a_000452,2d7511e0b4671641,SRC_R010B04_TW_376440000A_000452_OFFICIAL,1,0.9000,0.1000,1,關西公園臭豆腐,secondary,0.7000,official Taiwan Tourism Administration open-data source with direct date evidence
SRC_R010B04_TW_376440000A_000109_OFFICIAL,2025,2025-05-19,2015-2025_platformization,簡老闆臭豆腐牽漿,竹東鎮,Taiwan,Taiwan-side,official_open_data,Taiwan Tourism Administration Open Multimedia Data,https://media.taiwan.net.tw/zh-tw/portal/travel/details/restaurant_376440000a_000109,official_restaurant_open_data,2025 official open-data page classifies 簡老闆臭豆腐牽漿 as 台灣小吃/台菜（Taiwanese Cuisine） with markers 臭豆腐; 小吃; 台菜; Taiwanese Cuisine,high,"Official Tourism Administration open-data page gives update date, local government source, restaurant category and direct marker evidence. Duplicate source-url and artifact-key checked against Round010 overlay before append; one row represents one source artifact. TLS certificate validation was relaxed for metadata fetch because local Python rejected the site certificate, while the exact public URL is browser/web accessible.",SRC_R010B04_TW_376440000A_000109_OFFICIAL,verified,Taiwan-side,資料更新日期時間 2025-05-19T05:14:02+08:00；餐飲店家類型：台灣小吃/台菜（Taiwanese Cuisine）；簡老闆臭豆腐牽漿；台灣小吃/台菜（Taiwanese Cuisine）,臭豆腐;小吃;台菜;Taiwanese Cuisine,台灣小吃/台菜;Taiwanese Cuisine;台菜;Taiwan,,,https://media.taiwan.net.tw/zh-tw/portal/travel/details/restaurant_376440000a_000109,1c40902b898fd454,SRC_R010B04_TW_376440000A_000109_OFFICIAL,1,0.9000,0.1000,1,簡老闆臭豆腐牽漿,secondary,0.7000,official Taiwan Tourism Administration open-data source with direct date evidence
SRC_R010B04_TW_376480000A_000060_OFFICIAL,2023,2023-06-30,2015-2025_platformization,竹山捲仔粿,竹山鎮,Taiwan,Taiwan-side,official_open_data,Taiwan Tourism Administration Open Multimedia Data,https://media.taiwan.net.tw/en-us/portal/travel/details/restaurant_376480000a_000060,official_restaurant_open_data,2023 official open-data page classifies 竹山捲仔粿 as 台灣小吃/台菜（Taiwanese Cuisine） with markers 捲仔粿; 小吃; 台菜; Taiwanese Cuisine,high,"Official Tourism Administration open-data page gives update date, local government source, restaurant category and direct marker evidence. Duplicate source-url and artifact-key checked against Round010 overlay before append; one row represents one source artifact. TLS certificate validation was relaxed for metadata fetch because local Python rejected the site certificate, while the exact public URL is browser/web accessible.",SRC_R010B04_TW_376480000A_000060_OFFICIAL,verified,Taiwan-side,資料更新日期時間 2023-06-30T17:30:00+08:00；餐飲店家類型：台灣小吃/台菜（Taiwanese Cuisine）；竹山捲仔粿；竹山捲仔粿是竹山當地已有60年歷史的傳統特色小吃，外皮Q嫩，內餡使用在來米、蝦米及油蔥做成，滑嫩好入口，就像裹著皮的碗粿，相當有特色。,捲仔粿;小吃;台菜;Taiwanese Cuisine,台灣小吃/台菜;Taiwanese Cuisine;台菜;Taiwan,,,https://media.taiwan.net.tw/en-us/portal/travel/details/restaurant_376480000a_000060,2f1623447cef4cbb,SRC_R010B04_TW_376480000A_000060_OFFICIAL,1,0.9000,0.1000,1,竹山捲仔粿,secondary,0.7000,official Taiwan Tourism Administration open-data source with direct date evidence
SRC_R010B04_TW_376470000A_000226_OFFICIAL,2022,2022-09-02,2015-2025_platformization,府前阿章爌肉飯,彰化市,Taiwan,Taiwan-side,official_open_data,Taiwan Tourism Administration Open Multimedia Data,https://media.taiwan.net.tw/zh-tw/portal/travel/details/restaurant_376470000a_000226,official_restaurant_open_data,2022 official open-data page classifies 府前阿章爌肉飯 as 台灣小吃/台菜（Taiwanese Cuisine） with markers 爌肉飯; 焢肉飯; 小吃; 台菜,high,"Official Tourism Administration open-data page gives update date, local government source, restaurant category and direct marker evidence. Duplicate source-url and artifact-key checked against Round010 overlay before append; one row represents one source artifact. TLS certificate validation was relaxed for metadata fetch because local Python rejected the site certificate, while the exact public URL is browser/web accessible.",SRC_R010B04_TW_376470000A_000226_OFFICIAL,verified,Taiwan-side,資料更新日期時間 2022-09-02T13:48:36+08:00；餐飲店家類型：台灣小吃/台菜（Taiwanese Cuisine）；府前阿章爌肉飯；「府前阿章爌肉飯」除了焢肉飯好吃外，筒仔米糕及豬腳也都讓饕客垂涎三尺。,爌肉飯;焢肉飯;小吃;台菜;Taiwanese Cuisine,台灣小吃/台菜;Taiwanese Cuisine;台菜;Taiwan,,,https://media.taiwan.net.tw/zh-tw/portal/travel/details/restaurant_376470000a_000226,831deee327dc3c86,SRC_R010B04_TW_376470000A_000226_OFFICIAL,1,0.9000,0.1000,1,府前阿章爌肉飯,secondary,0.7000,official Taiwan Tourism Administration open-data source with direct date evidence
SRC_R010B04_TW_376470000A_000196_OFFICIAL,2023,2023-02-18,2015-2025_platformization,王功樹活海產,芳苑鄉,Taiwan,Taiwan-side,official_open_data,Taiwan Tourism Administration Open Multimedia Data,https://media.taiwan.net.tw/zh-tw/portal/travel/details/restaurant_376470000a_000196,official_restaurant_open_data,2023 official open-data page classifies 王功樹活海產 as 台灣小吃/台菜（Taiwanese Cuisine） with markers 海產; 小吃; 台菜; Taiwanese Cuisine,high,"Official Tourism Administration open-data page gives update date, local government source, restaurant category and direct marker evidence. Duplicate source-url and artifact-key checked against Round010 overlay before append; one row represents one source artifact. TLS certificate validation was relaxed for metadata fetch because local Python rejected the site certificate, while the exact public URL is browser/web accessible.",SRC_R010B04_TW_376470000A_000196_OFFICIAL,verified,Taiwan-side,資料更新日期時間 2023-02-18T13:59:04+08:00；餐飲店家類型：台灣小吃/台菜（Taiwanese Cuisine）；王功樹活海產；王功樹以新鮮活海產加上廚師手藝，料理出變化不同的招牌料理。,海產;小吃;台菜;Taiwanese Cuisine,台灣小吃/台菜;Taiwanese Cuisine;台菜;Taiwan,,,https://media.taiwan.net.tw/zh-tw/portal/travel/details/restaurant_376470000a_000196,3bedadca6a429251,SRC_R010B04_TW_376470000A_000196_OFFICIAL,1,0.9000,0.1000,1,王功樹活海產,secondary,0.7000,official Taiwan Tourism Administration open-data source with direct date evidence
SRC_R010B04_TW_376470000A_000183_OFFICIAL,2022,2022-08-29,2015-2025_platformization,濠誠餐廳,鹿港鎮,Taiwan,Taiwan-side,official_open_data,Taiwan Tourism Administration Open Multimedia Data,https://media.taiwan.net.tw/en-us/portal/travel/details/restaurant_376470000a_000183,official_restaurant_open_data,2022 official open-data page classifies 濠誠餐廳 as 台灣小吃/台菜（Taiwanese Cuisine） with markers 蚵仔麵線; 麵線; 蘿蔔糕; 小吃,high,"Official Tourism Administration open-data page gives update date, local government source, restaurant category and direct marker evidence. Duplicate source-url and artifact-key checked against Round010 overlay before append; one row represents one source artifact. TLS certificate validation was relaxed for metadata fetch because local Python rejected the site certificate, while the exact public URL is browser/web accessible.",SRC_R010B04_TW_376470000A_000183_OFFICIAL,verified,Taiwan-side,資料更新日期時間 2022-08-29T16:27:20+08:00；餐飲店家類型：台灣小吃/台菜（Taiwanese Cuisine）；濠誠餐廳；濠誠餐廳是鹿港擁有高人氣的宴客餐廳，料理美味自不在話下，麻油蚵仔麵線是以王功蚵仔搭配白麵線烹煮而成，不同於一般的蚵仔麵線，鮮味十足，口感極佳；竹筍糕是以蘿蔔糕的形式呈現，大量竹筍塊口感相當特別；芋頭鴨精心熬製的湯頭讓鴨湯鮮甜，滋味迷人。,蚵仔麵線;麵線;蘿蔔糕;小吃;台菜;Taiwanese Cuisine,台灣小吃/台菜;Taiwanese Cuisine;台菜;Taiwan,,,https://media.taiwan.net.tw/en-us/portal/travel/details/restaurant_376470000a_000183,e9a08b481915fcd8,SRC_R010B04_TW_376470000A_000183_OFFICIAL,1,0.9000,0.1000,1,濠誠餐廳,secondary,0.7000,official Taiwan Tourism Administration open-data source with direct date evidence
SRC_R010B04_TW_376470000A_000205_OFFICIAL,2022,2022-08-23,2015-2025_platformization,魚市場爌肉飯,彰化市,Taiwan,Taiwan-side,official_open_data,Taiwan Tourism Administration Open Multimedia Data,https://media.taiwan.net.tw/en-us/portal/travel/details/restaurant_376470000a_000205,official_restaurant_open_data,2022 official open-data page classifies 魚市場爌肉飯 as 台灣小吃/台菜（Taiwanese Cuisine） with markers 爌肉飯; 小吃; 台菜; Taiwanese Cuisine,high,"Official Tourism Administration open-data page gives update date, local government source, restaurant category and direct marker evidence. Duplicate source-url and artifact-key checked against Round010 overlay before append; one row represents one source artifact. TLS certificate validation was relaxed for metadata fetch because local Python rejected the site certificate, while the exact public URL is browser/web accessible.",SRC_R010B04_TW_376470000A_000205_OFFICIAL,verified,Taiwan-side,資料更新日期時間 2022-08-23T11:48:51+08:00；餐飲店家類型：台灣小吃/台菜（Taiwanese Cuisine）；魚市場爌肉飯；「魚市場爌肉飯」於夜間10點開始營業。,爌肉飯;小吃;台菜;Taiwanese Cuisine,台灣小吃/台菜;Taiwanese Cuisine;台菜;Taiwan,,,https://media.taiwan.net.tw/en-us/portal/travel/details/restaurant_376470000a_000205,c7eb2b9f642711a8,SRC_R010B04_TW_376470000A_000205_OFFICIAL,1,0.9000,0.1000,1,魚市場爌肉飯,secondary,0.7000,official Taiwan Tourism Administration open-data source with direct date evidence
SRC_R010B04_TW_376470000A_000191_OFFICIAL,2023,2023-02-16,2015-2025_platformization,石心,伸港鄉,Taiwan,Taiwan-side,official_open_data,Taiwan Tourism Administration Open Multimedia Data,https://media.taiwan.net.tw/zh-tw/portal/travel/details/restaurant_376470000a_000191,official_restaurant_open_data,2023 official open-data page classifies 石心 as 台灣小吃/台菜（Taiwanese Cuisine） with markers 焢肉飯; 小吃; 台菜; Taiwanese Cuisine,high,"Official Tourism Administration open-data page gives update date, local government source, restaurant category and direct marker evidence. Duplicate source-url and artifact-key checked against Round010 overlay before append; one row represents one source artifact. TLS certificate validation was relaxed for metadata fetch because local Python rejected the site certificate, while the exact public URL is browser/web accessible.",SRC_R010B04_TW_376470000A_000191_OFFICIAL,verified,Taiwan-side,資料更新日期時間 2023-02-16T15:42:51+08:00；餐飲店家類型：台灣小吃/台菜（Taiwanese Cuisine）；石心；石心焢肉飯、土魠魚羹、肉臊飯都相當有名，到伸港時可以去品嚐。,焢肉飯;小吃;台菜;Taiwanese Cuisine,台灣小吃/台菜;Taiwanese Cuisine;台菜;Taiwan,,,https://media.taiwan.net.tw/zh-tw/portal/travel/details/restaurant_376470000a_000191,0d7b6ac50b1ffe72,SRC_R010B04_TW_376470000A_000191_OFFICIAL,1,0.9000,0.1000,1,石心,secondary,0.7000,official Taiwan Tourism Administration open-data source with direct date evidence
SRC_R010B04_TW_A15010200H_000085_OFFICIAL,2024,2024-05-31,2015-2025_platformization,蔡記饌蔬食坊【馬公市】,馬公市,Taiwan,Taiwan-side,official_open_data,Taiwan Tourism Administration Open Multimedia Data,https://media.taiwan.net.tw/en-us/portal/travel/details/restaurant_a15010200h_000085,official_restaurant_open_data,2024 official open-data page classifies 蔡記饌蔬食坊【馬公市】 as 素食飲食（Vegetarian Diet） with markers 小吃,high,"Official Tourism Administration open-data page gives update date, local government source, restaurant category and direct marker evidence. Duplicate source-url and artifact-key checked against Round010 overlay before append; one row represents one source artifact. TLS certificate validation was relaxed for metadata fetch because local Python rejected the site certificate, while the exact public URL is browser/web accessible.",SRC_R010B04_TW_A15010200H_000085_OFFICIAL,verified,Taiwan-side,資料更新日期時間 2024-05-31T15:54:59+08:00；餐飲店家類型：素食飲食（Vegetarian Diet）；蔡記饌蔬食坊【馬公市】；推廣蔬食食材都採用最好的並且都以手工製作以不油膩.不鹹的方式來保留食材的原味,小吃,台灣小吃/台菜,,,https://media.taiwan.net.tw/en-us/portal/travel/details/restaurant_a15010200h_000085,78d2bbab51d4aecc,SRC_R010B04_TW_A15010200H_000085_OFFICIAL,1,0.9000,0.1000,1,蔡記饌蔬食坊【馬公市】,secondary,0.7000,official Taiwan Tourism Administration open-data source with direct date evidence
SRC_R010B04_TW_A15010200H_000113_OFFICIAL,2026,2026-05-08,2015-2025_platformization,原味漁村小吃 【馬公市】,馬公市,Taiwan,Taiwan-side,official_open_data,Taiwan Tourism Administration Open Multimedia Data,https://media.taiwan.net.tw/zh-tw/portal/travel/details/restaurant_a15010200h_000113,official_restaurant_open_data,2026 official open-data page classifies 原味漁村小吃 【馬公市】 as 台灣小吃/台菜（Taiwanese Cuisine） with markers 小吃; 台菜; Taiwanese Cuisine,high,"Official Tourism Administration open-data page gives update date, local government source, restaurant category and direct marker evidence. Duplicate source-url and artifact-key checked against Round010 overlay before append; one row represents one source artifact. TLS certificate validation was relaxed for metadata fetch because local Python rejected the site certificate, while the exact public URL is browser/web accessible.",SRC_R010B04_TW_A15010200H_000113_OFFICIAL,verified,Taiwan-side,資料更新日期時間 2026-05-08T16:32:25+08:00；餐飲店家類型：台灣小吃/台菜（Taiwanese Cuisine）；原味漁村小吃 【馬公市】；鮮蚵滷肉飯、原味鮮蚵原味好滋味，在地實在味。,小吃;台菜;Taiwanese Cuisine,台灣小吃/台菜;Taiwanese Cuisine;台菜;Taiwan,,,https://media.taiwan.net.tw/zh-tw/portal/travel/details/restaurant_a15010200h_000113,9f9a9e0e4636aa9c,SRC_R010B04_TW_A15010200H_000113_OFFICIAL,1,0.9000,0.1000,1,原味漁村小吃 【馬公市】,secondary,0.7000,official Taiwan Tourism Administration open-data source with direct date evidence
SRC_R010B04_TW_376440000A_000119_OFFICIAL,2025,2025-05-15,2015-2025_platformization,幸福米粉担,竹北市,Taiwan,Taiwan-side,official_open_data,Taiwan Tourism Administration Open Multimedia Data,https://media.taiwan.net.tw/zh-tw/portal/travel/details/restaurant_376440000a_000119,official_restaurant_open_data,2025 official open-data page classifies 幸福米粉担 as 台灣小吃/台菜（Taiwanese Cuisine） with markers 米粉; 米粉担; 小吃; 台菜,high,"Official Tourism Administration open-data page gives update date, local government source, restaurant category and direct marker evidence. Duplicate source-url and artifact-key checked against Round010 overlay before append; one row represents one source artifact. TLS certificate validation was relaxed for metadata fetch because local Python rejected the site certificate, while the exact public URL is browser/web accessible.",SRC_R010B04_TW_376440000A_000119_OFFICIAL,verified,Taiwan-side,資料更新日期時間 2025-05-15T09:25:26+08:00；餐飲店家類型：台灣小吃/台菜（Taiwanese Cuisine）；幸福米粉担；台灣小吃/台菜（Taiwanese Cuisine）,米粉;米粉担;小吃;台菜;Taiwanese Cuisine,台灣小吃/台菜;Taiwanese Cuisine;台菜;Taiwan,,,https://media.taiwan.net.tw/zh-tw/portal/travel/details/restaurant_376440000a_000119,fe1190725e6a1c28,SRC_R010B04_TW_376440000A_000119_OFFICIAL,1,0.9000,0.1000,1,幸福米粉担,secondary,0.7000,official Taiwan Tourism Administration open-data source with direct date evidence
SRC_R010B04_TW_376470000A_000257_OFFICIAL,2022,2022-08-22,2015-2025_platformization,北門肉粽行,員林市,Taiwan,Taiwan-side,official_open_data,Taiwan Tourism Administration Open Multimedia Data,https://media.taiwan.net.tw/en-us/portal/travel/details/restaurant_376470000a_000257,official_restaurant_open_data,2022 official open-data page classifies 北門肉粽行 as 台灣小吃/台菜（Taiwanese Cuisine） with markers 肉粽; 小吃; 台菜; Taiwanese Cuisine,high,"Official Tourism Administration open-data page gives update date, local government source, restaurant category and direct marker evidence. Duplicate source-url and artifact-key checked against Round010 overlay before append; one row represents one source artifact. TLS certificate validation was relaxed for metadata fetch because local Python rejected the site certificate, while the exact public URL is browser/web accessible.",SRC_R010B04_TW_376470000A_000257_OFFICIAL,verified,Taiwan-side,資料更新日期時間 2022-08-22T11:40:39+08:00；餐飲店家類型：台灣小吃/台菜（Taiwanese Cuisine）；北門肉粽行；北門肉粽是在地相當知名的店家，店內粽香四溢，一串串手工包的粽子掛在竹竿上，別有一番風味。,肉粽;小吃;台菜;Taiwanese Cuisine,台灣小吃/台菜;Taiwanese Cuisine;台菜;Taiwan,,,https://media.taiwan.net.tw/en-us/portal/travel/details/restaurant_376470000a_000257,e544c1132a578db3,SRC_R010B04_TW_376470000A_000257_OFFICIAL,1,0.9000,0.1000,1,北門肉粽行,secondary,0.7000,official Taiwan Tourism Administration open-data source with direct date evidence
SRC_R010B04_TW_376470000A_000303_OFFICIAL,2023,2023-02-18,2015-2025_platformization,鵝肉旺,二林鎮,Taiwan,Taiwan-side,official_open_data,Taiwan Tourism Administration Open Multimedia Data,https://media.taiwan.net.tw/en-us/portal/travel/details/restaurant_376470000a_000303,official_restaurant_open_data,2023 official open-data page classifies 鵝肉旺 as 台灣小吃/台菜（Taiwanese Cuisine） with markers 小吃; 台菜; Taiwanese Cuisine,high,"Official Tourism Administration open-data page gives update date, local government source, restaurant category and direct marker evidence. Duplicate source-url and artifact-key checked against Round010 overlay before append; one row represents one source artifact. TLS certificate validation was relaxed for metadata fetch because local Python rejected the site certificate, while the exact public URL is browser/web accessible.",SRC_R010B04_TW_376470000A_000303_OFFICIAL,verified,Taiwan-side,資料更新日期時間 2023-02-18T14:56:26+08:00；餐飲店家類型：台灣小吃/台菜（Taiwanese Cuisine）；鵝肉旺；位於二林第一市場旁的鵝肉大王，光看攤位前的人潮就知道是間美味小店，鵝肉大王內除了招牌鵝肉外，鵝肉冬粉湯鮮味美，筍干湯是以傳統手法製作充滿古早的滋味。,小吃;台菜;Taiwanese Cuisine,台灣小吃/台菜;Taiwanese Cuisine;台菜;Taiwan,,,https://media.taiwan.net.tw/en-us/portal/travel/details/restaurant_376470000a_000303,5582d5d13493eb32,SRC_R010B04_TW_376470000A_000303_OFFICIAL,1,0.9000,0.1000,1,鵝肉旺,secondary,0.7000,official Taiwan Tourism Administration open-data source with direct date evidence
SRC_R010B04_TW_376470000A_000193_OFFICIAL,2023,2023-02-18,2015-2025_platformization,源泉活海鮮餐廳,線西鄉,Taiwan,Taiwan-side,official_open_data,Taiwan Tourism Administration Open Multimedia Data,https://media.taiwan.net.tw/en-us/portal/travel/details/restaurant_376470000a_000193,official_restaurant_open_data,2023 official open-data page classifies 源泉活海鮮餐廳 as 台灣小吃/台菜（Taiwanese Cuisine） with markers 米粉; 海產; 海鮮; 小吃,high,"Official Tourism Administration open-data page gives update date, local government source, restaurant category and direct marker evidence. Duplicate source-url and artifact-key checked against Round010 overlay before append; one row represents one source artifact. TLS certificate validation was relaxed for metadata fetch because local Python rejected the site certificate, while the exact public URL is browser/web accessible.",SRC_R010B04_TW_376470000A_000193_OFFICIAL,verified,Taiwan-side,資料更新日期時間 2023-02-18T11:56:15+08:00；餐飲店家類型：台灣小吃/台菜（Taiwanese Cuisine）；源泉活海鮮餐廳；走進源泉飲食店，映入眼簾的是養了各式海產的大水箱，一上桌，老闆便拿出自釀的桑椹汁飲料，鮮甜好喝。魚翅鍋是源泉最出名的料理，白鯧米粉已用新鮮白鯧入菜，鮮味十足，湯汁與米粉交錯，著實好吃。另外，鹽烤竹虫聖、蝦猴酥、黑胡椒烤鳳螺、三杯魟魚等，每一道料理都用料實在、新鮮可口，老闆上完菜後，在一旁的桌上以網油 自製餡料豐富的蝦捲，一包完馬上下鍋，酥脆蝦捲香氣四溢，每一口都吃得到豬肉及鮮蝦的鮮甜滋味，千萬不要錯過。在樸實的料理中能看出老闆的功力與用心，是源泉飲食店的特色。 文字描述 文字描述-顯示或收起長內容,米粉;海產;海鮮;小吃;台菜;Taiwanese Cuisine,台灣小吃/台菜;Taiwanese Cuisine;台菜;Taiwan,,,https://media.taiwan.net.tw/en-us/portal/travel/details/restaurant_376470000a_000193,73754ff028c8b71a,SRC_R010B04_TW_376470000A_000193_OFFICIAL,1,0.9000,0.1000,1,源泉活海鮮餐廳,secondary,0.7000,official Taiwan Tourism Administration open-data source with direct date evidence
SRC_R010B04_TW_376440000A_000189_OFFICIAL,2025,2025-05-15,2015-2025_platformization,潘傻妞客家蘿蔔糕,橫山鄉,Taiwan,Taiwan-side,official_open_data,Taiwan Tourism Administration Open Multimedia Data,https://media.taiwan.net.tw/zh-tw/portal/travel/details/restaurant_376440000a_000189,official_restaurant_open_data,2025 official open-data page classifies 潘傻妞客家蘿蔔糕 as 台灣小吃/台菜（Taiwanese Cuisine） with markers 蘿蔔糕; 小吃; 台菜; Taiwanese Cuisine,high,"Official Tourism Administration open-data page gives update date, local government source, restaurant category and direct marker evidence. Duplicate source-url and artifact-key checked against Round010 overlay before append; one row represents one source artifact. TLS certificate validation was relaxed for metadata fetch because local Python rejected the site certificate, while the exact public URL is browser/web accessible.",SRC_R010B04_TW_376440000A_000189_OFFICIAL,verified,Taiwan-side,資料更新日期時間 2025-05-15T03:31:17+08:00；餐飲店家類型：台灣小吃/台菜（Taiwanese Cuisine）；潘傻妞客家蘿蔔糕；台灣小吃/台菜（Taiwanese Cuisine）,蘿蔔糕;小吃;台菜;Taiwanese Cuisine,台灣小吃/台菜;Taiwanese Cuisine;台菜;Taiwan,,,https://media.taiwan.net.tw/zh-tw/portal/travel/details/restaurant_376440000a_000189,b204b1e0bc871ca9,SRC_R010B04_TW_376440000A_000189_OFFICIAL,1,0.9000,0.1000,1,潘傻妞客家蘿蔔糕,secondary,0.7000,official Taiwan Tourism Administration open-data source with direct date evidence
SRC_R010B04_TW_376440000A_000046_OFFICIAL,2025,2025-05-22,2015-2025_platformization,大湯圓食堂,竹東鎮,Taiwan,Taiwan-side,official_open_data,Taiwan Tourism Administration Open Multimedia Data,https://media.taiwan.net.tw/zh-tw/portal/travel/details/restaurant_376440000a_000046,official_restaurant_open_data,2025 official open-data page classifies 大湯圓食堂 as 台灣小吃/台菜（Taiwanese Cuisine） with markers 湯圓; 小吃; 台菜; Taiwanese Cuisine,high,"Official Tourism Administration open-data page gives update date, local government source, restaurant category and direct marker evidence. Duplicate source-url and artifact-key checked against Round010 overlay before append; one row represents one source artifact. TLS certificate validation was relaxed for metadata fetch because local Python rejected the site certificate, while the exact public URL is browser/web accessible.",SRC_R010B04_TW_376440000A_000046_OFFICIAL,verified,Taiwan-side,資料更新日期時間 2025-05-22T08:44:24+08:00；餐飲店家類型：台灣小吃/台菜（Taiwanese Cuisine）；大湯圓食堂；台灣小吃/台菜（Taiwanese Cuisine）,湯圓;小吃;台菜;Taiwanese Cuisine,台灣小吃/台菜;Taiwanese Cuisine;台菜;Taiwan,,,https://media.taiwan.net.tw/zh-tw/portal/travel/details/restaurant_376440000a_000046,7edc80d4d6eddfb9,SRC_R010B04_TW_376440000A_000046_OFFICIAL,1,0.9000,0.1000,1,大湯圓食堂,secondary,0.7000,official Taiwan Tourism Administration open-data source with direct date evidence
SRC_R010B04_TW_376440000A_000059_OFFICIAL,2025,2025-05-15,2015-2025_platformization,台灣小館,竹北市,Taiwan,Taiwan-side,official_open_data,Taiwan Tourism Administration Open Multimedia Data,https://media.taiwan.net.tw/zh-tw/portal/travel/details/restaurant_376440000a_000059,official_restaurant_open_data,2025 official open-data page classifies 台灣小館 as 台灣小吃/台菜（Taiwanese Cuisine） with markers 小吃; 台菜; Taiwanese Cuisine,high,"Official Tourism Administration open-data page gives update date, local government source, restaurant category and direct marker evidence. Duplicate source-url and artifact-key checked against Round010 overlay before append; one row represents one source artifact. TLS certificate validation was relaxed for metadata fetch because local Python rejected the site certificate, while the exact public URL is browser/web accessible.",SRC_R010B04_TW_376440000A_000059_OFFICIAL,verified,Taiwan-side,資料更新日期時間 2025-05-15T09:10:11+08:00；餐飲店家類型：台灣小吃/台菜（Taiwanese Cuisine）；台灣小館；台灣小吃/台菜（Taiwanese Cuisine）,小吃;台菜;Taiwanese Cuisine,台灣小吃/台菜;Taiwanese Cuisine;台菜;Taiwan,,,https://media.taiwan.net.tw/zh-tw/portal/travel/details/restaurant_376440000a_000059,23c2f153c59eaea6,SRC_R010B04_TW_376440000A_000059_OFFICIAL,1,0.9000,0.1000,1,台灣小館,secondary,0.7000,official Taiwan Tourism Administration open-data source with direct date evidence
SRC_R010B04_TW_376440000A_000044_OFFICIAL,2025,2025-05-15,2015-2025_platformization,哈客大嬸婆客家菜,橫山鄉,Taiwan,Taiwan-side,official_open_data,Taiwan Tourism Administration Open Multimedia Data,https://media.taiwan.net.tw/en-us/portal/travel/details/restaurant_376440000a_000044,official_restaurant_open_data,2025 official open-data page classifies 哈客大嬸婆客家菜 as 台灣小吃/台菜（Taiwanese Cuisine） with markers 客家菜; 小吃; 台菜; Taiwanese Cuisine,high,"Official Tourism Administration open-data page gives update date, local government source, restaurant category and direct marker evidence. Duplicate source-url and artifact-key checked against Round010 overlay before append; one row represents one source artifact. TLS certificate validation was relaxed for metadata fetch because local Python rejected the site certificate, while the exact public URL is browser/web accessible.",SRC_R010B04_TW_376440000A_000044_OFFICIAL,verified,Taiwan-side,資料更新日期時間 2025-05-15T02:16:45+08:00；餐飲店家類型：台灣小吃/台菜（Taiwanese Cuisine）；哈客大嬸婆客家菜；台灣小吃/台菜（Taiwanese Cuisine）,客家菜;小吃;台菜;Taiwanese Cuisine,台灣小吃/台菜;Taiwanese Cuisine;台菜;客家菜;Taiwan,,,https://media.taiwan.net.tw/en-us/portal/travel/details/restaurant_376440000a_000044,acf7ce2dd05f85c8,SRC_R010B04_TW_376440000A_000044_OFFICIAL,1,0.9000,0.1000,1,哈客大嬸婆客家菜,secondary,0.7000,official Taiwan Tourism Administration open-data source with direct date evidence
SRC_R010B04_TW_376440000A_000390_OFFICIAL,2025,2025-05-15,2015-2025_platformization,大嬸婆紫玉菜包,橫山鄉,Taiwan,Taiwan-side,official_open_data,Taiwan Tourism Administration Open Multimedia Data,https://media.taiwan.net.tw/zh-tw/portal/travel/details/restaurant_376440000a_000390,official_restaurant_open_data,2025 official open-data page classifies 大嬸婆紫玉菜包 as 台灣小吃/台菜（Taiwanese Cuisine） with markers 菜包; 小吃; 台菜; Taiwanese Cuisine,high,"Official Tourism Administration open-data page gives update date, local government source, restaurant category and direct marker evidence. Duplicate source-url and artifact-key checked against Round010 overlay before append; one row represents one source artifact. TLS certificate validation was relaxed for metadata fetch because local Python rejected the site certificate, while the exact public URL is browser/web accessible.",SRC_R010B04_TW_376440000A_000390_OFFICIAL,verified,Taiwan-side,資料更新日期時間 2025-05-15T09:24:14+08:00；餐飲店家類型：台灣小吃/台菜（Taiwanese Cuisine）；大嬸婆紫玉菜包；台灣小吃/台菜（Taiwanese Cuisine）,菜包;小吃;台菜;Taiwanese Cuisine,台灣小吃/台菜;Taiwanese Cuisine;台菜;Taiwan,,,https://media.taiwan.net.tw/zh-tw/portal/travel/details/restaurant_376440000a_000390,09605137b30ecfce,SRC_R010B04_TW_376440000A_000390_OFFICIAL,1,0.9000,0.1000,1,大嬸婆紫玉菜包,secondary,0.7000,official Taiwan Tourism Administration open-data source with direct date evidence
SRC_R010B04_TW_376440000A_000521_OFFICIAL,2025,2025-05-15,2015-2025_platformization,阿婆大湯圓,寶山鄉,Taiwan,Taiwan-side,official_open_data,Taiwan Tourism Administration Open Multimedia Data,https://media.taiwan.net.tw/en-us/portal/travel/details/restaurant_376440000a_000521,official_restaurant_open_data,2025 official open-data page classifies 阿婆大湯圓 as 台灣小吃/台菜（Taiwanese Cuisine） with markers 湯圓; 小吃; 台菜; Taiwanese Cuisine,high,"Official Tourism Administration open-data page gives update date, local government source, restaurant category and direct marker evidence. Duplicate source-url and artifact-key checked against Round010 overlay before append; one row represents one source artifact. TLS certificate validation was relaxed for metadata fetch because local Python rejected the site certificate, while the exact public URL is browser/web accessible.",SRC_R010B04_TW_376440000A_000521_OFFICIAL,verified,Taiwan-side,資料更新日期時間 2025-05-15T09:42:52+08:00；餐飲店家類型：台灣小吃/台菜（Taiwanese Cuisine）；阿婆大湯圓；台灣小吃/台菜（Taiwanese Cuisine）,湯圓;小吃;台菜;Taiwanese Cuisine,台灣小吃/台菜;Taiwanese Cuisine;台菜;Taiwan,,,https://media.taiwan.net.tw/en-us/portal/travel/details/restaurant_376440000a_000521,c5f4f93c45b7faf1,SRC_R010B04_TW_376440000A_000521_OFFICIAL,1,0.9000,0.1000,1,阿婆大湯圓,secondary,0.7000,official Taiwan Tourism Administration open-data source with direct date evidence
SRC_R010B04_TW_376440000A_000075_OFFICIAL,2025,2025-05-09,2015-2025_platformization,關西客家主題小吃(佳味餐飲),關西鎮,Taiwan,Taiwan-side,official_open_data,Taiwan Tourism Administration Open Multimedia Data,https://media.taiwan.net.tw/en-us/portal/travel/details/restaurant_376440000a_000075,official_restaurant_open_data,2025 official open-data page classifies 關西客家主題小吃(佳味餐飲) as 台灣小吃/台菜（Taiwanese Cuisine） with markers 小吃; 台菜; Taiwanese Cuisine,high,"Official Tourism Administration open-data page gives update date, local government source, restaurant category and direct marker evidence. Duplicate source-url and artifact-key checked against Round010 overlay before append; one row represents one source artifact. TLS certificate validation was relaxed for metadata fetch because local Python rejected the site certificate, while the exact public URL is browser/web accessible.",SRC_R010B04_TW_376440000A_000075_OFFICIAL,verified,Taiwan-side,資料更新日期時間 2025-05-09T03:56:28+08:00；餐飲店家類型：台灣小吃/台菜（Taiwanese Cuisine）；關西客家主題小吃(佳味餐飲)；台灣小吃/台菜（Taiwanese Cuisine）,小吃;台菜;Taiwanese Cuisine,台灣小吃/台菜;Taiwanese Cuisine;台菜;Taiwan,,,https://media.taiwan.net.tw/en-us/portal/travel/details/restaurant_376440000a_000075,5097739b5fa401b5,SRC_R010B04_TW_376440000A_000075_OFFICIAL,1,0.9000,0.1000,1,關西客家主題小吃(佳味餐飲),secondary,0.7000,official Taiwan Tourism Administration open-data source with direct date evidence
SRC_R010B04_TW_376440000A_000049_OFFICIAL,2025,2025-05-29,2015-2025_platformization,永寶客家餐廳,關西鎮,Taiwan,Taiwan-side,official_open_data,Taiwan Tourism Administration Open Multimedia Data,https://media.taiwan.net.tw/zh-tw/portal/travel/details/restaurant_376440000a_000049,official_restaurant_open_data,2025 official open-data page classifies 永寶客家餐廳 as 台灣小吃/台菜（Taiwanese Cuisine） with markers 小吃; 台菜; Taiwanese Cuisine,high,"Official Tourism Administration open-data page gives update date, local government source, restaurant category and direct marker evidence. Duplicate source-url and artifact-key checked against Round010 overlay before append; one row represents one source artifact. TLS certificate validation was relaxed for metadata fetch because local Python rejected the site certificate, while the exact public URL is browser/web accessible.",SRC_R010B04_TW_376440000A_000049_OFFICIAL,verified,Taiwan-side,資料更新日期時間 2025-05-29T07:35:46+08:00；餐飲店家類型：台灣小吃/台菜（Taiwanese Cuisine）；永寶客家餐廳；台灣小吃/台菜（Taiwanese Cuisine）,小吃;台菜;Taiwanese Cuisine,台灣小吃/台菜;Taiwanese Cuisine;台菜;Taiwan,,,https://media.taiwan.net.tw/zh-tw/portal/travel/details/restaurant_376440000a_000049,18d4c9e9f436df75,SRC_R010B04_TW_376440000A_000049_OFFICIAL,1,0.9000,0.1000,1,永寶客家餐廳,secondary,0.7000,official Taiwan Tourism Administration open-data source with direct date evidence
SRC_R010B04_TW_376440000A_000078_OFFICIAL,2025,2025-05-22,2015-2025_platformization,藝之趣客家懷石會館,竹北市,Taiwan,Taiwan-side,official_open_data,Taiwan Tourism Administration Open Multimedia Data,https://media.taiwan.net.tw/zh-tw/portal/travel/details/restaurant_376440000a_000078,official_restaurant_open_data,2025 official open-data page classifies 藝之趣客家懷石會館 as 台灣小吃/台菜（Taiwanese Cuisine） with markers 小吃; 台菜; Taiwanese Cuisine,high,"Official Tourism Administration open-data page gives update date, local government source, restaurant category and direct marker evidence. Duplicate source-url and artifact-key checked against Round010 overlay before append; one row represents one source artifact. TLS certificate validation was relaxed for metadata fetch because local Python rejected the site certificate, while the exact public URL is browser/web accessible.",SRC_R010B04_TW_376440000A_000078_OFFICIAL,verified,Taiwan-side,資料更新日期時間 2025-05-22T08:23:54+08:00；餐飲店家類型：台灣小吃/台菜（Taiwanese Cuisine）；藝之趣客家懷石會館；台灣小吃/台菜（Taiwanese Cuisine）,小吃;台菜;Taiwanese Cuisine,台灣小吃/台菜;Taiwanese Cuisine;台菜;Taiwan,,,https://media.taiwan.net.tw/zh-tw/portal/travel/details/restaurant_376440000a_000078,4a51bf6a9129ff5b,SRC_R010B04_TW_376440000A_000078_OFFICIAL,1,0.9000,0.1000,1,藝之趣客家懷石會館,secondary,0.7000,official Taiwan Tourism Administration open-data source with direct date evidence
SRC_R010B04_TW_376440000A_000305_OFFICIAL,2025,2025-05-22,2015-2025_platformization,梁記百年老店,竹東鎮,Taiwan,Taiwan-side,official_open_data,Taiwan Tourism Administration Open Multimedia Data,https://media.taiwan.net.tw/zh-tw/portal/travel/details/restaurant_376440000a_000305,official_restaurant_open_data,2025 official open-data page classifies 梁記百年老店 as 台灣小吃/台菜（Taiwanese Cuisine） with markers 小吃; 台菜; Taiwanese Cuisine,high,"Official Tourism Administration open-data page gives update date, local government source, restaurant category and direct marker evidence. Duplicate source-url and artifact-key checked against Round010 overlay before append; one row represents one source artifact. TLS certificate validation was relaxed for metadata fetch because local Python rejected the site certificate, while the exact public URL is browser/web accessible.",SRC_R010B04_TW_376440000A_000305_OFFICIAL,verified,Taiwan-side,資料更新日期時間 2025-05-22T08:47:58+08:00；餐飲店家類型：台灣小吃/台菜（Taiwanese Cuisine）；梁記百年老店；台灣小吃/台菜（Taiwanese Cuisine）,小吃;台菜;Taiwanese Cuisine,台灣小吃/台菜;Taiwanese Cuisine;台菜;Taiwan,,,https://media.taiwan.net.tw/zh-tw/portal/travel/details/restaurant_376440000a_000305,7371c9e423b59a8d,SRC_R010B04_TW_376440000A_000305_OFFICIAL,1,0.9000,0.1000,1,梁記百年老店,secondary,0.7000,official Taiwan Tourism Administration open-data source with direct date evidence
SRC_R010B04_TW_376440000A_000328_OFFICIAL,2025,2025-05-09,2015-2025_platformization,新埔粄條大王,新埔鎮,Taiwan,Taiwan-side,official_open_data,Taiwan Tourism Administration Open Multimedia Data,https://media.taiwan.net.tw/en-us/portal/travel/details/restaurant_376440000a_000328,official_restaurant_open_data,2025 official open-data page classifies 新埔粄條大王 as 台灣小吃/台菜（Taiwanese Cuisine） with markers 粄條; 小吃; 台菜; Taiwanese Cuisine,high,"Official Tourism Administration open-data page gives update date, local government source, restaurant category and direct marker evidence. Duplicate source-url and artifact-key checked against Round010 overlay before append; one row represents one source artifact. TLS certificate validation was relaxed for metadata fetch because local Python rejected the site certificate, while the exact public URL is browser/web accessible.",SRC_R010B04_TW_376440000A_000328_OFFICIAL,verified,Taiwan-side,資料更新日期時間 2025-05-09T02:44:24+08:00；餐飲店家類型：台灣小吃/台菜（Taiwanese Cuisine）；新埔粄條大王；台灣小吃/台菜（Taiwanese Cuisine）,粄條;小吃;台菜;Taiwanese Cuisine,台灣小吃/台菜;Taiwanese Cuisine;台菜;Taiwan,,,https://media.taiwan.net.tw/en-us/portal/travel/details/restaurant_376440000a_000328,c480130cfdbb3107,SRC_R010B04_TW_376440000A_000328_OFFICIAL,1,0.9000,0.1000,1,新埔粄條大王,secondary,0.7000,official Taiwan Tourism Administration open-data source with direct date evidence
SRC_R010B04_TW_376440000A_000071_OFFICIAL,2025,2025-05-15,2015-2025_platformization,如意食堂,橫山鄉,Taiwan,Taiwan-side,official_open_data,Taiwan Tourism Administration Open Multimedia Data,https://media.taiwan.net.tw/zh-tw/portal/travel/details/restaurant_376440000a_000071,official_restaurant_open_data,2025 official open-data page classifies 如意食堂 as 台灣小吃/台菜（Taiwanese Cuisine） with markers 小吃; 台菜; Taiwanese Cuisine,high,"Official Tourism Administration open-data page gives update date, local government source, restaurant category and direct marker evidence. Duplicate source-url and artifact-key checked against Round010 overlay before append; one row represents one source artifact. TLS certificate validation was relaxed for metadata fetch because local Python rejected the site certificate, while the exact public URL is browser/web accessible.",SRC_R010B04_TW_376440000A_000071_OFFICIAL,verified,Taiwan-side,資料更新日期時間 2025-05-15T02:27:20+08:00；餐飲店家類型：台灣小吃/台菜（Taiwanese Cuisine）；如意食堂；台灣小吃/台菜（Taiwanese Cuisine）,小吃;台菜;Taiwanese Cuisine,台灣小吃/台菜;Taiwanese Cuisine;台菜;Taiwan,,,https://media.taiwan.net.tw/zh-tw/portal/travel/details/restaurant_376440000a_000071,56996dfaaeb6e1d2,SRC_R010B04_TW_376440000A_000071_OFFICIAL,1,0.9000,0.1000,1,如意食堂,secondary,0.7000,official Taiwan Tourism Administration open-data source with direct date evidence
SRC_R010B04_TW_376440000A_000085_OFFICIAL,2025,2025-05-15,2015-2025_platformization,大嬸婆私房菜,橫山鄉,Taiwan,Taiwan-side,official_open_data,Taiwan Tourism Administration Open Multimedia Data,https://media.taiwan.net.tw/zh-tw/portal/travel/details/restaurant_376440000a_000085,official_restaurant_open_data,2025 official open-data page classifies 大嬸婆私房菜 as 台灣小吃/台菜（Taiwanese Cuisine） with markers 小吃; 台菜; Taiwanese Cuisine,high,"Official Tourism Administration open-data page gives update date, local government source, restaurant category and direct marker evidence. Duplicate source-url and artifact-key checked against Round010 overlay before append; one row represents one source artifact. TLS certificate validation was relaxed for metadata fetch because local Python rejected the site certificate, while the exact public URL is browser/web accessible.",SRC_R010B04_TW_376440000A_000085_OFFICIAL,verified,Taiwan-side,資料更新日期時間 2025-05-15T02:32:45+08:00；餐飲店家類型：台灣小吃/台菜（Taiwanese Cuisine）；大嬸婆私房菜；台灣小吃/台菜（Taiwanese Cuisine）,小吃;台菜;Taiwanese Cuisine,台灣小吃/台菜;Taiwanese Cuisine;台菜;Taiwan,,,https://media.taiwan.net.tw/zh-tw/portal/travel/details/restaurant_376440000a_000085,f01f59d58a859801,SRC_R010B04_TW_376440000A_000085_OFFICIAL,1,0.9000,0.1000,1,大嬸婆私房菜,secondary,0.7000,official Taiwan Tourism Administration open-data source with direct date evidence
SRC_R010B04_TW_376470000A_000060_OFFICIAL,2023,2023-02-15,2015-2025_platformization,阿枝羊肉爐,溪湖鎮,Taiwan,Taiwan-side,official_open_data,Taiwan Tourism Administration Open Multimedia Data,https://media.taiwan.net.tw/en-us/portal/travel/details/restaurant_376470000a_000060,official_restaurant_open_data,2023 official open-data page classifies 阿枝羊肉爐 as 台灣小吃/台菜（Taiwanese Cuisine） with markers 羊肉爐; 小吃; 台菜; Taiwanese Cuisine,high,"Official Tourism Administration open-data page gives update date, local government source, restaurant category and direct marker evidence. Duplicate source-url and artifact-key checked against Round010 overlay before append; one row represents one source artifact. TLS certificate validation was relaxed for metadata fetch because local Python rejected the site certificate, while the exact public URL is browser/web accessible.",SRC_R010B04_TW_376470000A_000060_OFFICIAL,verified,Taiwan-side,資料更新日期時間 2023-02-15T14:46:32+08:00；餐飲店家類型：台灣小吃/台菜（Taiwanese Cuisine）；阿枝羊肉爐；總是熱鬧滾滾的阿枝羊肉店，由楊桂枝所創立，他從10幾歲就跟著父親學烹調，練就一身好功夫，羊隻一看就知好壞，加上「內行」，掌握調理味道而大受歡迎。招牌菜也是羊肉爐﹝冬天以中藥羊肉爐較暢銷，夏天以薑絲羊肉為主﹞，快炒如羊肝、羊肚、白切羊肉都是主力商品。該店並且開發羊肉爐真空包裝，便於宅配，是其一大特色。 阿枝羊肉店的座右銘就是「專心、專業」。 文字描述 文字描述-顯示或收起長內容,羊肉爐;小吃;台菜;Taiwanese Cuisine,台灣小吃/台菜;Taiwanese Cuisine;台菜;Taiwan,,,https://media.taiwan.net.tw/en-us/portal/travel/details/restaurant_376470000a_000060,a978a9a64680e5d5,SRC_R010B04_TW_376470000A_000060_OFFICIAL,1,0.9000,0.1000,1,阿枝羊肉爐,secondary,0.7000,official Taiwan Tourism Administration open-data source with direct date evidence
SRC_R010B04_TW_376470000A_000280_OFFICIAL,2023,2023-02-15,2015-2025_platformization,楊家燒烤土產羊肉爐,溪湖鎮,Taiwan,Taiwan-side,official_open_data,Taiwan Tourism Administration Open Multimedia Data,https://media.taiwan.net.tw/zh-tw/portal/travel/details/restaurant_376470000a_000280,official_restaurant_open_data,2023 official open-data page classifies 楊家燒烤土產羊肉爐 as 台灣小吃/台菜（Taiwanese Cuisine） with markers 羊肉爐; 小吃; 台菜; Taiwanese Cuisine,high,"Official Tourism Administration open-data page gives update date, local government source, restaurant category and direct marker evidence. Duplicate source-url and artifact-key checked against Round010 overlay before append; one row represents one source artifact. TLS certificate validation was relaxed for metadata fetch because local Python rejected the site certificate, while the exact public URL is browser/web accessible.",SRC_R010B04_TW_376470000A_000280_OFFICIAL,verified,Taiwan-side,資料更新日期時間 2023-02-15T14:54:14+08:00；餐飲店家類型：台灣小吃/台菜（Taiwanese Cuisine）；楊家燒烤土產羊肉爐；楊家羊肉爐老闆以接近20年烹煮羊肉爐的經驗，陸續開發許多新菜色如：三杯小羊排、鐵板羊肉、燒烤羊肉、酥炸羊腸等。為保證羊肉品質堅持選用九個月至一歲的閹公羊，肉質甜美且無羶味。,羊肉爐;小吃;台菜;Taiwanese Cuisine,台灣小吃/台菜;Taiwanese Cuisine;台菜;Taiwan,,,https://media.taiwan.net.tw/zh-tw/portal/travel/details/restaurant_376470000a_000280,7980c87d910b52cb,SRC_R010B04_TW_376470000A_000280_OFFICIAL,1,0.9000,0.1000,1,楊家燒烤土產羊肉爐,secondary,0.7000,official Taiwan Tourism Administration open-data source with direct date evidence
SRC_R010B04_TW_376470000A_000243_OFFICIAL,2023,2023-02-17,2015-2025_platformization,黑公雞風味餐廳,花壇鄉,Taiwan,Taiwan-side,official_open_data,Taiwan Tourism Administration Open Multimedia Data,https://media.taiwan.net.tw/en-us/portal/travel/details/restaurant_376470000a_000243,official_restaurant_open_data,2023 official open-data page classifies 黑公雞風味餐廳 as 台灣小吃/台菜（Taiwanese Cuisine） with markers 小吃; 台菜; Taiwanese Cuisine,high,"Official Tourism Administration open-data page gives update date, local government source, restaurant category and direct marker evidence. Duplicate source-url and artifact-key checked against Round010 overlay before append; one row represents one source artifact. TLS certificate validation was relaxed for metadata fetch because local Python rejected the site certificate, while the exact public URL is browser/web accessible.",SRC_R010B04_TW_376470000A_000243_OFFICIAL,verified,Taiwan-side,資料更新日期時間 2023-02-17T09:25:33+08:00；餐飲店家類型：台灣小吃/台菜（Taiwanese Cuisine）；黑公雞風味餐廳；1992年開幕的黑公雞餐廳位於八卦山上，飼養黑毛土雞起家。,小吃;台菜;Taiwanese Cuisine,台灣小吃/台菜;Taiwanese Cuisine;台菜;Taiwan,,,https://media.taiwan.net.tw/en-us/portal/travel/details/restaurant_376470000a_000243,c5030874bd119018,SRC_R010B04_TW_376470000A_000243_OFFICIAL,1,0.9000,0.1000,1,黑公雞風味餐廳,secondary,0.7000,official Taiwan Tourism Administration open-data source with direct date evidence
SRC_R010B04_TW_376470000A_000347_OFFICIAL,2023,2023-02-16,2015-2025_platformization,邱記食品行,永靖鄉,Taiwan,Taiwan-side,official_open_data,Taiwan Tourism Administration Open Multimedia Data,https://media.taiwan.net.tw/en-us/portal/travel/details/restaurant_376470000a_000347,official_restaurant_open_data,2023 official open-data page classifies 邱記食品行 as 台灣小吃/台菜（Taiwanese Cuisine） with markers 小吃; 台菜; Taiwanese Cuisine,high,"Official Tourism Administration open-data page gives update date, local government source, restaurant category and direct marker evidence. Duplicate source-url and artifact-key checked against Round010 overlay before append; one row represents one source artifact. TLS certificate validation was relaxed for metadata fetch because local Python rejected the site certificate, while the exact public URL is browser/web accessible.",SRC_R010B04_TW_376470000A_000347_OFFICIAL,verified,Taiwan-side,資料更新日期時間 2023-02-16T14:14:30+08:00；餐飲店家類型：台灣小吃/台菜（Taiwanese Cuisine）；邱記食品行；朝九晚五可不是老闆娘的生活寫照，天還沒亮凌晨三點鐘就開始工作，日復一日，年復一年，已與每個手工製程有著完美的默契。,小吃;台菜;Taiwanese Cuisine,台灣小吃/台菜;Taiwanese Cuisine;台菜;Taiwan,,,https://media.taiwan.net.tw/en-us/portal/travel/details/restaurant_376470000a_000347,b7bc4cd780fa2761,SRC_R010B04_TW_376470000A_000347_OFFICIAL,1,0.9000,0.1000,1,邱記食品行,secondary,0.7000,official Taiwan Tourism Administration open-data source with direct date evidence
SRC_R010B04_TW_376470000A_000201_OFFICIAL,2023,2023-02-16,2015-2025_platformization,大城公館羊肉爐,大城鄉,Taiwan,Taiwan-side,official_open_data,Taiwan Tourism Administration Open Multimedia Data,https://media.taiwan.net.tw/zh-tw/portal/travel/details/restaurant_376470000a_000201,official_restaurant_open_data,2023 official open-data page classifies 大城公館羊肉爐 as 台灣小吃/台菜（Taiwanese Cuisine） with markers 羊肉爐; 小吃; 台菜; Taiwanese Cuisine,high,"Official Tourism Administration open-data page gives update date, local government source, restaurant category and direct marker evidence. Duplicate source-url and artifact-key checked against Round010 overlay before append; one row represents one source artifact. TLS certificate validation was relaxed for metadata fetch because local Python rejected the site certificate, while the exact public URL is browser/web accessible.",SRC_R010B04_TW_376470000A_000201_OFFICIAL,verified,Taiwan-side,資料更新日期時間 2023-02-16T16:09:54+08:00；餐飲店家類型：台灣小吃/台菜（Taiwanese Cuisine）；大城公館羊肉爐；大城公館羊肉爐的店面讓外地人大吃一驚，店面沒有華麗的外表，但一到周末仍然高朋滿座。,羊肉爐;小吃;台菜;Taiwanese Cuisine,台灣小吃/台菜;Taiwanese Cuisine;台菜;Taiwan,,,https://media.taiwan.net.tw/zh-tw/portal/travel/details/restaurant_376470000a_000201,3a91ff2368a9575a,SRC_R010B04_TW_376470000A_000201_OFFICIAL,1,0.9000,0.1000,1,大城公館羊肉爐,secondary,0.7000,official Taiwan Tourism Administration open-data source with direct date evidence
SRC_R010B04_TW_376470000A_000015_OFFICIAL,2018,2018-01-19,2015-2025_platformization,鹿仔港魷魚肉焿,鹿港鎮,Taiwan,Taiwan-side,official_open_data,Taiwan Tourism Administration Open Multimedia Data,https://media.taiwan.net.tw/zh-tw/portal/travel/details/restaurant_376470000a_000015,official_restaurant_open_data,2018 official open-data page classifies 鹿仔港魷魚肉焿 as 地方特產（Local specialty） with markers 魷魚肉焿; 魷魚肉羹; 肉羹; 傳統小吃,high,"Official Tourism Administration open-data page gives update date, local government source, restaurant category and direct marker evidence. Duplicate source-url and artifact-key checked against Round010 overlay before append; one row represents one source artifact. TLS certificate validation was relaxed for metadata fetch because local Python rejected the site certificate, while the exact public URL is browser/web accessible.",SRC_R010B04_TW_376470000A_000015_OFFICIAL,verified,Taiwan-side,資料更新日期時間 2018-01-19T15:40:15+08:00；餐飲店家類型：地方特產（Local specialty）；鹿仔港魷魚肉焿；民國72年時，由許家兄弟基於對鹿港民俗小吃的喜愛與執著所聯手創立。嚴選阿根廷進口的肥美魷魚，去皮少腥味，肉質厚且口感香脆好吃，新鮮魚漿搭配採用現宰的新鮮豬隻胛心肉製成獨家肉羹，加上奮起湖脆筍絲、木耳、魷魚等新鮮上等食材烹煮而成，上菜時再放上二、三塊肉炸酥，香味四溢；一碗熱騰騰的魷魚肉羹，是本店超人氣 的招牌小吃，也是最平民化的鹿港傳統小吃。 文字描述 文字描述-顯示或收起長內容,魷魚肉焿;魷魚肉羹;肉羹;傳統小吃;小吃,傳統小吃,,,https://media.taiwan.net.tw/zh-tw/portal/travel/details/restaurant_376470000a_000015,1b7b1bbd643b9a09,SRC_R010B04_TW_376470000A_000015_OFFICIAL,1,0.9000,0.1000,1,鹿仔港魷魚肉焿,secondary,0.7000,official Taiwan Tourism Administration open-data source with direct date evidence
SRC_R010B04_TW_376470000A_000345_OFFICIAL,2023,2023-02-17,2015-2025_platformization,肉圓輝,社頭鄉,Taiwan,Taiwan-side,official_open_data,Taiwan Tourism Administration Open Multimedia Data,https://media.taiwan.net.tw/zh-tw/portal/travel/details/restaurant_376470000a_000345,official_restaurant_open_data,2023 official open-data page classifies 肉圓輝 as 地方特產（Local specialty） with markers 肉圓,high,"Official Tourism Administration open-data page gives update date, local government source, restaurant category and direct marker evidence. Duplicate source-url and artifact-key checked against Round010 overlay before append; one row represents one source artifact. TLS certificate validation was relaxed for metadata fetch because local Python rejected the site certificate, while the exact public URL is browser/web accessible.",SRC_R010B04_TW_376470000A_000345_OFFICIAL,verified,Taiwan-side,資料更新日期時間 2023-02-17T16:08:24+08:00；餐飲店家類型：地方特產（Local specialty）；肉圓輝；肉圓輝除了好吃以外就是低廉的價格，肉圓每份是以兩粒為單位，也可以單點一粒就是十五元，搭配起來一個五十元銅板可以吃好飽，肉圓可提供宅配。店家自己製作的「甜醬、鹹醬油和蒜頭汁」等醬料亦為肉圓口味的主要來源，是以白砂糖、米漿、辣椒和水等一起熬製而成。菜單：肉圓、魚羹、豆腐湯、貢丸湯、綜合湯,肉圓,台灣小吃/台菜,,,https://media.taiwan.net.tw/zh-tw/portal/travel/details/restaurant_376470000a_000345,64e7db996539be30,SRC_R010B04_TW_376470000A_000345_OFFICIAL,1,0.9000,0.1000,1,肉圓輝,secondary,0.7000,official Taiwan Tourism Administration open-data source with direct date evidence
SRC_R010B05_TW_376470000A_000005_OFFICIAL,2022,2022-08-22,2015-2025_platformization,林桔園蜜餞行,員林市,Taiwan,Taiwan-side,official_open_data,Taiwan Tourism Administration Open Multimedia Data,https://media.taiwan.net.tw/en-us/portal/travel/details/restaurant_376470000a_000005,official_restaurant_open_data,2022 official open-data page classifies 林桔園蜜餞行 as 伴手禮/禮盒（Gift） with markers 台灣小吃/台菜,high,"Official Tourism Administration open-data page gives update date, local government source, restaurant category and direct marker evidence. Duplicate source-url and restaurant artifact ID checked against Round010 overlay before append; one row represents one source artifact. TLS certificate validation was relaxed for metadata fetch because local Python rejected the site certificate, while the exact public URL is browser/web accessible.",SRC_R010B05_TW_376470000A_000005_OFFICIAL,verified,Taiwan-side,資料更新日期時間 2022-08-22T11:54:04+08:00；餐飲店家類型：伴手禮/禮盒（Gift）；林桔園蜜餞行；「我們自己敢吃的，才能賣給客人吃」是林桔園的經營理念，所以與我們合作的都是很注重環境衛生與認真負責的工廠，我們賣的安心，客人買的才能放心。林桔園銷售的蜜餞種類有近百種之多，可以說是蜜餞百貨店，您想得到的，夢得到的都能在這裡找到，不管是新上市的口味，或者是古早味，都保證不會使您失望。,台灣小吃/台菜,古早味,,,https://media.taiwan.net.tw/en-us/portal/travel/details/restaurant_376470000a_000005,073440f1a7ef2fae,SRC_R010B05_TW_376470000A_000005_OFFICIAL,1,0.9000,0.1000,1,林桔園蜜餞行,secondary,0.7000,official Taiwan Tourism Administration open-data source with direct date evidence
SRC_R010B05_TW_376470000A_000006_OFFICIAL,2023,2023-02-15,2015-2025_platformization,龍吉高麗菜飯,田中鎮,Taiwan,Taiwan-side,official_open_data,Taiwan Tourism Administration Open Multimedia Data,https://media.taiwan.net.tw/zh-tw/portal/travel/details/restaurant_376470000a_000006,official_restaurant_open_data,2023 official open-data page classifies 龍吉高麗菜飯 as 夜市小吃（Taiwan Snacks） with markers 小吃; 夜市小吃,high,"Official Tourism Administration open-data page gives update date, local government source, restaurant category and direct marker evidence. Duplicate source-url and restaurant artifact ID checked against Round010 overlay before append; one row represents one source artifact. TLS certificate validation was relaxed for metadata fetch because local Python rejected the site certificate, while the exact public URL is browser/web accessible.",SRC_R010B05_TW_376470000A_000006_OFFICIAL,verified,Taiwan-side,資料更新日期時間 2023-02-15T16:12:35+08:00；餐飲店家類型：夜市小吃（Taiwan Snacks）；龍吉高麗菜飯；香噴滋味高麗菜飯一間位於鎮公所旁的人氣美食，透著蝦米香味的高麗菜飯是該店的獨家口味，店家為了煮出高麗菜飯的好味道，採用傳統式的燜煮法，老闆說這種煮法最費時，但為能保留高麗菜的原味，飯入口時，散發著濃濃的蝦米、胡椒香。,小吃;夜市小吃,夜市小吃;Taiwan Snacks,,,https://media.taiwan.net.tw/zh-tw/portal/travel/details/restaurant_376470000a_000006,4131808592de2d29,SRC_R010B05_TW_376470000A_000006_OFFICIAL,1,0.9000,0.1000,1,龍吉高麗菜飯,secondary,0.7000,official Taiwan Tourism Administration open-data source with direct date evidence
SRC_R010B05_TW_376470000A_000007_OFFICIAL,2022,2022-08-22,2015-2025_platformization,肉圓儀,北斗鎮,Taiwan,Taiwan-side,official_open_data,Taiwan Tourism Administration Open Multimedia Data,https://media.taiwan.net.tw/en-us/portal/travel/details/restaurant_376470000a_000007,official_restaurant_open_data,2022 official open-data page classifies 肉圓儀 as 夜市小吃（Taiwan Snacks） with markers 肉圓; 小吃; 夜市小吃,high,"Official Tourism Administration open-data page gives update date, local government source, restaurant category and direct marker evidence. Duplicate source-url and restaurant artifact ID checked against Round010 overlay before append; one row represents one source artifact. TLS certificate validation was relaxed for metadata fetch because local Python rejected the site certificate, while the exact public URL is browser/web accessible.",SRC_R010B05_TW_376470000A_000007_OFFICIAL,verified,Taiwan-side,資料更新日期時間 2022-08-22T13:08:43+08:00；餐飲店家類型：夜市小吃（Taiwan Snacks）；肉圓儀；元寶型的北斗肉圓，造型小巧可愛，外皮採在來米與菜薯粉作成，餡料除了豬肉外，還多了新鮮筍丁。厚厚肉圓皮呈現Q軟的口感，醃漬的肉醬，透著濃濃的五香味，這是北斗肉圓獨有的味道。北斗鎮著名的肉圓店不下10餘家，每家店各具特色，其中肉圓儀已傳至第三代，除了皮Q有嚼勁外，醬汁更是一絕，甜中帶鹹，鹹中帶辣，味道恰 到好處，許多老北斗人就是喜歡這個味道。 文字描述 文字描述-顯示或收起長內容,肉圓;小吃;夜市小吃,夜市小吃;Taiwan Snacks,,,https://media.taiwan.net.tw/en-us/portal/travel/details/restaurant_376470000a_000007,cf03c384ff7a7662,SRC_R010B05_TW_376470000A_000007_OFFICIAL,1,0.9000,0.1000,1,肉圓儀,secondary,0.7000,official Taiwan Tourism Administration open-data source with direct date evidence
SRC_R010B05_TW_376470000A_000018_OFFICIAL,2022,2022-08-22,2015-2025_platformization,阿南師民俗小吃,鹿港鎮,Taiwan,Taiwan-side,official_open_data,Taiwan Tourism Administration Open Multimedia Data,https://media.taiwan.net.tw/en-us/portal/travel/details/restaurant_376470000a_000018,official_restaurant_open_data,2022 official open-data page classifies 阿南師民俗小吃 as 夜市小吃（Taiwan Snacks） with markers 小吃; 夜市小吃,high,"Official Tourism Administration open-data page gives update date, local government source, restaurant category and direct marker evidence. Duplicate source-url and restaurant artifact ID checked against Round010 overlay before append; one row represents one source artifact. TLS certificate validation was relaxed for metadata fetch because local Python rejected the site certificate, while the exact public URL is browser/web accessible.",SRC_R010B05_TW_376470000A_000018_OFFICIAL,verified,Taiwan-side,資料更新日期時間 2022-08-22T14:30:16+08:00；餐飲店家類型：夜市小吃（Taiwan Snacks）；阿南師民俗小吃；來到鹿港絕對不能錯過阿南師民俗小吃的料理， 店內最超人氣的招牌菜-網西蝦卷又稱為『蝦包蝦』是採用新鮮的鮮蝦剁成醬再和網西做成皮，內餡包著鮮蝦，且都是純手工的，炸過後外酥內鮮嫩，口口都有鮮蝦的好滋味。,小吃;夜市小吃,夜市小吃;Taiwan Snacks,,,https://media.taiwan.net.tw/en-us/portal/travel/details/restaurant_376470000a_000018,1e7ddac115db6c88,SRC_R010B05_TW_376470000A_000018_OFFICIAL,1,0.9000,0.1000,1,阿南師民俗小吃,secondary,0.7000,official Taiwan Tourism Administration open-data source with direct date evidence
SRC_R010B05_TW_376470000A_000019_OFFICIAL,2022,2022-08-22,2015-2025_platformization,東華素食麵茶,鹿港鎮,Taiwan,Taiwan-side,official_open_data,Taiwan Tourism Administration Open Multimedia Data,https://media.taiwan.net.tw/en-us/portal/travel/details/restaurant_376470000a_000019,official_restaurant_open_data,2022 official open-data page classifies 東華素食麵茶 as 素食飲食（Vegetarian Diet） with markers 台灣小吃/台菜,high,"Official Tourism Administration open-data page gives update date, local government source, restaurant category and direct marker evidence. Duplicate source-url and restaurant artifact ID checked against Round010 overlay before append; one row represents one source artifact. TLS certificate validation was relaxed for metadata fetch because local Python rejected the site certificate, while the exact public URL is browser/web accessible.",SRC_R010B05_TW_376470000A_000019_OFFICIAL,verified,Taiwan-side,資料更新日期時間 2022-08-22T14:22:24+08:00；餐飲店家類型：素食飲食（Vegetarian Diet）；東華素食麵茶；傳統古早味營養食品，可平衡人體酸鹼值，遵古法製不含化學添加物，營養美味老少素食者最佳食品。東華素食麵茶是道地的鹿港古早味特產。,台灣小吃/台菜,古早味,,,https://media.taiwan.net.tw/en-us/portal/travel/details/restaurant_376470000a_000019,958cd9b694e7e362,SRC_R010B05_TW_376470000A_000019_OFFICIAL,1,0.9000,0.1000,1,東華素食麵茶,secondary,0.7000,official Taiwan Tourism Administration open-data source with direct date evidence
SRC_R010B05_TW_376470000A_000020_OFFICIAL,2022,2022-08-22,2015-2025_platformization,鹿港永香民俗小吃,鹿港鎮,Taiwan,Taiwan-side,official_open_data,Taiwan Tourism Administration Open Multimedia Data,https://media.taiwan.net.tw/zh-tw/portal/travel/details/restaurant_376470000a_000020,official_restaurant_open_data,2022 official open-data page classifies 鹿港永香民俗小吃 as 夜市小吃（Taiwan Snacks） with markers 小吃; 夜市小吃,high,"Official Tourism Administration open-data page gives update date, local government source, restaurant category and direct marker evidence. Duplicate source-url and restaurant artifact ID checked against Round010 overlay before append; one row represents one source artifact. TLS certificate validation was relaxed for metadata fetch because local Python rejected the site certificate, while the exact public URL is browser/web accessible.",SRC_R010B05_TW_376470000A_000020_OFFICIAL,verified,Taiwan-side,資料更新日期時間 2022-08-22T14:25:37+08:00；餐飲店家類型：夜市小吃（Taiwan Snacks）；鹿港永香民俗小吃；昭和九年開始經營，目前是第四代掌門。店裡祖傳滷肉飯是以搭配炸過的肉皮、切碎的紅蘿蔔絲及高麗菜等佐料所做成的，風味獨特，讓人齒頰留香感到津津有味而大受歡迎。,小吃;夜市小吃,夜市小吃;Taiwan Snacks,,,https://media.taiwan.net.tw/zh-tw/portal/travel/details/restaurant_376470000a_000020,697e9441a676c311,SRC_R010B05_TW_376470000A_000020_OFFICIAL,1,0.9000,0.1000,1,鹿港永香民俗小吃,secondary,0.7000,official Taiwan Tourism Administration open-data source with direct date evidence
SRC_R010B05_TW_376470000A_000025_OFFICIAL,2023,2023-12-01,2015-2025_platformization,鹿港素珠芋丸,鹿港鎮,Taiwan,Taiwan-side,official_open_data,Taiwan Tourism Administration Open Multimedia Data,https://media.taiwan.net.tw/en-us/portal/travel/details/restaurant_376470000a_000025,official_restaurant_open_data,2023 official open-data page classifies 鹿港素珠芋丸 as 地方特產（Local specialty） with markers 小吃,high,"Official Tourism Administration open-data page gives update date, local government source, restaurant category and direct marker evidence. Duplicate source-url and restaurant artifact ID checked against Round010 overlay before append; one row represents one source artifact. TLS certificate validation was relaxed for metadata fetch because local Python rejected the site certificate, while the exact public URL is browser/web accessible.",SRC_R010B05_TW_376470000A_000025_OFFICIAL,verified,Taiwan-side,資料更新日期時間 2023-12-01T15:09:07+08:00；餐飲店家類型：地方特產（Local specialty）；鹿港素珠芋丸；鹿港傳統古早味的小吃眾多，但位於民生路與泉州二路轉角處的好吃古早味的「素珠芋丸」，在當地頗具盛名。素珠媽媽以純熟手藝做出好吃芋丸，並不斷創新吃法，從煮湯轉變成一芋三吃；一吃煮湯、二吃清蒸、三吃炸，食用時再加上獨家醬料，風味獨特，不但是在地人永不厭倦的媽媽味道，更是外地人到鹿港一遊時，必定攜帶的伴手呢 。 文字描述 文字描述-顯示或收起長內容,小吃,古早味,,,https://media.taiwan.net.tw/en-us/portal/travel/details/restaurant_376470000a_000025,b4e4026dce04e719,SRC_R010B05_TW_376470000A_000025_OFFICIAL,1,0.9000,0.1000,1,鹿港素珠芋丸,secondary,0.7000,official Taiwan Tourism Administration open-data source with direct date evidence
SRC_R010B05_TW_376470000A_000030_OFFICIAL,2018,2018-01-26,2015-2025_platformization,蔡澤記,鹿港鎮,Taiwan,Taiwan-side,official_open_data,Taiwan Tourism Administration Open Multimedia Data,https://media.taiwan.net.tw/en-us/portal/travel/details/restaurant_376470000a_000030,official_restaurant_open_data,2018 official open-data page classifies 蔡澤記 as 地方特產（Local specialty） with markers 台灣小吃/台菜,high,"Official Tourism Administration open-data page gives update date, local government source, restaurant category and direct marker evidence. Duplicate source-url and restaurant artifact ID checked against Round010 overlay before append; one row represents one source artifact. TLS certificate validation was relaxed for metadata fetch because local Python rejected the site certificate, while the exact public URL is browser/web accessible.",SRC_R010B05_TW_376470000A_000030_OFFICIAL,verified,Taiwan-side,資料更新日期時間 2018-01-26T14:55:36+08:00；餐飲店家類型：地方特產（Local specialty）；蔡澤記；蔡澤記為祖傳百年老店至今已第三代了，以手工精製水餃聞名。本店與眾不同的五種產品，是老闆畢生心血的結晶，在地的古早味，讓您吃了回味再三，有晶瑩剔透QQ彈牙的水晶餃、及以純豬肉福州燕皮精製而成的扁食燕、添加香脆爽口荸薺的水丸、埔里盛產香菇做成的香菇丸、還有使用上等後豬大腿慢火細燉獨家高湯，用蒸的方式製成 的蒸丸風味絕佳，都是消費者不錯的選擇，值得一試。送禮自用兩相宜~資料來源：鹿港鎮公所 文字描述 文字描述-顯示或收起長內容,台灣小吃/台菜,古早味,,,https://media.taiwan.net.tw/en-us/portal/travel/details/restaurant_376470000a_000030,2597e7c86fd726a0,SRC_R010B05_TW_376470000A_000030_OFFICIAL,1,0.9000,0.1000,1,蔡澤記,secondary,0.7000,official Taiwan Tourism Administration open-data source with direct date evidence
SRC_R010B05_TW_376470000A_000027_OFFICIAL,2022,2022-08-22,2015-2025_platformization,鵬師小丸子,鹿港鎮,Taiwan,Taiwan-side,official_open_data,Taiwan Tourism Administration Open Multimedia Data,https://media.taiwan.net.tw/en-us/portal/travel/details/restaurant_376470000a_000027,official_restaurant_open_data,2022 official open-data page classifies 鵬師小丸子 as 夜市小吃（Taiwan Snacks） with markers 小吃; 夜市小吃,high,"Official Tourism Administration open-data page gives update date, local government source, restaurant category and direct marker evidence. Duplicate source-url and restaurant artifact ID checked against Round010 overlay before append; one row represents one source artifact. TLS certificate validation was relaxed for metadata fetch because local Python rejected the site certificate, while the exact public URL is browser/web accessible.",SRC_R010B05_TW_376470000A_000027_OFFICIAL,verified,Taiwan-side,資料更新日期時間 2022-08-22T14:23:43+08:00；餐飲店家類型：夜市小吃（Taiwan Snacks）；鵬師小丸子；鵬師秘方，採用豬大骨熬製多時的香醇湯頭，用上等豬肉特製成的小丸子、水晶餃，湯頭好、口味佳，不加防腐劑、不加硼沙，天然、健康美味。鵬師之前是辦桌的師父，對於美食料理經驗相當豐富，日據時代即獲有政府頒發之營業執照，辦桌之餘，研發了小丸子與水晶餃，皆為純手工製造。本攤店創於1931年，歷史悠久，是本地人和 來媽祖宮參拜的香客必光顧的小吃攤。資料來源：鹿港鎮公所 文字描述 文字描述-顯示或收起長內容,小吃;夜市小吃,夜市小吃;Taiwan Snacks,,,https://media.taiwan.net.tw/en-us/portal/travel/details/restaurant_376470000a_000027,e67be63c8642d980,SRC_R010B05_TW_376470000A_000027_OFFICIAL,1,0.9000,0.1000,1,鵬師小丸子,secondary,0.7000,official Taiwan Tourism Administration open-data source with direct date evidence
SRC_R010B05_TW_376470000A_000032_OFFICIAL,2022,2022-08-22,2015-2025_platformization,三姐妹蚵仔煎,鹿港鎮,Taiwan,Taiwan-side,official_open_data,Taiwan Tourism Administration Open Multimedia Data,https://media.taiwan.net.tw/zh-tw/portal/travel/details/restaurant_376470000a_000032,official_restaurant_open_data,2022 official open-data page classifies 三姐妹蚵仔煎 as 夜市小吃（Taiwan Snacks） with markers 蚵仔煎; 小吃; 夜市小吃,high,"Official Tourism Administration open-data page gives update date, local government source, restaurant category and direct marker evidence. Duplicate source-url and restaurant artifact ID checked against Round010 overlay before append; one row represents one source artifact. TLS certificate validation was relaxed for metadata fetch because local Python rejected the site certificate, while the exact public URL is browser/web accessible.",SRC_R010B05_TW_376470000A_000032_OFFICIAL,verified,Taiwan-side,資料更新日期時間 2022-08-22T14:45:59+08:00；餐飲店家類型：夜市小吃（Taiwan Snacks）；三姐妹蚵仔煎；本店採當日新鮮的珍珠蚵為食材，現點現料理，傳承四十幾年古早作法，蚵仔煎香酥可口，醬料更會讓您口齒留香，包您回憶滿分，歡迎來嚐鮮。資料來源：鹿港鎮公所,蚵仔煎;小吃;夜市小吃,夜市小吃;Taiwan Snacks,,,https://media.taiwan.net.tw/zh-tw/portal/travel/details/restaurant_376470000a_000032,77dadf01aeef9028,SRC_R010B05_TW_376470000A_000032_OFFICIAL,1,0.9000,0.1000,1,三姐妹蚵仔煎,secondary,0.7000,official Taiwan Tourism Administration open-data source with direct date evidence
SRC_R010B05_TW_376470000A_000033_OFFICIAL,2022,2022-08-22,2015-2025_platformization,古茨茶坊,鹿港鎮,Taiwan,Taiwan-side,official_open_data,Taiwan Tourism Administration Open Multimedia Data,https://media.taiwan.net.tw/zh-tw/portal/travel/details/restaurant_376470000a_000033,official_restaurant_open_data,2022 official open-data page classifies 古茨茶坊 as 夜市小吃（Taiwan Snacks） with markers 小吃; 夜市小吃,high,"Official Tourism Administration open-data page gives update date, local government source, restaurant category and direct marker evidence. Duplicate source-url and restaurant artifact ID checked against Round010 overlay before append; one row represents one source artifact. TLS certificate validation was relaxed for metadata fetch because local Python rejected the site certificate, while the exact public URL is browser/web accessible.",SRC_R010B05_TW_376470000A_000033_OFFICIAL,verified,Taiwan-side,資料更新日期時間 2022-08-22T14:23:01+08:00；餐飲店家類型：夜市小吃（Taiwan Snacks）；古茨茶坊；本店採用進口專業級RO中央純水系統，冰塊自製無衛生安全之虞，且每日少量現煮茶葉，絕對新鮮，請放心使用。資料來源：鹿港鎮公所,小吃;夜市小吃,夜市小吃;Taiwan Snacks,,,https://media.taiwan.net.tw/zh-tw/portal/travel/details/restaurant_376470000a_000033,e7662dace5181742,SRC_R010B05_TW_376470000A_000033_OFFICIAL,1,0.9000,0.1000,1,古茨茶坊,secondary,0.7000,official Taiwan Tourism Administration open-data source with direct date evidence
SRC_R010B05_TW_376470000A_000034_OFFICIAL,2018,2018-01-19,2015-2025_platformization,鹿港黑松趩仔麵,鹿港鎮,Taiwan,Taiwan-side,official_open_data,Taiwan Tourism Administration Open Multimedia Data,https://media.taiwan.net.tw/zh-tw/portal/travel/details/restaurant_376470000a_000034,official_restaurant_open_data,2018 official open-data page classifies 鹿港黑松趩仔麵 as 地方特產（Local specialty） with markers 焢肉飯,high,"Official Tourism Administration open-data page gives update date, local government source, restaurant category and direct marker evidence. Duplicate source-url and restaurant artifact ID checked against Round010 overlay before append; one row represents one source artifact. TLS certificate validation was relaxed for metadata fetch because local Python rejected the site certificate, while the exact public URL is browser/web accessible.",SRC_R010B05_TW_376470000A_000034_OFFICIAL,verified,Taiwan-side,資料更新日期時間 2018-01-19T15:54:44+08:00；餐飲店家類型：地方特產（Local specialty）；鹿港黑松趩仔麵；趩仔麵，在老一輩又稱文燦麵，由文燦伯傳承至今50餘年的歷史。趩仔麵至今仍用最傳統的竹麵杓，現煮的麵加上用大骨熬成的高湯，並搭配古早味的肉燥及每日以手工取用新鮮食材，所特製的三種丸子，炸卷、蝦丸、肉丸、芋丸，店內另有飯食類、排骨飯、焢肉飯、豬腳飯及各式小菜。資料來源：鹿港鎮公所趩仔麵其實就是一般的切仔 麵，但是這裡的仔麵特別之處在於，清麵加上蝦丸、炸捲等，豐富配料使得整碗麵可口誘人。 文字描述 文字描述-顯示或收起長內容,焢肉飯,古早味,,,https://media.taiwan.net.tw/zh-tw/portal/travel/details/restaurant_376470000a_000034,3cbbb287f697c937,SRC_R010B05_TW_376470000A_000034_OFFICIAL,1,0.9000,0.1000,1,鹿港黑松趩仔麵,secondary,0.7000,official Taiwan Tourism Administration open-data source with direct date evidence
SRC_R010B05_TW_376470000A_000035_OFFICIAL,2022,2022-08-22,2015-2025_platformization,海珍蚵仔煎專賣店,鹿港鎮,Taiwan,Taiwan-side,official_open_data,Taiwan Tourism Administration Open Multimedia Data,https://media.taiwan.net.tw/zh-tw/portal/travel/details/restaurant_376470000a_000035,official_restaurant_open_data,2022 official open-data page classifies 海珍蚵仔煎專賣店 as 夜市小吃（Taiwan Snacks） with markers 蚵仔煎; 小吃; 夜市小吃,high,"Official Tourism Administration open-data page gives update date, local government source, restaurant category and direct marker evidence. Duplicate source-url and restaurant artifact ID checked against Round010 overlay before append; one row represents one source artifact. TLS certificate validation was relaxed for metadata fetch because local Python rejected the site certificate, while the exact public URL is browser/web accessible.",SRC_R010B05_TW_376470000A_000035_OFFICIAL,verified,Taiwan-side,資料更新日期時間 2022-08-22T14:47:07+08:00；餐飲店家類型：夜市小吃（Taiwan Snacks）；海珍蚵仔煎專賣店；鹿港傳統且道地的特色小吃是什麼呢？又有哪一種食物是到鹿港必嘗的佳餚？就是「蚵仔煎」！,蚵仔煎;小吃;夜市小吃,夜市小吃;Taiwan Snacks,,,https://media.taiwan.net.tw/zh-tw/portal/travel/details/restaurant_376470000a_000035,973040a85efac2cd,SRC_R010B05_TW_376470000A_000035_OFFICIAL,1,0.9000,0.1000,1,海珍蚵仔煎專賣店,secondary,0.7000,official Taiwan Tourism Administration open-data source with direct date evidence
SRC_R010B05_TW_376470000A_000038_OFFICIAL,2018,2018-01-19,2015-2025_platformization,鹿港脆皮雞蛋糕,鹿港鎮,Taiwan,Taiwan-side,official_open_data,Taiwan Tourism Administration Open Multimedia Data,https://media.taiwan.net.tw/zh-tw/portal/travel/details/restaurant_376470000a_000038,official_restaurant_open_data,2018 official open-data page classifies 鹿港脆皮雞蛋糕 as 夜市小吃（Taiwan Snacks） with markers 小吃; 夜市小吃,high,"Official Tourism Administration open-data page gives update date, local government source, restaurant category and direct marker evidence. Duplicate source-url and restaurant artifact ID checked against Round010 overlay before append; one row represents one source artifact. TLS certificate validation was relaxed for metadata fetch because local Python rejected the site certificate, while the exact public URL is browser/web accessible.",SRC_R010B05_TW_376470000A_000038_OFFICIAL,verified,Taiwan-side,資料更新日期時間 2018-01-19T15:50:01+08:00；餐飲店家類型：夜市小吃（Taiwan Snacks）；鹿港脆皮雞蛋糕；位於文開路與中山路口這家「脆皮雞蛋糕」，一到下午時段，總是排滿等候的人群。但是這家的味道就是不一樣！原來秘訣就是：特殊的模具。老板本職是從事鑄鐵的工作，太太想要創業做雞蛋糕生意，老板就以自己的專長，為太太設計特別的可愛卡通模具。兩個造型一組，共有十多組，依序排列在烤爐上，按照時間先後順序，不斷地均勻 翻轉地烘烤下。 文字描述 文字描述-顯示或收起長內容,小吃;夜市小吃,夜市小吃;Taiwan Snacks,,,https://media.taiwan.net.tw/zh-tw/portal/travel/details/restaurant_376470000a_000038,cb3cf0351aa93795,SRC_R010B05_TW_376470000A_000038_OFFICIAL,1,0.9000,0.1000,1,鹿港脆皮雞蛋糕,secondary,0.7000,official Taiwan Tourism Administration open-data source with direct date evidence
SRC_R010B05_TW_376470000A_000039_OFFICIAL,2022,2022-08-22,2015-2025_platformization,台北小籠包,鹿港鎮,Taiwan,Taiwan-side,official_open_data,Taiwan Tourism Administration Open Multimedia Data,https://media.taiwan.net.tw/zh-tw/portal/travel/details/restaurant_376470000a_000039,official_restaurant_open_data,2022 official open-data page classifies 台北小籠包 as 夜市小吃（Taiwan Snacks） with markers 小吃; 夜市小吃,high,"Official Tourism Administration open-data page gives update date, local government source, restaurant category and direct marker evidence. Duplicate source-url and restaurant artifact ID checked against Round010 overlay before append; one row represents one source artifact. TLS certificate validation was relaxed for metadata fetch because local Python rejected the site certificate, while the exact public URL is browser/web accessible.",SRC_R010B05_TW_376470000A_000039_OFFICIAL,verified,Taiwan-side,資料更新日期時間 2022-08-22T14:41:07+08:00；餐飲店家類型：夜市小吃（Taiwan Snacks）；台北小籠包；全手工包製的小籠阿包是本店的強打招牌，每日精選長白頭大青蔥、青翠高麗菜及每日現宰豬肉肥、瘦三比七的黃金比例，以順時鐘方向持續拍打攪拌而成，麵皮也是獨家首創－4C壓制發酵的半發麵，讓每粒小籠阿包皮薄勁韌、汁多味美，是每位遊客來到鹿港必嚐的好味！資料來源：鹿港鎮公所,小吃;夜市小吃,夜市小吃;Taiwan Snacks,,,https://media.taiwan.net.tw/zh-tw/portal/travel/details/restaurant_376470000a_000039,950119476828786f,SRC_R010B05_TW_376470000A_000039_OFFICIAL,1,0.9000,0.1000,1,台北小籠包,secondary,0.7000,official Taiwan Tourism Administration open-data source with direct date evidence
SRC_R010B05_TW_376470000A_000041_OFFICIAL,2022,2022-08-22,2015-2025_platformization,老全豬血麵線,鹿港鎮,Taiwan,Taiwan-side,official_open_data,Taiwan Tourism Administration Open Multimedia Data,https://media.taiwan.net.tw/zh-tw/portal/travel/details/restaurant_376470000a_000041,official_restaurant_open_data,2022 official open-data page classifies 老全豬血麵線 as 夜市小吃（Taiwan Snacks） with markers 麵線; 小吃; 夜市小吃,high,"Official Tourism Administration open-data page gives update date, local government source, restaurant category and direct marker evidence. Duplicate source-url and restaurant artifact ID checked against Round010 overlay before append; one row represents one source artifact. TLS certificate validation was relaxed for metadata fetch because local Python rejected the site certificate, while the exact public URL is browser/web accessible.",SRC_R010B05_TW_376470000A_000041_OFFICIAL,verified,Taiwan-side,資料更新日期時間 2022-08-22T14:46:35+08:00；餐飲店家類型：夜市小吃（Taiwan Snacks）；老全豬血麵線；老全豬血湯與紅麵線和小腸混合，成為一道「俗閣呷粗飽」的點心。高麗菜飯香噴噴內有肉燥、香菇、蝦米好吃又爽口，六仔麵薄又Q、加甜辣醬很對味又很香，各種點心都能吃出好風味。資料來源：鹿港鎮公所,麵線;小吃;夜市小吃,夜市小吃;Taiwan Snacks,,,https://media.taiwan.net.tw/zh-tw/portal/travel/details/restaurant_376470000a_000041,0858d185788c593c,SRC_R010B05_TW_376470000A_000041_OFFICIAL,1,0.9000,0.1000,1,老全豬血麵線,secondary,0.7000,official Taiwan Tourism Administration open-data source with direct date evidence
SRC_R010B05_TW_376470000A_000046_OFFICIAL,2022,2022-08-22,2015-2025_platformization,健興糖仔店,鹿港鎮,Taiwan,Taiwan-side,official_open_data,Taiwan Tourism Administration Open Multimedia Data,https://media.taiwan.net.tw/zh-tw/portal/travel/details/restaurant_376470000a_000046,official_restaurant_open_data,2022 official open-data page classifies 健興糖仔店 as 夜市小吃（Taiwan Snacks） with markers 小吃; 夜市小吃,high,"Official Tourism Administration open-data page gives update date, local government source, restaurant category and direct marker evidence. Duplicate source-url and restaurant artifact ID checked against Round010 overlay before append; one row represents one source artifact. TLS certificate validation was relaxed for metadata fetch because local Python rejected the site certificate, while the exact public URL is browser/web accessible.",SRC_R010B05_TW_376470000A_000046_OFFICIAL,verified,Taiwan-side,資料更新日期時間 2022-08-22T14:41:55+08:00；餐飲店家類型：夜市小吃（Taiwan Snacks）；健興糖仔店；50年代的食品如：柑仔糖、柑仔冰、王子麵、麵茶粉、抽抽樂、洞洞樂...等等多種食品，以及玩具如：紙飛機、粘粘手...等。,小吃;夜市小吃,夜市小吃;Taiwan Snacks,,,https://media.taiwan.net.tw/zh-tw/portal/travel/details/restaurant_376470000a_000046,550c48b409cb3edc,SRC_R010B05_TW_376470000A_000046_OFFICIAL,1,0.9000,0.1000,1,健興糖仔店,secondary,0.7000,official Taiwan Tourism Administration open-data source with direct date evidence
SRC_R010B05_TW_376470000A_000047_OFFICIAL,2018,2018-09-18,2015-2025_platformization,鹿港老街古早商行,鹿港鎮,Taiwan,Taiwan-side,official_open_data,Taiwan Tourism Administration Open Multimedia Data,https://media.taiwan.net.tw/en-us/portal/travel/details/restaurant_376470000a_000047,official_restaurant_open_data,2018 official open-data page classifies 鹿港老街古早商行 as 夜市小吃（Taiwan Snacks） with markers 小吃; 夜市小吃,high,"Official Tourism Administration open-data page gives update date, local government source, restaurant category and direct marker evidence. Duplicate source-url and restaurant artifact ID checked against Round010 overlay before append; one row represents one source artifact. TLS certificate validation was relaxed for metadata fetch because local Python rejected the site certificate, while the exact public URL is browser/web accessible.",SRC_R010B05_TW_376470000A_000047_OFFICIAL,verified,Taiwan-side,資料更新日期時間 2018-09-18T16:38:56+08:00；餐飲店家類型：夜市小吃（Taiwan Snacks）；鹿港老街古早商行；店內主要商品除了懷舊商品、零嘴、彈珠汽水，及許多文創商品電繡書包.國旗創意商行.各式梅餅，鹿港工藝家的作品商品。,小吃;夜市小吃,夜市小吃;Taiwan Snacks,,,https://media.taiwan.net.tw/en-us/portal/travel/details/restaurant_376470000a_000047,9a4ddc03650481ce,SRC_R010B05_TW_376470000A_000047_OFFICIAL,1,0.9000,0.1000,1,鹿港老街古早商行,secondary,0.7000,official Taiwan Tourism Administration open-data source with direct date evidence
SRC_R010B05_TW_376470000A_000048_OFFICIAL,2022,2022-08-22,2015-2025_platformization,華興曾餅舖,鹿港鎮,Taiwan,Taiwan-side,official_open_data,Taiwan Tourism Administration Open Multimedia Data,https://media.taiwan.net.tw/en-us/portal/travel/details/restaurant_376470000a_000048,official_restaurant_open_data,2022 official open-data page classifies 華興曾餅舖 as 夜市小吃（Taiwan Snacks） with markers 小吃; 夜市小吃,high,"Official Tourism Administration open-data page gives update date, local government source, restaurant category and direct marker evidence. Duplicate source-url and restaurant artifact ID checked against Round010 overlay before append; one row represents one source artifact. TLS certificate validation was relaxed for metadata fetch because local Python rejected the site certificate, while the exact public URL is browser/web accessible.",SRC_R010B05_TW_376470000A_000048_OFFICIAL,verified,Taiwan-side,資料更新日期時間 2022-08-22T14:35:37+08:00；餐飲店家類型：夜市小吃（Taiwan Snacks）；華興曾餅舖；本店採取古早大蒸籠來蒸蛋糕，蒸出口感綿密、低糖、低油脂的水蒸蛋糕。鹹蛋糕、蔓越莓、芋香都是本店最具超人氣商品!來鹿港遊玩來一趟喜仕多水蒸蛋糕養生最佳伴手禮歐!本店另售有鳳梨酥、牛舌餅、蝦餅、牛軋糖、芝麻粩等,小吃;夜市小吃,夜市小吃;Taiwan Snacks,,,https://media.taiwan.net.tw/en-us/portal/travel/details/restaurant_376470000a_000048,c0b3c296a04dce03,SRC_R010B05_TW_376470000A_000048_OFFICIAL,1,0.9000,0.1000,1,華興曾餅舖,secondary,0.7000,official Taiwan Tourism Administration open-data source with direct date evidence
SRC_R010B05_TW_376470000A_000052_OFFICIAL,2023,2023-02-18,2015-2025_platformization,頂好快餐,二林鎮,Taiwan,Taiwan-side,official_open_data,Taiwan Tourism Administration Open Multimedia Data,https://media.taiwan.net.tw/en-us/portal/travel/details/restaurant_376470000a_000052,official_restaurant_open_data,2023 official open-data page classifies 頂好快餐 as 台灣小吃/台菜（Taiwanese Cuisine） with markers 小吃; 台菜; 台灣小吃/台菜; Taiwanese Cuisine,high,"Official Tourism Administration open-data page gives update date, local government source, restaurant category and direct marker evidence. Duplicate source-url and restaurant artifact ID checked against Round010 overlay before append; one row represents one source artifact. TLS certificate validation was relaxed for metadata fetch because local Python rejected the site certificate, while the exact public URL is browser/web accessible.",SRC_R010B05_TW_376470000A_000052_OFFICIAL,verified,Taiwan-side,"資料更新日期時間 2023-02-18T14:53:19+08:00；餐飲店家類型：台灣小吃/台菜（Taiwanese Cuisine）；頂好快餐；哇！頂好快餐完全不一樣了，自8月份開始給您一個全新的味蕾享受。""大碗公飯""集傳統美食於""一碗公""的碗公飯在頂好開賣了，四項菜色加一主菜(有滷排、雞腿、爌肉、魚排可選喔)，只要花50元就可以吃到美食吃到飽。    精心熬燉的清燉排骨湯也是我們極力推薦，採用新鮮的肋骨燉煮5小時以上，排骨軟嫩、湯頭不油膩 ，是不容錯過的好湯。    台灣第一的美味小吃，滷肉飯、肉燥飯、高麗菜飯，再加上精緻滷菜、滷蛋、油豆腐、筍干....全部通通有，您想要的我們頂好都有，都嚐的到，只要小小的消費，就有大大的享受。    店裡吃不夠，您還可以外帶，跟大碗公飯一樣的美味菜色的""桶飯""，一樣價錢、一樣好吃。本店也有提供經濟實惠的平價便當，也只要60元，菜色豐富，包您滿意。 文字描述 文字描述-顯示或收起長內容",小吃;台菜;台灣小吃/台菜;Taiwanese Cuisine,台灣小吃/台菜;Taiwanese Cuisine;台菜,,,https://media.taiwan.net.tw/en-us/portal/travel/details/restaurant_376470000a_000052,c6ed2e545d308ec6,SRC_R010B05_TW_376470000A_000052_OFFICIAL,1,0.9000,0.1000,1,頂好快餐,secondary,0.7000,official Taiwan Tourism Administration open-data source with direct date evidence
SRC_R010B05_TW_376470000A_000058_OFFICIAL,2021,2021-05-31,2015-2025_platformization,阿秀羊肉爐,溪湖鎮,Taiwan,Taiwan-side,official_open_data,Taiwan Tourism Administration Open Multimedia Data,https://media.taiwan.net.tw/en-us/portal/travel/details/restaurant_376470000a_000058,official_restaurant_open_data,2021 official open-data page classifies 阿秀羊肉爐 as 台灣小吃/台菜（Taiwanese Cuisine） with markers 羊肉爐; 小吃; 台菜; 台灣小吃/台菜,high,"Official Tourism Administration open-data page gives update date, local government source, restaurant category and direct marker evidence. Duplicate source-url and restaurant artifact ID checked against Round010 overlay before append; one row represents one source artifact. TLS certificate validation was relaxed for metadata fetch because local Python rejected the site certificate, while the exact public URL is browser/web accessible.",SRC_R010B05_TW_376470000A_000058_OFFICIAL,verified,Taiwan-side,資料更新日期時間 2021-05-31T15:08:57+08:00；餐飲店家類型：台灣小吃/台菜（Taiwanese Cuisine）；阿秀羊肉爐；「買最好的羊」、「新鮮、纖嫩、無腥味」，是阿秀羊肉店的經營宗旨。其沾醬以整塊豆腐乳和辣椒醬為主，由顧客自行調拌。阿秀羊肉由楊松雄在民國70年創立，招牌菜除了羊肉爐外，還有薑片麻油炒羊肝、白切三層肉、薑絲酸菜炒羊雜、芹菜炒羊肚等，新鮮、衛生，店家強調「掛保證」。該店好吃的秘訣在於嚴選羊隻，挑選黑或黃色 ，9個月至1歲的閹公羊為食材，店家認為這樣的羊肉肉質最為甘美。 文字描述 文字描述-顯示或收起長內容,羊肉爐;小吃;台菜;台灣小吃/台菜;Taiwanese Cuisine,台灣小吃/台菜;Taiwanese Cuisine;台菜,,,https://media.taiwan.net.tw/en-us/portal/travel/details/restaurant_376470000a_000058,1aa19fa223ccf912,SRC_R010B05_TW_376470000A_000058_OFFICIAL,1,0.9000,0.1000,1,阿秀羊肉爐,secondary,0.7000,official Taiwan Tourism Administration open-data source with direct date evidence
SRC_R010B05_TW_376470000A_000061_OFFICIAL,2023,2023-02-15,2015-2025_platformization,楊仔頭羊肉店,溪湖鎮,Taiwan,Taiwan-side,official_open_data,Taiwan Tourism Administration Open Multimedia Data,https://media.taiwan.net.tw/zh-tw/portal/travel/details/restaurant_376470000a_000061,official_restaurant_open_data,2023 official open-data page classifies 楊仔頭羊肉店 as 台灣小吃/台菜（Taiwanese Cuisine） with markers 羊肉爐; 小吃; 台菜; 台灣小吃/台菜,high,"Official Tourism Administration open-data page gives update date, local government source, restaurant category and direct marker evidence. Duplicate source-url and restaurant artifact ID checked against Round010 overlay before append; one row represents one source artifact. TLS certificate validation was relaxed for metadata fetch because local Python rejected the site certificate, while the exact public URL is browser/web accessible.",SRC_R010B05_TW_376470000A_000061_OFFICIAL,verified,Taiwan-side,資料更新日期時間 2023-02-15T14:35:53+08:00；餐飲店家類型：台灣小吃/台菜（Taiwanese Cuisine）；楊仔頭羊肉店；創立於民國33年的楊仔頭羊肉爐，創始人為楊頭先生，目前已傳到第3代楊志宏。這家已有多年歷史的老店，其招牌為「藥膳羊肉爐」和「薑涮羊肉爐」；其他如快炒羊肉、羊肚、羊心等，也相當受歡迎。,羊肉爐;小吃;台菜;台灣小吃/台菜;Taiwanese Cuisine,台灣小吃/台菜;Taiwanese Cuisine;台菜,,,https://media.taiwan.net.tw/zh-tw/portal/travel/details/restaurant_376470000a_000061,b33806bd621c6d0f,SRC_R010B05_TW_376470000A_000061_OFFICIAL,1,0.9000,0.1000,1,楊仔頭羊肉店,secondary,0.7000,official Taiwan Tourism Administration open-data source with direct date evidence
SRC_R010B05_TW_376470000A_000064_OFFICIAL,2022,2022-08-23,2015-2025_platformization,彰記麻辣火鍋,彰化市,Taiwan,Taiwan-side,official_open_data,Taiwan Tourism Administration Open Multimedia Data,https://media.taiwan.net.tw/en-us/portal/travel/details/restaurant_376470000a_000064,official_restaurant_open_data,2022 official open-data page classifies 彰記麻辣火鍋 as 台灣小吃/台菜（Taiwanese Cuisine） with markers 小吃; 台菜; 台灣小吃/台菜; Taiwanese Cuisine,high,"Official Tourism Administration open-data page gives update date, local government source, restaurant category and direct marker evidence. Duplicate source-url and restaurant artifact ID checked against Round010 overlay before append; one row represents one source artifact. TLS certificate validation was relaxed for metadata fetch because local Python rejected the site certificate, while the exact public URL is browser/web accessible.",SRC_R010B05_TW_376470000A_000064_OFFICIAL,verified,Taiwan-side,資料更新日期時間 2022-08-23T11:31:13+08:00；餐飲店家類型：台灣小吃/台菜（Taiwanese Cuisine）；彰記麻辣火鍋；彰記美食三訣：一、獨家數十種中藥合以五行蔬菜燉熬，清鮮醇濃，麻辣辛香，辛而不燥之養生湯頭！,小吃;台菜;台灣小吃/台菜;Taiwanese Cuisine,台灣小吃/台菜;Taiwanese Cuisine;台菜,,,https://media.taiwan.net.tw/en-us/portal/travel/details/restaurant_376470000a_000064,9c442fb942f4be1e,SRC_R010B05_TW_376470000A_000064_OFFICIAL,1,0.9000,0.1000,1,彰記麻辣火鍋,secondary,0.7000,official Taiwan Tourism Administration open-data source with direct date evidence
SRC_R010B05_TW_376470000A_000067_OFFICIAL,2022,2022-08-22,2015-2025_platformization,元春餃子館,鹿港鎮,Taiwan,Taiwan-side,official_open_data,Taiwan Tourism Administration Open Multimedia Data,https://media.taiwan.net.tw/en-us/portal/travel/details/restaurant_376470000a_000067,official_restaurant_open_data,2022 official open-data page classifies 元春餃子館 as 台灣小吃/台菜（Taiwanese Cuisine） with markers 牛肉麵; 餃子; 小吃; 台菜,high,"Official Tourism Administration open-data page gives update date, local government source, restaurant category and direct marker evidence. Duplicate source-url and restaurant artifact ID checked against Round010 overlay before append; one row represents one source artifact. TLS certificate validation was relaxed for metadata fetch because local Python rejected the site certificate, while the exact public URL is browser/web accessible.",SRC_R010B05_TW_376470000A_000067_OFFICIAL,verified,Taiwan-side,資料更新日期時間 2022-08-22T14:24:19+08:00；餐飲店家類型：台灣小吃/台菜（Taiwanese Cuisine）；元春餃子館；本店成立於西元1986年，專賣牛肉麵、酸辣麵（湯）、蒸餃、榨菜肉絲麵、玉米濃湯、各式麵點及小菜，是從小小的角落開到至今的店面，豬肉蒸餃：選用上等新鮮韮菜、高山高麗菜、新鮮豬肉、獨家配料和調味料所組成。 薄如透明的咬起來彈性十足的蒸餃皮，用筷子一夾，得小心不要把皮戳破，記得放在湯匙上品嚐，因為咬一口， 會有豐富的湯汁順著薄皮緩緩流出，那可是蒸餃的精華所在。資料來源：鹿港鎮公所 文字描述 文字描述-顯示或收起長內容,牛肉麵;餃子;小吃;台菜;台灣小吃/台菜;Taiwanese Cuisine,台灣小吃/台菜;Taiwanese Cuisine;台菜,,,https://media.taiwan.net.tw/en-us/portal/travel/details/restaurant_376470000a_000067,5dbd3305330313ef,SRC_R010B05_TW_376470000A_000067_OFFICIAL,1,0.9000,0.1000,1,元春餃子館,secondary,0.7000,official Taiwan Tourism Administration open-data source with direct date evidence
SRC_R010B05_TW_376470000A_000070_OFFICIAL,2018,2018-01-19,2015-2025_platformization,亞永師(麵担永),鹿港鎮,Taiwan,Taiwan-side,official_open_data,Taiwan Tourism Administration Open Multimedia Data,https://media.taiwan.net.tw/en-us/portal/travel/details/restaurant_376470000a_000070,official_restaurant_open_data,2018 official open-data page classifies 亞永師(麵担永) as 台灣小吃/台菜（Taiwanese Cuisine） with markers 小吃; 台菜; 台灣小吃/台菜; Taiwanese Cuisine,high,"Official Tourism Administration open-data page gives update date, local government source, restaurant category and direct marker evidence. Duplicate source-url and restaurant artifact ID checked against Round010 overlay before append; one row represents one source artifact. TLS certificate validation was relaxed for metadata fetch because local Python rejected the site certificate, while the exact public URL is browser/web accessible.",SRC_R010B05_TW_376470000A_000070_OFFICIAL,verified,Taiwan-side,資料更新日期時間 2018-01-19T12:01:14+08:00；餐飲店家類型：台灣小吃/台菜（Taiwanese Cuisine）；亞永師(麵担永)；『麵担永』是當地人對曾祖父的稱號，現今傳承至第四代已有近八十年歷史。承傳至今成為當地老一輩充滿許多兒時回憶的老店。店內許多純手工製的食材，，猶如：蝦丸、肉丸、炸捲、香腸、蝦仁、肉粳都是由曾祖父堅持純手工製不外包的理念。許多異鄉遊子及老饕來到鹿港都不禁要來『麵担永』一趟嚐嚐令人懷念的古早味。資料來源： 鹿港鎮公所 文字描述 文字描述-顯示或收起長內容,小吃;台菜;台灣小吃/台菜;Taiwanese Cuisine,台灣小吃/台菜;Taiwanese Cuisine;古早味;台菜,,,https://media.taiwan.net.tw/en-us/portal/travel/details/restaurant_376470000a_000070,cbe8032030731191,SRC_R010B05_TW_376470000A_000070_OFFICIAL,1,0.9000,0.1000,1,亞永師(麵担永),secondary,0.7000,official Taiwan Tourism Administration open-data source with direct date evidence
SRC_R010B05_TW_376470000A_000071_OFFICIAL,2022,2022-08-22,2015-2025_platformization,廟口第一家,鹿港鎮,Taiwan,Taiwan-side,official_open_data,Taiwan Tourism Administration Open Multimedia Data,https://media.taiwan.net.tw/zh-tw/portal/travel/details/restaurant_376470000a_000071,official_restaurant_open_data,2022 official open-data page classifies 廟口第一家 as 夜市小吃（Taiwan Snacks） with markers 蚵仔煎; 小吃; 夜市小吃,high,"Official Tourism Administration open-data page gives update date, local government source, restaurant category and direct marker evidence. Duplicate source-url and restaurant artifact ID checked against Round010 overlay before append; one row represents one source artifact. TLS certificate validation was relaxed for metadata fetch because local Python rejected the site certificate, while the exact public URL is browser/web accessible.",SRC_R010B05_TW_376470000A_000071_OFFICIAL,verified,Taiwan-side,資料更新日期時間 2022-08-22T14:38:43+08:00；餐飲店家類型：夜市小吃（Taiwan Snacks）；廟口第一家；位在鹿港天后宮廟旁的廟口第一家，以傳承三代的好手藝，主打:風味餐，專營各類海產小吃的「廟口第一家」，除了鹿港必有的小吃，如蚵仔煎、蝦猴酥、蝦丸湯、蚵嗲等，還有許多拿手菜喔，川燙西施舌、香酥沙腸魚、鮑魚沙拉、酥炸三絲蝦、鮑魚元寶蝦、鮮蚵生吃等等，特殊的海鮮料理，等著你來品嘗！資料來源：鹿港鎮公所,蚵仔煎;小吃;夜市小吃,夜市小吃;Taiwan Snacks,,,https://media.taiwan.net.tw/zh-tw/portal/travel/details/restaurant_376470000a_000071,4ac1fc66eb835963,SRC_R010B05_TW_376470000A_000071_OFFICIAL,1,0.9000,0.1000,1,廟口第一家,secondary,0.7000,official Taiwan Tourism Administration open-data source with direct date evidence
SRC_R010B05_TW_376470000A_000072_OFFICIAL,2022,2022-08-22,2015-2025_platformization,黑點肉粽,鹿港鎮,Taiwan,Taiwan-side,official_open_data,Taiwan Tourism Administration Open Multimedia Data,https://media.taiwan.net.tw/zh-tw/portal/travel/details/restaurant_376470000a_000072,official_restaurant_open_data,2022 official open-data page classifies 黑點肉粽 as 夜市小吃（Taiwan Snacks） with markers 肉粽; 小吃; 夜市小吃,high,"Official Tourism Administration open-data page gives update date, local government source, restaurant category and direct marker evidence. Duplicate source-url and restaurant artifact ID checked against Round010 overlay before append; one row represents one source artifact. TLS certificate validation was relaxed for metadata fetch because local Python rejected the site certificate, while the exact public URL is browser/web accessible.",SRC_R010B05_TW_376470000A_000072_OFFICIAL,verified,Taiwan-side,資料更新日期時間 2022-08-22T14:42:42+08:00；餐飲店家類型：夜市小吃（Taiwan Snacks）；黑點肉粽；黑點肉粽的產品以傳統小吃居多，而且走大眾化、平價路線，是來鹿港旅遊、品嚐小吃的好去處。,肉粽;小吃;夜市小吃,夜市小吃;Taiwan Snacks;傳統小吃,,,https://media.taiwan.net.tw/zh-tw/portal/travel/details/restaurant_376470000a_000072,0656249cbf335808,SRC_R010B05_TW_376470000A_000072_OFFICIAL,1,0.9000,0.1000,1,黑點肉粽,secondary,0.7000,official Taiwan Tourism Administration open-data source with direct date evidence
SRC_R010B05_TW_376470000A_000074_OFFICIAL,2024,2024-05-30,2015-2025_platformization,桂花巷人文茶館,鹿港鎮,Taiwan,Taiwan-side,official_open_data,Taiwan Tourism Administration Open Multimedia Data,https://media.taiwan.net.tw/en-us/portal/travel/details/restaurant_376470000a_000074,official_restaurant_open_data,2024 official open-data page classifies 桂花巷人文茶館 as 台灣小吃/台菜（Taiwanese Cuisine） with markers 米粉; 小吃; 台菜; 台灣小吃/台菜,high,"Official Tourism Administration open-data page gives update date, local government source, restaurant category and direct marker evidence. Duplicate source-url and restaurant artifact ID checked against Round010 overlay before append; one row represents one source artifact. TLS certificate validation was relaxed for metadata fetch because local Python rejected the site certificate, while the exact public URL is browser/web accessible.",SRC_R010B05_TW_376470000A_000074_OFFICIAL,verified,Taiwan-side,資料更新日期時間 2024-05-30T16:45:32+08:00；餐飲店家類型：台灣小吃/台菜（Taiwanese Cuisine）；桂花巷人文茶館；在鹿港早年舊名的「飫鬼埕」旁，有一間復古與現代交錯的人文茶館，一旁飄著陣陣桂花香，在極簡乾淨的空間裡，連空氣都凝息住，僅任著桂花四處飄散，此刻來一杯遵古法熬煮而成的桂花酸梅湯，點一碗讓人回味的肉燥飯，或是阿嬤的炒米粉、古早味豬腳飯，讓童年回憶全湧上來！,米粉;小吃;台菜;台灣小吃/台菜;Taiwanese Cuisine,台灣小吃/台菜;Taiwanese Cuisine;古早味;台菜,,,https://media.taiwan.net.tw/en-us/portal/travel/details/restaurant_376470000a_000074,ec3061570062fc03,SRC_R010B05_TW_376470000A_000074_OFFICIAL,1,0.9000,0.1000,1,桂花巷人文茶館,secondary,0.7000,official Taiwan Tourism Administration open-data source with direct date evidence
SRC_R010B05_TW_376470000A_000076_OFFICIAL,2022,2022-08-22,2015-2025_platformization,怡古齋人文茶館,鹿港鎮,Taiwan,Taiwan-side,official_open_data,Taiwan Tourism Administration Open Multimedia Data,https://media.taiwan.net.tw/zh-tw/portal/travel/details/restaurant_376470000a_000076,official_restaurant_open_data,2022 official open-data page classifies 怡古齋人文茶館 as 台灣小吃/台菜（Taiwanese Cuisine） with markers 小吃; 台菜; 台灣小吃/台菜; Taiwanese Cuisine,high,"Official Tourism Administration open-data page gives update date, local government source, restaurant category and direct marker evidence. Duplicate source-url and restaurant artifact ID checked against Round010 overlay before append; one row represents one source artifact. TLS certificate validation was relaxed for metadata fetch because local Python rejected the site certificate, while the exact public URL is browser/web accessible.",SRC_R010B05_TW_376470000A_000076_OFFICIAL,verified,Taiwan-side,資料更新日期時間 2022-08-22T14:19:29+08:00；餐飲店家類型：台灣小吃/台菜（Taiwanese Cuisine）；怡古齋人文茶館；這裡是捏麵達人施教鏞的民藝工作室，麵粉即是原料之ㄧ，所以年輕老板結合麵粉主題，將茶館以多元、複合方式經營，並研發出「麵茶剉冰」與「冰麵茶」的創意新吃法，引領鹿港麵茶新風潮。,小吃;台菜;台灣小吃/台菜;Taiwanese Cuisine,台灣小吃/台菜;Taiwanese Cuisine;台菜,,,https://media.taiwan.net.tw/zh-tw/portal/travel/details/restaurant_376470000a_000076,fe57aa299f6b03c4,SRC_R010B05_TW_376470000A_000076_OFFICIAL,1,0.9000,0.1000,1,怡古齋人文茶館,secondary,0.7000,official Taiwan Tourism Administration open-data source with direct date evidence
SRC_R010B05_TW_376470000A_000077_OFFICIAL,2022,2022-08-22,2015-2025_platformization,海露佳味館,鹿港鎮,Taiwan,Taiwan-side,official_open_data,Taiwan Tourism Administration Open Multimedia Data,https://media.taiwan.net.tw/en-us/portal/travel/details/restaurant_376470000a_000077,official_restaurant_open_data,2022 official open-data page classifies 海露佳味館 as 台灣小吃/台菜（Taiwanese Cuisine） with markers 小吃; 台菜; 台灣小吃/台菜; Taiwanese Cuisine,high,"Official Tourism Administration open-data page gives update date, local government source, restaurant category and direct marker evidence. Duplicate source-url and restaurant artifact ID checked against Round010 overlay before append; one row represents one source artifact. TLS certificate validation was relaxed for metadata fetch because local Python rejected the site certificate, while the exact public URL is browser/web accessible.",SRC_R010B05_TW_376470000A_000077_OFFICIAL,verified,Taiwan-side,資料更新日期時間 2022-08-22T14:35:16+08:00；餐飲店家類型：台灣小吃/台菜（Taiwanese Cuisine）；海露佳味館；食法千變萬化，沾拌炒煮、炒麵、炒飯、夾饅頭吐司基本吃法， 煎蛋、煮湯更是一絕，不但湯頭鮮美，更連爆香都省了!,小吃;台菜;台灣小吃/台菜;Taiwanese Cuisine,台灣小吃/台菜;Taiwanese Cuisine;台菜,,,https://media.taiwan.net.tw/en-us/portal/travel/details/restaurant_376470000a_000077,d76630ea3e4b514f,SRC_R010B05_TW_376470000A_000077_OFFICIAL,1,0.9000,0.1000,1,海露佳味館,secondary,0.7000,official Taiwan Tourism Administration open-data source with direct date evidence
SRC_R010B05_TW_376470000A_000075_OFFICIAL,2022,2022-08-22,2015-2025_platformization,阿舍茶樓,鹿港鎮,Taiwan,Taiwan-side,official_open_data,Taiwan Tourism Administration Open Multimedia Data,https://media.taiwan.net.tw/en-us/portal/travel/details/restaurant_376470000a_000075,official_restaurant_open_data,2022 official open-data page classifies 阿舍茶樓 as 台灣小吃/台菜（Taiwanese Cuisine） with markers 小吃; 台菜; 台灣小吃/台菜; Taiwanese Cuisine,high,"Official Tourism Administration open-data page gives update date, local government source, restaurant category and direct marker evidence. Duplicate source-url and restaurant artifact ID checked against Round010 overlay before append; one row represents one source artifact. TLS certificate validation was relaxed for metadata fetch because local Python rejected the site certificate, while the exact public URL is browser/web accessible.",SRC_R010B05_TW_376470000A_000075_OFFICIAL,verified,Taiwan-side,資料更新日期時間 2022-08-22T14:20:27+08:00；餐飲店家類型：台灣小吃/台菜（Taiwanese Cuisine）；阿舍茶樓；阿舍茶樓之冰糖杏仁茶，乃探用正宗傳統作法，純手工製作的古早味杏仁茶，堅持選用上等杏仁原豆細磨成漿，加上冰糖，堅持古法細火熬煮而成，不含任何香料香精，散發自然的杏仁芳香，入口綿蜜滑順，非一般沖泡式之杏仁粉可比擬，健康養生，深受遊客喜愛。,小吃;台菜;台灣小吃/台菜;Taiwanese Cuisine,台灣小吃/台菜;Taiwanese Cuisine;古早味;台菜,,,https://media.taiwan.net.tw/en-us/portal/travel/details/restaurant_376470000a_000075,1fdd50ae9871dc33,SRC_R010B05_TW_376470000A_000075_OFFICIAL,1,0.9000,0.1000,1,阿舍茶樓,secondary,0.7000,official Taiwan Tourism Administration open-data source with direct date evidence
SRC_R010B05_TW_376470000A_000084_OFFICIAL,2022,2022-08-22,2015-2025_platformization,益骨多十全藥燉排骨,鹿港鎮,Taiwan,Taiwan-side,official_open_data,Taiwan Tourism Administration Open Multimedia Data,https://media.taiwan.net.tw/en-us/portal/travel/details/restaurant_376470000a_000084,official_restaurant_open_data,2022 official open-data page classifies 益骨多十全藥燉排骨 as 台灣小吃/台菜（Taiwanese Cuisine） with markers 小吃; 台菜; 台灣小吃/台菜; Taiwanese Cuisine,high,"Official Tourism Administration open-data page gives update date, local government source, restaurant category and direct marker evidence. Duplicate source-url and restaurant artifact ID checked against Round010 overlay before append; one row represents one source artifact. TLS certificate validation was relaxed for metadata fetch because local Python rejected the site certificate, while the exact public URL is browser/web accessible.",SRC_R010B05_TW_376470000A_000084_OFFICIAL,verified,Taiwan-side,資料更新日期時間 2022-08-22T14:17:34+08:00；餐飲店家類型：台灣小吃/台菜（Taiwanese Cuisine）；益骨多十全藥燉排骨；【益骨多】精緻十全專賣店 邀您重溫台灣的好味道 一九九九年創立。我們是十全藥燉排骨專賣店，專注用心調理食物的美味，提供最優質的古早味小吃與養生補品，創造更物美價廉的精緻佳餚，是『益骨多』一貫致力堅持追求的目標與願景。,小吃;台菜;台灣小吃/台菜;Taiwanese Cuisine,台灣小吃/台菜;Taiwanese Cuisine;古早味;台菜,,,https://media.taiwan.net.tw/en-us/portal/travel/details/restaurant_376470000a_000084,c62ca8b59ded3066,SRC_R010B05_TW_376470000A_000084_OFFICIAL,1,0.9000,0.1000,1,益骨多十全藥燉排骨,secondary,0.7000,official Taiwan Tourism Administration open-data source with direct date evidence
SRC_R010B05_TW_376470000A_000081_OFFICIAL,2022,2022-08-22,2015-2025_platformization,老街麵食館,鹿港鎮,Taiwan,Taiwan-side,official_open_data,Taiwan Tourism Administration Open Multimedia Data,https://media.taiwan.net.tw/en-us/portal/travel/details/restaurant_376470000a_000081,official_restaurant_open_data,2022 official open-data page classifies 老街麵食館 as 台灣小吃/台菜（Taiwanese Cuisine） with markers 小吃; 台菜; 台灣小吃/台菜; Taiwanese Cuisine,high,"Official Tourism Administration open-data page gives update date, local government source, restaurant category and direct marker evidence. Duplicate source-url and restaurant artifact ID checked against Round010 overlay before append; one row represents one source artifact. TLS certificate validation was relaxed for metadata fetch because local Python rejected the site certificate, while the exact public URL is browser/web accessible.",SRC_R010B05_TW_376470000A_000081_OFFICIAL,verified,Taiwan-side,資料更新日期時間 2022-08-22T14:20:51+08:00；餐飲店家類型：台灣小吃/台菜（Taiwanese Cuisine）；老街麵食館；店家本著愛水餃的心情，包每粒水餃。水餃：每日選用新鮮後腿豬肉及少許肥肉以8:2比率加上爽口的高麗菜、青蔥及調味料，皮Q餡飽一口咬下滿滿幸福好滋味，每日新鮮供應，店家最推薦。照燒豬排飯:豬排由本店特殊醃漬並裹粉後經過高溫油炸，再抹上本店特製的照燒醬，風味獨特。資料來源：鹿港鎮公所,小吃;台菜;台灣小吃/台菜;Taiwanese Cuisine,台灣小吃/台菜;Taiwanese Cuisine;台菜,,,https://media.taiwan.net.tw/en-us/portal/travel/details/restaurant_376470000a_000081,9ee317159cd29996,SRC_R010B05_TW_376470000A_000081_OFFICIAL,1,0.9000,0.1000,1,老街麵食館,secondary,0.7000,official Taiwan Tourism Administration open-data source with direct date evidence
SRC_R010B05_TW_376470000A_000095_OFFICIAL,2022,2022-08-22,2015-2025_platformization,榕樹下阿婆豆花,鹿港鎮,Taiwan,Taiwan-side,official_open_data,Taiwan Tourism Administration Open Multimedia Data,https://media.taiwan.net.tw/zh-tw/portal/travel/details/restaurant_376470000a_000095,official_restaurant_open_data,2022 official open-data page classifies 榕樹下阿婆豆花 as 甜點冰品（Desserts And Ice） with markers 台灣小吃/台菜,high,"Official Tourism Administration open-data page gives update date, local government source, restaurant category and direct marker evidence. Duplicate source-url and restaurant artifact ID checked against Round010 overlay before append; one row represents one source artifact. TLS certificate validation was relaxed for metadata fetch because local Python rejected the site certificate, while the exact public URL is browser/web accessible.",SRC_R010B05_TW_376470000A_000095_OFFICIAL,verified,Taiwan-side,資料更新日期時間 2022-08-22T14:32:39+08:00；餐飲店家類型：甜點冰品（Desserts And Ice）；榕樹下阿婆豆花；第一代老夫婦在鹿港菜園路的榕樹下賣了二十幾年的古早味的傳統豆花，是在地人的共同回憶。,台灣小吃/台菜,古早味,,,https://media.taiwan.net.tw/zh-tw/portal/travel/details/restaurant_376470000a_000095,d82a5980c1e8e52c,SRC_R010B05_TW_376470000A_000095_OFFICIAL,1,0.9000,0.1000,1,榕樹下阿婆豆花,secondary,0.7000,official Taiwan Tourism Administration open-data source with direct date evidence
SRC_R010B05_TW_376470000A_000131_OFFICIAL,2023,2023-01-06,2015-2025_platformization,美鈺食品,和美鎮,Taiwan,Taiwan-side,official_open_data,Taiwan Tourism Administration Open Multimedia Data,https://media.taiwan.net.tw/en-us/portal/travel/details/restaurant_376470000a_000131,official_restaurant_open_data,2023 official open-data page classifies 美鈺食品 as 伴手禮/禮盒（Gift） with markers 台灣小吃/台菜,high,"Official Tourism Administration open-data page gives update date, local government source, restaurant category and direct marker evidence. Duplicate source-url and restaurant artifact ID checked against Round010 overlay before append; one row represents one source artifact. TLS certificate validation was relaxed for metadata fetch because local Python rejected the site certificate, while the exact public URL is browser/web accessible.",SRC_R010B05_TW_376470000A_000131_OFFICIAL,verified,Taiwan-side,資料更新日期時間 2023-01-06T13:48:33+08:00；餐飲店家類型：伴手禮/禮盒（Gift）；美鈺食品；美鈺食品堅持以頂級食材，健康素食搭配手工烘焙，讓每種食材均呈現出最佳的口感，相信只要品嚐過美鈺食品的朋友，必會回味起那難忘的古早味；美鈺食品包裝盒都會標示台灣特產因為常有台商去大陸或拜訪美國的親友帶出國贈送外國友人當伴手禮。,台灣小吃/台菜,古早味,,,https://media.taiwan.net.tw/en-us/portal/travel/details/restaurant_376470000a_000131,0ab227c651180ce3,SRC_R010B05_TW_376470000A_000131_OFFICIAL,1,0.9000,0.1000,1,美鈺食品,secondary,0.7000,official Taiwan Tourism Administration open-data source with direct date evidence
SRC_R010B05_TW_376470000A_000152_OFFICIAL,2023,2023-02-18,2015-2025_platformization,二水古早麵,二水鄉,Taiwan,Taiwan-side,official_open_data,Taiwan Tourism Administration Open Multimedia Data,https://media.taiwan.net.tw/zh-tw/portal/travel/details/restaurant_376470000a_000152,official_restaurant_open_data,2023 official open-data page classifies 二水古早麵 as 夜市小吃（Taiwan Snacks） with markers 小吃; 夜市小吃,high,"Official Tourism Administration open-data page gives update date, local government source, restaurant category and direct marker evidence. Duplicate source-url and restaurant artifact ID checked against Round010 overlay before append; one row represents one source artifact. TLS certificate validation was relaxed for metadata fetch because local Python rejected the site certificate, while the exact public URL is browser/web accessible.",SRC_R010B05_TW_376470000A_000152_OFFICIAL,verified,Taiwan-side,資料更新日期時間 2023-02-18T11:34:56+08:00；餐飲店家類型：夜市小吃（Taiwan Snacks）；二水古早麵；遠離二水的街區，來到知名的董作石硯，再往北走100公尺，轉入巷弄內，赫然見到一間麵攤開在僻靜的住宅區，更令人吃驚的是麵店門庭若市，食客不少。店主人歐蓮昭當年挑著麵擔四處兜售，獨特的古早味是二水人的最愛，後來店面遠離商圈，客人依然聞香上門，她說，肉燥是他的獨門秘方，Q而不爛的麵條，淋上香氣四溢的肉燥， 1碗才20元，不僅在地客愛吃，現在每逢假日經常吸引外地觀光客前來。 文字描述 文字描述-顯示或收起長內容,小吃;夜市小吃,夜市小吃;Taiwan Snacks;古早味,,,https://media.taiwan.net.tw/zh-tw/portal/travel/details/restaurant_376470000a_000152,2314c8f97cfb7005,SRC_R010B05_TW_376470000A_000152_OFFICIAL,1,0.9000,0.1000,1,二水古早麵,secondary,0.7000,official Taiwan Tourism Administration open-data source with direct date evidence
SRC_R010B05_TW_376470000A_000153_OFFICIAL,2023,2023-02-18,2015-2025_platformization,阿琴炒麵香,二水鄉,Taiwan,Taiwan-side,official_open_data,Taiwan Tourism Administration Open Multimedia Data,https://media.taiwan.net.tw/en-us/portal/travel/details/restaurant_376470000a_000153,official_restaurant_open_data,2023 official open-data page classifies 阿琴炒麵香 as 夜市小吃（Taiwan Snacks） with markers 小吃; 夜市小吃,high,"Official Tourism Administration open-data page gives update date, local government source, restaurant category and direct marker evidence. Duplicate source-url and restaurant artifact ID checked against Round010 overlay before append; one row represents one source artifact. TLS certificate validation was relaxed for metadata fetch because local Python rejected the site certificate, while the exact public URL is browser/web accessible.",SRC_R010B05_TW_376470000A_000153_OFFICIAL,verified,Taiwan-side,資料更新日期時間 2023-02-18T11:32:16+08:00；餐飲店家類型：夜市小吃（Taiwan Snacks）；阿琴炒麵香；知名作家九把刀兩年前在二水鄉公所服替代役，來到這個愛吃麵的鄉間，他也入境隨俗把「大口呷麵」當早餐，九把刀力薦的麵店首推員集路上的「阿琴炒麵香」。,小吃;夜市小吃,夜市小吃;Taiwan Snacks,,,https://media.taiwan.net.tw/en-us/portal/travel/details/restaurant_376470000a_000153,524820a4da862477,SRC_R010B05_TW_376470000A_000153_OFFICIAL,1,0.9000,0.1000,1,阿琴炒麵香,secondary,0.7000,official Taiwan Tourism Administration open-data source with direct date evidence
SRC_R010B05_TW_376470000A_000158_OFFICIAL,2017,2017-10-03,2015-2025_platformization,鹿港阿文羊肉,鹿港鎮,Taiwan,Taiwan-side,official_open_data,Taiwan Tourism Administration Open Multimedia Data,https://media.taiwan.net.tw/zh-tw/portal/travel/details/restaurant_376470000a_000158,official_restaurant_open_data,2017 official open-data page classifies 鹿港阿文羊肉 as 台灣小吃/台菜（Taiwanese Cuisine） with markers 小吃; 台菜; 台灣小吃/台菜; Taiwanese Cuisine,high,"Official Tourism Administration open-data page gives update date, local government source, restaurant category and direct marker evidence. Duplicate source-url and restaurant artifact ID checked against Round010 overlay before append; one row represents one source artifact. TLS certificate validation was relaxed for metadata fetch because local Python rejected the site certificate, while the exact public URL is browser/web accessible.",SRC_R010B05_TW_376470000A_000158_OFFICIAL,verified,Taiwan-side,"資料更新日期時間 2017-10-03T11:10:58+08:00；餐飲店家類型：台灣小吃/台菜（Taiwanese Cuisine）；鹿港阿文羊肉；協會認證之國產羊肉專賣店－「鹿港阿文羊肉店」就坐落於鹿港鎮菜園路上，鄰近特色景點「摸乳巷」旁。羊肉湯頭除了堅持使用國產羊隻的羊頭、羊腳、羊大骨熬煮，加上李老闆自製的黑豆湯來取代鹽巴調味，另外也加上了川芎、枸杞、熟地、桂枝、當歸、黃耆等中藥材，用心熬煮出美味甘甜的羊肉湯頭。店內國產帶皮羊肉、瘦肉及多種 羊肉料理任君挑選，品嚐國產羊肉料理四季皆宜，夏天儲備身體能量，冬天溫補暖身，真可說是紅肉聖品。「要做一道好的羊肉料理，最重要的就是嚴選山羊」這就是李老闆的用心與堅持，黑豆熬煮特製湯頭，回甘不膩好滋味，這也就是能讓客人「呷好逗相報」獨特魅力。訂位專線：04-7768998 備註：宅配訂購滿2,000元，即免運費。 文字描述 文字描述-顯示或收起長內容",小吃;台菜;台灣小吃/台菜;Taiwanese Cuisine,台灣小吃/台菜;Taiwanese Cuisine;台菜,,,https://media.taiwan.net.tw/zh-tw/portal/travel/details/restaurant_376470000a_000158,cb5fdc084588ec62,SRC_R010B05_TW_376470000A_000158_OFFICIAL,1,0.9000,0.1000,1,鹿港阿文羊肉,secondary,0.7000,official Taiwan Tourism Administration open-data source with direct date evidence
SRC_R010B05_TW_376470000A_000166_OFFICIAL,2022,2022-08-22,2015-2025_platformization,鼎泰興水蒸蛋糕懷古餐廳,鹿港鎮,Taiwan,Taiwan-side,official_open_data,Taiwan Tourism Administration Open Multimedia Data,https://media.taiwan.net.tw/en-us/portal/travel/details/restaurant_376470000a_000166,official_restaurant_open_data,2022 official open-data page classifies 鼎泰興水蒸蛋糕懷古餐廳 as 伴手禮/禮盒（Gift） with markers 台灣小吃/台菜,high,"Official Tourism Administration open-data page gives update date, local government source, restaurant category and direct marker evidence. Duplicate source-url and restaurant artifact ID checked against Round010 overlay before append; one row represents one source artifact. TLS certificate validation was relaxed for metadata fetch because local Python rejected the site certificate, while the exact public URL is browser/web accessible.",SRC_R010B05_TW_376470000A_000166_OFFICIAL,verified,Taiwan-side,"資料更新日期時間 2022-08-22T14:06:53+08:00；餐飲店家類型：伴手禮/禮盒（Gift）；鼎泰興水蒸蛋糕懷古餐廳；「鼎泰興」位於熱鬧的鹿港鎮泰興里中山路和三民路交叉口上，取其""鼎立於泰興里""之意.建物本身是一棟昭和式樣,紅色的磚造古洋樓.古樸,細緻的獨特風格就如其所製造販售的產品般充滿了懷舊的情感與特色。尤其是水蒸蛋糕,承襲老祖先的智慧並加以改良,堅持以蒸籠炊蒸的方式製做蛋糕,努力改良傳統鹹蛋糕口感上的缺點,研 發出各式鬆軟綿密不乾口且口味多樣的水蒸蛋糕,賦於鹿港傳統美食更豐富完整的商品特色,成為在地深具代表性的伴手禮。鹿港聞名的黑糖水蒸蛋糕，是鼎泰興茶樓的超人氣產品。師傅以多年豐富經驗用蒸籠水蒸的古老工法，加上純正的日本沖繩黑糖，創造出大人跟小孩都喜歡的黑糖水蒸蛋糕。鼎泰興的水蒸蛋糕還有三種口味，古早味鹹蛋糕、日式抹茶蛋糕、養生南瓜蛋糕，也都很受歡迎！鼎泰興水蒸糕蛋的最大特色是綿密順口，香甜而不膩，因為不會太甜，所以頗受女性朋友的喜愛。資料來源：鹿港鎮公所「鼎泰興」是一棟昭和式樣建築 文字描述 文字描述-顯示或收起長內容",台灣小吃/台菜,古早味,,,https://media.taiwan.net.tw/en-us/portal/travel/details/restaurant_376470000a_000166,1793b61874c3c3bc,SRC_R010B05_TW_376470000A_000166_OFFICIAL,1,0.9000,0.1000,1,鼎泰興水蒸蛋糕懷古餐廳,secondary,0.7000,official Taiwan Tourism Administration open-data source with direct date evidence
SRC_R010B05_TW_376470000A_000174_OFFICIAL,2022,2022-08-29,2015-2025_platformization,光華亭,鹿港鎮,Taiwan,Taiwan-side,official_open_data,Taiwan Tourism Administration Open Multimedia Data,https://media.taiwan.net.tw/zh-tw/portal/travel/details/restaurant_376470000a_000174,official_restaurant_open_data,2022 official open-data page classifies 光華亭 as 台灣小吃/台菜（Taiwanese Cuisine） with markers 小吃; 台菜; 台灣小吃/台菜; Taiwanese Cuisine,high,"Official Tourism Administration open-data page gives update date, local government source, restaurant category and direct marker evidence. Duplicate source-url and restaurant artifact ID checked against Round010 overlay before append; one row represents one source artifact. TLS certificate validation was relaxed for metadata fetch because local Python rejected the site certificate, while the exact public URL is browser/web accessible.",SRC_R010B05_TW_376470000A_000174_OFFICIAL,verified,Taiwan-side,資料更新日期時間 2022-08-29T16:25:41+08:00；餐飲店家類型：台灣小吃/台菜（Taiwanese Cuisine）；光華亭；光華亭「三番錦魯麵」在鹿港開業逾百從1899年，可說是能見證鹿港歷史的名店。店名雖為「光華亭」，但倒沒有「三番錦魯麵」來得響亮。,小吃;台菜;台灣小吃/台菜;Taiwanese Cuisine,台灣小吃/台菜;Taiwanese Cuisine;台菜,,,https://media.taiwan.net.tw/zh-tw/portal/travel/details/restaurant_376470000a_000174,caf8da0a5df4385f,SRC_R010B05_TW_376470000A_000174_OFFICIAL,1,0.9000,0.1000,1,光華亭,secondary,0.7000,official Taiwan Tourism Administration open-data source with direct date evidence
SRC_R010B05_TW_376470000A_000175_OFFICIAL,2022,2022-08-29,2015-2025_platformization,大豐民俗肉粽,鹿港鎮,Taiwan,Taiwan-side,official_open_data,Taiwan Tourism Administration Open Multimedia Data,https://media.taiwan.net.tw/zh-tw/portal/travel/details/restaurant_376470000a_000175,official_restaurant_open_data,2022 official open-data page classifies 大豐民俗肉粽 as 夜市小吃（Taiwan Snacks） with markers 肉粽; 小吃; 夜市小吃,high,"Official Tourism Administration open-data page gives update date, local government source, restaurant category and direct marker evidence. Duplicate source-url and restaurant artifact ID checked against Round010 overlay before append; one row represents one source artifact. TLS certificate validation was relaxed for metadata fetch because local Python rejected the site certificate, while the exact public URL is browser/web accessible.",SRC_R010B05_TW_376470000A_000175_OFFICIAL,verified,Taiwan-side,資料更新日期時間 2022-08-29T16:25:59+08:00；餐飲店家類型：夜市小吃（Taiwan Snacks）；大豐民俗肉粽；大豐民俗肉粽好吃的關鍵，來自嚴選自家經營大豐碾米行的濁水溪米，米質晶瑩剔透，經營三十年的口碑使得這家小店屹立不搖。新米一定先放半年，再用灶腳大鍋慢火翻炒，讓熱度均勻分配。此外，大豐肉粽薪傳婆婆四角包法，餡料有雌香菇、蝦與蔥頭爆香的梅花肉與三層肉，粽葉清香滲入米與餡料中是高人氣的美食。,肉粽;小吃;夜市小吃,夜市小吃;Taiwan Snacks,,,https://media.taiwan.net.tw/zh-tw/portal/travel/details/restaurant_376470000a_000175,a80895753510074d,SRC_R010B05_TW_376470000A_000175_OFFICIAL,1,0.9000,0.1000,1,大豐民俗肉粽,secondary,0.7000,official Taiwan Tourism Administration open-data source with direct date evidence
SRC_R010B05_TW_376470000A_000176_OFFICIAL,2022,2022-08-29,2015-2025_platformization,漢彬水晶餃,鹿港鎮,Taiwan,Taiwan-side,official_open_data,Taiwan Tourism Administration Open Multimedia Data,https://media.taiwan.net.tw/zh-tw/portal/travel/details/restaurant_376470000a_000176,official_restaurant_open_data,2022 official open-data page classifies 漢彬水晶餃 as 台灣小吃/台菜（Taiwanese Cuisine） with markers 小吃; 台菜; 台灣小吃/台菜; Taiwanese Cuisine,high,"Official Tourism Administration open-data page gives update date, local government source, restaurant category and direct marker evidence. Duplicate source-url and restaurant artifact ID checked against Round010 overlay before append; one row represents one source artifact. TLS certificate validation was relaxed for metadata fetch because local Python rejected the site certificate, while the exact public URL is browser/web accessible.",SRC_R010B05_TW_376470000A_000176_OFFICIAL,verified,Taiwan-side,資料更新日期時間 2022-08-29T16:26:25+08:00；餐飲店家類型：台灣小吃/台菜（Taiwanese Cuisine）；漢彬水晶餃；「漢彬水晶餃」，創立於清光緒十年（一八八四年），是一種以四種不同材料製作的丸子，有水晶餃、蒸丸、水丸、扁食食燕都是手工精心製作。,小吃;台菜;台灣小吃/台菜;Taiwanese Cuisine,台灣小吃/台菜;Taiwanese Cuisine;台菜,,,https://media.taiwan.net.tw/zh-tw/portal/travel/details/restaurant_376470000a_000176,b5a5d71a1092c470,SRC_R010B05_TW_376470000A_000176_OFFICIAL,1,0.9000,0.1000,1,漢彬水晶餃,secondary,0.7000,official Taiwan Tourism Administration open-data source with direct date evidence
SRC_R010B05_TW_376470000A_000179_OFFICIAL,2022,2022-08-29,2015-2025_platformization,老師傅鴨肉焿,鹿港鎮,Taiwan,Taiwan-side,official_open_data,Taiwan Tourism Administration Open Multimedia Data,https://media.taiwan.net.tw/zh-tw/portal/travel/details/restaurant_376470000a_000179,official_restaurant_open_data,2022 official open-data page classifies 老師傅鴨肉焿 as 夜市小吃（Taiwan Snacks） with markers 肉羹; 肉焿; 小吃; 夜市小吃,high,"Official Tourism Administration open-data page gives update date, local government source, restaurant category and direct marker evidence. Duplicate source-url and restaurant artifact ID checked against Round010 overlay before append; one row represents one source artifact. TLS certificate validation was relaxed for metadata fetch because local Python rejected the site certificate, while the exact public URL is browser/web accessible.",SRC_R010B05_TW_376470000A_000179_OFFICIAL,verified,Taiwan-side,資料更新日期時間 2022-08-29T16:26:49+08:00；餐飲店家類型：夜市小吃（Taiwan Snacks）；老師傅鴨肉焿；老師傅鴨肉羹先將鴨肉川燙去骨切成條狀，利用鴨骨熬製高湯，搭配鴨肉、筍絲、冬菜、薑絲、木耳、香菇等配料下鍋烹煮，鴨肉沒有腥味與澀味相當可口。,肉羹;肉焿;小吃;夜市小吃,夜市小吃;Taiwan Snacks,,,https://media.taiwan.net.tw/zh-tw/portal/travel/details/restaurant_376470000a_000179,280f7ce1e3ccdc0a,SRC_R010B05_TW_376470000A_000179_OFFICIAL,1,0.9000,0.1000,1,老師傅鴨肉焿,secondary,0.7000,official Taiwan Tourism Administration open-data source with direct date evidence
SRC_R010B05_TW_376470000A_000184_OFFICIAL,2022,2022-08-29,2015-2025_platformization,生炒五味,鹿港鎮,Taiwan,Taiwan-side,official_open_data,Taiwan Tourism Administration Open Multimedia Data,https://media.taiwan.net.tw/zh-tw/portal/travel/details/restaurant_376470000a_000184,official_restaurant_open_data,2022 official open-data page classifies 生炒五味 as 夜市小吃（Taiwan Snacks） with markers 肉羹; 小吃; 夜市小吃,high,"Official Tourism Administration open-data page gives update date, local government source, restaurant category and direct marker evidence. Duplicate source-url and restaurant artifact ID checked against Round010 overlay before append; one row represents one source artifact. TLS certificate validation was relaxed for metadata fetch because local Python rejected the site certificate, while the exact public URL is browser/web accessible.",SRC_R010B05_TW_376470000A_000184_OFFICIAL,verified,Taiwan-side,資料更新日期時間 2022-08-29T16:27:38+08:00；餐飲店家類型：夜市小吃（Taiwan Snacks）；生炒五味；生炒五味包含蝦仁、肉羹、魷魚、香菇以及竹筍等五種好料，肉羹及蝦仁口感彈牙，厚片花枝因為新鮮相當可口，配上黑醋香的湯頭，讓人意猶未盡。,肉羹;小吃;夜市小吃,夜市小吃;Taiwan Snacks,,,https://media.taiwan.net.tw/zh-tw/portal/travel/details/restaurant_376470000a_000184,73de816d638e1112,SRC_R010B05_TW_376470000A_000184_OFFICIAL,1,0.9000,0.1000,1,生炒五味,secondary,0.7000,official Taiwan Tourism Administration open-data source with direct date evidence
SRC_R010B05_TW_376470000A_000182_OFFICIAL,2024,2024-05-30,2015-2025_platformization,阿振肉包,鹿港鎮,Taiwan,Taiwan-side,official_open_data,Taiwan Tourism Administration Open Multimedia Data,https://media.taiwan.net.tw/en-us/portal/travel/details/restaurant_376470000a_000182,official_restaurant_open_data,2024 official open-data page classifies 阿振肉包 as 夜市小吃（Taiwan Snacks） with markers 小吃; 夜市小吃,high,"Official Tourism Administration open-data page gives update date, local government source, restaurant category and direct marker evidence. Duplicate source-url and restaurant artifact ID checked against Round010 overlay before append; one row represents one source artifact. TLS certificate validation was relaxed for metadata fetch because local Python rejected the site certificate, while the exact public URL is browser/web accessible.",SRC_R010B05_TW_376470000A_000182_OFFICIAL,verified,Taiwan-side,資料更新日期時間 2024-05-30T16:27:35+08:00；餐飲店家類型：夜市小吃（Taiwan Snacks）；阿振肉包；鹿港百年老店振味珍-阿振肉包已成為到鹿港遊客喜愛採購的特產之一。,小吃;夜市小吃,夜市小吃;Taiwan Snacks,,,https://media.taiwan.net.tw/en-us/portal/travel/details/restaurant_376470000a_000182,5f6aca1a994af05f,SRC_R010B05_TW_376470000A_000182_OFFICIAL,1,0.9000,0.1000,1,阿振肉包,secondary,0.7000,official Taiwan Tourism Administration open-data source with direct date evidence
SRC_R010B05_TW_376470000A_000186_OFFICIAL,2022,2022-08-29,2015-2025_platformization,龍山魷魚肉羹,鹿港鎮,Taiwan,Taiwan-side,official_open_data,Taiwan Tourism Administration Open Multimedia Data,https://media.taiwan.net.tw/zh-tw/portal/travel/details/restaurant_376470000a_000186,official_restaurant_open_data,2022 official open-data page classifies 龍山魷魚肉羹 as 夜市小吃（Taiwan Snacks） with markers 肉羹; 魷魚肉羹; 小吃; 夜市小吃,high,"Official Tourism Administration open-data page gives update date, local government source, restaurant category and direct marker evidence. Duplicate source-url and restaurant artifact ID checked against Round010 overlay before append; one row represents one source artifact. TLS certificate validation was relaxed for metadata fetch because local Python rejected the site certificate, while the exact public URL is browser/web accessible.",SRC_R010B05_TW_376470000A_000186_OFFICIAL,verified,Taiwan-side,資料更新日期時間 2022-08-29T16:27:56+08:00；餐飲店家類型：夜市小吃（Taiwan Snacks）；龍山魷魚肉羹；龍山魷魚肉羹好吃的秘訣，在於精心挑選厚肥的阿根廷魷魚，口感特別誘人。,肉羹;魷魚肉羹;小吃;夜市小吃,夜市小吃;Taiwan Snacks,,,https://media.taiwan.net.tw/zh-tw/portal/travel/details/restaurant_376470000a_000186,e8b1ce6583fd9f01,SRC_R010B05_TW_376470000A_000186_OFFICIAL,1,0.9000,0.1000,1,龍山魷魚肉羹,secondary,0.7000,official Taiwan Tourism Administration open-data source with direct date evidence
SRC_R010B05_TW_376470000A_000187_OFFICIAL,2022,2022-08-29,2015-2025_platformization,木生海鮮會館,鹿港鎮,Taiwan,Taiwan-side,official_open_data,Taiwan Tourism Administration Open Multimedia Data,https://media.taiwan.net.tw/en-us/portal/travel/details/restaurant_376470000a_000187,official_restaurant_open_data,2022 official open-data page classifies 木生海鮮會館 as 夜市小吃（Taiwan Snacks） with markers 小吃; 夜市小吃,high,"Official Tourism Administration open-data page gives update date, local government source, restaurant category and direct marker evidence. Duplicate source-url and restaurant artifact ID checked against Round010 overlay before append; one row represents one source artifact. TLS certificate validation was relaxed for metadata fetch because local Python rejected the site certificate, while the exact public URL is browser/web accessible.",SRC_R010B05_TW_376470000A_000187_OFFICIAL,verified,Taiwan-side,資料更新日期時間 2022-08-29T16:28:12+08:00；餐飲店家類型：夜市小吃（Taiwan Snacks）；木生海鮮會館；木生海鮮會館是在地人相當推薦的飲食小店，招牌滷肉飯是最令人難忘的小吃。,小吃;夜市小吃,夜市小吃;Taiwan Snacks,,,https://media.taiwan.net.tw/en-us/portal/travel/details/restaurant_376470000a_000187,55cf7a473d422cba,SRC_R010B05_TW_376470000A_000187_OFFICIAL,1,0.9000,0.1000,1,木生海鮮會館,secondary,0.7000,official Taiwan Tourism Administration open-data source with direct date evidence
SRC_R010B05_TW_376470000A_000189_OFFICIAL,2022,2022-08-29,2015-2025_platformization,鹿港施米糕,鹿港鎮,Taiwan,Taiwan-side,official_open_data,Taiwan Tourism Administration Open Multimedia Data,https://media.taiwan.net.tw/en-us/portal/travel/details/restaurant_376470000a_000189,official_restaurant_open_data,2022 official open-data page classifies 鹿港施米糕 as 夜市小吃（Taiwan Snacks） with markers 米糕; 小吃; 夜市小吃,high,"Official Tourism Administration open-data page gives update date, local government source, restaurant category and direct marker evidence. Duplicate source-url and restaurant artifact ID checked against Round010 overlay before append; one row represents one source artifact. TLS certificate validation was relaxed for metadata fetch because local Python rejected the site certificate, while the exact public URL is browser/web accessible.",SRC_R010B05_TW_376470000A_000189_OFFICIAL,verified,Taiwan-side,資料更新日期時間 2022-08-29T16:28:33+08:00；餐飲店家類型：夜市小吃（Taiwan Snacks）；鹿港施米糕；鹿港施米糕特殊味道是其他地方沒有的，米糕、滷肉飯、四神湯、懷念的好滋味。,米糕;小吃;夜市小吃,夜市小吃;Taiwan Snacks,,,https://media.taiwan.net.tw/en-us/portal/travel/details/restaurant_376470000a_000189,3b47bec27d7ef642,SRC_R010B05_TW_376470000A_000189_OFFICIAL,1,0.9000,0.1000,1,鹿港施米糕,secondary,0.7000,official Taiwan Tourism Administration open-data source with direct date evidence
SRC_R010B05_TW_376470000A_000199_OFFICIAL,2023,2023-02-18,2015-2025_platformization,泉芳枝仔冰,芳苑鄉,Taiwan,Taiwan-side,official_open_data,Taiwan Tourism Administration Open Multimedia Data,https://media.taiwan.net.tw/en-us/portal/travel/details/restaurant_376470000a_000199,official_restaurant_open_data,2023 official open-data page classifies 泉芳枝仔冰 as 甜點冰品（Desserts And Ice） with markers 米糕,high,"Official Tourism Administration open-data page gives update date, local government source, restaurant category and direct marker evidence. Duplicate source-url and restaurant artifact ID checked against Round010 overlay before append; one row represents one source artifact. TLS certificate validation was relaxed for metadata fetch because local Python rejected the site certificate, while the exact public URL is browser/web accessible.",SRC_R010B05_TW_376470000A_000199_OFFICIAL,verified,Taiwan-side,資料更新日期時間 2023-02-18T14:15:10+08:00；餐飲店家類型：甜點冰品（Desserts And Ice）；泉芳枝仔冰；泉芳枝仔冰已經傳承三代，古早味的傳統味道已創新口味，有四果冰、龍眼米糕、芋頭、鳳梨、紅豆、紅梅等都是排行榜的前幾名。,米糕,古早味,,,https://media.taiwan.net.tw/en-us/portal/travel/details/restaurant_376470000a_000199,d817108588474074,SRC_R010B05_TW_376470000A_000199_OFFICIAL,1,0.9000,0.1000,1,泉芳枝仔冰,secondary,0.7000,official Taiwan Tourism Administration open-data source with direct date evidence
SRC_R010B05_TW_376470000A_000202_OFFICIAL,2022,2022-08-23,2015-2025_platformization,貓鼠麵,彰化市,Taiwan,Taiwan-side,official_open_data,Taiwan Tourism Administration Open Multimedia Data,https://media.taiwan.net.tw/en-us/portal/travel/details/restaurant_376470000a_000202,official_restaurant_open_data,2022 official open-data page classifies 貓鼠麵 as 夜市小吃（Taiwan Snacks） with markers 小吃; 夜市小吃,high,"Official Tourism Administration open-data page gives update date, local government source, restaurant category and direct marker evidence. Duplicate source-url and restaurant artifact ID checked against Round010 overlay before append; one row represents one source artifact. TLS certificate validation was relaxed for metadata fetch because local Python rejected the site certificate, while the exact public URL is browser/web accessible.",SRC_R010B05_TW_376470000A_000202_OFFICIAL,verified,Taiwan-side,資料更新日期時間 2022-08-23T11:37:17+08:00；餐飲店家類型：夜市小吃（Taiwan Snacks）；貓鼠麵；貓鼠麵自日據時代創立，大家一開始都會被「貓鼠麵」的名稱嚇一跳，其實貓鼠麵裡沒有貓肉、鼠肉等奇怪的食材，是源於當初老闆動作俐落如「老鼠仔」，臺語音譯而成為「貓鼠麵」。,小吃;夜市小吃,夜市小吃;Taiwan Snacks,,,https://media.taiwan.net.tw/en-us/portal/travel/details/restaurant_376470000a_000202,8b46b8503a70ed15,SRC_R010B05_TW_376470000A_000202_OFFICIAL,1,0.9000,0.1000,1,貓鼠麵,secondary,0.7000,official Taiwan Tourism Administration open-data source with direct date evidence
SRC_R010B05_TW_376470000A_000204_OFFICIAL,2022,2022-08-29,2015-2025_platformization,彭家屯牛肉麵,彰化市,Taiwan,Taiwan-side,official_open_data,Taiwan Tourism Administration Open Multimedia Data,https://media.taiwan.net.tw/en-us/portal/travel/details/restaurant_376470000a_000204,official_restaurant_open_data,2022 official open-data page classifies 彭家屯牛肉麵 as 台灣小吃/台菜（Taiwanese Cuisine） with markers 牛肉麵; 麵線; 小吃; 台菜,high,"Official Tourism Administration open-data page gives update date, local government source, restaurant category and direct marker evidence. Duplicate source-url and restaurant artifact ID checked against Round010 overlay before append; one row represents one source artifact. TLS certificate validation was relaxed for metadata fetch because local Python rejected the site certificate, while the exact public URL is browser/web accessible.",SRC_R010B05_TW_376470000A_000204_OFFICIAL,verified,Taiwan-side,資料更新日期時間 2022-08-29T16:31:15+08:00；餐飲店家類型：台灣小吃/台菜（Taiwanese Cuisine）；彭家屯牛肉麵；來到彭家屯牛肉麵，透明櫥窗中滿滿的各式滷味先吸引了饕客的目光。招牌滿漢牛肉麵上鋪滿半筋半肉、牛肚、牛腸、牛舌等，讓人食指大動，鮮美的湯頭感覺得出老闆熬煮的用心，另外也推薦養生滋補的麻油羊肉麵線，冬天來上一碗一定讓人全身¬暖呼呼。,牛肉麵;麵線;小吃;台菜;台灣小吃/台菜;Taiwanese Cuisine,台灣小吃/台菜;Taiwanese Cuisine;台菜,,,https://media.taiwan.net.tw/en-us/portal/travel/details/restaurant_376470000a_000204,52768c01a3b2f211,SRC_R010B05_TW_376470000A_000204_OFFICIAL,1,0.9000,0.1000,1,彭家屯牛肉麵,secondary,0.7000,official Taiwan Tourism Administration open-data source with direct date evidence
SRC_R010B05_TW_376470000A_000206_OFFICIAL,2022,2022-08-29,2015-2025_platformization,石井屋日式料理,彰化市,Taiwan,Taiwan-side,official_open_data,Taiwan Tourism Administration Open Multimedia Data,https://media.taiwan.net.tw/en-us/portal/travel/details/restaurant_376470000a_000206,official_restaurant_open_data,2022 official open-data page classifies 石井屋日式料理 as 台灣小吃/台菜（Taiwanese Cuisine） with markers 小吃; 台菜; 台灣小吃/台菜; Taiwanese Cuisine,high,"Official Tourism Administration open-data page gives update date, local government source, restaurant category and direct marker evidence. Duplicate source-url and restaurant artifact ID checked against Round010 overlay before append; one row represents one source artifact. TLS certificate validation was relaxed for metadata fetch because local Python rejected the site certificate, while the exact public URL is browser/web accessible.",SRC_R010B05_TW_376470000A_000206_OFFICIAL,verified,Taiwan-side,資料更新日期時間 2022-08-29T16:31:38+08:00；餐飲店家類型：台灣小吃/台菜（Taiwanese Cuisine）；石井屋日式料理；石井屋美學思維．品味幽禪意境石井屋日本料理店於2008年創立，整體設計謙和且低調，運用清水模、原木、石庭、竹園，充份表達內斂的禪意。透過謙和簡約的美學思維，打造一個蘊含自然、素直、優雅精神的幽禪意境，藉由空間的意境提升飲食文化的層次。,小吃;台菜;台灣小吃/台菜;Taiwanese Cuisine,台灣小吃/台菜;Taiwanese Cuisine;台菜,,,https://media.taiwan.net.tw/en-us/portal/travel/details/restaurant_376470000a_000206,230804638857d2b4,SRC_R010B05_TW_376470000A_000206_OFFICIAL,1,0.9000,0.1000,1,石井屋日式料理,secondary,0.7000,official Taiwan Tourism Administration open-data source with direct date evidence
SRC_R010B05_TW_376470000A_000208_OFFICIAL,2022,2022-08-29,2015-2025_platformization,文卜粿仔湯,彰化市,Taiwan,Taiwan-side,official_open_data,Taiwan Tourism Administration Open Multimedia Data,https://media.taiwan.net.tw/en-us/portal/travel/details/restaurant_376470000a_000208,official_restaurant_open_data,2022 official open-data page classifies 文卜粿仔湯 as 台灣小吃/台菜（Taiwanese Cuisine） with markers 粄條; 小吃; 台菜; 台灣小吃/台菜,high,"Official Tourism Administration open-data page gives update date, local government source, restaurant category and direct marker evidence. Duplicate source-url and restaurant artifact ID checked against Round010 overlay before append; one row represents one source artifact. TLS certificate validation was relaxed for metadata fetch because local Python rejected the site certificate, while the exact public URL is browser/web accessible.",SRC_R010B05_TW_376470000A_000208_OFFICIAL,verified,Taiwan-side,資料更新日期時間 2022-08-29T16:31:54+08:00；餐飲店家類型：台灣小吃/台菜（Taiwanese Cuisine）；文卜粿仔湯；文卜粿仔湯擁有古早味的粿仔湯，湯頭濃郁另外乾粿也值得嚐嚐。粿仔湯又名鍋邊剉，也就是粄條，粿仔湯取紅毛井的水熬煉大骨而成的原汁，味道獨特。,粄條;小吃;台菜;台灣小吃/台菜;Taiwanese Cuisine,台灣小吃/台菜;Taiwanese Cuisine;古早味;台菜,,,https://media.taiwan.net.tw/en-us/portal/travel/details/restaurant_376470000a_000208,54121d4ea7643559,SRC_R010B05_TW_376470000A_000208_OFFICIAL,1,0.9000,0.1000,1,文卜粿仔湯,secondary,0.7000,official Taiwan Tourism Administration open-data source with direct date evidence
SRC_R010B05_TW_376470000A_000210_OFFICIAL,2022,2022-08-29,2015-2025_platformization,榮輝蛤仔麵,彰化市,Taiwan,Taiwan-side,official_open_data,Taiwan Tourism Administration Open Multimedia Data,https://media.taiwan.net.tw/zh-tw/portal/travel/details/restaurant_376470000a_000210,official_restaurant_open_data,2022 official open-data page classifies 榮輝蛤仔麵 as 夜市小吃（Taiwan Snacks） with markers 小吃; 夜市小吃,high,"Official Tourism Administration open-data page gives update date, local government source, restaurant category and direct marker evidence. Duplicate source-url and restaurant artifact ID checked against Round010 overlay before append; one row represents one source artifact. TLS certificate validation was relaxed for metadata fetch because local Python rejected the site certificate, while the exact public URL is browser/web accessible.",SRC_R010B05_TW_376470000A_000210_OFFICIAL,verified,Taiwan-side,資料更新日期時間 2022-08-29T16:32:24+08:00；餐飲店家類型：夜市小吃（Taiwan Snacks）；榮輝蛤仔麵；榮輝蛤仔麵顧名思義其招牌就是「蛤仔麵」，內有各種的麵食、湯類＇小菜、滷味，包準你十指大動。,小吃;夜市小吃,夜市小吃;Taiwan Snacks,,,https://media.taiwan.net.tw/zh-tw/portal/travel/details/restaurant_376470000a_000210,bf855a086f11b529,SRC_R010B05_TW_376470000A_000210_OFFICIAL,1,0.9000,0.1000,1,榮輝蛤仔麵,secondary,0.7000,official Taiwan Tourism Administration open-data source with direct date evidence
SRC_R010B05_TW_376470000A_000209_OFFICIAL,2022,2022-08-29,2015-2025_platformization,阿章肉圓,彰化市,Taiwan,Taiwan-side,official_open_data,Taiwan Tourism Administration Open Multimedia Data,https://media.taiwan.net.tw/zh-tw/portal/travel/details/restaurant_376470000a_000209,official_restaurant_open_data,2022 official open-data page classifies 阿章肉圓 as 夜市小吃（Taiwan Snacks） with markers 肉圓; 小吃; 夜市小吃,high,"Official Tourism Administration open-data page gives update date, local government source, restaurant category and direct marker evidence. Duplicate source-url and restaurant artifact ID checked against Round010 overlay before append; one row represents one source artifact. TLS certificate validation was relaxed for metadata fetch because local Python rejected the site certificate, while the exact public URL is browser/web accessible.",SRC_R010B05_TW_376470000A_000209_OFFICIAL,verified,Taiwan-side,資料更新日期時間 2022-08-29T16:32:07+08:00；餐飲店家類型：夜市小吃（Taiwan Snacks）；阿章肉圓；點一顆肉圓老闆還附上清湯，清湯中有竹筍、蘿蔔等，肉圓上的醬料以花生、芝麻等磨製而成香甜可口。,肉圓;小吃;夜市小吃,夜市小吃;Taiwan Snacks,,,https://media.taiwan.net.tw/zh-tw/portal/travel/details/restaurant_376470000a_000209,6c76710083e3cb3d,SRC_R010B05_TW_376470000A_000209_OFFICIAL,1,0.9000,0.1000,1,阿章肉圓,secondary,0.7000,official Taiwan Tourism Administration open-data source with direct date evidence
SRC_R010B05_TW_376470000A_000211_OFFICIAL,2022,2022-08-29,2015-2025_platformization,阿益蒸餃,彰化市,Taiwan,Taiwan-side,official_open_data,Taiwan Tourism Administration Open Multimedia Data,https://media.taiwan.net.tw/zh-tw/portal/travel/details/restaurant_376470000a_000211,official_restaurant_open_data,2022 official open-data page classifies 阿益蒸餃 as 台灣小吃/台菜（Taiwanese Cuisine） with markers 小吃; 台菜; 台灣小吃/台菜; Taiwanese Cuisine,high,"Official Tourism Administration open-data page gives update date, local government source, restaurant category and direct marker evidence. Duplicate source-url and restaurant artifact ID checked against Round010 overlay before append; one row represents one source artifact. TLS certificate validation was relaxed for metadata fetch because local Python rejected the site certificate, while the exact public URL is browser/web accessible.",SRC_R010B05_TW_376470000A_000211_OFFICIAL,verified,Taiwan-side,資料更新日期時間 2022-08-29T16:32:39+08:00；餐飲店家類型：台灣小吃/台菜（Taiwanese Cuisine）；阿益蒸餃；阿益蒸餃是彰化的超人氣蒸餃店，店齡40，室內空間雖小，卻仍遠近馳名，它不只賣蒸餃還有賣滷味，蒸餃內餡非常飽滿，旅人一定要來嘗嘗。,小吃;台菜;台灣小吃/台菜;Taiwanese Cuisine,台灣小吃/台菜;Taiwanese Cuisine;台菜,,,https://media.taiwan.net.tw/zh-tw/portal/travel/details/restaurant_376470000a_000211,67988caf9cea0589,SRC_R010B05_TW_376470000A_000211_OFFICIAL,1,0.9000,0.1000,1,阿益蒸餃,secondary,0.7000,official Taiwan Tourism Administration open-data source with direct date evidence
SRC_R010B05_TW_376470000A_000212_OFFICIAL,2022,2022-08-29,2015-2025_platformization,彰化蛤仔麵,彰化市,Taiwan,Taiwan-side,official_open_data,Taiwan Tourism Administration Open Multimedia Data,https://media.taiwan.net.tw/en-us/portal/travel/details/restaurant_376470000a_000212,official_restaurant_open_data,2022 official open-data page classifies 彰化蛤仔麵 as 夜市小吃（Taiwan Snacks） with markers 小吃; 夜市小吃,high,"Official Tourism Administration open-data page gives update date, local government source, restaurant category and direct marker evidence. Duplicate source-url and restaurant artifact ID checked against Round010 overlay before append; one row represents one source artifact. TLS certificate validation was relaxed for metadata fetch because local Python rejected the site certificate, while the exact public URL is browser/web accessible.",SRC_R010B05_TW_376470000A_000212_OFFICIAL,verified,Taiwan-side,資料更新日期時間 2022-08-29T16:32:55+08:00；餐飲店家類型：夜市小吃（Taiwan Snacks）；彰化蛤仔麵；彰化的蛤仔麵與其他地方的不同，將不帶殼大顆新鮮的蛤仔肉鋪在湯麵上，喝一口湯清甜海鮮好滋味立即顯現。,小吃;夜市小吃,夜市小吃;Taiwan Snacks,,,https://media.taiwan.net.tw/en-us/portal/travel/details/restaurant_376470000a_000212,6f8714cfba45c7e6,SRC_R010B05_TW_376470000A_000212_OFFICIAL,1,0.9000,0.1000,1,彰化蛤仔麵,secondary,0.7000,official Taiwan Tourism Administration open-data source with direct date evidence
SRC_R010B05_TW_376470000A_000213_OFFICIAL,2022,2022-08-29,2015-2025_platformization,杉行碗粿,彰化市,Taiwan,Taiwan-side,official_open_data,Taiwan Tourism Administration Open Multimedia Data,https://media.taiwan.net.tw/en-us/portal/travel/details/restaurant_376470000a_000213,official_restaurant_open_data,2022 official open-data page classifies 杉行碗粿 as 夜市小吃（Taiwan Snacks） with markers 碗粿; 小吃; 夜市小吃,high,"Official Tourism Administration open-data page gives update date, local government source, restaurant category and direct marker evidence. Duplicate source-url and restaurant artifact ID checked against Round010 overlay before append; one row represents one source artifact. TLS certificate validation was relaxed for metadata fetch because local Python rejected the site certificate, while the exact public URL is browser/web accessible.",SRC_R010B05_TW_376470000A_000213_OFFICIAL,verified,Taiwan-side,資料更新日期時間 2022-08-29T16:33:10+08:00；餐飲店家類型：夜市小吃（Taiwan Snacks）；杉行碗粿；這是一間專賣碗粿的店。,碗粿;小吃;夜市小吃,夜市小吃;Taiwan Snacks,,,https://media.taiwan.net.tw/en-us/portal/travel/details/restaurant_376470000a_000213,974d1322dcdf2e99,SRC_R010B05_TW_376470000A_000213_OFFICIAL,1,0.9000,0.1000,1,杉行碗粿,secondary,0.7000,official Taiwan Tourism Administration open-data source with direct date evidence
SRC_R010B05_TW_376470000A_000215_OFFICIAL,2022,2022-08-29,2015-2025_platformization,黑肉麵,彰化市,Taiwan,Taiwan-side,official_open_data,Taiwan Tourism Administration Open Multimedia Data,https://media.taiwan.net.tw/en-us/portal/travel/details/restaurant_376470000a_000215,official_restaurant_open_data,2022 official open-data page classifies 黑肉麵 as 台灣小吃/台菜（Taiwanese Cuisine） with markers 小吃; 台菜; 台灣小吃/台菜; Taiwanese Cuisine,high,"Official Tourism Administration open-data page gives update date, local government source, restaurant category and direct marker evidence. Duplicate source-url and restaurant artifact ID checked against Round010 overlay before append; one row represents one source artifact. TLS certificate validation was relaxed for metadata fetch because local Python rejected the site certificate, while the exact public URL is browser/web accessible.",SRC_R010B05_TW_376470000A_000215_OFFICIAL,verified,Taiwan-side,資料更新日期時間 2022-08-29T16:33:41+08:00；餐飲店家類型：台灣小吃/台菜（Taiwanese Cuisine）；黑肉麵；位於孔廟對面的黑肉麵，老闆因年少時又瘦又黑刻苦耐勞的形象，因而以黑肉麵為名。,小吃;台菜;台灣小吃/台菜;Taiwanese Cuisine,台灣小吃/台菜;Taiwanese Cuisine;台菜,,,https://media.taiwan.net.tw/en-us/portal/travel/details/restaurant_376470000a_000215,61e2721546dd49d1,SRC_R010B05_TW_376470000A_000215_OFFICIAL,1,0.9000,0.1000,1,黑肉麵,secondary,0.7000,official Taiwan Tourism Administration open-data source with direct date evidence
SRC_R010B05_TW_376470000A_000214_OFFICIAL,2022,2022-08-29,2015-2025_platformization,老担阿璋肉圓,彰化市,Taiwan,Taiwan-side,official_open_data,Taiwan Tourism Administration Open Multimedia Data,https://media.taiwan.net.tw/zh-tw/portal/travel/details/restaurant_376470000a_000214,official_restaurant_open_data,2022 official open-data page classifies 老担阿璋肉圓 as 夜市小吃（Taiwan Snacks） with markers 肉圓; 小吃; 夜市小吃,high,"Official Tourism Administration open-data page gives update date, local government source, restaurant category and direct marker evidence. Duplicate source-url and restaurant artifact ID checked against Round010 overlay before append; one row represents one source artifact. TLS certificate validation was relaxed for metadata fetch because local Python rejected the site certificate, while the exact public URL is browser/web accessible.",SRC_R010B05_TW_376470000A_000214_OFFICIAL,verified,Taiwan-side,資料更新日期時間 2022-08-29T16:33:28+08:00；餐飲店家類型：夜市小吃（Taiwan Snacks）；老担阿璋肉圓；民國37年創業的阿璋肉圓。,肉圓;小吃;夜市小吃,夜市小吃;Taiwan Snacks,,,https://media.taiwan.net.tw/zh-tw/portal/travel/details/restaurant_376470000a_000214,50b9d964748bb067,SRC_R010B05_TW_376470000A_000214_OFFICIAL,1,0.9000,0.1000,1,老担阿璋肉圓,secondary,0.7000,official Taiwan Tourism Administration open-data source with direct date evidence
SRC_R010B05_TW_376470000A_000217_OFFICIAL,2024,2024-04-11,2015-2025_platformization,彰化涼圓,彰化市,Taiwan,Taiwan-side,official_open_data,Taiwan Tourism Administration Open Multimedia Data,https://media.taiwan.net.tw/zh-tw/portal/travel/details/restaurant_376470000a_000217,official_restaurant_open_data,2024 official open-data page classifies 彰化涼圓 as 甜點冰品（Desserts And Ice） with markers 台灣小吃/台菜,high,"Official Tourism Administration open-data page gives update date, local government source, restaurant category and direct marker evidence. Duplicate source-url and restaurant artifact ID checked against Round010 overlay before append; one row represents one source artifact. TLS certificate validation was relaxed for metadata fetch because local Python rejected the site certificate, while the exact public URL is browser/web accessible.",SRC_R010B05_TW_376470000A_000217_OFFICIAL,verified,Taiwan-side,資料更新日期時間 2024-04-11T14:27:07+08:00；餐飲店家類型：甜點冰品（Desserts And Ice）；彰化涼圓；藍綠色的小攤子，前面還有花草盆栽，涼圓一個個排在櫥窗裡，非常有古早味。,台灣小吃/台菜,古早味,,,https://media.taiwan.net.tw/zh-tw/portal/travel/details/restaurant_376470000a_000217,1dde8696891c8ef3,SRC_R010B05_TW_376470000A_000217_OFFICIAL,1,0.9000,0.1000,1,彰化涼圓,secondary,0.7000,official Taiwan Tourism Administration open-data source with direct date evidence
SRC_R010B05_TW_376470000A_000219_OFFICIAL,2022,2022-09-02,2015-2025_platformization,彰化肉包成,彰化市,Taiwan,Taiwan-side,official_open_data,Taiwan Tourism Administration Open Multimedia Data,https://media.taiwan.net.tw/en-us/portal/travel/details/restaurant_376470000a_000219,official_restaurant_open_data,2022 official open-data page classifies 彰化肉包成 as 夜市小吃（Taiwan Snacks） with markers 小吃; 夜市小吃,high,"Official Tourism Administration open-data page gives update date, local government source, restaurant category and direct marker evidence. Duplicate source-url and restaurant artifact ID checked against Round010 overlay before append; one row represents one source artifact. TLS certificate validation was relaxed for metadata fetch because local Python rejected the site certificate, while the exact public URL is browser/web accessible.",SRC_R010B05_TW_376470000A_000219_OFFICIAL,verified,Taiwan-side,資料更新日期時間 2022-09-02T13:39:53+08:00；餐飲店家類型：夜市小吃（Taiwan Snacks）；彰化肉包成；產品: 蛋黃肉包、香菇肉包、豆沙包、鮮奶饅頭、豬油糕、綠豆糕,小吃;夜市小吃,夜市小吃;Taiwan Snacks,,,https://media.taiwan.net.tw/en-us/portal/travel/details/restaurant_376470000a_000219,cc7206d8cbda1c25,SRC_R010B05_TW_376470000A_000219_OFFICIAL,1,0.9000,0.1000,1,彰化肉包成,secondary,0.7000,official Taiwan Tourism Administration open-data source with direct date evidence
SRC_R010B05_TW_376470000A_000225_OFFICIAL,2022,2022-09-02,2015-2025_platformization,萬芳蛤仔麵,彰化市,Taiwan,Taiwan-side,official_open_data,Taiwan Tourism Administration Open Multimedia Data,https://media.taiwan.net.tw/en-us/portal/travel/details/restaurant_376470000a_000225,official_restaurant_open_data,2022 official open-data page classifies 萬芳蛤仔麵 as 夜市小吃（Taiwan Snacks） with markers 小吃; 夜市小吃,high,"Official Tourism Administration open-data page gives update date, local government source, restaurant category and direct marker evidence. Duplicate source-url and restaurant artifact ID checked against Round010 overlay before append; one row represents one source artifact. TLS certificate validation was relaxed for metadata fetch because local Python rejected the site certificate, while the exact public URL is browser/web accessible.",SRC_R010B05_TW_376470000A_000225_OFFICIAL,verified,Taiwan-side,資料更新日期時間 2022-09-02T13:48:20+08:00；餐飲店家類型：夜市小吃（Taiwan Snacks）；萬芳蛤仔麵；麵條吸附著蛤仔清甜的湯汁，雞捲也是酥脆好味道。,小吃;夜市小吃,夜市小吃;Taiwan Snacks,,,https://media.taiwan.net.tw/en-us/portal/travel/details/restaurant_376470000a_000225,eb79cc6da80b24fe,SRC_R010B05_TW_376470000A_000225_OFFICIAL,1,0.9000,0.1000,1,萬芳蛤仔麵,secondary,0.7000,official Taiwan Tourism Administration open-data source with direct date evidence
SRC_R010B05_TW_376470000A_000220_OFFICIAL,2022,2022-09-02,2015-2025_platformization,西門肉圓仔湯,彰化市,Taiwan,Taiwan-side,official_open_data,Taiwan Tourism Administration Open Multimedia Data,https://media.taiwan.net.tw/en-us/portal/travel/details/restaurant_376470000a_000220,official_restaurant_open_data,2022 official open-data page classifies 西門肉圓仔湯 as 夜市小吃（Taiwan Snacks） with markers 肉圓; 肉羹; 魷魚肉羹; 湯圓,high,"Official Tourism Administration open-data page gives update date, local government source, restaurant category and direct marker evidence. Duplicate source-url and restaurant artifact ID checked against Round010 overlay before append; one row represents one source artifact. TLS certificate validation was relaxed for metadata fetch because local Python rejected the site certificate, while the exact public URL is browser/web accessible.",SRC_R010B05_TW_376470000A_000220_OFFICIAL,verified,Taiwan-side,資料更新日期時間 2022-09-02T13:47:45+08:00；餐飲店家類型：夜市小吃（Taiwan Snacks）；西門肉圓仔湯；西門肉圓仔湯最好吃的當然就是招牌「肉圓仔湯」（鹹湯圓），外皮類似水晶餃皮，吃起來Q彈有嚼勁，再配一碗魷魚肉羹，真是超級享受！,肉圓;肉羹;魷魚肉羹;湯圓;小吃;夜市小吃,夜市小吃;Taiwan Snacks,,,https://media.taiwan.net.tw/en-us/portal/travel/details/restaurant_376470000a_000220,e09c5ccea8f543aa,SRC_R010B05_TW_376470000A_000220_OFFICIAL,1,0.9000,0.1000,1,西門肉圓仔湯,secondary,0.7000,official Taiwan Tourism Administration open-data source with direct date evidence
SRC_R010B05_TW_376470000A_000233_OFFICIAL,2022,2022-09-02,2015-2025_platformization,肉包李,彰化市,Taiwan,Taiwan-side,official_open_data,Taiwan Tourism Administration Open Multimedia Data,https://media.taiwan.net.tw/zh-tw/portal/travel/details/restaurant_376470000a_000233,official_restaurant_open_data,2022 official open-data page classifies 肉包李 as 台灣小吃/台菜（Taiwanese Cuisine） with markers 小吃; 台菜; 台灣小吃/台菜; Taiwanese Cuisine,high,"Official Tourism Administration open-data page gives update date, local government source, restaurant category and direct marker evidence. Duplicate source-url and restaurant artifact ID checked against Round010 overlay before append; one row represents one source artifact. TLS certificate validation was relaxed for metadata fetch because local Python rejected the site certificate, while the exact public URL is browser/web accessible.",SRC_R010B05_TW_376470000A_000233_OFFICIAL,verified,Taiwan-side,資料更新日期時間 2022-09-02T13:55:05+08:00；餐飲店家類型：台灣小吃/台菜（Taiwanese Cuisine）；肉包李；彰化市永安街的肉包李，靠著傳統的好味道在當地相當知名，肉包價值實在公道，口感紮實健康有彈性，值得一吃！,小吃;台菜;台灣小吃/台菜;Taiwanese Cuisine,台灣小吃/台菜;Taiwanese Cuisine;台菜,,,https://media.taiwan.net.tw/zh-tw/portal/travel/details/restaurant_376470000a_000233,2eb776df4ccb76ee,SRC_R010B05_TW_376470000A_000233_OFFICIAL,1,0.9000,0.1000,1,肉包李,secondary,0.7000,official Taiwan Tourism Administration open-data source with direct date evidence
SRC_R010B05_TW_376470000A_000232_OFFICIAL,2022,2022-09-02,2015-2025_platformization,阿添蛤仔麵,彰化市,Taiwan,Taiwan-side,official_open_data,Taiwan Tourism Administration Open Multimedia Data,https://media.taiwan.net.tw/zh-tw/portal/travel/details/restaurant_376470000a_000232,official_restaurant_open_data,2022 official open-data page classifies 阿添蛤仔麵 as 夜市小吃（Taiwan Snacks） with markers 小吃; 夜市小吃,high,"Official Tourism Administration open-data page gives update date, local government source, restaurant category and direct marker evidence. Duplicate source-url and restaurant artifact ID checked against Round010 overlay before append; one row represents one source artifact. TLS certificate validation was relaxed for metadata fetch because local Python rejected the site certificate, while the exact public URL is browser/web accessible.",SRC_R010B05_TW_376470000A_000232_OFFICIAL,verified,Taiwan-side,資料更新日期時間 2022-09-02T13:54:51+08:00；餐飲店家類型：夜市小吃（Taiwan Snacks）；阿添蛤仔麵；古意的老闆推薦招牌的蛤仔麵，湯頭淡雅，別有風味，雞捲外皮炸得特別酥脆，適合喜愛脆皮炸物的饕客。,小吃;夜市小吃,夜市小吃;Taiwan Snacks,,,https://media.taiwan.net.tw/zh-tw/portal/travel/details/restaurant_376470000a_000232,44ccb0ea782cf3a5,SRC_R010B05_TW_376470000A_000232_OFFICIAL,1,0.9000,0.1000,1,阿添蛤仔麵,secondary,0.7000,official Taiwan Tourism Administration open-data source with direct date evidence
SRC_R010B05_TW_376470000A_000235_OFFICIAL,2022,2022-09-02,2015-2025_platformization,車路口肉粽,彰化市,Taiwan,Taiwan-side,official_open_data,Taiwan Tourism Administration Open Multimedia Data,https://media.taiwan.net.tw/zh-tw/portal/travel/details/restaurant_376470000a_000235,official_restaurant_open_data,2022 official open-data page classifies 車路口肉粽 as 台灣小吃/台菜（Taiwanese Cuisine） with markers 肉粽; 小吃; 台菜; 台灣小吃/台菜,high,"Official Tourism Administration open-data page gives update date, local government source, restaurant category and direct marker evidence. Duplicate source-url and restaurant artifact ID checked against Round010 overlay before append; one row represents one source artifact. TLS certificate validation was relaxed for metadata fetch because local Python rejected the site certificate, while the exact public URL is browser/web accessible.",SRC_R010B05_TW_376470000A_000235_OFFICIAL,verified,Taiwan-side,資料更新日期時間 2022-09-02T13:56:54+08:00；餐飲店家類型：台灣小吃/台菜（Taiwanese Cuisine）；車路口肉粽；48年歷史的車路口肉粽，米飯香甜、餡香、醬料甘美，可搭配一碗菜頭湯或脆丸湯。,肉粽;小吃;台菜;台灣小吃/台菜;Taiwanese Cuisine,台灣小吃/台菜;Taiwanese Cuisine;台菜,,,https://media.taiwan.net.tw/zh-tw/portal/travel/details/restaurant_376470000a_000235,e352ddbf25b4b943,SRC_R010B05_TW_376470000A_000235_OFFICIAL,1,0.9000,0.1000,1,車路口肉粽,secondary,0.7000,official Taiwan Tourism Administration open-data source with direct date evidence
SRC_R010B05_TW_376470000A_000236_OFFICIAL,2023,2023-12-01,2015-2025_platformization,泉焢肉飯,彰化市,Taiwan,Taiwan-side,official_open_data,Taiwan Tourism Administration Open Multimedia Data,https://media.taiwan.net.tw/en-us/portal/travel/details/restaurant_376470000a_000236,official_restaurant_open_data,2023 official open-data page classifies 泉焢肉飯 as 台灣小吃/台菜（Taiwanese Cuisine） with markers 爌肉飯; 焢肉飯; 小吃; 台菜,high,"Official Tourism Administration open-data page gives update date, local government source, restaurant category and direct marker evidence. Duplicate source-url and restaurant artifact ID checked against Round010 overlay before append; one row represents one source artifact. TLS certificate validation was relaxed for metadata fetch because local Python rejected the site certificate, while the exact public URL is browser/web accessible.",SRC_R010B05_TW_376470000A_000236_OFFICIAL,verified,Taiwan-side,資料更新日期時間 2023-12-01T15:03:23+08:00；餐飲店家類型：台灣小吃/台菜（Taiwanese Cuisine）；泉焢肉飯；位於市中心巷弄中的「阿泉爌肉飯」，是知名的彰化在地小吃，天微亮就湧現人潮。鮮嫩多汁的爌肉配上香Q米飯，淋上完美滷汁的美味，成功榮獲2023「500碗」冠軍殊榮。,爌肉飯;焢肉飯;小吃;台菜;台灣小吃/台菜;Taiwanese Cuisine,台灣小吃/台菜;Taiwanese Cuisine;台菜,,,https://media.taiwan.net.tw/en-us/portal/travel/details/restaurant_376470000a_000236,f5cc8bc74c5e6cb5,SRC_R010B05_TW_376470000A_000236_OFFICIAL,1,0.9000,0.1000,1,泉焢肉飯,secondary,0.7000,official Taiwan Tourism Administration open-data source with direct date evidence
SRC_R010B05_TW_376470000A_000247_OFFICIAL,2023,2023-02-17,2015-2025_platformization,許記花壇肉羹,花壇鄉,Taiwan,Taiwan-side,official_open_data,Taiwan Tourism Administration Open Multimedia Data,https://media.taiwan.net.tw/zh-tw/portal/travel/details/restaurant_376470000a_000247,official_restaurant_open_data,2023 official open-data page classifies 許記花壇肉羹 as 台灣小吃/台菜（Taiwanese Cuisine） with markers 肉羹; 小吃; 台菜; 台灣小吃/台菜,high,"Official Tourism Administration open-data page gives update date, local government source, restaurant category and direct marker evidence. Duplicate source-url and restaurant artifact ID checked against Round010 overlay before append; one row represents one source artifact. TLS certificate validation was relaxed for metadata fetch because local Python rejected the site certificate, while the exact public URL is browser/web accessible.",SRC_R010B05_TW_376470000A_000247_OFFICIAL,verified,Taiwan-side,資料更新日期時間 2023-02-17T10:06:51+08:00；餐飲店家類型：台灣小吃/台菜（Taiwanese Cuisine）；許記花壇肉羹；傳承了半世紀的花壇肉羹，位於花壇公有市場市場內，攤位前人潮不斷，在攤位旁有幾爐炭火，是專門用來燒水煮肉羹之用。,肉羹;小吃;台菜;台灣小吃/台菜;Taiwanese Cuisine,台灣小吃/台菜;Taiwanese Cuisine;台菜,,,https://media.taiwan.net.tw/zh-tw/portal/travel/details/restaurant_376470000a_000247,d0d75f463b8dc5da,SRC_R010B05_TW_376470000A_000247_OFFICIAL,1,0.9000,0.1000,1,許記花壇肉羹,secondary,0.7000,official Taiwan Tourism Administration open-data source with direct date evidence
SRC_R010B05_TW_376470000A_000246_OFFICIAL,2024,2024-04-11,2015-2025_platformization,阿來羊肉店,花壇鄉,Taiwan,Taiwan-side,official_open_data,Taiwan Tourism Administration Open Multimedia Data,https://media.taiwan.net.tw/en-us/portal/travel/details/restaurant_376470000a_000246,official_restaurant_open_data,2024 official open-data page classifies 阿來羊肉店 as 台灣小吃/台菜（Taiwanese Cuisine） with markers 小吃; 台菜; 台灣小吃/台菜; Taiwanese Cuisine,high,"Official Tourism Administration open-data page gives update date, local government source, restaurant category and direct marker evidence. Duplicate source-url and restaurant artifact ID checked against Round010 overlay before append; one row represents one source artifact. TLS certificate validation was relaxed for metadata fetch because local Python rejected the site certificate, while the exact public URL is browser/web accessible.",SRC_R010B05_TW_376470000A_000246_OFFICIAL,verified,Taiwan-side,資料更新日期時間 2024-04-11T14:36:37+08:00；餐飲店家類型：台灣小吃/台菜（Taiwanese Cuisine）；阿來羊肉店；阿來羊肉店位於花壇公有市場內，是在地人喜歡光顧的店家，一盆盆的羊大骨，燉煮熬湯，炒羊肉新鮮滋味甜美，羊肉湯分為帶皮羊肉及瘦肉羊肉湯兩種，帶皮羊肉有皮的咬勁，卻不失嫩度，是絕佳的美味。,小吃;台菜;台灣小吃/台菜;Taiwanese Cuisine,台灣小吃/台菜;Taiwanese Cuisine;台菜,,,https://media.taiwan.net.tw/en-us/portal/travel/details/restaurant_376470000a_000246,d4fa4023e2576fdc,SRC_R010B05_TW_376470000A_000246_OFFICIAL,1,0.9000,0.1000,1,阿來羊肉店,secondary,0.7000,official Taiwan Tourism Administration open-data source with direct date evidence
SRC_R010B05_TW_376470000A_000250_OFFICIAL,2023,2023-02-17,2015-2025_platformization,小時候豆標,大村鄉,Taiwan,Taiwan-side,official_open_data,Taiwan Tourism Administration Open Multimedia Data,https://media.taiwan.net.tw/zh-tw/portal/travel/details/restaurant_376470000a_000250,official_restaurant_open_data,2023 official open-data page classifies 小時候豆標 as 夜市小吃（Taiwan Snacks） with markers 小吃; 夜市小吃,high,"Official Tourism Administration open-data page gives update date, local government source, restaurant category and direct marker evidence. Duplicate source-url and restaurant artifact ID checked against Round010 overlay before append; one row represents one source artifact. TLS certificate validation was relaxed for metadata fetch because local Python rejected the site certificate, while the exact public URL is browser/web accessible.",SRC_R010B05_TW_376470000A_000250_OFFICIAL,verified,Taiwan-side,資料更新日期時間 2023-02-17T11:40:44+08:00；餐飲店家類型：夜市小吃（Taiwan Snacks）；小時候豆標；位於幹道上的大村小時候大餅，遠遠地就能看到路邊暫時停車購買的車潮，店內販賣的產品種類眾多，現做的大餅有三種口味，原味、起司、黑糖，原味最能嚐出單純麵皮的軟嫩香氣，純樸的滋味齒頰留香，另外，蔥油餅的做法也不同一般，是以麵皮包裹大量蔥花再油炸而成，滋味特別。,小吃;夜市小吃,夜市小吃;Taiwan Snacks,,,https://media.taiwan.net.tw/zh-tw/portal/travel/details/restaurant_376470000a_000250,f737e31dc77c5944,SRC_R010B05_TW_376470000A_000250_OFFICIAL,1,0.9000,0.1000,1,小時候豆標,secondary,0.7000,official Taiwan Tourism Administration open-data source with direct date evidence
SRC_R010B05_TW_376470000A_000249_OFFICIAL,2023,2023-02-17,2015-2025_platformization,花壇山中居觀景餐廳,花壇鄉,Taiwan,Taiwan-side,official_open_data,Taiwan Tourism Administration Open Multimedia Data,https://media.taiwan.net.tw/en-us/portal/travel/details/restaurant_376470000a_000249,official_restaurant_open_data,2023 official open-data page classifies 花壇山中居觀景餐廳 as 其他（Other） with markers 米粉,high,"Official Tourism Administration open-data page gives update date, local government source, restaurant category and direct marker evidence. Duplicate source-url and restaurant artifact ID checked against Round010 overlay before append; one row represents one source artifact. TLS certificate validation was relaxed for metadata fetch because local Python rejected the site certificate, while the exact public URL is browser/web accessible.",SRC_R010B05_TW_376470000A_000249_OFFICIAL,verified,Taiwan-side,資料更新日期時間 2023-02-17T11:00:48+08:00；餐飲店家類型：其他（Other）；花壇山中居觀景餐廳；山中居茶坊位於臺灣民俗村正上方，擁有極佳的景觀，餐廳內提供的古早味金瓜米粉、鳳梨苦瓜雞、燒烤胡椒魚等都是老闆自己的料理手法呈現。,米粉,古早味,,,https://media.taiwan.net.tw/en-us/portal/travel/details/restaurant_376470000a_000249,3c9b72da79c06a9d,SRC_R010B05_TW_376470000A_000249_OFFICIAL,1,0.9000,0.1000,1,花壇山中居觀景餐廳,secondary,0.7000,official Taiwan Tourism Administration open-data source with direct date evidence
SRC_R010B05_TW_376470000A_000253_OFFICIAL,2023,2023-02-17,2015-2025_platformization,大村當歸鴨,大村鄉,Taiwan,Taiwan-side,official_open_data,Taiwan Tourism Administration Open Multimedia Data,https://media.taiwan.net.tw/en-us/portal/travel/details/restaurant_376470000a_000253,official_restaurant_open_data,2023 official open-data page classifies 大村當歸鴨 as 台灣小吃/台菜（Taiwanese Cuisine） with markers 麵線; 小吃; 台菜; 台灣小吃/台菜,high,"Official Tourism Administration open-data page gives update date, local government source, restaurant category and direct marker evidence. Duplicate source-url and restaurant artifact ID checked against Round010 overlay before append; one row represents one source artifact. TLS certificate validation was relaxed for metadata fetch because local Python rejected the site certificate, while the exact public URL is browser/web accessible.",SRC_R010B05_TW_376470000A_000253_OFFICIAL,verified,Taiwan-side,資料更新日期時間 2023-02-17T11:45:56+08:00；餐飲店家類型：台灣小吃/台菜（Taiwanese Cuisine）；大村當歸鴨；當歸鴨麵線，滷味，米血40年的當鴨肉老店，以古法熬製湯頭，滷汁用上等近十種的中藥材熬煮，包括當歸、紅棗、熟地、枸杞、黃耆等等，湯雖黑但卻不苦，當歸鴨麵線、鴨肉麵及米血等等是客人必點招牌美食,麵線;小吃;台菜;台灣小吃/台菜;Taiwanese Cuisine,台灣小吃/台菜;Taiwanese Cuisine;台菜,,,https://media.taiwan.net.tw/en-us/portal/travel/details/restaurant_376470000a_000253,37f8b9b00fdd27b7,SRC_R010B05_TW_376470000A_000253_OFFICIAL,1,0.9000,0.1000,1,大村當歸鴨,secondary,0.7000,official Taiwan Tourism Administration open-data source with direct date evidence
SRC_R010B05_TW_376470000A_000256_OFFICIAL,2022,2022-08-22,2015-2025_platformization,魯肉張,員林市,Taiwan,Taiwan-side,official_open_data,Taiwan Tourism Administration Open Multimedia Data,https://media.taiwan.net.tw/zh-tw/portal/travel/details/restaurant_376470000a_000256,official_restaurant_open_data,2022 official open-data page classifies 魯肉張 as 台灣小吃/台菜（Taiwanese Cuisine） with markers 爌肉飯; 小吃; 台菜; 台灣小吃/台菜,high,"Official Tourism Administration open-data page gives update date, local government source, restaurant category and direct marker evidence. Duplicate source-url and restaurant artifact ID checked against Round010 overlay before append; one row represents one source artifact. TLS certificate validation was relaxed for metadata fetch because local Python rejected the site certificate, while the exact public URL is browser/web accessible.",SRC_R010B05_TW_376470000A_000256_OFFICIAL,verified,Taiwan-side,資料更新日期時間 2022-08-22T11:34:40+08:00；餐飲店家類型：台灣小吃/台菜（Taiwanese Cuisine）；魯肉張；位於員林的魯肉張，內有魯肉飯、爌肉飯等等美食，還有免費取用的湯品及醬茶等。,爌肉飯;小吃;台菜;台灣小吃/台菜;Taiwanese Cuisine,台灣小吃/台菜;Taiwanese Cuisine;台菜,,,https://media.taiwan.net.tw/zh-tw/portal/travel/details/restaurant_376470000a_000256,ec6bda21e79714e5,SRC_R010B05_TW_376470000A_000256_OFFICIAL,1,0.9000,0.1000,1,魯肉張,secondary,0.7000,official Taiwan Tourism Administration open-data source with direct date evidence
SRC_R010B05_TW_376470000A_000260_OFFICIAL,2022,2022-08-22,2015-2025_platformization,阿火米苔目,員林市,Taiwan,Taiwan-side,official_open_data,Taiwan Tourism Administration Open Multimedia Data,https://media.taiwan.net.tw/en-us/portal/travel/details/restaurant_376470000a_000260,official_restaurant_open_data,2022 official open-data page classifies 阿火米苔目 as 夜市小吃（Taiwan Snacks） with markers 小吃; 夜市小吃,high,"Official Tourism Administration open-data page gives update date, local government source, restaurant category and direct marker evidence. Duplicate source-url and restaurant artifact ID checked against Round010 overlay before append; one row represents one source artifact. TLS certificate validation was relaxed for metadata fetch because local Python rejected the site certificate, while the exact public URL is browser/web accessible.",SRC_R010B05_TW_376470000A_000260_OFFICIAL,verified,Taiwan-side,資料更新日期時間 2022-08-22T11:42:17+08:00；餐飲店家類型：夜市小吃（Taiwan Snacks）；阿火米苔目；位於員林的阿火米苔目，是高人氣的知名小吃店，小小的店擠滿了人潮，米苔目、切仔麵、三層肉等等，無不讓人食指大動。,小吃;夜市小吃,夜市小吃;Taiwan Snacks,,,https://media.taiwan.net.tw/en-us/portal/travel/details/restaurant_376470000a_000260,3c1da796a00d5c74,SRC_R010B05_TW_376470000A_000260_OFFICIAL,1,0.9000,0.1000,1,阿火米苔目,secondary,0.7000,official Taiwan Tourism Administration open-data source with direct date evidence
SRC_R010B05_TW_376470000A_000262_OFFICIAL,2022,2022-08-22,2015-2025_platformization,黑竹園,員林市,Taiwan,Taiwan-side,official_open_data,Taiwan Tourism Administration Open Multimedia Data,https://media.taiwan.net.tw/en-us/portal/travel/details/restaurant_376470000a_000262,official_restaurant_open_data,2022 official open-data page classifies 黑竹園 as 台灣小吃/台菜（Taiwanese Cuisine） with markers 小吃; 台菜; 台灣小吃/台菜; Taiwanese Cuisine,high,"Official Tourism Administration open-data page gives update date, local government source, restaurant category and direct marker evidence. Duplicate source-url and restaurant artifact ID checked against Round010 overlay before append; one row represents one source artifact. TLS certificate validation was relaxed for metadata fetch because local Python rejected the site certificate, while the exact public URL is browser/web accessible.",SRC_R010B05_TW_376470000A_000262_OFFICIAL,verified,Taiwan-side,資料更新日期時間 2022-08-22T11:36:55+08:00；餐飲店家類型：台灣小吃/台菜（Taiwanese Cuisine）；黑竹園；台灣創始老店黑竹園滷味雞腳凍的特色是，先將雞腳挑骨後，以開水川燙，再加上用全雞及獨門秘方的滷汁一同熬煮，包含十餘種中藥材。除了雞腳凍外，鴨舌、鴨翅凍等也相當美味。,小吃;台菜;台灣小吃/台菜;Taiwanese Cuisine,台灣小吃/台菜;Taiwanese Cuisine;台菜,,,https://media.taiwan.net.tw/en-us/portal/travel/details/restaurant_376470000a_000262,e74694d8b2b17be1,SRC_R010B05_TW_376470000A_000262_OFFICIAL,1,0.9000,0.1000,1,黑竹園,secondary,0.7000,official Taiwan Tourism Administration open-data source with direct date evidence
SRC_R010B05_TW_376470000A_000263_OFFICIAL,2022,2022-08-22,2015-2025_platformization,米糕榕,員林市,Taiwan,Taiwan-side,official_open_data,Taiwan Tourism Administration Open Multimedia Data,https://media.taiwan.net.tw/zh-tw/portal/travel/details/restaurant_376470000a_000263,official_restaurant_open_data,2022 official open-data page classifies 米糕榕 as 夜市小吃（Taiwan Snacks） with markers 米糕; 肉羹; 小吃; 夜市小吃,high,"Official Tourism Administration open-data page gives update date, local government source, restaurant category and direct marker evidence. Duplicate source-url and restaurant artifact ID checked against Round010 overlay before append; one row represents one source artifact. TLS certificate validation was relaxed for metadata fetch because local Python rejected the site certificate, while the exact public URL is browser/web accessible.",SRC_R010B05_TW_376470000A_000263_OFFICIAL,verified,Taiwan-side,資料更新日期時間 2022-08-22T11:41:29+08:00；餐飲店家類型：夜市小吃（Taiwan Snacks）；米糕榕；位於員林的米糕榕，其滿滿肉燥香氣的米糕是人氣招牌，其他餐點包括燒肉、香腸、肉羹湯，小菜選擇也很多。,米糕;肉羹;小吃;夜市小吃,夜市小吃;Taiwan Snacks,,,https://media.taiwan.net.tw/zh-tw/portal/travel/details/restaurant_376470000a_000263,b59cde26ce25228f,SRC_R010B05_TW_376470000A_000263_OFFICIAL,1,0.9000,0.1000,1,米糕榕,secondary,0.7000,official Taiwan Tourism Administration open-data source with direct date evidence
SRC_R010B05_TW_376470000A_000264_OFFICIAL,2022,2022-08-22,2015-2025_platformization,大胖凸皮麵,員林市,Taiwan,Taiwan-side,official_open_data,Taiwan Tourism Administration Open Multimedia Data,https://media.taiwan.net.tw/zh-tw/portal/travel/details/restaurant_376470000a_000264,official_restaurant_open_data,2022 official open-data page classifies 大胖凸皮麵 as 台灣小吃/台菜（Taiwanese Cuisine） with markers 小吃; 台菜; 台灣小吃/台菜; Taiwanese Cuisine,high,"Official Tourism Administration open-data page gives update date, local government source, restaurant category and direct marker evidence. Duplicate source-url and restaurant artifact ID checked against Round010 overlay before append; one row represents one source artifact. TLS certificate validation was relaxed for metadata fetch because local Python rejected the site certificate, while the exact public URL is browser/web accessible.",SRC_R010B05_TW_376470000A_000264_OFFICIAL,verified,Taiwan-side,資料更新日期時間 2022-08-22T11:43:19+08:00；餐飲店家類型：台灣小吃/台菜（Taiwanese Cuisine）；大胖凸皮麵；大胖凸皮麵是20年的老店了，原本位於大同路，現在移到浮圳路二段，「凸皮麵」就是炸過的豬皮，是這裡的獨家美食。,小吃;台菜;台灣小吃/台菜;Taiwanese Cuisine,台灣小吃/台菜;Taiwanese Cuisine;台菜,,,https://media.taiwan.net.tw/zh-tw/portal/travel/details/restaurant_376470000a_000264,ec1dc5610c8ca5a3,SRC_R010B05_TW_376470000A_000264_OFFICIAL,1,0.9000,0.1000,1,大胖凸皮麵,secondary,0.7000,official Taiwan Tourism Administration open-data source with direct date evidence
SRC_R010B05_TW_376470000A_000265_OFFICIAL,2022,2022-08-22,2015-2025_platformization,九重炊油蔥粿,員林市,Taiwan,Taiwan-side,official_open_data,Taiwan Tourism Administration Open Multimedia Data,https://media.taiwan.net.tw/zh-tw/portal/travel/details/restaurant_376470000a_000265,official_restaurant_open_data,2022 official open-data page classifies 九重炊油蔥粿 as 台灣小吃/台菜（Taiwanese Cuisine） with markers 小吃; 台菜; 台灣小吃/台菜; Taiwanese Cuisine,high,"Official Tourism Administration open-data page gives update date, local government source, restaurant category and direct marker evidence. Duplicate source-url and restaurant artifact ID checked against Round010 overlay before append; one row represents one source artifact. TLS certificate validation was relaxed for metadata fetch because local Python rejected the site certificate, while the exact public URL is browser/web accessible.",SRC_R010B05_TW_376470000A_000265_OFFICIAL,verified,Taiwan-side,資料更新日期時間 2022-08-22T11:21:17+08:00；餐飲店家類型：台灣小吃/台菜（Taiwanese Cuisine）；九重炊油蔥粿；一層米漿，層層疊疊，經過九道手續才完成，故名為「九層炊油蔥粿」。由於製法特殊和使用油蔥，所以九層炊油蔥粿的口感特殊。,小吃;台菜;台灣小吃/台菜;Taiwanese Cuisine,台灣小吃/台菜;Taiwanese Cuisine;台菜,,,https://media.taiwan.net.tw/zh-tw/portal/travel/details/restaurant_376470000a_000265,715362ab134ab1d8,SRC_R010B05_TW_376470000A_000265_OFFICIAL,1,0.9000,0.1000,1,九重炊油蔥粿,secondary,0.7000,official Taiwan Tourism Administration open-data source with direct date evidence
SRC_R010B05_TW_376470000A_000267_OFFICIAL,2023,2023-02-17,2015-2025_platformization,肉餅榮,社頭鄉,Taiwan,Taiwan-side,official_open_data,Taiwan Tourism Administration Open Multimedia Data,https://media.taiwan.net.tw/zh-tw/portal/travel/details/restaurant_376470000a_000267,official_restaurant_open_data,2023 official open-data page classifies 肉餅榮 as 夜市小吃（Taiwan Snacks） with markers 小吃; 夜市小吃,high,"Official Tourism Administration open-data page gives update date, local government source, restaurant category and direct marker evidence. Duplicate source-url and restaurant artifact ID checked against Round010 overlay before append; one row represents one source artifact. TLS certificate validation was relaxed for metadata fetch because local Python rejected the site certificate, while the exact public URL is browser/web accessible.",SRC_R010B05_TW_376470000A_000267_OFFICIAL,verified,Taiwan-side,資料更新日期時間 2023-02-17T16:04:16+08:00；餐飲店家類型：夜市小吃（Taiwan Snacks）；肉餅榮；肉餅榮的店面前就掛著一串串手工製作的古早味香腸，老闆在店內正幫剛出爐的麻米老裹粉，老闆隨手拿了一塊剛成為成品的麻米老，一咬下口腔中便充滿花生粉的香氣，內部蓬鬆酥軟，相當美味。,小吃;夜市小吃,夜市小吃;Taiwan Snacks;古早味,,,https://media.taiwan.net.tw/zh-tw/portal/travel/details/restaurant_376470000a_000267,deb2934d65ca66c3,SRC_R010B05_TW_376470000A_000267_OFFICIAL,1,0.9000,0.1000,1,肉餅榮,secondary,0.7000,official Taiwan Tourism Administration open-data source with direct date evidence
SRC_R010B05_TW_376470000A_000270_OFFICIAL,2023,2023-02-15,2015-2025_platformization,周記蒸餃,田中鎮,Taiwan,Taiwan-side,official_open_data,Taiwan Tourism Administration Open Multimedia Data,https://media.taiwan.net.tw/zh-tw/portal/travel/details/restaurant_376470000a_000270,official_restaurant_open_data,2023 official open-data page classifies 周記蒸餃 as 台灣小吃/台菜（Taiwanese Cuisine） with markers 小吃; 台菜; 台灣小吃/台菜; Taiwanese Cuisine,high,"Official Tourism Administration open-data page gives update date, local government source, restaurant category and direct marker evidence. Duplicate source-url and restaurant artifact ID checked against Round010 overlay before append; one row represents one source artifact. TLS certificate validation was relaxed for metadata fetch because local Python rejected the site certificate, while the exact public URL is browser/web accessible.",SRC_R010B05_TW_376470000A_000270_OFFICIAL,verified,Taiwan-side,資料更新日期時間 2023-02-15T16:21:07+08:00；餐飲店家類型：台灣小吃/台菜（Taiwanese Cuisine）；周記蒸餃；周記蒸餃現包現蒸的蒸餃新鮮美味，一旁師傅忙著包蒸餃，一大落竹製蒸籠因客人多，始終冒著蒸氣，蒸餃內餡滋味鮮美，以韭黃、豬肉等為主，一口咬下，湯汁便汩汩流出，店家滷製的各式小菜相當入味，搭配蒸餃、熱湯，是來到充滿古意的田中鎮值得一嚐的味道。,小吃;台菜;台灣小吃/台菜;Taiwanese Cuisine,台灣小吃/台菜;Taiwanese Cuisine;台菜,,,https://media.taiwan.net.tw/zh-tw/portal/travel/details/restaurant_376470000a_000270,a37deea254e5dc39,SRC_R010B05_TW_376470000A_000270_OFFICIAL,1,0.9000,0.1000,1,周記蒸餃,secondary,0.7000,official Taiwan Tourism Administration open-data source with direct date evidence
SRC_R010B05_TW_376470000A_000277_OFFICIAL,2023,2023-02-15,2015-2025_platformization,溪湖香饌胡椒餅,溪湖鎮,Taiwan,Taiwan-side,official_open_data,Taiwan Tourism Administration Open Multimedia Data,https://media.taiwan.net.tw/zh-tw/portal/travel/details/restaurant_376470000a_000277,official_restaurant_open_data,2023 official open-data page classifies 溪湖香饌胡椒餅 as 夜市小吃（Taiwan Snacks） with markers 小吃; 夜市小吃,high,"Official Tourism Administration open-data page gives update date, local government source, restaurant category and direct marker evidence. Duplicate source-url and restaurant artifact ID checked against Round010 overlay before append; one row represents one source artifact. TLS certificate validation was relaxed for metadata fetch because local Python rejected the site certificate, while the exact public URL is browser/web accessible.",SRC_R010B05_TW_376470000A_000277_OFFICIAL,verified,Taiwan-side,資料更新日期時間 2023-02-15T14:51:26+08:00；餐飲店家類型：夜市小吃（Taiwan Snacks）；溪湖香饌胡椒餅；溪湖香饌胡椒餅在溪湖鎮二溪路，此為溪湖名產，新竹也有分店，產品皆新鮮現做，可提前電話預約，另有冷凍宅配服務。,小吃;夜市小吃,夜市小吃;Taiwan Snacks,,,https://media.taiwan.net.tw/zh-tw/portal/travel/details/restaurant_376470000a_000277,2c20ade0a622e935,SRC_R010B05_TW_376470000A_000277_OFFICIAL,1,0.9000,0.1000,1,溪湖香饌胡椒餅,secondary,0.7000,official Taiwan Tourism Administration open-data source with direct date evidence
SRC_R010B05_TW_376470000A_000278_OFFICIAL,2023,2023-02-15,2015-2025_platformization,阿明羊肉爐,溪湖鎮,Taiwan,Taiwan-side,official_open_data,Taiwan Tourism Administration Open Multimedia Data,https://media.taiwan.net.tw/zh-tw/portal/travel/details/restaurant_376470000a_000278,official_restaurant_open_data,2023 official open-data page classifies 阿明羊肉爐 as 台灣小吃/台菜（Taiwanese Cuisine） with markers 麵線; 羊肉爐; 小吃; 台菜,high,"Official Tourism Administration open-data page gives update date, local government source, restaurant category and direct marker evidence. Duplicate source-url and restaurant artifact ID checked against Round010 overlay before append; one row represents one source artifact. TLS certificate validation was relaxed for metadata fetch because local Python rejected the site certificate, while the exact public URL is browser/web accessible.",SRC_R010B05_TW_376470000A_000278_OFFICIAL,verified,Taiwan-side,資料更新日期時間 2023-02-15T14:57:00+08:00；餐飲店家類型：台灣小吃/台菜（Taiwanese Cuisine）；阿明羊肉爐；近五十年的阿明羊肉爐傳承傳統烹調方式，選用企業化管理的臺灣土羊，羊肉鮮甜沒有羶味，韌度佳，在口中咀嚼時口感甚佳。阿明羊肉爐的羊肉菜色，包括肉、肝、心、肚、雜頭骨等，以不同的烹飪方式能變化出許多美味的料理。因應現代人口味較多變，且吃得較清淡，再加上冬、夏季節性的差異，發展出口味較濃的「中藥羊肉爐」和口 味較淡的「薑絲羊肉爐」兩種。炒羊肚、羊肉薄片、燒烤羊肉、麵線等都值得嚐嚐。 文字描述 文字描述-顯示或收起長內容,麵線;羊肉爐;小吃;台菜;台灣小吃/台菜;Taiwanese Cuisine,台灣小吃/台菜;Taiwanese Cuisine;台菜,,,https://media.taiwan.net.tw/zh-tw/portal/travel/details/restaurant_376470000a_000278,6d0a1b32aa4ec54c,SRC_R010B05_TW_376470000A_000278_OFFICIAL,1,0.9000,0.1000,1,阿明羊肉爐,secondary,0.7000,official Taiwan Tourism Administration open-data source with direct date evidence
SRC_R010B05_TW_376470000A_000285_OFFICIAL,2023,2023-02-16,2015-2025_platformization,阿修的排骨,秀水鄉,Taiwan,Taiwan-side,official_open_data,Taiwan Tourism Administration Open Multimedia Data,https://media.taiwan.net.tw/zh-tw/portal/travel/details/restaurant_376470000a_000285,official_restaurant_open_data,2023 official open-data page classifies 阿修的排骨 as 台灣小吃/台菜（Taiwanese Cuisine） with markers 小吃; 台菜; 台灣小吃/台菜; Taiwanese Cuisine,high,"Official Tourism Administration open-data page gives update date, local government source, restaurant category and direct marker evidence. Duplicate source-url and restaurant artifact ID checked against Round010 overlay before append; one row represents one source artifact. TLS certificate validation was relaxed for metadata fetch because local Python rejected the site certificate, while the exact public URL is browser/web accessible.",SRC_R010B05_TW_376470000A_000285_OFFICIAL,verified,Taiwan-side,資料更新日期時間 2023-02-16T13:21:07+08:00；餐飲店家類型：台灣小吃/台菜（Taiwanese Cuisine）；阿修的排骨；排骨飯是招牌菜色，相當樸實的滋味，老闆以自釀的醬油醃製，從黑豆開始、發酵，經過兩年左右時間完成醬油，再浸泡排骨，不會過鹹。,小吃;台菜;台灣小吃/台菜;Taiwanese Cuisine,台灣小吃/台菜;Taiwanese Cuisine;台菜,,,https://media.taiwan.net.tw/zh-tw/portal/travel/details/restaurant_376470000a_000285,f2cb9c8d94308c08,SRC_R010B05_TW_376470000A_000285_OFFICIAL,1,0.9000,0.1000,1,阿修的排骨,secondary,0.7000,official Taiwan Tourism Administration open-data source with direct date evidence
SRC_R010B05_TW_376470000A_000287_OFFICIAL,2023,2023-02-16,2015-2025_platformization,太祖魷魚羹,秀水鄉,Taiwan,Taiwan-side,official_open_data,Taiwan Tourism Administration Open Multimedia Data,https://media.taiwan.net.tw/en-us/portal/travel/details/restaurant_376470000a_000287,official_restaurant_open_data,2023 official open-data page classifies 太祖魷魚羹 as 夜市小吃（Taiwan Snacks） with markers 肉羹; 小吃; 夜市小吃,high,"Official Tourism Administration open-data page gives update date, local government source, restaurant category and direct marker evidence. Duplicate source-url and restaurant artifact ID checked against Round010 overlay before append; one row represents one source artifact. TLS certificate validation was relaxed for metadata fetch because local Python rejected the site certificate, while the exact public URL is browser/web accessible.",SRC_R010B05_TW_376470000A_000287_OFFICIAL,verified,Taiwan-side,資料更新日期時間 2023-02-16T13:17:34+08:00；餐飲店家類型：夜市小吃（Taiwan Snacks）；太祖魷魚羹；太祖魷魚羹於74年在台中正式創立，是台灣最早的加盟體系，以老口味新面貌的姿態，研發各式新產品，有包括招牌魷魚羹、招牌赤肉羹、羊肉羹、雞肉飯、古早味麻醬麵、各式小菜。,肉羹;小吃;夜市小吃,夜市小吃;Taiwan Snacks;古早味,,,https://media.taiwan.net.tw/en-us/portal/travel/details/restaurant_376470000a_000287,9c3ab5b359acabc4,SRC_R010B05_TW_376470000A_000287_OFFICIAL,1,0.9000,0.1000,1,太祖魷魚羹,secondary,0.7000,official Taiwan Tourism Administration open-data source with direct date evidence
SRC_R010B05_TW_376470000A_000289_OFFICIAL,2023,2023-04-28,2015-2025_platformization,廣香居食品,和美鎮,Taiwan,Taiwan-side,official_open_data,Taiwan Tourism Administration Open Multimedia Data,https://media.taiwan.net.tw/zh-tw/portal/travel/details/restaurant_376470000a_000289,official_restaurant_open_data,2023 official open-data page classifies 廣香居食品 as 台灣小吃/台菜（Taiwanese Cuisine） with markers 小吃; 台菜; 台灣小吃/台菜; Taiwanese Cuisine,high,"Official Tourism Administration open-data page gives update date, local government source, restaurant category and direct marker evidence. Duplicate source-url and restaurant artifact ID checked against Round010 overlay before append; one row represents one source artifact. TLS certificate validation was relaxed for metadata fetch because local Python rejected the site certificate, while the exact public URL is browser/web accessible.",SRC_R010B05_TW_376470000A_000289_OFFICIAL,verified,Taiwan-side,資料更新日期時間 2023-04-28T15:02:14+08:00；餐飲店家類型：台灣小吃/台菜（Taiwanese Cuisine）；廣香居食品；和美廣香居食品以「古早味」的香腸、貢丸聞名，香腸以溫體豬肉，在宰殺兩小時內製作，加上中藥調味，而香腸內的豬肉為「肉塊」。,小吃;台菜;台灣小吃/台菜;Taiwanese Cuisine,台灣小吃/台菜;Taiwanese Cuisine;古早味;台菜,,,https://media.taiwan.net.tw/zh-tw/portal/travel/details/restaurant_376470000a_000289,240cfdd06b01ff7a,SRC_R010B05_TW_376470000A_000289_OFFICIAL,1,0.9000,0.1000,1,廣香居食品,secondary,0.7000,official Taiwan Tourism Administration open-data source with direct date evidence
SRC_R010B05_TW_376470000A_000290_OFFICIAL,2023,2023-01-06,2015-2025_platformization,崧園日式食坊,和美鎮,Taiwan,Taiwan-side,official_open_data,Taiwan Tourism Administration Open Multimedia Data,https://media.taiwan.net.tw/zh-tw/portal/travel/details/restaurant_376470000a_000290,official_restaurant_open_data,2023 official open-data page classifies 崧園日式食坊 as 台灣小吃/台菜（Taiwanese Cuisine） with markers 小吃; 台菜; 台灣小吃/台菜; Taiwanese Cuisine,high,"Official Tourism Administration open-data page gives update date, local government source, restaurant category and direct marker evidence. Duplicate source-url and restaurant artifact ID checked against Round010 overlay before append; one row represents one source artifact. TLS certificate validation was relaxed for metadata fetch because local Python rejected the site certificate, while the exact public URL is browser/web accessible.",SRC_R010B05_TW_376470000A_000290_OFFICIAL,verified,Taiwan-side,資料更新日期時間 2023-01-06T13:34:24+08:00；餐飲店家類型：台灣小吃/台菜（Taiwanese Cuisine）；崧園日式食坊；位於和美鎮的崧園日式食坊，美味又平價，店內空間小而溫馨，師傅專心的在手做料理，除了吧台位置，還有包廂可以選擇。,小吃;台菜;台灣小吃/台菜;Taiwanese Cuisine,台灣小吃/台菜;Taiwanese Cuisine;台菜,,,https://media.taiwan.net.tw/zh-tw/portal/travel/details/restaurant_376470000a_000290,c6ded7ad88f0e051,SRC_R010B05_TW_376470000A_000290_OFFICIAL,1,0.9000,0.1000,1,崧園日式食坊,secondary,0.7000,official Taiwan Tourism Administration open-data source with direct date evidence
SRC_R010B05_TW_376470000A_000291_OFFICIAL,2023,2023-01-06,2015-2025_platformization,美味海鮮小吃,和美鎮,Taiwan,Taiwan-side,official_open_data,Taiwan Tourism Administration Open Multimedia Data,https://media.taiwan.net.tw/zh-tw/portal/travel/details/restaurant_376470000a_000291,official_restaurant_open_data,2023 official open-data page classifies 美味海鮮小吃 as 台灣小吃/台菜（Taiwanese Cuisine） with markers 小吃; 台菜; 台灣小吃/台菜; Taiwanese Cuisine,high,"Official Tourism Administration open-data page gives update date, local government source, restaurant category and direct marker evidence. Duplicate source-url and restaurant artifact ID checked against Round010 overlay before append; one row represents one source artifact. TLS certificate validation was relaxed for metadata fetch because local Python rejected the site certificate, while the exact public URL is browser/web accessible.",SRC_R010B05_TW_376470000A_000291_OFFICIAL,verified,Taiwan-side,資料更新日期時間 2023-01-06T13:35:06+08:00；餐飲店家類型：台灣小吃/台菜（Taiwanese Cuisine）；美味海鮮小吃；美味海鮮位在和美與伸港交界的和港路上，地利之便因此大量運用當地的新鮮食材製作料理，運用伸港鄉所產的蒜頭製成獨特的蒜頭炒飯，味噌蛤蠣湯汁味道鮮甜可口，老闆娘特地交待這道菜的重點是湯汁呢！,小吃;台菜;台灣小吃/台菜;Taiwanese Cuisine,台灣小吃/台菜;Taiwanese Cuisine;台菜,,,https://media.taiwan.net.tw/zh-tw/portal/travel/details/restaurant_376470000a_000291,4389b9df895c424f,SRC_R010B05_TW_376470000A_000291_OFFICIAL,1,0.9000,0.1000,1,美味海鮮小吃,secondary,0.7000,official Taiwan Tourism Administration open-data source with direct date evidence
SRC_R010B05_TW_376470000A_000292_OFFICIAL,2023,2023-01-06,2015-2025_platformization,和美阿勞鵝肉,和美鎮,Taiwan,Taiwan-side,official_open_data,Taiwan Tourism Administration Open Multimedia Data,https://media.taiwan.net.tw/zh-tw/portal/travel/details/restaurant_376470000a_000292,official_restaurant_open_data,2023 official open-data page classifies 和美阿勞鵝肉 as 台灣小吃/台菜（Taiwanese Cuisine） with markers 小吃; 台菜; 台灣小吃/台菜; Taiwanese Cuisine,high,"Official Tourism Administration open-data page gives update date, local government source, restaurant category and direct marker evidence. Duplicate source-url and restaurant artifact ID checked against Round010 overlay before append; one row represents one source artifact. TLS certificate validation was relaxed for metadata fetch because local Python rejected the site certificate, while the exact public URL is browser/web accessible.",SRC_R010B05_TW_376470000A_000292_OFFICIAL,verified,Taiwan-side,資料更新日期時間 2023-01-06T13:44:01+08:00；餐飲店家類型：台灣小吃/台菜（Taiwanese Cuisine）；和美阿勞鵝肉；阿勞鵝肉老闆待人熱情，招牌鵝肉新鮮，下水湯料多實在。,小吃;台菜;台灣小吃/台菜;Taiwanese Cuisine,台灣小吃/台菜;Taiwanese Cuisine;台菜,,,https://media.taiwan.net.tw/zh-tw/portal/travel/details/restaurant_376470000a_000292,99cff8fe59ad11cc,SRC_R010B05_TW_376470000A_000292_OFFICIAL,1,0.9000,0.1000,1,和美阿勞鵝肉,secondary,0.7000,official Taiwan Tourism Administration open-data source with direct date evidence
SRC_R010B05_TW_376470000A_000293_OFFICIAL,2023,2023-01-06,2015-2025_platformization,新黑貓餐廳,和美鎮,Taiwan,Taiwan-side,official_open_data,Taiwan Tourism Administration Open Multimedia Data,https://media.taiwan.net.tw/en-us/portal/travel/details/restaurant_376470000a_000293,official_restaurant_open_data,2023 official open-data page classifies 新黑貓餐廳 as 台灣小吃/台菜（Taiwanese Cuisine） with markers 小吃; 台菜; 台灣小吃/台菜; Taiwanese Cuisine,high,"Official Tourism Administration open-data page gives update date, local government source, restaurant category and direct marker evidence. Duplicate source-url and restaurant artifact ID checked against Round010 overlay before append; one row represents one source artifact. TLS certificate validation was relaxed for metadata fetch because local Python rejected the site certificate, while the exact public URL is browser/web accessible.",SRC_R010B05_TW_376470000A_000293_OFFICIAL,verified,Taiwan-side,資料更新日期時間 2023-01-06T13:32:38+08:00；餐飲店家類型：台灣小吃/台菜（Taiwanese Cuisine）；新黑貓餐廳；「新黑貓餐廳」算是廣為彰化人所知的大型本土臺菜海鮮餐廳，有許多穩定的老主顧，廣大的場地更使這間餐廳成為知名的婚宴場所。,小吃;台菜;台灣小吃/台菜;Taiwanese Cuisine,台灣小吃/台菜;Taiwanese Cuisine;台菜,,,https://media.taiwan.net.tw/en-us/portal/travel/details/restaurant_376470000a_000293,9c55c998d8f97332,SRC_R010B05_TW_376470000A_000293_OFFICIAL,1,0.9000,0.1000,1,新黑貓餐廳,secondary,0.7000,official Taiwan Tourism Administration open-data source with direct date evidence
SRC_R010B05_TW_376470000A_000300_OFFICIAL,2023,2023-04-17,2015-2025_platformization,阿嬤私房菜,田尾鄉,Taiwan,Taiwan-side,official_open_data,Taiwan Tourism Administration Open Multimedia Data,https://media.taiwan.net.tw/en-us/portal/travel/details/restaurant_376470000a_000300,official_restaurant_open_data,2023 official open-data page classifies 阿嬤私房菜 as 台灣小吃/台菜（Taiwanese Cuisine） with markers 小吃; 台菜; 台灣小吃/台菜; Taiwanese Cuisine,high,"Official Tourism Administration open-data page gives update date, local government source, restaurant category and direct marker evidence. Duplicate source-url and restaurant artifact ID checked against Round010 overlay before append; one row represents one source artifact. TLS certificate validation was relaxed for metadata fetch because local Python rejected the site certificate, while the exact public URL is browser/web accessible.",SRC_R010B05_TW_376470000A_000300_OFFICIAL,verified,Taiwan-side,資料更新日期時間 2023-04-17T14:07:18+08:00；餐飲店家類型：台灣小吃/台菜（Taiwanese Cuisine）；阿嬤私房菜；田尾的桌菜名店，在田尾鄉間，有專屬停車場停車便利，紅磚古厝內裝加上客家花布，陳設古色古香風格懷舊，傳承阿嬤口味的美味佳餚，濃濃的古早味彷彿走入時光隧道。。,小吃;台菜;台灣小吃/台菜;Taiwanese Cuisine,台灣小吃/台菜;Taiwanese Cuisine;古早味;台菜,,,https://media.taiwan.net.tw/en-us/portal/travel/details/restaurant_376470000a_000300,b03da8134525c06f,SRC_R010B05_TW_376470000A_000300_OFFICIAL,1,0.9000,0.1000,1,阿嬤私房菜,secondary,0.7000,official Taiwan Tourism Administration open-data source with direct date evidence
SRC_R010B05_TW_376470000A_000305_OFFICIAL,2023,2023-02-20,2015-2025_platformization,赤牛麵,二林鎮,Taiwan,Taiwan-side,official_open_data,Taiwan Tourism Administration Open Multimedia Data,https://media.taiwan.net.tw/en-us/portal/travel/details/restaurant_376470000a_000305,official_restaurant_open_data,2023 official open-data page classifies 赤牛麵 as 台灣小吃/台菜（Taiwanese Cuisine） with markers 牛肉麵; 小吃; 台菜; 台灣小吃/台菜,high,"Official Tourism Administration open-data page gives update date, local government source, restaurant category and direct marker evidence. Duplicate source-url and restaurant artifact ID checked against Round010 overlay before append; one row represents one source artifact. TLS certificate validation was relaxed for metadata fetch because local Python rejected the site certificate, while the exact public URL is browser/web accessible.",SRC_R010B05_TW_376470000A_000305_OFFICIAL,verified,Taiwan-side,資料更新日期時間 2023-02-20T09:33:37+08:00；餐飲店家類型：台灣小吃/台菜（Taiwanese Cuisine）；赤牛麵；一聽到店名就聯想是間賣牛肉麵的店，但位在二林鎮第一菜市場內的赤牛麵，賣的是道地的切仔湯麵。,牛肉麵;小吃;台菜;台灣小吃/台菜;Taiwanese Cuisine,台灣小吃/台菜;Taiwanese Cuisine;台菜,,,https://media.taiwan.net.tw/en-us/portal/travel/details/restaurant_376470000a_000305,029f91baa5507e8d,SRC_R010B05_TW_376470000A_000305_OFFICIAL,1,0.9000,0.1000,1,赤牛麵,secondary,0.7000,official Taiwan Tourism Administration open-data source with direct date evidence
SRC_R010B05_TW_376470000A_000306_OFFICIAL,2024,2024-03-25,2015-2025_platformization,陽光老店 爌肉飯,二林鎮,Taiwan,Taiwan-side,official_open_data,Taiwan Tourism Administration Open Multimedia Data,https://media.taiwan.net.tw/en-us/portal/travel/details/restaurant_376470000a_000306,official_restaurant_open_data,2024 official open-data page classifies 陽光老店 爌肉飯 as 台灣小吃/台菜（Taiwanese Cuisine） with markers 爌肉飯; 小吃; 台菜; 台灣小吃/台菜,high,"Official Tourism Administration open-data page gives update date, local government source, restaurant category and direct marker evidence. Duplicate source-url and restaurant artifact ID checked against Round010 overlay before append; one row represents one source artifact. TLS certificate validation was relaxed for metadata fetch because local Python rejected the site certificate, while the exact public URL is browser/web accessible.",SRC_R010B05_TW_376470000A_000306_OFFICIAL,verified,Taiwan-side,資料更新日期時間 2024-03-25T14:33:57+08:00；餐飲店家類型：台灣小吃/台菜（Taiwanese Cuisine）；陽光老店 爌肉飯；市場口爌肉飯位於二林鎮，超過60年的精湛好手藝，其爌肉入口即化，不油不膩不乾不柴，在第一菜巿場口，一定要來品嚐看看。,爌肉飯;小吃;台菜;台灣小吃/台菜;Taiwanese Cuisine,台灣小吃/台菜;Taiwanese Cuisine;台菜,,,https://media.taiwan.net.tw/en-us/portal/travel/details/restaurant_376470000a_000306,d656f3da91449046,SRC_R010B05_TW_376470000A_000306_OFFICIAL,1,0.9000,0.1000,1,陽光老店 爌肉飯,secondary,0.7000,official Taiwan Tourism Administration open-data source with direct date evidence
SRC_R010B05_TW_376470000A_000309_OFFICIAL,2022,2022-08-22,2015-2025_platformization,洪瑞珍餅店,北斗鎮,Taiwan,Taiwan-side,official_open_data,Taiwan Tourism Administration Open Multimedia Data,https://media.taiwan.net.tw/en-us/portal/travel/details/restaurant_376470000a_000309,official_restaurant_open_data,2022 official open-data page classifies 洪瑞珍餅店 as 台灣小吃/台菜（Taiwanese Cuisine） with markers 小吃; 台菜; 台灣小吃/台菜; Taiwanese Cuisine,high,"Official Tourism Administration open-data page gives update date, local government source, restaurant category and direct marker evidence. Duplicate source-url and restaurant artifact ID checked against Round010 overlay before append; one row represents one source artifact. TLS certificate validation was relaxed for metadata fetch because local Python rejected the site certificate, while the exact public URL is browser/web accessible.",SRC_R010B05_TW_376470000A_000309_OFFICIAL,verified,Taiwan-side,資料更新日期時間 2022-08-22T13:09:44+08:00；餐飲店家類型：台灣小吃/台菜（Taiwanese Cuisine）；洪瑞珍餅店；「洪瑞珍」於1947年創立，最早由洪宜杉先生在北斗鎮斗苑路與光復路口開了一家菓子店，取名為洪瑞珍。,小吃;台菜;台灣小吃/台菜;Taiwanese Cuisine,台灣小吃/台菜;Taiwanese Cuisine;台菜,,,https://media.taiwan.net.tw/en-us/portal/travel/details/restaurant_376470000a_000309,9edb14f840a42563,SRC_R010B05_TW_376470000A_000309_OFFICIAL,1,0.9000,0.1000,1,洪瑞珍餅店,secondary,0.7000,official Taiwan Tourism Administration open-data source with direct date evidence
SRC_R010B05_TW_376470000A_000313_OFFICIAL,2022,2022-08-22,2015-2025_platformization,李老城肉脯店,北斗鎮,Taiwan,Taiwan-side,official_open_data,Taiwan Tourism Administration Open Multimedia Data,https://media.taiwan.net.tw/zh-tw/portal/travel/details/restaurant_376470000a_000313,official_restaurant_open_data,2022 official open-data page classifies 李老城肉脯店 as 台灣小吃/台菜（Taiwanese Cuisine） with markers 小吃; 台菜; 台灣小吃/台菜; Taiwanese Cuisine,high,"Official Tourism Administration open-data page gives update date, local government source, restaurant category and direct marker evidence. Duplicate source-url and restaurant artifact ID checked against Round010 overlay before append; one row represents one source artifact. TLS certificate validation was relaxed for metadata fetch because local Python rejected the site certificate, while the exact public URL is browser/web accessible.",SRC_R010B05_TW_376470000A_000313_OFFICIAL,verified,Taiwan-side,資料更新日期時間 2022-08-22T13:10:28+08:00；餐飲店家類型：台灣小吃/台菜（Taiwanese Cuisine）；李老城肉脯店；李老城肉脯店是北斗三大名產之一，在北斗已經飄著肉乾香八十餘年。,小吃;台菜;台灣小吃/台菜;Taiwanese Cuisine,台灣小吃/台菜;Taiwanese Cuisine;台菜,,,https://media.taiwan.net.tw/zh-tw/portal/travel/details/restaurant_376470000a_000313,9d311f5e0adb8e8e,SRC_R010B05_TW_376470000A_000313_OFFICIAL,1,0.9000,0.1000,1,李老城肉脯店,secondary,0.7000,official Taiwan Tourism Administration open-data source with direct date evidence
SRC_R010B05_TW_376470000A_000314_OFFICIAL,2023,2023-02-16,2015-2025_platformization,坤聰羊肉店,溪州鄉,Taiwan,Taiwan-side,official_open_data,Taiwan Tourism Administration Open Multimedia Data,https://media.taiwan.net.tw/en-us/portal/travel/details/restaurant_376470000a_000314,official_restaurant_open_data,2023 official open-data page classifies 坤聰羊肉店 as 台灣小吃/台菜（Taiwanese Cuisine） with markers 小吃; 台菜; 台灣小吃/台菜; Taiwanese Cuisine,high,"Official Tourism Administration open-data page gives update date, local government source, restaurant category and direct marker evidence. Duplicate source-url and restaurant artifact ID checked against Round010 overlay before append; one row represents one source artifact. TLS certificate validation was relaxed for metadata fetch because local Python rejected the site certificate, while the exact public URL is browser/web accessible.",SRC_R010B05_TW_376470000A_000314_OFFICIAL,verified,Taiwan-side,資料更新日期時間 2023-02-16T16:28:56+08:00；餐飲店家類型：台灣小吃/台菜（Taiwanese Cuisine）；坤聰羊肉店；位於溪州鄉的溪州羊肉店，隱藏在田野間，貨真價實的羊肉相當好吃，各式羊料理相關開胃。,小吃;台菜;台灣小吃/台菜;Taiwanese Cuisine,台灣小吃/台菜;Taiwanese Cuisine;台菜,,,https://media.taiwan.net.tw/en-us/portal/travel/details/restaurant_376470000a_000314,dccb2b032b7464f3,SRC_R010B05_TW_376470000A_000314_OFFICIAL,1,0.9000,0.1000,1,坤聰羊肉店,secondary,0.7000,official Taiwan Tourism Administration open-data source with direct date evidence
SRC_R010B05_TW_376470000A_000315_OFFICIAL,2023,2023-02-16,2015-2025_platformization,阿每溪州土羊肉,溪州鄉,Taiwan,Taiwan-side,official_open_data,Taiwan Tourism Administration Open Multimedia Data,https://media.taiwan.net.tw/zh-tw/portal/travel/details/restaurant_376470000a_000315,official_restaurant_open_data,2023 official open-data page classifies 阿每溪州土羊肉 as 台灣小吃/台菜（Taiwanese Cuisine） with markers 小吃; 台菜; 台灣小吃/台菜; Taiwanese Cuisine,high,"Official Tourism Administration open-data page gives update date, local government source, restaurant category and direct marker evidence. Duplicate source-url and restaurant artifact ID checked against Round010 overlay before append; one row represents one source artifact. TLS certificate validation was relaxed for metadata fetch because local Python rejected the site certificate, while the exact public URL is browser/web accessible.",SRC_R010B05_TW_376470000A_000315_OFFICIAL,verified,Taiwan-side,資料更新日期時間 2023-02-16T16:25:09+08:00；餐飲店家類型：台灣小吃/台菜（Taiwanese Cuisine）；阿每溪州土羊肉；位於溪州鄉的阿每溪州土羊肉，營業項目包括火鍋、羊肉批發零售、提供宅配。,小吃;台菜;台灣小吃/台菜;Taiwanese Cuisine,台灣小吃/台菜;Taiwanese Cuisine;台菜,,,https://media.taiwan.net.tw/zh-tw/portal/travel/details/restaurant_376470000a_000315,321086a55c838f44,SRC_R010B05_TW_376470000A_000315_OFFICIAL,1,0.9000,0.1000,1,阿每溪州土羊肉,secondary,0.7000,official Taiwan Tourism Administration open-data source with direct date evidence
SRC_R010B05_TW_376470000A_000320_OFFICIAL,2017,2017-10-05,2015-2025_platformization,灣仔街古早味牛肉麵,永靖鄉,Taiwan,Taiwan-side,official_open_data,Taiwan Tourism Administration Open Multimedia Data,https://media.taiwan.net.tw/zh-tw/portal/travel/details/restaurant_376470000a_000320,official_restaurant_open_data,2017 official open-data page classifies 灣仔街古早味牛肉麵 as 台灣小吃/台菜（Taiwanese Cuisine） with markers 牛肉麵; 小吃; 台菜; 台灣小吃/台菜,high,"Official Tourism Administration open-data page gives update date, local government source, restaurant category and direct marker evidence. Duplicate source-url and restaurant artifact ID checked against Round010 overlay before append; one row represents one source artifact. TLS certificate validation was relaxed for metadata fetch because local Python rejected the site certificate, while the exact public URL is browser/web accessible.",SRC_R010B05_TW_376470000A_000320_OFFICIAL,verified,Taiwan-side,資料更新日期時間 2017-10-05T14:46:42+08:00；餐飲店家類型：台灣小吃/台菜（Taiwanese Cuisine）；灣仔街古早味牛肉麵；店名雖然為牛肉麵店，但其實店內著名的是各類炸物，有特別新鮮的炸韭菜、炸地瓜、炸蚵仔等，親切的阿嬤熱情招呼客人，讓人在咬下酥脆炸物口中飄香同時，心裡也流過一股暖流。,牛肉麵;小吃;台菜;台灣小吃/台菜;Taiwanese Cuisine,台灣小吃/台菜;Taiwanese Cuisine;古早味;台菜,,,https://media.taiwan.net.tw/zh-tw/portal/travel/details/restaurant_376470000a_000320,c3fd0f523080165a,SRC_R010B05_TW_376470000A_000320_OFFICIAL,1,0.9000,0.1000,1,灣仔街古早味牛肉麵,secondary,0.7000,official Taiwan Tourism Administration open-data source with direct date evidence
SRC_R010B05_TW_376470000A_000328_OFFICIAL,2023,2023-04-28,2015-2025_platformization,店小二食品行,鹿港鎮,Taiwan,Taiwan-side,official_open_data,Taiwan Tourism Administration Open Multimedia Data,https://media.taiwan.net.tw/en-us/portal/travel/details/restaurant_376470000a_000328,official_restaurant_open_data,2023 official open-data page classifies 店小二食品行 as 地方特產（Local specialty） with markers 台灣小吃/台菜,high,"Official Tourism Administration open-data page gives update date, local government source, restaurant category and direct marker evidence. Duplicate source-url and restaurant artifact ID checked against Round010 overlay before append; one row represents one source artifact. TLS certificate validation was relaxed for metadata fetch because local Python rejected the site certificate, while the exact public URL is browser/web accessible.",SRC_R010B05_TW_376470000A_000328_OFFICIAL,verified,Taiwan-side,資料更新日期時間 2023-04-28T15:02:41+08:00；餐飲店家類型：地方特產（Local specialty）；店小二食品行；在這裡，每一個饅頭都是師父們純手工製成，因為只有純手工揉的麵糰才會有獨特的嚼勁，那種充滿生命的口感，每一口的感覺都不會一樣，這就是手工麵糰的魅力，也就是店小二想要再現古早味傳統風華的概念。,台灣小吃/台菜,古早味,,,https://media.taiwan.net.tw/en-us/portal/travel/details/restaurant_376470000a_000328,f930eab91fab74fd,SRC_R010B05_TW_376470000A_000328_OFFICIAL,1,0.9000,0.1000,1,店小二食品行,secondary,0.7000,official Taiwan Tourism Administration open-data source with direct date evidence
SRC_R010B05_TW_376470000A_000330_OFFICIAL,2022,2022-08-22,2015-2025_platformization,珍味饌,鹿港鎮,Taiwan,Taiwan-side,official_open_data,Taiwan Tourism Administration Open Multimedia Data,https://media.taiwan.net.tw/zh-tw/portal/travel/details/restaurant_376470000a_000330,official_restaurant_open_data,2022 official open-data page classifies 珍味饌 as 台灣小吃/台菜（Taiwanese Cuisine） with markers 肉焿; 米粉; 小吃; 台菜,high,"Official Tourism Administration open-data page gives update date, local government source, restaurant category and direct marker evidence. Duplicate source-url and restaurant artifact ID checked against Round010 overlay before append; one row represents one source artifact. TLS certificate validation was relaxed for metadata fetch because local Python rejected the site certificate, while the exact public URL is browser/web accessible.",SRC_R010B05_TW_376470000A_000330_OFFICIAL,verified,Taiwan-side,資料更新日期時間 2022-08-22T14:48:38+08:00；餐飲店家類型：台灣小吃/台菜（Taiwanese Cuisine）；珍味饌；位於鹿港鎮的珍味饌中式美食餐廳，提供羊肉焿、羊肉盤、炒米粉、魷魚焿、魷魚盤等料理，10份以上可外送。,肉焿;米粉;小吃;台菜;台灣小吃/台菜;Taiwanese Cuisine,台灣小吃/台菜;Taiwanese Cuisine;台菜,,,https://media.taiwan.net.tw/zh-tw/portal/travel/details/restaurant_376470000a_000330,958ba3bc5b1dfbe5,SRC_R010B05_TW_376470000A_000330_OFFICIAL,1,0.9000,0.1000,1,珍味饌,secondary,0.7000,official Taiwan Tourism Administration open-data source with direct date evidence
