attestation_id,year,date,period,brand_or_category,city,province,corridor,source_type,source_name,source_url,attestation_type,text_for_scoring,confidence,notes,source_id,verification_level,region,original_text,dish_marker,taiwan_marker,ownership_category,capital_origin,source_url_or_archive_ref,dedupe_key,merged_from_attestation_ids,merged_row_count,novelty_score,avg_text_similarity,novelty_group_size,novelty_group_key,authority_level,authority_weight,authority_reason,analysis_weight,historical_binding_raw,weighted_historical_binding,target_binding_raw,target_control_type,negative_type,_balanced_bin,_binding_raw_for_balance
MERGED_243c2aafe1e660,1947,1947-01-01,1946-1987_taiwan_side_formation,祖師廟原汁排骨大王,Taipei,Taiwan,Taiwan-side,food_media_retrospective,Kao Foodie / Taipei market PDF,https://www.foodie-kao.com/%E7%A5%96%E5%B8%AB%E5%BB%9F%E5%8E%9F%E6%B1%81%E6%8E%92%E9%AA%A8%E5%A4%A7%E7%8E%8B-%E8%89%8B%E8%88%BA%E8%80%81%E5%AD%97%E8%99%9F-%E4%B8%BB%E6%89%93%E9%AA%A8%E8%82%89%E5%88%86%E9%9B%A2%E8%82%89/,old_shop_origin,1947 Wanhua old shop guazi rouzao rice pork rib soup Taiwan traditional small food,medium,Search-visible source and Taipei PDF both associate the shop with 1947 and guazi rouzao rice; needs direct archive corroboration.,TW_ZUSHIMIAO_1947,probable,Taiwan-side,Source describes a Wanhua old shop founded in 1947 with guazi rouzao rice and pork-rib soup.,瓜仔肉燥飯,台北萬華小吃,,,https://www.foodie-kao.com/%E7%A5%96%E5%B8%AB%E5%BB%9F%E5%8E%9F%E6%B1%81%E6%8E%92%E9%AA%A8%E5%A4%A7%E7%8E%8B-%E8%89%8B%E8%88%BA%E8%80%81%E5%AD%97%E8%99%9F-%E4%B8%BB%E6%89%93%E9%AA%A8%E8%82%89%E5%88%86%E9%9B%A2%E8%82%89/,781573838f2d39a5,TW_1947_001,1,1.0000,0.0000,1,祖師廟原汁排骨大王,tertiary,0.4000,blog/review/social retrospective source,0.7600,1.0000,0.7600,1.0000,target_positive,,1945,1.0000
MERGED_918e93c2334528,1946,1946-01-01,1946-1987_taiwan_side_formation,阿憨鹹粥,Tainan,Taiwan,Taiwan-side,food_media_retrospective,南人幫,https://lifeintainan.com/ahang/,old_shop_origin|half_porridge_technique,1946 Tainan Ahan salty porridge Guang'an Temple stall milkfish porridge breakfast old shop || 1946 Tainan Ahan salty porridge southern half porridge method milkfish breakfast Fujian Zhangzhou Quanzhou technique,medium,Source gives exact ROC year 35 founding at Shizhuangjiu Guang'an Temple and is specific enough for probable use. || Same source explicitly links the founding stall to a Zhangzhou-Quanzhou half-porridge method and early milkfish specialization.,TW_AHAN_1946_ORIGIN,probable,Taiwan-side,Source says first-generation founder Zheng Ji set up a porridge stall at Guang'an Temple in ROC year 35 and built the shop around milkfish porridge. || Source says the founder used the southern half-porridge method with local milkfish from the beginning of the stall.,鹹粥;虱目魚粥,台南早餐小吃;台南早餐技法,,,https://lifeintainan.com/ahang/,b5c155a612be9675,TW_TN_1946_001;TW_TN_1946_002,2,1.0000,0.0000,1,阿憨鹹粥,tertiary,0.4000,blog/review/social retrospective source,0.7600,0.0000,0.0000,0.0000,target_dish_absent_taiwan_context,target_dish_absent_taiwan_context,1945,0.0000
MERGED_542a192369fffd,1950,1950-01-01,1946-1987_taiwan_side_formation,小公園擔仔麵,Tainan,Taiwan,Taiwan-side,official_tourism_profile,台南旅遊網,https://www.twtainan.net/zh-tw/shop/consume/1483/,dated_source_event|menu_or_dish_marker|service_or_store_format|urban_memory_or_geography,1950 小公園擔仔麵 dated public source event anchors the food sign 擔仔麵;肉燥 府城擔仔麵 || 1950 小公園擔仔麵 dish wording binds local food item to Taiwaneseness corpus 擔仔麵;肉燥 府城擔仔麵 || 1950 小公園擔仔麵 store service format records circulation context 擔仔麵;肉燥 府城擔仔麵 || 1950 小公園擔仔麵 urban memory and place geography support historical binding 擔仔麵;肉燥 府城擔仔麵,low,Large source-diverse top-up from manually reviewed public source event; duplicate source-key checked before append.,SRC_BULK_O_006_A,candidate,Taiwan-side,Tainan Xiaogongyuan danzai noodles profile links danzai noodle service to rouzao and shrimp-head broth,擔仔麵;肉燥,府城擔仔麵,,,https://www.twtainan.net/zh-tw/shop/consume/1483/,cc267f64d32cc293,BULK_O_006_A;BULK_O_006_B;BULK_O_006_C;BULK_O_006_D,4,1.0000,0.0000,1,小公園擔仔麵,secondary,0.7000,official/media curated narrative source,0.9100,1.0000,0.9100,1.0000,target_positive,,1950,1.0000
MERGED_2164a8fb1de461,1951,1951-01-01,1946-1987_taiwan_side_formation,哈瑪星碗粿枝,Kaohsiung,Taiwan,Taiwan-side,municipal_tourism,Kaohsiung Travel old taste zone,https://khh.travel/zh-tw/event/news/4784/,old_shop_origin,ROC year 40 Kaohsiung Hamasen bowl rice cake rice paste meat juice soy sauce inherited fourth generation,medium,Relevant to meat-sauce-over-rice material culture though not named rouzao rice.,TW_KHH_WANGUEI_1951,probable,Taiwan-side,Kaohsiung old-taste page says Bowl Cake Zhi began in ROC year 40 and uses rice paste and meat juice in its sauce.,肉汁醬油,高雄哈瑪星小吃,,,https://khh.travel/zh-tw/event/news/4784/,695dbe63e32a260f,TW_KHH_1951_001,1,1.0000,0.0000,1,哈瑪星碗粿枝,secondary,0.7000,official/media curated narrative source,0.9100,1.0000,0.9100,1.0000,target_positive,,1950,1.0000
MERGED_0836ea2c7db890,1952,1952-01-01,1946-1987_taiwan_side_formation,廣仔肉燥飯虱目魚丸,Tainan,Taiwan,Taiwan-side,food_blog_retrospective,享受生活不無聊,https://enlifesun.com/2021-04-23-1955/,breakfast_semantics,1952 Tainan old breakfast rouzao rice with milkfish ball soup before beef soup became tourist shorthand,medium,Separate source frames rouzao rice plus fish-ball soup as old Tainan breakfast practice; founding year is attributed to online shop information.,TW_TN_GUANGZI_1952_BREAKFAST,probable,Taiwan-side,Source says old Tainan breakfast was rouzao rice with fish-ball soup and notes Guangzi was founded in 1952.,肉燥飯,老台南早餐,,,https://enlifesun.com/2021-04-23-1955/,248ceb71df16b0d0,TW_TN_1952_002,1,0.7586,0.2414,2,廣仔肉燥飯虱目魚丸,tertiary,0.4000,blog/review/social retrospective source,0.5910,1.0000,0.5910,1.0000,target_positive,,1950,1.0000
BATCH_R_007,1952,1952-01-01,1946-1987_taiwan_side_formation,好口味豬血湯,Kaohsiung,Taiwan,Taiwan-side,public_web_profile,iFoodie / Kaohsiung food blogs,https://ifoodie.tw/restaurant/61ee7e32baf6d35bef8a042e-%E5%A5%BD%E5%8F%A3%E5%91%B3%E8%B1%AC%E8%A1%80%E6%B9%AF,source_artifact_profile,好口味豬血湯傳承70古早味，菜色包含豬血湯、炒米粉、炒麵、肉燥飯。,low,Fifty-record top-up batch R; generated from 60-candidate source-artifact pool; existing source/date/brand keys skipped; not marker-split.,SRC_BATCH_R_007,candidate,Taiwan-side,好口味豬血湯傳承70古早味，菜色包含豬血湯、炒米粉、炒麵、肉燥飯。,肉燥飯,Taiwan,,,https://ifoodie.tw/restaurant/61ee7e32baf6d35bef8a042e-%E5%A5%BD%E5%8F%A3%E5%91%B3%E8%B1%AC%E8%A1%80%E6%B9%AF,dc1a52530fe4cb6b,BATCH_R_007,1,1.0000,0.0000,1,好口味豬血湯,tertiary,0.4000,blog/review/social retrospective source,0.7600,1.0000,0.7600,1.0000,target_positive,,1950,1.0000
MERGED_b72bda6a96ad0f,1952,1952-01-01,1946-1987_taiwan_side_formation,廣仔肉燥飯虱目魚丸,Tainan,Taiwan,Taiwan-side,food_blog_retrospective,用快門記錄著生活,https://ikachalife.com/34729,old_shop_origin,1952 Tainan Guangzi rouzao rice milkfish ball shop Kaishan Road breakfast rouzao rice fish skin soup old local customers,medium,Source says Guangzi rouzao rice and milkfish balls were founded in 1952 on Kaishan Road and menu includes rouzao rice.,TW_TN_GUANGZI_1952_ORIGIN,probable,Taiwan-side,Article states Guangzi rouzao rice milkfish balls was founded in 1952 on Kaishan Road and lists inexpensive rouzao rice and fish-skin soup.,肉燥飯,台南早餐小吃,,,https://ikachalife.com/34729,38aa0d56de7b1f78,TW_TN_1952_001,1,0.7586,0.2414,2,廣仔肉燥飯虱目魚丸,tertiary,0.4000,blog/review/social retrospective source,0.5910,1.0000,0.5910,1.0000,target_positive,,1950,1.0000
MERGED_61074f7c6dd056,1952,1952-01-01,1946-1987_taiwan_side_formation,橋仔頭黃家肉燥飯,Kaohsiung,Taiwan,Taiwan-side,municipal_tourism,Kaohsiung Travel,https://khh.travel/en/shop/gourmet/1171/,old_shop_origin|recipe_lineage|ingredient_semantics,1952 Qiaotou First Public Market braised minced pork rice third generation grandfather recipe || 1952 grandfather traditional meat thick soup mother Zhuangyuan braised pork rice second generation || braised minced pork locally sourced warm meat belly scapula hind leg golden proportion,high,Official Kaohsiung tourism page gives explicit establishment year and market location. || Same source supplies intergenerational menu lineage useful for semantic coding. || Useful for coding southern rouzao rice as meat-proportion and warm-pork discourse.,TW_QIAOTOU_HUANG_1952_ORIGIN,probable,Taiwan-side,Kaohsiung Travel says the restaurant was established in 1952 at Qiaotou First Public Market and is now third-generation. || Source links first-generation meat soup and second-generation Zhuangyuan braised pork rice as a family recipe sequence. || Source describes braised minced pork using local warm meat and a golden proportion of pork parts.,肉燥飯,高雄橋頭市場小吃;高雄地方小吃,,,https://khh.travel/en/shop/gourmet/1171/,3249b11c6beed086,TW_1952_001;TW_1952_002;TW_1952_003,3,0.7938,0.2062,3,橋仔頭黃家肉燥飯,secondary,0.7000,official/media curated narrative source,0.7657,1.0000,0.7657,1.0000,target_positive,,1950,1.0000
MERGED_b5134d242ce520,1952,1952-01-01,1946-1987_taiwan_side_formation,橋仔頭黃家肉燥飯,Kaohsiung,Taiwan,Taiwan-side,municipal_tourism,Kaohsiung Travel old taste zone,https://khh.travel/zh-tw/event/news/4784/,old_taste_crosslisting,70 years Qiaotou Huang family Zhuangyuan rouzao rice hand cut meat seven fat three lean official old taste zone,medium,Cross-listing corroborates separate Kaohsiung Travel shop page and adds official old-taste categorization.,TW_KHH_QIAOTOU_CROSS_1952,probable,Taiwan-side,Kaohsiung old-taste page lists Qiaotou Huang family rouzao rice as a 70-year old-taste shop with Zhuangyuan rouzao rice.,肉燥飯,高雄橋頭小吃,,,https://khh.travel/zh-tw/event/news/4784/,e58c2d56cc784daf,TW_KHH_1952_005,1,0.8150,0.1850,3,橋仔頭黃家肉燥飯,secondary,0.7000,official/media curated narrative source,0.7805,1.0000,0.7805,1.0000,target_positive,,1950,1.0000
MERGED_0e09ca8d51fbab,1952,1952-01-01,1946-1987_taiwan_side_formation,黃家肉燥飯仁武店,Kaohsiung,Taiwan,Taiwan-side,municipal_tourism,Kaohsiung Travel old taste zone,https://khh.travel/zh-tw/event/news/4784/,branch_family_ecology,70 years Huang family rouzao rice Renwu Zhuangyuan rouzao rice hand cut pork belly shoulder hind leg seven fat three lean,medium,Official municipal page records a related Huang-family rouzao rice location; use alongside Qiaotou record but not as independent founding proof.,TW_KHH_HUANG_RENWU_1952,probable,Taiwan-side,Kaohsiung old-taste page says Huang family rouzao rice has operated for 70 years and describes hand-cut pork proportions.,肉燥飯,高雄仁武小吃,,,https://khh.travel/zh-tw/event/news/4784/,7181576de13ba8ca,TW_KHH_1952_004,1,1.0000,0.0000,2,黃家肉燥飯仁武店,secondary,0.7000,official/media curated narrative source,0.9100,1.0000,0.9100,1.0000,target_positive,,1950,1.0000
MERGED_fb52788644dadb,1952,1952-01-01,1946-1987_taiwan_side_formation,橋仔頭黃家肉燥飯,Kaohsiung,Taiwan,Taiwan-side,municipal_tourism,Kaohsiung Travel,https://khh.travel/zh-tw/shop/gourmet/788/,old_shop_origin,1952 Kaohsiung Qiaotou first public market Huang family rouzao rice old taste meat soup champion rouzao rice Taiwanese warm pork,high,Official municipal tourism page states ROC year 41 origin in Qiaotou First Public Market and explicitly names Zhuangyuan rouzao rice and recommended rouzao rice.,TW_KHH_HUANGJIA_1952,probable,Taiwan-side,Kaohsiung Travel says Huang family rouzao rice began in ROC year 41 in Qiaotou First Public Market and continued old-taste meat soup and Zhuangyuan rouzao rice into the third generation.,肉燥飯,高雄橋頭市場小吃,,,https://khh.travel/zh-tw/shop/gourmet/788/,3d9c8b2fc1b58534,TW_KHH_1952_001,1,0.7435,0.2565,3,橋仔頭黃家肉燥飯,secondary,0.7000,official/media curated narrative source,0.7304,1.0000,0.7304,1.0000,target_positive,,1950,1.0000
MERGED_537bbb302e2a05,1952,1952-01-01,1946-1987_taiwan_side_formation,小南碗粿,Tainan,Taiwan,Taiwan-side,official_tourism_profile,台南旅遊網,https://www.twtainan.net/zh-tw/shop/consume/1077/,old_shop_origin|rouzao_kueh_style,1952 Tainan Xiaonan bowl rice cake East Gate Roundabout snack city old shop origin || 1952 Tainan city bowl rice cake rouzao style meat sauce dark soy color Xiaonan,medium,Official tourism page gives exact ROC year 41 founding in the East Gate Roundabout snack cluster. || Official page contrasts Tainan city bowl-rice-cake practice as meat-sauce style and ties Xiaonan to that city tradition.,TW_XIAONAN_BOWLCAKE_1952_ORIGIN,probable,Taiwan-side,Official page says first-generation Zheng Zhenfu opened Xiaonan bowl rice cake in the East Gate Roundabout snack city in ROC year 41. || Official page says Tainan city bowl rice cake was the rouzao style with meat-sauce aroma and soy color and then traces Xiaonan's lineage from that milieu.,碗粿;肉燥,台南東門圓環小吃;台南肉燥粿,,,https://www.twtainan.net/zh-tw/shop/consume/1077/,840f476b7e742693,TW_TN_1952_003;TW_TN_1952_004,2,0.8154,0.1846,2,小南碗粿,secondary,0.7000,official/media curated narrative source,0.7808,1.0000,0.7808,1.0000,target_positive,,1950,1.0000
MERGED_406f632466dfa0,1953,1953-01-01,1946-1987_taiwan_side_formation,江川肉燥飯,Tainan,Taiwan,Taiwan-side,food_media_retrospective,iFoodie repost / local food blog,https://ifoodie.tw/en/post/60b7b416a6272846a04cdde3,old_shop_origin,1953 Tainan Jiangchuan rouzao rice Guohua Street Yongle Market old shop founded ROC year 42 rice-table self-service ancestor,medium,Retrospective food-media source; useful for Tainan rouzao rice city coverage but should be corroborated by local archive or municipal source.,TW_TN_JIANGCHUAN_1953,probable,Taiwan-side,Source says Jiangchuan rouzao rice was founded in ROC year 42 and became an old Tainan food shop near Guohua Street/Yongle Market.,肉燥飯,台南地方小吃,,,https://ifoodie.tw/en/post/60b7b416a6272846a04cdde3,c434c28f6e3a288f,TW_TN_1953_001,1,0.7879,0.2121,2,江川肉燥飯,tertiary,0.4000,blog/review/social retrospective source,0.6115,1.0000,0.6115,1.0000,target_positive,,1950,1.0000
MERGED_00c4a35b800299,1953,1953-01-01,1946-1987_taiwan_side_formation,江川肉燥飯,Tainan,Taiwan,Taiwan-side,food_blog_retrospective,文仔不宅 只是居家,https://wenzai.pixnet.net/blog/posts/7103160920,old_shop_origin_corroboration,1953 Tainan Jiangchuan rouzao rice third generation Yongle Market rice-table meat sauce everyday lunch,medium,Corroborates existing Jiangchuan row with a separate local food source; source describes the shop as a roughly 50-year old local rouzao-rice shop and search result gives ROC year 42 origin.,TW_TN_JIANGCHUAN_1953_WENZAI,probable,Taiwan-side,Source describes Jiangchuan as a long-running Tainan rouzao-rice shop near Guohua Street and Yongle Market with third-generation operation.,肉燥飯,台南飯桌仔,,,https://wenzai.pixnet.net/blog/posts/7103160920,b4704b64081c3cc9,TW_TN_1953_002,1,0.7879,0.2121,2,江川肉燥飯,tertiary,0.4000,blog/review/social retrospective source,0.6115,1.0000,0.6115,1.0000,target_positive,,1950,1.0000
BATCH_U_017,1954,1954-01-01,1946-1987_taiwan_side_formation,阿進切仔麵 blog index hit,Kaohsiung,Taiwan,Taiwan-side,food_blog,ANIKO Foodie,https://anikofoodie.com/,food_history_article,Food-blog index hit states A-Jin chopped noodles was founded in ROC year 43 and includes meat-sauce rice among recommended foods.,low,Search-result level blog evidence; weak source so candidate. Fifty-record top-up batch U; 200-row harvesting round checkpoint 3/4; source/date/brand key screened; not marker-split.,SRC_BATCH_U_017,candidate,Taiwan,Food-blog index hit states A-Jin chopped noodles was founded in ROC year 43 and includes meat-sauce rice among recommended foods.,切仔麵;肉燥飯,高雄;臺灣,unknown,,https://anikofoodie.com/,6ffe9b11e77d6512,BATCH_U_017,1,1.0000,0.0000,1,阿進切仔麵 blog index hit,tertiary,0.4000,blog/review/social retrospective source,0.7600,1.0000,0.7600,1.0000,target_positive,,1950,1.0000
BATCH_R_030,1950,1950-01-01,1946-1987_taiwan_side_formation,六合夜市,Kaohsiung,Taiwan,Taiwan-side,municipal_profile,Kaohsiung Travel night-market guide,https://khh.travel/zh-tw/board-and-lodging/night-market,source_artifact_profile,六合夜市自1950年代開始，如今是高雄夜市代表，街道充斥海港味與傳統小吃。,medium,Fifty-record top-up batch R; generated from 60-candidate source-artifact pool; existing source/date/brand keys skipped; not marker-split.,SRC_BATCH_R_030,probable,Taiwan-side,六合夜市自1950年代開始，如今是高雄夜市代表，街道充斥海港味與傳統小吃。,夜市小吃,Taiwan,,,https://khh.travel/zh-tw/board-and-lodging/night-market,287a90a4f83a834e,BATCH_R_030,1,1.0000,0.0000,1,六合夜市,secondary,0.7000,official/media curated narrative source,0.9100,0.0000,0.0000,0.0000,target_dish_absent_taiwan_context,target_dish_absent_taiwan_context,1950,0.0000
BATCH_T_046,1950,1950-01-01,1946-1987_taiwan_side_formation,七賢鴨肉飯 secondary guide,Kaohsiung,Taiwan,Taiwan-side,public_food_profile,Foodie Teller,https://foodieteller.com/qixian-duck-rice-kaohsiung/,food_history_profile,Secondary guide presents Qixian duck rice as an older Kaohsiung local food memory.,low,Secondary guide and relative history; candidate only. Fifty-record top-up batch T; 200-row harvesting round checkpoint 2/4; source/date/brand key screened; not marker-split.,SRC_BATCH_T_046,candidate,Taiwan,Secondary guide presents Qixian duck rice as an older Kaohsiung local food memory.,鴨肉飯;飯,高雄;臺灣,unknown,,https://foodieteller.com/qixian-duck-rice-kaohsiung/,0434f75ce7ba7864,BATCH_T_046,1,1.0000,0.0000,1,七賢鴨肉飯 secondary guide,secondary,0.7000,default secondary classification,0.9100,0.0000,0.0000,0.0000,target_dish_absent_taiwan_context,target_dish_absent_taiwan_context,1950,0.0000
BATCH_R_008,1950,1950-01-01,1946-1987_taiwan_side_formation,七賢鴨肉飯,Kaohsiung,Taiwan,Taiwan-side,public_web_profile,Zanzan Kaohsiung duck-rice guide,https://zanzan.tw/archives/68703,source_artifact_profile,七賢鴨肉飯創立於1950年代，至今超過七十年，是許多老高雄人的記憶座標。,low,Fifty-record top-up batch R; generated from 60-candidate source-artifact pool; existing source/date/brand keys skipped; not marker-split.,SRC_BATCH_R_008,candidate,Taiwan-side,七賢鴨肉飯創立於1950年代，至今超過七十年，是許多老高雄人的記憶座標。,鴨肉飯,Taiwan,,,https://zanzan.tw/archives/68703,6d43b15816b2b495,BATCH_R_008,1,1.0000,0.0000,1,七賢鴨肉飯,primary,1.0000,dated archive/newspaper/registry-like source,1.0600,0.0000,0.0000,0.0000,target_dish_absent_taiwan_context,target_dish_absent_taiwan_context,1950,0.0000
MERGED_b12ea114c63b1e,1950,1950-01-01,1946-1987_taiwan_side_formation,友誠蝦仁肉圓,Tainan,Taiwan,Taiwan-side,official_tourism_profile,台南旅遊網,https://www.twtainan.net/zh-tw/shop/consume/1076/,market_stall_origin|dated_source_event|menu_or_dish_marker|service_or_store_format|urban_memory_or_geography,1950 Tainan Youcheng shrimp meatball postwar Kangle Market Sakariba stall origin || 1950 友誠蝦仁肉圓 dated public source event anchors the food sign 蝦仁肉圓;肉燥 台南市場小吃 || 1950 友誠蝦仁肉圓 dish wording binds local food item to Taiwaneseness corpus 蝦仁肉圓;肉燥 台南市場小吃 || 1950 友誠蝦仁肉圓 store service format records circulation context 蝦仁肉圓;肉燥 台南市場小吃 || 1950 友誠蝦仁肉圓 urban memory and place geography support historical binding 蝦仁肉圓;肉燥 台南市場小吃,medium,Official tourism page gives exact ROC year 39 origin and specific early market geography for the family line later represented by Youcheng. || Large source-diverse top-up from manually reviewed public source event; duplicate source-key checked before append.,TW_YOUCHENG_1950_ORIGIN,probable,Taiwan-side,Official page says first-generation Su Song first sold shrimp meatballs at Kangle Market Sakariba in postwar ROC year 39. || Youcheng shrimp meatball line began in ROC 39 Kangle Market Sakariba with meat-sauce shrimp meatball craft,蝦仁肉圓;肉燥,台南市場小吃,,,https://www.twtainan.net/zh-tw/shop/consume/1076/,257fd59edb4199f0,TW_TN_1950_001;BULK_O_009_A;BULK_O_009_B;BULK_O_009_C;BULK_O_009_D,5,1.0000,0.0000,1,友誠蝦仁肉圓,secondary,0.7000,official/media curated narrative source,0.9100,0.0000,0.0000,0.0000,target_dish_absent_taiwan_context,target_dish_absent_taiwan_context,1950,0.0000
MERGED_d6e586792540d5,1955,1955-01-01,1946-1987_taiwan_side_formation,55年老店豬血大腸湯,Kaohsiung,Taiwan,Taiwan-side,municipal_tourism,Kaohsiung Travel old taste zone,https://khh.travel/zh-tw/event/news/4784/,side_menu_marker,Kaohsiung 55-year old shop pig blood intestine soup paired with signature rouzao rice large meat chunks balanced fat lean,medium,Approximate year inferred from 55-year label on a 2025-updated municipal page; use as approximate not exact.,TW_KHH_PIGBLOOD_1955,probable,Taiwan-side,Kaohsiung old-taste page recommends large-intestine pig-blood soup paired with signature rouzao rice at a 55-year old shop.,肉燥飯,高雄新興小吃,,,https://khh.travel/zh-tw/event/news/4784/,7d152a9f7e224884,TW_KHH_1955_001,1,1.0000,0.0000,2,55年老店豬血大腸湯,secondary,0.7000,official/media curated narrative source,0.9100,1.0000,0.9100,1.0000,target_positive,,1955,1.0000
BATCH_R_024,1955,1955-01-01,1946-1987_taiwan_side_formation,黃家肉燥飯仁武店,Kaohsiung,Taiwan,Taiwan-side,municipal_profile,Kaohsiung Travel old taste zone,https://khh.travel/zh-tw/event/news/4784/,source_artifact_profile,黃家肉燥飯開業已經有70年，狀元肉燥飯每一塊肉都是純手工切製。,low,Fifty-record top-up batch R; generated from 60-candidate source-artifact pool; existing source/date/brand keys skipped; not marker-split.,SRC_BATCH_R_024,candidate,Taiwan-side,黃家肉燥飯開業已經有70年，狀元肉燥飯每一塊肉都是純手工切製。,肉燥飯,Taiwan,,,https://khh.travel/zh-tw/event/news/4784/,dc9d232b75ae1193,BATCH_R_024,1,1.0000,0.0000,2,黃家肉燥飯仁武店,secondary,0.7000,official/media curated narrative source,0.9100,1.0000,0.9100,1.0000,target_positive,,1955,1.0000
BATCH_V_006,1955,1955-01-01,1946-1987_taiwan_side_formation,黃家肉燥飯仁武店 Kaohsiung old-flavor page,Kaohsiung,Taiwan,Taiwan-side,official_event_page,Kaohsiung Travel,https://khh.travel/zh-tw/event/news/4784/,official_old_flavor_profile,Kaohsiung Travel records 黃家肉燥飯仁武店 Kaohsiung old-flavor page with 肉燥飯;飯 in Kaohsiung food context.,medium,Official page but relative age Fifty-record top-up batch V; 200-row harvesting round checkpoint 4/4; source/date/brand key screened; not marker-split.,SRC_BATCH_V_006,candidate,Taiwan,Kaohsiung Travel records 黃家肉燥飯仁武店 Kaohsiung old-flavor page with 肉燥飯;飯 in Kaohsiung food context.,肉燥飯;飯,高雄;臺灣,unknown,,https://khh.travel/zh-tw/event/news/4784/,ebef40fcea37dc83,BATCH_V_006,1,1.0000,0.0000,1,黃家肉燥飯仁武店 Kaohsiung old-flavor page,secondary,0.7000,official/media curated narrative source,0.9100,1.0000,0.9100,1.0000,target_positive,,1955,1.0000
MERGED_490e6dce203064,1955,,1946-1987_taiwan_side_formation,第三代虱目魚丸,Tainan,Taiwan,Taiwan-side,food_blog_retrospective,淋雨一直走,https://linyu.tw/thirdgeneration/,decade_origin_candidate,1950s approximate Tainan Third Generation milkfish balls first generation sold fish-ball soup in ROC 40s with rouzao rice breakfast pairing,medium,Year is midpoint of ROC 40s decade and retained as candidate because the source gives decade not exact founding year.,TW_TN_THIRDGEN_1955,candidate,Taiwan-side,Source says the first generation sold fish-ball soup in the ROC 40s and documents meat-sauce rice as part of the contemporary Tainan breakfast set.,肉燥飯,台南早餐小吃,,,https://linyu.tw/thirdgeneration/,c44fac8dd11fb7b1,TW_TN_1955_001,1,1.0000,0.0000,1,第三代虱目魚丸,tertiary,0.4000,blog/review/social retrospective source,0.7600,1.0000,0.7600,1.0000,target_positive,,1955,1.0000
MERGED_399be1ba747947,1955,1955-01-01,1946-1987_taiwan_side_formation,柳家肉燥飯,Hsinchu,Taiwan,Taiwan-side,platform_food_listing,FonFood,https://www.fonfood.com/store/560552,decade_origin,1950s Hsinchu Chenghuang Temple business district Liujia rouzao rice traditional snack shop,medium,Decade-coded because the source states 1950s rather than a precise year.,TW_LIUJIA_1950S,probable,Taiwan-side,FonFood listing says Liujia rouzao rice was founded in the 1950s in the Hsinchu Chenghuang Temple business district.,肉燥飯,新竹城隍廟小吃,,,https://www.fonfood.com/store/560552,9e3d134feb3fd7c8,TW_1955_001,1,1.0000,0.0000,1,柳家肉燥飯,secondary,0.7000,default secondary classification,0.9100,1.0000,0.9100,1.0000,target_positive,,1955,1.0000
MERGED_e98c6c92494e43,1956,1956-01-01,1946-1987_taiwan_side_formation,吳家豬血湯,Kaohsiung,Taiwan,Taiwan-side,food_media_listing,TVBS 食尚玩家,https://supertaste.tvbs.com.tw/infocard/9853,old_shop_menu_ecology,1956 Kaohsiung Gushan Wu family pig-blood soup founded ROC year 45 menu rice cake rouzao rice fried noodles fish soup,medium,Food-media listing states the shop was founded in ROC year 45 and its menu includes rouzao rice; useful for Kaohsiung breakfast/market ecology rather than a specialist rouzao-rice origin.,TW_KHH_WUJIA_1956,probable,Taiwan-side,TVBS listing says Wu family pig-blood soup in Gushan was founded in ROC year 45 and lists rice cake rouzao rice fried noodles and soup dishes.,肉燥飯,高雄鼓山市場小吃,,,https://supertaste.tvbs.com.tw/infocard/9853,8784005ad743ece6,TW_KHH_1956_001,1,0.3077,0.6923,2,吳家豬血湯,secondary,0.7000,official/media curated narrative source,0.4254,1.0000,0.4254,1.0000,target_positive,,1955,1.0000
MERGED_5d80cbc18bbf93,1956,1956-01-01,1946-1987_taiwan_side_formation,水仙宮粽葉米糕,Tainan,Taiwan,Taiwan-side,food_media_listing,TaiwanFoodie,https://taiwanfoodie.org/restaurants/shuixian_zongye_rice_cake/,old_shop_menu_ecology,1956 Tainan Shuixian temple rice cake founded ROC year 45 third generation braised rouzao bamboo-tube rice cake menu rouzao rice,medium,Food-media/restaurant listing gives ROC year 45 founding and describes hand-braised rouzao plus menu references to rouzao rice; retain as probable until corroborated by local cultural archive.,TW_TN_SHUIXIAN_1956,probable,Taiwan-side,TaiwanFoodie says Shuixian Temple zongye rice cake was founded in ROC year 45 and still hand-fries and braises rouzao; the listing also includes rouzao rice in menu/commentary text.,肉燥飯,台南水仙宮小吃,,,https://taiwanfoodie.org/restaurants/shuixian_zongye_rice_cake/,6e86c874ec3801d1,TW_TN_1956_001,1,1.0000,0.0000,1,水仙宮粽葉米糕,secondary,0.7000,official/media curated narrative source,0.9100,1.0000,0.9100,1.0000,target_positive,,1955,1.0000
MERGED_a16fe4a8e5b4d6,1956,1956-01-01,1946-1987_taiwan_side_formation,吳家豬血湯,Kaohsiung,Taiwan,Taiwan-side,food_media_retrospective,WalkerLand / 樂天小高,https://www.walkerland.com.tw/article/view/170762,old_shop_menu_corroboration,1956 Kaohsiung Gushan Wu family pig-blood soup ROC year 45 menu includes rouzao rice rice cake meat sauce noodles market breakfast,medium,Separate source corroborates the existing Wu-family row and adds meat-sauce-on-rice-cake and noodle ecology.,TW_KHH_WUJIA_1956_WALKER,probable,Taiwan-side,Source says Wu family pig-blood soup was founded in ROC year 45 and lists rice cake rouzao rice fried noodles and other market foods.,肉燥飯,高雄鼓山市場小吃,,,https://www.walkerland.com.tw/article/view/170762,f766f70b80b9e74d,TW_KHH_1956_002,1,0.3077,0.6923,2,吳家豬血湯,tertiary,0.4000,blog/review/social retrospective source,0.2754,1.0000,0.2754,1.0000,target_positive,,1955,1.0000
MERGED_6e5941b2624aaa,1958,1958-01-01,1946-1987_taiwan_side_formation,滿庭香魯肉飯,Taipei,Taiwan,Taiwan-side,oral_history_project,NCAFROC archive / postwar Shuanglian oral history,https://archive.ncafroc.org.tw/upload/result/21083-A1001/%E7%8E%8B%E5%BA%AD%E7%8F%8A%E3%80%8C%E5%86%8D%E7%8F%BE%E6%88%B0%E5%BE%8C%E9%9B%99%E9%80%A3%E5%9C%A8%E5%9C%B0%E8%A8%98%E6%86%B6%E5%8F%A3%E8%BF%B0%E6%AD%B7%E5%8F%B2%E8%AA%BF%E6%9F%A5%E8%A8%88%E7%95%AB%E3%80%8D%E8%87%AA%E9%81%B8%E9%83%A8%E5%88%86%E7%AB%A0%E7%AF%80_1655188846159.pdf,stall_origin_oral_history|semantic_origin_oral_history,1958 Shuanglian Minsheng open-air stalls Mantingxiang began selling lu rou fan fishball soup fish crisp soup pork oil rice ordinary people's snack || lu rou fan evolved from pork oil mixed rice pork crackling soy sauce spices Chinese medicine ordinary people's rice dish,high,Oral-history chapter gives named informants and a detailed account of postwar Shuanglian stall food. || This is semantic history rather than a separate shop event; keep because it directly defines early lu rou fan as a classed everyday dish.,TW_MANTINGXIANG_1958,probable,Taiwan-side,Oral-history text says the founder began selling lu rou fan in 1958 with fishball and fish-crisp soups. || Oral-history account describes lu rou fan as developing from pork-oil rice and pork crackling.,滷肉飯,台灣庶民小吃,,,https://archive.ncafroc.org.tw/upload/result/21083-A1001/%E7%8E%8B%E5%BA%AD%E7%8F%8A%E3%80%8C%E5%86%8D%E7%8F%BE%E6%88%B0%E5%BE%8C%E9%9B%99%E9%80%A3%E5%9C%A8%E5%9C%B0%E8%A8%98%E6%86%B6%E5%8F%A3%E8%BF%B0%E6%AD%B7%E5%8F%B2%E8%AA%BF%E6%9F%A5%E8%A8%88%E7%95%AB%E3%80%8D%E8%87%AA%E9%81%B8%E9%83%A8%E5%88%86%E7%AB%A0%E7%AF%80_1655188846159.pdf,ee5e655777c0dd16,TW_1958_001;TW_1958_002,2,0.8750,0.1250,2,滿庭香魯肉飯,primary,1.0000,dated archive/newspaper/registry-like source,0.9725,1.0000,0.9725,1.0000,target_positive,,1955,1.0000
MERGED_3cfbef67b6402e,1958,1958-01-01,1946-1987_taiwan_side_formation,香滿園魯肉飯,Taipei,Taiwan,Taiwan-side,food_media_retrospective,貓大爺,https://lordcat.net/archives/365,restaurant_origin_retro,1958 Shuanglian Xiangmanyuan lu rou fan old shop Wanquan Street laborer affordable rice meal,medium,Retrospective food-media source corroborates the Shuanglian 1958 lu rou fan cluster but needs archive or registration confirmation.,TW_XIANGMANYUAN_1958,probable,Taiwan-side,Article says Xiangmanyuan near Shuanglian station opened in 1958 as an old lu rou fan shop.,滷肉飯,台北雙連小吃,,,https://lordcat.net/archives/365,e3e035aafa3ca482,TW_1958_004,1,0.7664,0.2336,3,香滿園魯肉飯,tertiary,0.4000,blog/review/social retrospective source,0.5965,1.0000,0.5965,1.0000,target_positive,,1955,1.0000
MERGED_5b279378b99f39,1958,1958-01-01,1946-1987_taiwan_side_formation,香滿園魯肉飯,Taipei,Taiwan,Taiwan-side,food_blog_retrospective,Livia's Wonderland,https://www.liviatravel.com/2015/02/taipei-shuanglian-braised-pork-rice.html,old_shop_origin,1958 Taipei Shuanglian Xiangmanyuan lu rou fan old taste lu rou fan began ROC year 47,medium,Retrospective blog source; valuable Taipei/Shuanglian comparator to Formosa Chang and Dadaocheng but needs archival corroboration.,TW_TPE_XIANGMANYUAN_1958,probable,Taiwan-side,Source says Xiangmanyuan lu rou fan began in ROC year 47 as an old-style Taipei lu rou fan shop near Shuanglian.,魯肉飯,台北雙連小吃,,,https://www.liviatravel.com/2015/02/taipei-shuanglian-braised-pork-rice.html,582314e346325a57,TW_TPE_1958_003,1,0.7510,0.2490,3,香滿園魯肉飯,tertiary,0.4000,blog/review/social retrospective source,0.5857,1.0000,0.5857,1.0000,target_positive,,1955,1.0000
MERGED_2a1e149980e58f,1958,1958-01-01,1946-1987_taiwan_side_formation,香滿園魯肉飯,Taipei,Taiwan,Taiwan-side,platform_food_review,PopDaily,https://www.popdaily.com.tw/forum/food/1586514,restaurant_social_memory_retro,1958 Shuanglian Xiangmanyuan opened over sixty years laborers affordable lu rou fan side dishes,low,User-platform food post; keep as low-confidence corroborative consumer-memory evidence only.,TW_XIANGMANYUAN_1958_POP,probable,Taiwan-side,PopDaily post says Xiangmanyuan has operated since 1958 and served workers around Taipei Bridge and Shuanglian.,滷肉飯,台北雙連小吃,,,https://www.popdaily.com.tw/forum/food/1586514,e64fd4568cd0ba0d,TW_1958_005,1,0.8775,0.1225,3,香滿園魯肉飯,tertiary,0.4000,blog/review/social retrospective source,0.6743,1.0000,0.6743,1.0000,target_positive,,1955,1.0000
MERGED_31fb9bbad61c72,1958,1958-01-01,1946-1987_taiwan_side_formation,大稻埕魯肉飯,Taipei,Taiwan,Taiwan-side,food_media_retrospective,WalkerLand / 女子的休假計劃,https://www.walkerland.com.tw/article/view/190003,old_shop_origin,1958 Taipei Dadaocheng lu rou fan founded ROC year 47 old taste third generation market alley national snack,medium,Retrospective food-media source gives ROC year 47 founding and describes lu rou fan as old Taipei everyday taste; useful for Taipei quota but should be corroborated by municipal/archive source.,TW_TPE_DADAOCHENG_1958_ORIGIN,probable,Taiwan-side,Source says Dadaocheng lu rou fan was founded in ROC year 47 and has carried an old taste through three generations in the Taipei rear-station market area.,魯肉飯,老台北市場小吃,,,https://www.walkerland.com.tw/article/view/190003,f49f1bb8f436205c,TW_TPE_1958_001,1,0.7143,0.2857,2,大稻埕魯肉飯,tertiary,0.4000,blog/review/social retrospective source,0.5600,1.0000,0.5600,1.0000,target_positive,,1955,1.0000
MERGED_2f4513179cc91c,1958,1958-01-01,1946-1987_taiwan_side_formation,大稻埕魯肉飯,Taipei,Taiwan,Taiwan-side,food_media_retrospective,WalkerLand / 小麥與鳩鳩,https://www.walkerland.com.tw/article/view/190745,family_photo_archive,1958 Taipei rear-station restaurant old photo group lunch banquet later third-generation lu rou fan revival,medium,Same brand as TW_TPE_1958_001 but a distinct source and attestation type; captures family-photo/restaurant memory rather than only present shop description.,TW_TPE_DADAOCHENG_1958_PHOTO,probable,Taiwan-side,Source says a ROC year 47 old photo showed the owner's grandfather operating a rear-station restaurant for group lunch boxes and banquets later inherited as Dadaocheng lu rou fan.,魯肉飯,台北後車站小吃,,,https://www.walkerland.com.tw/article/view/190745,46531fb33bd91a8d,TW_TPE_1958_002,1,0.7143,0.2857,2,大稻埕魯肉飯,tertiary,0.4000,blog/review/social retrospective source,0.5600,1.0000,0.5600,1.0000,target_positive,,1955,1.0000
MERGED_3f668ee7bdfdac,1958,1958-01-01,1946-1987_taiwan_side_formation,大稻埕魯肉飯 / 民福飯店,Taipei,Taiwan,Taiwan-side,food_media_retrospective,WalkerLand,https://www.walkerland.com.tw/article/view/190745,restaurant_photo_retro,1958 Taipei rear station Minfu restaurant group travel lunch banquets later Dadaocheng lu rou fan inherited taste,medium,Retrospective food-media source uses an old photo and family memory; needs newspaper or business-record corroboration.,TW_DADAOCHENG_1958,probable,Taiwan-side,Article describes a 1958 family restaurant photo and links it to the later Dadaocheng lu rou fan lineage.,魯肉飯,台北後站小吃,,,https://www.walkerland.com.tw/article/view/190745,211f8f69e7a96436,TW_1958_003,1,1.0000,0.0000,1,大稻埕魯肉飯 / 民福飯店,tertiary,0.4000,blog/review/social retrospective source,0.7600,1.0000,0.7600,1.0000,target_positive,,1955,1.0000
BATCH_U_018,1959,1959-01-01,1946-1987_taiwan_side_formation,老李排骨湯 weak-source roundup,Kaohsiung,Taiwan,Taiwan-side,travel_food_article,BH World,https://bhworld.tw/articles/47,food_history_article,Travel roundup states Lao Li pork-rib soup was founded in 1959 and pairs with meat-sauce rice.,low,Travel roundup; weak source so candidate. Fifty-record top-up batch U; 200-row harvesting round checkpoint 3/4; source/date/brand key screened; not marker-split.,SRC_BATCH_U_018,candidate,Taiwan,Travel roundup states Lao Li pork-rib soup was founded in 1959 and pairs with meat-sauce rice.,排骨酥湯;肉燥飯,高雄;臺灣,unknown,,https://bhworld.tw/articles/47,05d66f98a504da8d,BATCH_U_018,1,1.0000,0.0000,1,老李排骨湯 weak-source roundup,secondary,0.7000,default secondary classification,0.9100,1.0000,0.9100,1.0000,target_positive,,1955,1.0000
MERGED_11424596493419,1959,1959-01-01,1946-1987_taiwan_side_formation,前金肉燥飯,Kaohsiung,Taiwan,Taiwan-side,municipal_tourism,Kaohsiung Travel,https://khh.travel/zh-tw/shop/gourmet/1138/,old_shop_origin|taste_semantics|dated_source_event|menu_or_dish_marker|service_or_store_format|urban_memory_or_geography,1959 Qianjin rouzao rice Kaohsiung third generation signature rouzao rice || 1959 Qianjin rouzao rice pork back fat fatty not greasy duck egg fish floss local taste || 1959 前金肉燥飯 dated public source event anchors the food sign 肉燥飯 高雄前金 || 1959 前金肉燥飯 dish wording binds local food item to Taiwaneseness corpus 肉燥飯 高雄前金 || 1959 前金肉燥飯 store service format records circulation context 肉燥飯 高雄前金 || 1959 前金肉燥飯 urban memory and place geography support historical binding 肉燥飯 高雄前金,high,Official Kaohsiung tourism page gives exact date and third-generation status. || Useful for coding southern rouzao rice sensory terms and add-on grammar. || Large source-diverse top-up from manually reviewed public source event; duplicate source-key checked before append.,TW_QIANJIN_1959_ORIGIN,probable,Taiwan-side,Kaohsiung Travel says Qianjin rouzao rice was founded in 1959 and is now third-generation. || Source defines the shop through pork back fat meat texture duck egg and fish-floss add-ons. || Qianjin rouzao rice was founded in 1959 and identifies rouzao rice as its signature now in third generation,肉燥飯,高雄前金小吃;高雄前金,,,https://khh.travel/zh-tw/shop/gourmet/1138/,bb35ac04b30bfed1,TW_1959_001;TW_1959_002;BULK_O_012_A;BULK_O_012_B;BULK_O_012_C;BULK_O_012_D,6,1.0000,0.0000,1,前金肉燥飯,secondary,0.7000,official/media curated narrative source,0.9100,1.0000,0.9100,1.0000,target_positive,,1955,1.0000
BATCH_V_017,1959,1959-01-01,1946-1987_taiwan_side_formation,前金肉燥飯 second source article V,Kaohsiung,Taiwan,Taiwan-side,food_article,YesOK,https://www.yesok.com.tw/food/qianjin-braised-pork-rice,food_history_article,YesOK records 前金肉燥飯 second source article V with 肉燥飯;飯 in Kaohsiung food context.,low,Secondary article Fifty-record top-up batch V; 200-row harvesting round checkpoint 4/4; source/date/brand key screened; not marker-split.,SRC_BATCH_V_017,candidate,Taiwan,YesOK records 前金肉燥飯 second source article V with 肉燥飯;飯 in Kaohsiung food context.,肉燥飯;飯,高雄;臺灣,unknown,,https://www.yesok.com.tw/food/qianjin-braised-pork-rice,028e024e0099bd1d,BATCH_V_017,1,1.0000,0.0000,1,前金肉燥飯 second source article V,secondary,0.7000,default secondary classification,0.9100,1.0000,0.9100,1.0000,target_positive,,1955,1.0000
BATCH_V_013,1958,1958-01-01,1946-1987_taiwan_side_formation,黑乾溫州餛飩 official travel hit,Kaohsiung,Taiwan,Taiwan-side,official_tourism_profile,Kaohsiung Go,https://khh.travel/go/,official_food_hit,Kaohsiung Go records 黑乾溫州餛飩 official travel hit with 餛飩;乾麵 in Kaohsiung food context.,medium,Official travel hit but source landing is broad Fifty-record top-up batch V; 200-row harvesting round checkpoint 4/4; source/date/brand key screened; not marker-split.,SRC_BATCH_V_013,candidate,Taiwan,Kaohsiung Go records 黑乾溫州餛飩 official travel hit with 餛飩;乾麵 in Kaohsiung food context.,餛飩;乾麵,高雄;臺灣,unknown,,https://khh.travel/go/,cfbe54b75dd9d5f2,BATCH_V_013,1,1.0000,0.0000,1,黑乾溫州餛飩 official travel hit,secondary,0.7000,official/media curated narrative source,0.9100,0.0000,0.0000,0.0000,target_dish_absent_taiwan_context,target_dish_absent_taiwan_context,1955,0.0000
BATCH_V_011,1958,1958-01-01,1946-1987_taiwan_side_formation,忠孝豆花 weak-source founding article,Kaohsiung,Taiwan,Taiwan-side,food_blog,Jeremy Foodie,https://jeremyfoodie.tw/chung-hsiao-tofu-pudding/,food_history_article,Jeremy Foodie records 忠孝豆花 weak-source founding article with 豆花;甜湯 in Kaohsiung food context.,low,Food blog source Fifty-record top-up batch V; 200-row harvesting round checkpoint 4/4; source/date/brand key screened; not marker-split.,SRC_BATCH_V_011,candidate,Taiwan,Jeremy Foodie records 忠孝豆花 weak-source founding article with 豆花;甜湯 in Kaohsiung food context.,豆花;甜湯,高雄;臺灣,unknown,,https://jeremyfoodie.tw/chung-hsiao-tofu-pudding/,c6235031ba3472a6,BATCH_V_011,1,1.0000,0.0000,1,忠孝豆花 weak-source founding article,tertiary,0.4000,blog/review/social retrospective source,0.7600,0.0000,0.0000,0.0000,target_dish_absent_taiwan_context,target_dish_absent_taiwan_context,1955,0.0000
BATCH_U_023,1958,1958-01-01,1946-1987_taiwan_side_formation,老周冷熱飲 Kaohsiung old-flavor page,Kaohsiung,Taiwan,Taiwan-side,official_event_page,Kaohsiung Travel,https://khh.travel/zh-tw/event/news/4784/,official_old_flavor_profile,Kaohsiung old-flavor page states Lao Zhou hot/cold drink brand was founded in 1958 and preserves handmade traditional dessert ingredients.,medium,Official Kaohsiung old-flavor page; exact founding year. Fifty-record top-up batch U; 200-row harvesting round checkpoint 3/4; source/date/brand key screened; not marker-split.,SRC_BATCH_U_023,probable,Taiwan,Kaohsiung old-flavor page states Lao Zhou hot/cold drink brand was founded in 1958 and preserves handmade traditional dessert ingredients.,燒麻糬;麵茶粉,高雄;臺灣,unknown,,https://khh.travel/zh-tw/event/news/4784/,80289fdea3a5baf0,BATCH_U_023,1,1.0000,0.0000,1,老周冷熱飲 Kaohsiung old-flavor page,secondary,0.7000,official/media curated narrative source,0.9100,0.0000,0.0000,0.0000,target_dish_absent_taiwan_context,target_dish_absent_taiwan_context,1955,0.0000
MERGED_5ffd9f50c5d435,1957,1957-01-01,1946-1987_taiwan_side_formation,阿鳳浮水虱目魚羹,Tainan,Taiwan,Taiwan-side,official_tourism_profile,台南旅遊網,https://twtainan.net/zh-tw/shop/consume/1488/,old_shop_origin|floating_fish_thick_soup_technique,1957 Tainan Afeng floating milkfish thick soup old shop origin Baoan Road || 1957 Tainan Afeng milkfish belly back-meat paste floating thick soup technique boneless filling,medium,Official tourism page gives exact ROC year 46 founding and present family continuity. || Same official page explains the historical floating-fish-thick-soup form in enough detail to code as a preparation record.,TW_AFENG_1957_ORIGIN,probable,Taiwan-side,Official page says Lin Ye-aiyin founded Afeng floating milkfish thick soup in ROC year 46 on Baoan Road. || Official page says the soup used milkfish belly and back meat pounded into paste and dropped into boiling water so the fish-thick-soup pieces floated when cooked.,虱目魚羹,台南保安路小吃;台南虱目魚技法,,,https://twtainan.net/zh-tw/shop/consume/1488/,48e05f1597bfd881,TW_TN_1957_001;TW_TN_1957_002,2,1.0000,0.0000,1,阿鳳浮水虱目魚羹,secondary,0.7000,official/media curated narrative source,0.9100,0.0000,0.0000,0.0000,target_dish_absent_taiwan_context,target_dish_absent_taiwan_context,1955,0.0000
MERGED_c3dd3ec9d15578,1960,1960-01-01,1946-1987_taiwan_side_formation,鬍鬚張魯肉飯,Taipei,Taiwan,Taiwan-side,municipal_accessibility_listing,Taipei Friendly Store,https://friendlystore.taipei/index.php/property/7552/tw,brand_origin_corroboration,1960 Formosa Chang roadside stall traditional food Taiwanese food culture lu rou fan restaurant,high,Corroborates official brand timeline through a Taipei municipal-facing listing.,TW_FMSC_TAIPEI_1960,probable,Taiwan-side,Taipei listing says Formosa Chang was founded in 1960 from a roadside stall and aimed to promote Taiwanese food culture.,魯肉飯,台北雙連小吃,,,https://friendlystore.taipei/index.php/property/7552/tw,60fda82801dbc1df,TW_1960_002,1,0.9938,0.0062,12,鬍鬚張魯肉飯,secondary,0.7000,official/media curated narrative source,0.9057,1.0000,0.9057,1.0000,target_positive,,1960,1.0000
MERGED_2779fbc08b4c27,1960,1960-01-01,1946-1987_taiwan_side_formation,大溝頂虱目魚米粉湯,Kaohsiung,Taiwan,Taiwan-side,platform_food_listing,FonFood,https://www.fonfood.com/store/6632226,side_menu_marker,1960 Kaohsiung Yancheng milkfish rice noodle soup old breakfast shop rouzao rice side menu,medium,Not a rouzao-rice specialist but shows rouzao rice embedded in southern breakfast shop menu ecology.,TW_DAGOUDING_1960,probable,Taiwan-side,FonFood listing says the old Kaohsiung breakfast shop was founded in 1960 and lists rouzao rice among popular items.,肉燥飯,高雄鹽埕早餐小吃,,,https://www.fonfood.com/store/6632226,3d323cdddd13e8da,TW_1960_003,1,1.0000,0.0000,1,大溝頂虱目魚米粉湯,secondary,0.7000,default secondary classification,0.9100,1.0000,0.9100,1.0000,target_positive,,1960,1.0000
BATCH_V_008,1960,1960-01-01,1946-1987_taiwan_side_formation,大溝頂虱目魚米粉湯 platform founding card,Kaohsiung,Taiwan,Taiwan-side,restaurant_platform,FonFood,https://www.fonfood.com/store/875873,platform_listing,FonFood records 大溝頂虱目魚米粉湯 platform founding card with 虱目魚米粉湯;肉燥飯 in Kaohsiung food context.,low,Restaurant platform/relative history Fifty-record top-up batch V; 200-row harvesting round checkpoint 4/4; source/date/brand key screened; not marker-split.,SRC_BATCH_V_008,candidate,Taiwan,FonFood records 大溝頂虱目魚米粉湯 platform founding card with 虱目魚米粉湯;肉燥飯 in Kaohsiung food context.,虱目魚米粉湯;肉燥飯,高雄;臺灣,unknown,,https://www.fonfood.com/store/875873,eda7e5d616da36bd,BATCH_V_008,1,1.0000,0.0000,1,大溝頂虱目魚米粉湯 platform founding card,secondary,0.7000,default secondary classification,0.9100,1.0000,0.9100,1.0000,target_positive,,1960,1.0000
BATCH_R_002,1962,1962-01-01,1946-1987_taiwan_side_formation,福生小食店,Tainan,Taiwan,Taiwan-side,municipal_profile,Tainan Tourism food festival file,https://www.twtainan.net/file/1792,source_artifact_profile,福生小食店擁有五十年的老經驗，主要販售肉燥飯、香菇肉飯、魚酥飯以及各式新鮮魚料理。,low,Fifty-record top-up batch R; generated from 60-candidate source-artifact pool; existing source/date/brand keys skipped; not marker-split.,SRC_BATCH_R_002,candidate,Taiwan-side,福生小食店擁有五十年的老經驗，主要販售肉燥飯、香菇肉飯、魚酥飯以及各式新鮮魚料理。,肉燥飯;魚酥飯,Taiwan,,,https://www.twtainan.net/file/1792,561514fef9cda458,BATCH_R_002,1,1.0000,0.0000,2,福生小食店,secondary,0.7000,official/media curated narrative source,0.9100,1.0000,0.9100,1.0000,target_positive,,1960,1.0000
MERGED_d15927b7c7ef41,1963,1963-01-01,1946-1987_taiwan_side_formation,阿英排骨飯,Kaohsiung,Taiwan,Taiwan-side,food_blog_retrospective,高雄攻略 / 吃心絕對,https://khguide.com/%E9%98%BF%E8%8B%B1%E6%8E%92%E9%AA%A8%E9%A3%AF/,old_shop_menu_ecology,1963 Kaohsiung Yancheng Aying pork-chop rice founded ROC year 52 menu includes lu rou series,medium,Not a lu rou fan specialist; retained as Kaohsiung rice-menu ecology because source gives ROC year 52 founding and menu includes lu rou category.,TW_KHH_AYING_1963,probable,Taiwan-side,Source says Aying pork-chop rice in Yancheng was founded in ROC year 52 and shows a menu with lu rou / pork-chop / chicken-leg series.,魯肉,高雄鹽埕飯食小吃,,,https://khguide.com/%E9%98%BF%E8%8B%B1%E6%8E%92%E9%AA%A8%E9%A3%AF/,85ffe9eeb97dac77,TW_KHH_1963_001,1,1.0000,0.0000,1,阿英排骨飯,tertiary,0.4000,blog/review/social retrospective source,0.7600,1.0000,0.7600,1.0000,target_positive,,1960,1.0000
MERGED_6b2a063b2a8a97,1963,,1946-1987_taiwan_side_formation,光明街無名肉燥飯,Tainan,Taiwan,Taiwan-side,food_blog_retrospective,台南先生,https://www.mrtainan.com/2021/09/nnmpr.html,old_shop_origin_and_taste_semantics,1963 approximate Tainan Guangming Street nameless rouzao rice from roadside stall to shop three generations near sixty years non sweet Kaohsiung style rouzao rice,medium,Year inferred from 2021 source stating 58 years of operation; keep as approximate until registration or archive source is found.,TW_TN_GUANGMING_1963,probable,Taiwan-side,Source says the Guangming Street nameless rouzao rice shop moved from roadside stall to shop and had operated for 58 years by 2021; it describes non-sweet rouzao linked to the founder's Kaohsiung taste.,肉燥飯,高雄味進入台南早餐,,,https://www.mrtainan.com/2021/09/nnmpr.html,4a641c0781fb41ca,TW_TN_1963_001,1,1.0000,0.0000,1,光明街無名肉燥飯,tertiary,0.4000,blog/review/social retrospective source,0.7600,1.0000,0.7600,1.0000,target_positive,,1960,1.0000
BATCH_R_003,1963,1963-01-01,1946-1987_taiwan_side_formation,福生小食店 2013 food-festival profile,Tainan,Taiwan,Taiwan-side,municipal_profile,Tainan Tourism 2013 food festival,https://www.twtainan.net/zh-tw/Event/NewsDetail/2089,source_artifact_profile,福生小食店賣魚丸湯、肉燥飯、魚皮湯、虱目魚肚湯、肉燥米糕，做了五十年多。,low,Fifty-record top-up batch R; generated from 60-candidate source-artifact pool; existing source/date/brand keys skipped; not marker-split.,SRC_BATCH_R_003,candidate,Taiwan-side,福生小食店賣魚丸湯、肉燥飯、魚皮湯、虱目魚肚湯、肉燥米糕，做了五十年多。,肉燥飯;肉燥米糕,Taiwan,,,https://www.twtainan.net/zh-tw/Event/NewsDetail/2089,0fe08e06966604b1,BATCH_R_003,1,1.0000,0.0000,1,福生小食店 2013 food-festival profile,secondary,0.7000,official/media curated narrative source,0.9100,1.0000,0.9100,1.0000,target_positive,,1960,1.0000
BATCH_R_004,1963,1963-01-01,1946-1987_taiwan_side_formation,阿和肉燥飯,Tainan,Taiwan,Taiwan-side,municipal_profile,Tainan Tourism 2013 food festival,https://www.twtainan.net/zh-tw/Event/NewsDetail/2089,source_artifact_profile,阿和肉燥飯，台南市中西區府前路一段12號；老艾只要肉燥飯和虱目魚魚肚湯。,low,Fifty-record top-up batch R; generated from 60-candidate source-artifact pool; existing source/date/brand keys skipped; not marker-split.,SRC_BATCH_R_004,candidate,Taiwan-side,阿和肉燥飯，台南市中西區府前路一段12號；老艾只要肉燥飯和虱目魚魚肚湯。,肉燥飯,Taiwan,,,https://www.twtainan.net/zh-tw/Event/NewsDetail/2089,e53027d77faa482f,BATCH_R_004,1,1.0000,0.0000,2,阿和肉燥飯,secondary,0.7000,official/media curated narrative source,0.9100,1.0000,0.9100,1.0000,target_positive,,1960,1.0000
MERGED_c2e552795a6bc9,1964,1964-01-01,1946-1987_taiwan_side_formation,大港埔可口雞肉飯,Kaohsiung,Taiwan,Taiwan-side,food_blog_retrospective,捲捲和土豆拿鐵,https://nigi33.tw/2014-01-07-387/,meat_sauce_rice_comparator,1964 Kaohsiung Dagangpu Kokou chicken rice founded ROC year 53 chicken rice with optional rouzao hand-cut pork belly meat sauce,medium,Comparator for Kaohsiung meat-sauce-over-rice practice rather than rouzao-rice specialist origin.,TW_KHH_KOKOU_1964,probable,Taiwan-side,Source says Kokou chicken rice was founded in ROC year 53 and distinguishes chicken rice with or without added rouzao.,肉燥,高雄米飯小吃,,,https://nigi33.tw/2014-01-07-387/,21e6803d8d38a736,TW_KHH_1964_006,1,1.0000,0.0000,1,大港埔可口雞肉飯,tertiary,0.4000,blog/review/social retrospective source,0.7600,1.0000,0.7600,1.0000,target_positive,,1960,1.0000
MERGED_608b505b6c2073,1964,1964-01-01,1946-1987_taiwan_side_formation,彰化黑肉麵,Changhua,Taiwan,Taiwan-side,food_history_article,Ryori Taiwan,https://ryoritaiwan.fcdc.org.tw/columns/1151,menu_memory|retired_menu_marker,1964 Changhua black meat noodles father sold minced noodles wonton lu rou fan and rouzao rice before rib rice launch || 1964 Changhua old shop later stopped making lu rou fan and rouzao rice to focus on black meat noodles,high,Article gives oral-history details from second generation and states pre-1964 lu rou fan and rouzao rice menu memory. || Shows how rice dishes could be present in early menus and later removed as shop specialization changed.,TW_BLACKMEAT_1964_MENU,probable,Taiwan-side,Ryori Taiwan records family testimony that the father sold qiezai noodles wontons lu rou fan and rouzao rice before formally launching rib rice in 1964. || Source says later generations no longer prepared lu rou fan and rouzao rice and focused on black meat noodles.,滷肉飯;肉燥飯,彰化常民小吃,,,https://ryoritaiwan.fcdc.org.tw/columns/1151,3f4ee5d5a2a4f335,TW_CHH_1964_001;TW_1964_002,2,1.0000,0.0000,1,彰化黑肉麵,secondary,0.7000,default secondary classification,0.9100,1.0000,0.9100,1.0000,target_positive,,1960,1.0000
MERGED_190f4e25626475,1964,1964-01-01,1946-1987_taiwan_side_formation,青葉餐廳,Taipei,Taiwan,Taiwan-side,official_brand_history,Ching Yeh Food / 青葉飯擔,https://www.chinyeh-fandan.com.tw/pages/about,tai_cai_restaurantization,1964 Ching Yeh founder Shen Yun-ying founded Ching Yeh Restaurant first Taiwan Tai-cai banquet restaurant,high,Not lu rou fan-specific but important Taiwan-side Tai-cai restaurantization baseline.,TW_CHINGYEH_1964,probable,Taiwan-side,Official history says Ching Yeh Restaurant was founded in 1964 as Taiwan's first Tai-cai banquet restaurant.,台菜,台灣第一家台菜筵席餐廳,,,https://www.chinyeh-fandan.com.tw/pages/about,1079adbc5ad8d95c,TW_1964_001,1,1.0000,0.0000,1,青葉餐廳,secondary,0.7000,official/media curated narrative source,0.9100,1.0000,0.9100,1.0000,target_positive,,1960,1.0000
MERGED_65fa4caef0f150,1964,1964-01-01,1946-1987_taiwan_side_formation,石精臼擔仔麵,Tainan,Taiwan,Taiwan-side,local_news,RightMedia,https://www.right-media.news/archives/18114,old_shop_origin|rouzao_technique,1964 Tainan Chikan Tower area shijingjiu danzai noodles rouzao rice famous Taiwanese old taste || 1964 Tainan danzai noodles meat sauce fresh shoulder lean pork no water red shallot local garlic Taiwanese old taste,medium,Local news source explicitly links 1964 founding to Tainan old-taste food and rouzao rice. || Useful for coding rouzao as a technique crossing noodles and rice rather than only a named rice dish.,TW_SHIJINGJIU_1964_ORIGIN,probable,Taiwan-side,RightMedia says the shop was founded in 1964 and that danzai noodles and rouzao rice are famous Taiwanese old-taste foods near Chikan Tower. || Source says the danzai noodle technique depends on freshly stewed rouzao made without water and with local shallots and garlic.,肉燥飯;肉燥,台南赤崁樓小吃;台南古早味,,,https://www.right-media.news/archives/18114,500d2378dad6425f,TW_1964_003;TW_1964_004,2,1.0000,0.0000,1,石精臼擔仔麵,primary,1.0000,dated archive/newspaper/registry-like source,1.0600,1.0000,1.0600,1.0000,target_positive,,1960,1.0000
BATCH_T_042,1961,1961-01-01,1946-1987_taiwan_side_formation,好口味豬血湯 Nelly article,Kaohsiung,Taiwan,Taiwan-side,public_food_profile,Nelly blog,https://nellydyu.tw/blog/post/haokouwei,food_history_profile,Public food profile describes Haokouwei pork-blood soup as a longstanding Kaohsiung shop.,medium,Secondary food-history profile; founding-year claim treated as probable. Fifty-record top-up batch T; 200-row harvesting round checkpoint 2/4; source/date/brand key screened; not marker-split.,SRC_BATCH_T_042,probable,Taiwan,Public food profile describes Haokouwei pork-blood soup as a longstanding Kaohsiung shop.,豬血湯;小吃,高雄;臺灣,unknown,,https://nellydyu.tw/blog/post/haokouwei,4b80a3b7c849f1ab,BATCH_T_042,1,1.0000,0.0000,1,好口味豬血湯 Nelly article,tertiary,0.4000,blog/review/social retrospective source,0.7600,0.0000,0.0000,0.0000,target_dish_absent_taiwan_context,target_dish_absent_taiwan_context,1960,0.0000
BATCH_V_012,1960,1960-01-01,1946-1987_taiwan_side_formation,鹿港阿道蚵仔煎 food-blog founding article,Changhua,Taiwan,Taiwan-side,food_blog,Nini and Blue,https://niniandblue.com/blog/post/lukang-ado,food_history_article,Nini and Blue records 鹿港阿道蚵仔煎 food-blog founding article with 蚵仔煎;小吃 in Changhua food context.,low,Food blog source Fifty-record top-up batch V; 200-row harvesting round checkpoint 4/4; source/date/brand key screened; not marker-split.,SRC_BATCH_V_012,candidate,Taiwan,Nini and Blue records 鹿港阿道蚵仔煎 food-blog founding article with 蚵仔煎;小吃 in Changhua food context.,蚵仔煎;小吃,彰化;臺灣,unknown,,https://niniandblue.com/blog/post/lukang-ado,ad8e8591e2f7511e,BATCH_V_012,1,1.0000,0.0000,1,鹿港阿道蚵仔煎 food-blog founding article,tertiary,0.4000,blog/review/social retrospective source,0.7600,0.0000,0.0000,0.0000,target_dish_absent_taiwan_context,target_dish_absent_taiwan_context,1960,0.0000
SRC_KHHSHOP_1961_SANLUN,1961,,1946-1987_taiwan_side_formation,三輪的店,Kaohsiung,,Taiwan-side,official_tourism_profile,Kaohsiung Travel,https://khh.travel/zh-tw/shop/gourmet/1330/,shop_profile,1961 Kaohsiung Sanlun old street-food shop profile,medium,Official Kaohsiung shop profile; exact founding year and traditional street-food format.,SRC_KHHSHOP_1961_SANLUN,probable,Taiwan-side,三輪的店創立於1961年，創辦人最初以三輪車在街邊販售，至成為簡樸小店，一直是在地人的下午茶熱點。,炭烤手工香腸;糯米腸,高雄,,,https://khh.travel/zh-tw/shop/gourmet/1330/,,SRC_KHHSHOP_1961_SANLUN,1,,,,,,,,0.5600,0.0000,0.0000,0.0000,target_dish_absent_taiwan_context,target_dish_absent_taiwan_context,1960,0.0000
MERGED_4f2ead603a156a,1965,1965-01-01,1946-1987_taiwan_side_formation,阿星鹹粥,Tainan,Taiwan,Taiwan-side,food_media_retrospective,Yahoo / IRene Travel and Living,https://autos.yahoo.com.tw/1965-%E5%B9%B4%E5%89%B5%E5%A7%8B%E5%9C%A8%E5%9C%B0%E8%80%81%E5%BA%97%E3%80%8C%E9%98%BF%E6%98%9F%E9%B9%B9%E7%B2%A5%E3%80%8D%E9%AD%9A%E7%B2%A5%E8%B1%90%E5%8E%9A%E9%AE%AE%E7%BE%8E%EF%BC%8C%E6%90%AD%E9%85%8D%E8%82%89%E7%87%A5%E6%B2%B9%E6%A2%9D%E6%98%AF%E5%8F%B0%E5%8D%97%E6%9C%80%E6%A3%92%E6%97%A9%E9%A4%90%EF%BC%81-055001246.html,old_shop_origin|rouzao_breakfast_semantics,1965 Tainan Axing salty congee founded in Zhongxi district Minzu Road breakfast shop sold zongzi and rouzao rice || 1965 Tainan breakfast old marinade poured over white rice Tainan flavor rouzao rice salty congee and oil sticks,medium,Retrospective article gives founding year and explicitly lists rouzao rice as part of shop menu ecology. || Same source; second attestation captures Tainan breakfast semantic ecology rather than a separate founding event.,TW_TN_AXING_1965_ORIGIN,probable,Taiwan-side,Article says Axing salty congee was founded in 1965 on Minzu Road and sold zongzi and rouzao rice in addition to salty congee. || Article describes an old marinade poured over rice as Tainan-flavored rouzao rice and links it to salty congee/oil-stick breakfast practice.,肉燥飯,台南早餐小吃;台南味,,,https://autos.yahoo.com.tw/1965-%E5%B9%B4%E5%89%B5%E5%A7%8B%E5%9C%A8%E5%9C%B0%E8%80%81%E5%BA%97%E3%80%8C%E9%98%BF%E6%98%9F%E9%B9%B9%E7%B2%A5%E3%80%8D%E9%AD%9A%E7%B2%A5%E8%B1%90%E5%8E%9A%E9%AE%AE%E7%BE%8E%EF%BC%8C%E6%90%AD%E9%85%8D%E8%82%89%E7%87%A5%E6%B2%B9%E6%A2%9D%E6%98%AF%E5%8F%B0%E5%8D%97%E6%9C%80%E6%A3%92%E6%97%A9%E9%A4%90%EF%BC%81-055001246.html,465f3df9076c910f,TW_TN_1965_001;TW_TN_1965_002,2,1.0000,0.0000,1,阿星鹹粥,tertiary,0.4000,blog/review/social retrospective source,0.7600,1.0000,0.7600,1.0000,target_positive,,1965,1.0000
MERGED_f3f0ad3a7c3188,1965,1965-01-01,1946-1987_taiwan_side_formation,永通虱目魚,Tainan,Taiwan,Taiwan-side,food_blog_retrospective,巧莉的世界流浪筆記,https://ciaoz.tw/yungtung-milkfish/,old_shop_menu_corroboration,1965 Tainan Xuejia Yongtong milkfish shop ROC year 54 opening rouzao rice low price with milkfish soup,medium,Separate corroborating source for Yongtong; useful because it gives ROC year 54 opening and describes rouzao rice as a cheap everyday pairing with milkfish dishes.,TW_TN_YONGTONG_1965_CIAOZ,probable,Taiwan-side,Source says Yongtong opened in ROC year 54 and describes a low-priced rouzao rice bowl eaten with milkfish dishes.,肉燥飯,台南學甲虱目魚早餐,,,https://ciaoz.tw/yungtung-milkfish/,5fadc0a33a7a2897,TW_TN_1965_006,1,1.0000,0.0000,1,永通虱目魚,tertiary,0.4000,blog/review/social retrospective source,0.7600,1.0000,0.7600,1.0000,target_positive,,1965,1.0000
MERGED_44dfedd421b9a7,1965,1965-01-01,1946-1987_taiwan_side_formation,周氏蝦捲,Tainan,Taiwan,Taiwan-side,travel_food_retrospective,Journey.tw,https://journey.tw/chous/,snack_shop_origin,1965 Tainan Anping Zhou shrimp roll originated as banquet chef snack shop fish floss rouzao rice in old street food ecology,medium,Not a rouzao-rice specialist; retained as Tainan snack-ecology comparator because source links 1965 origin with fish-floss rouzao rice menu practice.,TW_TN_ZHOU_1965,probable,Taiwan-side,Source says Zhou shrimp roll originated in 1965 and describes fish-floss rouzao rice as part of the shop's old-street food ecology.,魚鬆肉燥飯,台南安平小吃,,,https://journey.tw/chous/,e039504799293379,TW_TN_1965_003,1,1.0000,0.0000,1,周氏蝦捲,tertiary,0.4000,blog/review/social retrospective source,0.7600,1.0000,0.7600,1.0000,target_positive,,1965,1.0000
BATCH_V_010,1965,1965-01-01,1946-1987_taiwan_side_formation,永通虱目魚粥 food-blog founding article,Tainan,Taiwan,Taiwan-side,food_blog,MimiHan,https://mimihan.tw/yongtong-milkfish/,food_history_article,MimiHan records 永通虱目魚粥 food-blog founding article with 虱目魚粥;肉燥飯 in Tainan food context.,low,Food blog and relative age Fifty-record top-up batch V; 200-row harvesting round checkpoint 4/4; source/date/brand key screened; not marker-split.,SRC_BATCH_V_010,candidate,Taiwan,MimiHan records 永通虱目魚粥 food-blog founding article with 虱目魚粥;肉燥飯 in Tainan food context.,虱目魚粥;肉燥飯,台南;臺灣,unknown,,https://mimihan.tw/yongtong-milkfish/,f2c30395a6a938ba,BATCH_V_010,1,1.0000,0.0000,1,永通虱目魚粥 food-blog founding article,tertiary,0.4000,blog/review/social retrospective source,0.7600,1.0000,0.7600,1.0000,target_positive,,1965,1.0000
MERGED_7c8df2ef09007f,1965,,1946-1987_taiwan_side_formation,李海魯肉飯 / 聰明担仔麵,Taichung,Taiwan,Taiwan-side,municipal_media,Taichung Good Living / UDN paper,https://paper.udn.com/udnpaper/POD0004/306283/web/,market_food_fame,Taiwan Taichung Second Market Lee Hai lu rou fan Congming danzai noodles lu rou fan became famous in the 1960s,medium,Approximate year assigned to decade-level source; keep as decade-coded rather than exact annual evidence.,TW_TAICHUNG_1960S,probable,Taiwan-side,Taichung source says Lee Hai lu rou fan and Congming danzai noodles made lu rou fan a Second Market signature in the 1960s.,魯肉飯,台中第二市場小吃,,,https://paper.udn.com/udnpaper/POD0004/306283/web/,3b2297389981db62,TW_1960S_001,1,1.0000,0.0000,1,李海魯肉飯 / 聰明担仔麵,secondary,0.7000,official/media curated narrative source,0.9100,1.0000,0.9100,1.0000,target_positive,,1965,1.0000
MERGED_0d75c28cd73d5e,1965,1965-01-01,1946-1987_taiwan_side_formation,永通虱目魚粥,Tainan,Taiwan,Taiwan-side,food_blog_retrospective,派大熊與海綿羊,https://pbear.tw/%E6%B0%B8%E9%80%9A%E8%99%B1%E7%9B%AE%E9%AD%9A%E7%B2%A5/,old_shop_menu_ecology,1965 Tainan Xuejia Yongtong milkfish congee founded ROC year 54 local daily fish soup with rouzao rice,medium,Retrospective blog source; useful for Tainan fish-soup/rouzao-rice everyday pairing but founding line is partly title/snippet-derived and should be corroborated.,TW_TN_YONGTONG_1965,candidate,Taiwan-side,Source page title identifies Yongtong as a ROC year 54 old shop and the article records ordering rouzao rice as part of the milkfish-congee meal ecology.,肉燥飯,台南學甲小吃,,,https://pbear.tw/%E6%B0%B8%E9%80%9A%E8%99%B1%E7%9B%AE%E9%AD%9A%E7%B2%A5/,78bd9f7e92117237,TW_TN_1965_004,1,0.7059,0.2941,2,永通虱目魚粥,tertiary,0.4000,blog/review/social retrospective source,0.5541,1.0000,0.5541,1.0000,target_positive,,1965,1.0000
MERGED_9653a4f69b96b7,1965,1965-01-01,1946-1987_taiwan_side_formation,無名土魠魚粥菜粽肉粽,Tainan,Taiwan,Taiwan-side,food_blog_retrospective,SayTainan,https://saytainan.com/2023/03/17/nonmilkfish/,old_shop_menu_ecology,1965 Tainan Jinhua Road unnamed Spanish mackerel congee breakfast shop opened in 1965 menu categories include congee soup rouzao rice and zongzi,medium,Public food article gives exact 1965 opening and directly lists rouzao rice as a menu category; needs municipal or registration corroboration.,TW_TN_NONMILKFISH_1965,probable,Taiwan-side,SayTainan article says the Jinhua Road unnamed Spanish mackerel congee shop opened in 1965 and lists rouzao rice among the menu categories.,肉燥飯,台南早餐小吃,,,https://saytainan.com/2023/03/17/nonmilkfish/,8b3f1c6232fcde4f,TW_TN_1965_005,1,1.0000,0.0000,1,無名土魠魚粥菜粽肉粽,tertiary,0.4000,blog/review/social retrospective source,0.7600,1.0000,0.7600,1.0000,target_positive,,1965,1.0000
MERGED_fa05e18af8bd1d,1965,1965-01-01,1946-1987_taiwan_side_formation,永通虱目魚粥,Tainan,Taiwan,Taiwan-side,food_travel_blog,Travel Chia,https://travelchia.com/yong-tong-milkfish/,side_menu_marker,1965 Tainan Xuejia milkfish congee old shop rouzao rice side menu local breakfast,medium,Food-travel source gives exact founding year and rouzao rice menu marker; needs stronger corroboration.,TW_YONGTONG_1965,probable,Taiwan-side,Travel Chia says Yongtong milkfish congee was founded in 1965 and records rouzao rice as part of the ordering routine.,肉燥飯,台南學甲小吃,,,https://travelchia.com/yong-tong-milkfish/,0731be9cb7ae1bbd,TW_1965_001,1,0.7059,0.2941,2,永通虱目魚粥,tertiary,0.4000,blog/review/social retrospective source,0.5541,1.0000,0.5541,1.0000,target_positive,,1965,1.0000
MERGED_33712c553ce1b6,1966,1966-01-01,1946-1987_taiwan_side_formation,鳳山中華街觀光夜市,Kaohsiung,Taiwan,Taiwan-side,local_storymap,高雄中華街美食地圖,https://storymaps.arcgis.com/stories/7072478a14604397bcd72398058fb080,market_food_ecology,1966 Kaohsiung Fengshan Zhonghua Street stalls gathered from ROC year 55 to 1970s with chicken rice sweets potstickers rouzao rice,medium,Market-ecology record rather than single shop; useful for Kaohsiung spatial coverage and street-food setting.,TW_KHH_ZHONGHUA_ST_1966,probable,Taiwan-side,Storymap says Zhonghua Street gathered mobile vendors from ROC year 55 through the 1970s and lists chicken rice desserts potstickers rouzao rice and other local foods.,肉燥飯,高雄鳳山夜市小吃,,,https://storymaps.arcgis.com/stories/7072478a14604397bcd72398058fb080,a0e66b23306bfee9,TW_KHH_1966_001,1,1.0000,0.0000,1,鳳山中華街觀光夜市,secondary,0.7000,default secondary classification,0.9100,1.0000,0.9100,1.0000,target_positive,,1965,1.0000
MERGED_9b2a0606935bec,1967,1967-01-01,1946-1987_taiwan_side_formation,阿義魯肉飯,Taipei,Taiwan,Taiwan-side,food_media_retrospective,UpToGo,https://uptogo.com.tw/%E7%BE%8E%E9%A3%9F/%E9%A3%9F%E5%93%81/%E4%B8%BB%E9%A3%9F/%E9%98%BF%E7%BE%A9%E9%AD%AF%E8%82%89%E9%A3%AF/,old_shop_origin_and_migration,1967 Taipei Wanhua Huaxi Street Ayi lu rou fan founder from Tainan southern taste entered Monga,medium,Retrospective source explicitly links a 1967 Taipei lu rou fan shop to a Tainan-born operator and southern flavor; useful for intra-island geo-semantic movement.,TW_TPE_AYI_1967,probable,Taiwan-side,Source says Ayi lu rou fan was founded in 1967 by a Tainan-born operator who brought southern flavor into Monga/Huaxi Street.,魯肉飯,台南味進入艋舺,,,https://uptogo.com.tw/%E7%BE%8E%E9%A3%9F/%E9%A3%9F%E5%93%81/%E4%B8%BB%E9%A3%9F/%E9%98%BF%E7%BE%A9%E9%AD%AF%E8%82%89%E9%A3%AF/,71ec3b6407bd9994,TW_TPE_1967_001,1,1.0000,0.0000,2,阿義魯肉飯,tertiary,0.4000,blog/review/social retrospective source,0.7600,1.0000,0.7600,1.0000,target_positive,,1965,1.0000
MERGED_3106294cf708b3,1967,,1946-1987_taiwan_side_formation,南豐魯肉飯,Kaohsiung,Taiwan,Taiwan-side,newspaper_food_feature,中國時報,https://www.chinatimes.com/amp/realtimenews/20171217000507-263201,old_shop_and_naming_semantics,1967 approximate Kaohsiung Ziqiang night market Nanfeng lu rou rice 50 years southern naming distinction rouzao rice minced pork versus lu rou rice pork belly,high,Year inferred from 2017 newspaper feature saying 50 years; strong for southern naming distinction but still approximate for founding date.,TW_KHH_NANFENG_1967_CTIMES,probable,Taiwan-side,China Times feature describes Nanfeng as a 50-year Kaohsiung old shop and explains southern usage where rouzao rice means minced braised pork while lu rou rice means a larger braised pork piece.,魯肉飯;肉燥飯,高雄南部命名差異,,,https://www.chinatimes.com/amp/realtimenews/20171217000507-263201,ea1b2642bbe0935f,TW_KHH_1967_002,1,1.0000,0.0000,1,南豐魯肉飯,primary,1.0000,dated archive/newspaper/registry-like source,1.0600,1.0000,1.0600,1.0000,target_positive,,1965,1.0000
MERGED_b26064f3c089c1,1968,1968-01-01,1946-1987_taiwan_side_formation,上富小吃店,Tainan,Taiwan,Taiwan-side,local_food_media,台南美食地圖,https://foodintainan.com.tw/uprichdishes/,rice_lunch_comparator,1968 Tainan Shangfu eatery moved during old East Gate Circle redevelopment rice lunch with meat juice and old-shop food cluster near Guorong rouzao rice,medium,Comparator for Tainan rice-lunch and meat-juice ecology rather than a specialist rouzao-rice shop.,TW_TN_SHANGFU_1968,probable,Taiwan-side,Source says the first-generation owner moved during the ROC year 57 East Gate Circle redevelopment and the shop serves rice dishes with meat juice in the same food cluster as Guorong rouzao rice.,肉汁飯,台南庶民飯食,,,https://foodintainan.com.tw/uprichdishes/,74c81623a45f8baf,TW_TN_1968_001,1,1.0000,0.0000,1,上富小吃店,secondary,0.7000,official/media curated narrative source,0.9100,1.0000,0.9100,1.0000,target_positive,,1965,1.0000
MERGED_bc5dbbbf1caf95,1968,,1946-1987_taiwan_side_formation,郭家肉燥飯,Kaohsiung,Taiwan,Taiwan-side,food_media_retrospective,WalkerLand / 敦小蓮,https://www.walkerland.com.tw/article/view/192037,old_shop_origin_candidate,1968 approximate Kaohsiung Guo family rouzao rice Jintian Road old shop fifty years history rouzao rice fish soup neighborhood breakfast lunch ecology,medium,Year inferred from 2018 source stating 50 years of history; retain as candidate until exact founding source is found.,TW_KHH_GUOJIA_1968,candidate,Taiwan-side,WalkerLand source says Guo family rouzao rice on Jintian Road had fifty years of history by 2018 and describes rouzao rice with fish soup and neighborhood meal ecology.,肉燥飯,高雄錦田路小吃,,,https://www.walkerland.com.tw/article/view/192037,9046dbd223016fe2,TW_KHH_1968_001,1,0.7027,0.2973,2,郭家肉燥飯,tertiary,0.4000,blog/review/social retrospective source,0.5519,1.0000,0.5519,1.0000,target_positive,,1965,1.0000
MERGED_397840e97840a9,1969,1969-01-01,1946-1987_taiwan_side_formation,鳳山鹹米苔目,Kaohsiung,Taiwan,Taiwan-side,food_media_retrospective,饗食客棧,https://i17fun.tw/fengshan-salty-rice-moss/,old_shop_menu_ecology,1969 Kaohsiung Fengshan salty rice moss founded ROC year 58 old shop meat sauce rice menu,medium,Not rice-specialist origin evidence; useful for Fengshan first-market old-shop ecology because source gives founding year and distinct rouzao rice menu section.,TW_KHH_FENGSHAN_MITAI_1969,probable,Taiwan-side,Source says Fengshan salty rice moss was founded in ROC year 58 and its menu/food sections include rouzao rice with braised meat sauce over white rice.,肉燥飯,高雄鳳山市場小吃,,,https://i17fun.tw/fengshan-salty-rice-moss/,a58503bd5e93f675,TW_KHH_1969_003,1,1.0000,0.0000,1,鳳山鹹米苔目,tertiary,0.4000,blog/review/social retrospective source,0.7600,1.0000,0.7600,1.0000,target_positive,,1965,1.0000
MERGED_74b1eb0f451587,1969,1969-01-01,1946-1987_taiwan_side_formation,老店柏弘肉燥,Kaohsiung,Taiwan,Taiwan-side,municipal_tourism,Kaohsiung Travel old taste zone,https://khh.travel/zh-tw/event/news/4784/,second_generation_marker,Kaohsiung Bohong rouzao rice old shop upgraded to Hongji rouzao rice traditional snacks rouzao rice leg pork rice modern style,medium,Does not resolve founding-year conflict but supports Bohong as old rouzao-rice parent brand behind Hongji.,TW_KHH_BOHONG_HONGJI,probable,Taiwan-side,Kaohsiung old-taste page describes Hongji as a modern second-generation shop upgraded from old Bohong rouzao rice.,肉燥飯,高雄左營小吃,,,https://khh.travel/zh-tw/event/news/4784/,e8e95dee982db6cd,TW_KHH_1969_002,1,0.8621,0.1379,2,老店柏弘肉燥,secondary,0.7000,official/media curated narrative source,0.8135,1.0000,0.8135,1.0000,target_positive,,1965,1.0000
MERGED_1a445676570659,1969,1969-01-01,1946-1987_taiwan_side_formation,柏弘肉燥,Kaohsiung,Taiwan,Taiwan-side,official_tourism_profile,高雄旅遊網,https://khh.travel/zh-tw/shop/gourmet/778/,dated_source_event|menu_or_dish_marker|service_or_store_format|urban_memory_or_geography,1969 柏弘肉燥 dated public source event anchors the food sign 肉燥飯 高雄肉燥 || 1969 柏弘肉燥 dish wording binds local food item to Taiwaneseness corpus 肉燥飯 高雄肉燥 || 1969 柏弘肉燥 store service format records circulation context 肉燥飯 高雄肉燥 || 1969 柏弘肉燥 urban memory and place geography support historical binding 肉燥飯 高雄肉燥,medium,Large source-diverse top-up from manually reviewed public source event; duplicate source-key checked before append.,SRC_BULK_O_011_A,probable,Taiwan-side,Bohong rouzao originated in 1969 and passed from first to third generation as Kaohsiung rouzao rice memory,肉燥飯,高雄肉燥,,,https://khh.travel/zh-tw/shop/gourmet/778/,6533bc150e28d0be,BULK_O_011_A;BULK_O_011_B;BULK_O_011_C;BULK_O_011_D,4,0.7600,0.2400,2,柏弘肉燥,secondary,0.7000,official/media curated narrative source,0.7420,1.0000,0.7420,1.0000,target_positive,,1965,1.0000
MERGED_26fa513e6ff247,1969,1969-01-01,1946-1987_taiwan_side_formation,郭家肉燥飯,Kaohsiung,Taiwan,Taiwan-side,food_blog_retrospective,披著虎皮的貓,https://rainieis.tw/2017-08-29-307/,old_shop_origin_corroboration,1969 Kaohsiung Guo family rouzao rice Jintian Road old shop southern household rouzao chicken rice menu,medium,Improves existing approximate Guo-family candidate with a separate source that gives exact 1969 founding.,TW_KHH_GUOJIA_1969_RAINIE,probable,Taiwan-side,Source says Guo family rouzao rice on Jintian Road was founded in 1969 and is a Kaohsiung old shop remembered by local diners.,肉燥飯,高雄錦田路小吃,,,https://rainieis.tw/2017-08-29-307/,557d8837017e6004,TW_KHH_1969_004,1,0.7027,0.2973,2,郭家肉燥飯,tertiary,0.4000,blog/review/social retrospective source,0.5519,1.0000,0.5519,1.0000,target_positive,,1965,1.0000
BATCH_R_011,1969,1969-01-01,1946-1987_taiwan_side_formation,弘記肉燥飯舖 as 柏弘二代店,Kaohsiung,Taiwan,Taiwan-side,public_web_profile,The Diner News,https://thedinernews.com/hung-chi-rice-shop/,source_artifact_profile,1969年創立的柏弘肉燥是高雄經典；弘記肉燥飯舖邀請柏弘肉燥第三代接班人打造二代店。,medium,Fifty-record top-up batch R; generated from 60-candidate source-artifact pool; existing source/date/brand keys skipped; not marker-split.,SRC_BATCH_R_011,probable,Taiwan-side,1969年創立的柏弘肉燥是高雄經典；弘記肉燥飯舖邀請柏弘肉燥第三代接班人打造二代店。,肉燥飯,Taiwan,,,https://thedinernews.com/hung-chi-rice-shop/,0a8262954098b705,BATCH_R_011,1,1.0000,0.0000,1,弘記肉燥飯舖 as 柏弘二代店,secondary,0.7000,default secondary classification,0.9100,1.0000,0.9100,1.0000,target_positive,,1965,1.0000
MERGED_8b089228e44764,1969,1969-01-01,1946-1987_taiwan_side_formation,柏弘肉燥,Kaohsiung,Taiwan,Taiwan-side,business_interview,iCHEF x 小日子,https://www.forward.ichefpos.com/hung-chi-rice-shop,rouzao_rice_brand_origin,1969 Kaohsiung Bohong rouzao founded rouzao rice classic local taste inherited to third generation,medium,Business interview with POS vendor; useful but should be corroborated by local press or registration data.,TW_BOHONG_1969,probable,Taiwan-side,Interview says Bohong rouzao was founded in 1969 and became a classic Kaohsiung rouzao-rice taste.,肉燥飯,高雄地方小吃,,,https://www.forward.ichefpos.com/hung-chi-rice-shop,afe9137b1a8e4909,TW_1969_001,1,0.7600,0.2400,2,柏弘肉燥,secondary,0.7000,default secondary classification,0.7420,1.0000,0.7420,1.0000,target_positive,,1965,1.0000
BATCH_U_003,1969,1969-01-01,1946-1987_taiwan_side_formation,味新餅舖 official founding page,Tainan,Taiwan,Taiwan-side,official_tourism_profile,Tainan Tourism,https://www.twtainan.net/zh-tw/shop/consume/1962/,official_shop_profile,Tainan Tourism profile states Weixin bakery was founded in 1969 and sells lu-rou bean-paste pastry and traditional cakes.,medium,Official tourism profile with exact founding year. Fifty-record top-up batch U; 200-row harvesting round checkpoint 3/4; source/date/brand key screened; not marker-split.,SRC_BATCH_U_003,probable,Taiwan,Tainan Tourism profile states Weixin bakery was founded in 1969 and sells lu-rou bean-paste pastry and traditional cakes.,魯肉豆沙;冬瓜肉餅,台南;臺灣,unknown,,https://www.twtainan.net/zh-tw/shop/consume/1962/,e966579df14b2dd2,BATCH_U_003,1,1.0000,0.0000,1,味新餅舖 official founding page,secondary,0.7000,official/media curated narrative source,0.9100,1.0000,0.9100,1.0000,target_positive,,1965,1.0000
BATCH_V_007,1965,1965-01-01,1946-1987_taiwan_side_formation,可利亞餐廳 Kaohsiung old-flavor page,Kaohsiung,Taiwan,Taiwan-side,official_event_page,Kaohsiung Travel,https://khh.travel/zh-tw/event/news/4784/,official_old_flavor_profile,Kaohsiung Travel records 可利亞餐廳 Kaohsiung old-flavor page with 烤肉;火鍋 in Kaohsiung food context.,medium,Official page but decade date Fifty-record top-up batch V; 200-row harvesting round checkpoint 4/4; source/date/brand key screened; not marker-split.,SRC_BATCH_V_007,candidate,Taiwan,Kaohsiung Travel records 可利亞餐廳 Kaohsiung old-flavor page with 烤肉;火鍋 in Kaohsiung food context.,烤肉;火鍋,高雄;臺灣,unknown,,https://khh.travel/zh-tw/event/news/4784/,d105f800815d5263,BATCH_V_007,1,1.0000,0.0000,1,可利亞餐廳 Kaohsiung old-flavor page,secondary,0.7000,official/media curated narrative source,0.9100,0.0000,0.0000,0.0000,target_dish_absent_taiwan_context,target_dish_absent_taiwan_context,1965,0.0000
BATCH_V_009,1965,1965-01-01,1946-1987_taiwan_side_formation,阿星鹹粥 food-blog founding article,Tainan,Taiwan,Taiwan-side,food_blog,MimiHan,https://mimihan.tw/tainan-porridge/,food_history_article,MimiHan records 阿星鹹粥 food-blog founding article with 鹹粥;虱目魚 in Tainan food context.,low,Food blog and decade date Fifty-record top-up batch V; 200-row harvesting round checkpoint 4/4; source/date/brand key screened; not marker-split.,SRC_BATCH_V_009,candidate,Taiwan,MimiHan records 阿星鹹粥 food-blog founding article with 鹹粥;虱目魚 in Tainan food context.,鹹粥;虱目魚,台南;臺灣,unknown,,https://mimihan.tw/tainan-porridge/,28ab651336d8e3b4,BATCH_V_009,1,1.0000,0.0000,1,阿星鹹粥 food-blog founding article,tertiary,0.4000,blog/review/social retrospective source,0.7600,0.0000,0.0000,0.0000,target_dish_absent_taiwan_context,target_dish_absent_taiwan_context,1965,0.0000
BATCH_V_005,1965,1965-01-01,1946-1987_taiwan_side_formation,阿蘭古早味 Kaohsiung old-flavor page,Kaohsiung,Taiwan,Taiwan-side,official_event_page,Kaohsiung Travel,https://khh.travel/zh-tw/event/news/4784/,official_old_flavor_profile,Kaohsiung Travel records 阿蘭古早味 Kaohsiung old-flavor page with 古早味小吃;飯食 in Kaohsiung food context.,medium,Official page but relative age Fifty-record top-up batch V; 200-row harvesting round checkpoint 4/4; source/date/brand key screened; not marker-split.,SRC_BATCH_V_005,candidate,Taiwan,Kaohsiung Travel records 阿蘭古早味 Kaohsiung old-flavor page with 古早味小吃;飯食 in Kaohsiung food context.,古早味小吃;飯食,高雄;臺灣,unknown,,https://khh.travel/zh-tw/event/news/4784/,b2536dab947104a2,BATCH_V_005,1,1.0000,0.0000,1,阿蘭古早味 Kaohsiung old-flavor page,secondary,0.7000,official/media curated narrative source,0.9100,0.0000,0.0000,0.0000,target_dish_absent_taiwan_context,target_dish_absent_taiwan_context,1965,0.0000
MERGED_999595f3362e38,1970,1970-01-01,1946-1987_taiwan_side_formation,鼎泰豐,Taipei,Taiwan,Taiwan-side,restaurant_history_secondary,Hobble Creek / Din Tai Fung sightings,https://hobblecreek.us/blog/entry/din-tai-fung-sightings,restaurant_conversion,Taipei Xinyi Road Din Tai Fung oil shop converted half shop to xiaolongbao around 1970 Taiwanese restaurant history,medium,Not lu rou fan-specific; useful only as Taiwan-side restaurant commercialization comparator.,TW_DTF_1970,probable,Taiwan-side,Secondary account says Din Tai Fung converted part of its oil shop to selling xiaolongbao around 1970.,小籠包,台灣餐飲品牌,,,https://hobblecreek.us/blog/entry/din-tai-fung-sightings,cbe1423e405e5556,TW_1970_002,1,0.7308,0.2692,2,鼎泰豐,tertiary,0.4000,blog/review/social retrospective source,0.5716,1.0000,0.5716,1.0000,target_positive,,1970,1.0000
BATCH_R_023,1970,1970-01-01,1946-1987_taiwan_side_formation,55年老店豬血大腸湯,Kaohsiung,Taiwan,Taiwan-side,municipal_profile,Kaohsiung Travel old taste zone,https://khh.travel/zh-tw/event/news/4784/,source_artifact_profile,55年老店豬血大腸湯推薦美食：大腸豬血湯配肉燥飯。,low,Fifty-record top-up batch R; generated from 60-candidate source-artifact pool; existing source/date/brand keys skipped; not marker-split.,SRC_BATCH_R_023,candidate,Taiwan-side,55年老店豬血大腸湯推薦美食：大腸豬血湯配肉燥飯。,肉燥飯;豬血湯,Taiwan,,,https://khh.travel/zh-tw/event/news/4784/,b667152de5903c7c,BATCH_R_023,1,1.0000,0.0000,2,55年老店豬血大腸湯,secondary,0.7000,official/media curated narrative source,0.9100,1.0000,0.9100,1.0000,target_positive,,1970,1.0000
MERGED_2a8ebfed9f6c33,1970,1970-01-01,1946-1987_taiwan_side_formation,廖記米糕,Kaohsiung,Taiwan,Taiwan-side,official_tourism_profile,高雄旅遊網,https://khh.travel/zh-tw/shop/gourmet/1143,dated_source_event|menu_or_dish_marker|service_or_store_format|urban_memory_or_geography,1970 廖記米糕 dated public source event anchors the food sign 米糕;肉燥 高雄橋頭 || 1970 廖記米糕 dish wording binds local food item to Taiwaneseness corpus 米糕;肉燥 高雄橋頭 || 1970 廖記米糕 store service format records circulation context 米糕;肉燥 高雄橋頭 || 1970 廖記米糕 urban memory and place geography support historical binding 米糕;肉燥 高雄橋頭,low,Large source-diverse top-up from manually reviewed public source event; duplicate source-key checked before append.,SRC_BULK_O_013_A,candidate,Taiwan-side,Liaoji rice cake is a Qiaotou old-street classic run by the third generation with rice cake and rouzao sauce,米糕;肉燥,高雄橋頭,,,https://khh.travel/zh-tw/shop/gourmet/1143,f6af3b24530bf66e,BULK_O_013_A;BULK_O_013_B;BULK_O_013_C;BULK_O_013_D,4,1.0000,0.0000,1,廖記米糕,secondary,0.7000,official/media curated narrative source,0.9100,1.0000,0.9100,1.0000,target_positive,,1970,1.0000
MERGED_bd328fdf3d5194,1970,1970-01-01,1946-1987_taiwan_side_formation,鴨肉珍,Kaohsiung,Taiwan,Taiwan-side,official_tourism_profile,高雄旅遊網,https://khh.travel/zh-tw/shop/gourmet/796/,dated_source_event|menu_or_dish_marker|service_or_store_format|urban_memory_or_geography,1970 鴨肉珍 dated public source event anchors the food sign 鴨肉飯;肉燥 高雄鹽埕 || 1970 鴨肉珍 dish wording binds local food item to Taiwaneseness corpus 鴨肉飯;肉燥 高雄鹽埕 || 1970 鴨肉珍 store service format records circulation context 鴨肉飯;肉燥 高雄鹽埕 || 1970 鴨肉珍 urban memory and place geography support historical binding 鴨肉飯;肉燥 高雄鹽埕,low,Large source-diverse top-up from manually reviewed public source event; duplicate source-key checked before append.,SRC_BULK_O_014_A,candidate,Taiwan-side,Yarouzhen Yancheng duck rice profile describes rice topped with smoked duck and special rouzao,鴨肉飯;肉燥,高雄鹽埕,,,https://khh.travel/zh-tw/shop/gourmet/796/,97601151cdb7b33e,BULK_O_014_A;BULK_O_014_B;BULK_O_014_C;BULK_O_014_D,4,1.0000,0.0000,1,鴨肉珍,secondary,0.7000,official/media curated narrative source,0.9100,1.0000,0.9100,1.0000,target_positive,,1970,1.0000
MERGED_73f9302fadaa97,1970,1970-01-01,1946-1987_taiwan_side_formation,博義師燒肉飯,Kaohsiung,Taiwan,Taiwan-side,travel_feature,Smile Taiwan,https://smiletaiwan.cw.com.tw/article/5185,comparative_rice_market,1970 Kaohsiung grilled pork rice developed against common southern rouzao lu rou leg-pork rice,medium,Not rouzao-rice itself but a strong comparator for southern meat-over-rice market structure in 1970.,TW_BOYISHI_1970,probable,Taiwan-side,Smile Taiwan says the founder saw an opportunity against common southern rouzao lu rou and leg-pork rice formats and began grilled pork rice in 1970.,肉燥飯;滷肉飯,高雄肉飯市場,,,https://smiletaiwan.cw.com.tw/article/5185,12d335e024dd2f6a,TW_1970_003,1,1.0000,0.0000,1,博義師燒肉飯,secondary,0.7000,default secondary classification,0.9100,1.0000,0.9100,1.0000,target_positive,,1970,1.0000
BATCH_U_011,1970,1970-01-01,1946-1987_taiwan_side_formation,博義師燒肉飯 media founding article,Kaohsiung,Taiwan,Taiwan-side,media_food_feature,CommonWealth Smile Taiwan,https://smiletaiwan.cw.com.tw/article/5185,food_history_article,Smile Taiwan feature states Boyishi roast-pork rice was founded in 1970 and developed a localized grilled-rice format beside meat-sauce rice.,medium,Media feature with exact founding year. Fifty-record top-up batch U; 200-row harvesting round checkpoint 3/4; source/date/brand key screened; not marker-split.,SRC_BATCH_U_011,probable,Taiwan,Smile Taiwan feature states Boyishi roast-pork rice was founded in 1970 and developed a localized grilled-rice format beside meat-sauce rice.,燒肉飯;肉燥飯;滷肉飯,高雄;臺灣,unknown,,https://smiletaiwan.cw.com.tw/article/5185,46619ec84c00d9c2,BATCH_U_011,1,1.0000,0.0000,1,博義師燒肉飯 media founding article,secondary,0.7000,default secondary classification,0.9100,1.0000,0.9100,1.0000,target_positive,,1970,1.0000
MERGED_b3a6151e0e461c,1970,1970-01-01,1946-1987_taiwan_side_formation,冬粉王,Kaohsiung,Taiwan,Taiwan-side,food_tv_listing,TVBS Supertaste,https://supertaste.tvbs.com.tw/infocard/7196,old_shop_origin,1970 Kaohsiung Yancheng old shop dry vermicelli meat sauce adjacent rouzao rice food ecology,medium,Not a rice specialist; retained as local small-food ecology around rouzao seasoning.,TW_DONGFENWANG_1970,probable,Taiwan-side,TVBS listing says Dongfenwang was founded in 1970 and presents dry vermicelli with sauce in the same Kaohsiung old-shop ecology.,肉燥,高雄鹽埕小吃,,,https://supertaste.tvbs.com.tw/infocard/7196,b25029a8466fe725,TW_1970_004,1,1.0000,0.0000,1,冬粉王,secondary,0.7000,default secondary classification,0.9100,1.0000,0.9100,1.0000,target_positive,,1970,1.0000
MERGED_d74bd219500d5d,1970,1970-01-01,1946-1987_taiwan_side_formation,福榮小吃店,Tainan,Taiwan,Taiwan-side,official_tourism_profile,台南旅遊網,https://www.twtainan.net/zh-tw/shop/consume/1115/,generational_handover|fried_noodle_rouzao_service|dated_source_event|menu_or_dish_marker|service_or_store_format|urban_memory_or_geography,1970 Tainan Furong snack shop third generation inherited noodle stall with meat sauce service continuity || 1970 Tainan Furong fried noodles softened and served with rouzao quick-service method || 1970 福榮小吃店 dated public source event anchors the food sign 意麵;肉燥 台南意麵 || 1970 福榮小吃店 dish wording binds local food item to Taiwaneseness corpus 意麵;肉燥 台南意麵 || 1970 福榮小吃店 store service format records circulation context 意麵;肉燥 台南意麵 || 1970 福榮小吃店 urban memory and place geography support historical binding 意麵;肉燥 台南意麵,medium,Official tourism page gives exact ROC year 59 third-generation takeover and links the shop to long-running rouzao noodle practice. || Same official page records the shop's distinctive noodle-plus-rouzao serving mode as part of its inherited practice. || Large source-diverse top-up from manually reviewed public source event; duplicate source-key checked before append.,TW_FURONG_1970_HANDOVER,probable,Taiwan-side,Official page says third-generation operator Ye Rui-rong inherited the noodle stall in ROC year 59 after the family had long served fried noodles topped with rouzao. || Official page says Furong used pre-fried cooked noodles that were softened and served with rouzao while reducing cooking time and keeping a distinctive aroma. || Furong snack shop third generation inherited the noodle stall in ROC 59 and served fried noodles with rouzao,肉燥;意麵,台南意麵傳承;台南意麵肉燥;台南意麵,,,https://www.twtainan.net/zh-tw/shop/consume/1115/,8fb63245c70bf696,TW_TN_1970_001;TW_TN_1970_002;BULK_O_010_A;BULK_O_010_B;BULK_O_010_C;BULK_O_010_D,6,1.0000,0.0000,1,福榮小吃店,secondary,0.7000,official/media curated narrative source,0.9100,1.0000,0.9100,1.0000,target_positive,,1970,1.0000
MERGED_9e0e93caeebcb9,1971,1971-01-01,1946-1987_taiwan_side_formation,滿庭香魯肉飯,Taipei,Taiwan,Taiwan-side,oral_history_project,NCAFROC archive / postwar Shuanglian oral history,https://archive.ncafroc.org.tw/upload/result/21083-A1001/%E7%8E%8B%E5%BA%AD%E7%8F%8A%E3%80%8C%E5%86%8D%E7%8F%BE%E6%88%B0%E5%BE%8C%E9%9B%99%E9%80%A3%E5%9C%A8%E5%9C%B0%E8%A8%98%E6%86%B6%E5%8F%A3%E8%BF%B0%E6%AD%B7%E5%8F%B2%E8%AA%BF%E6%9F%A5%E8%A8%88%E7%95%AB%E3%80%8D%E8%87%AA%E9%81%B8%E9%83%A8%E5%88%86%E7%AB%A0%E7%AF%80_1655188846159.pdf,stall_relocation_oral_history,1971 Minsheng West Road Chongqing North Road widening open-air stalls concentrated railway restaurant Mantingxiang moved to Shuanglian Street,high,Spatial attestation for how road works reshaped the Taipei lu rou fan stall geography.,TW_MANTINGXIANG_1971,probable,Taiwan-side,Oral-history account says road widening in 1971 moved Minsheng open-air stall operators and Mantingxiang found a shop nearby.,滷肉飯,台北小吃,,,https://archive.ncafroc.org.tw/upload/result/21083-A1001/%E7%8E%8B%E5%BA%AD%E7%8F%8A%E3%80%8C%E5%86%8D%E7%8F%BE%E6%88%B0%E5%BE%8C%E9%9B%99%E9%80%A3%E5%9C%A8%E5%9C%B0%E8%A8%98%E6%86%B6%E5%8F%A3%E8%BF%B0%E6%AD%B7%E5%8F%B2%E8%AA%BF%E6%9F%A5%E8%A8%88%E7%95%AB%E3%80%8D%E8%87%AA%E9%81%B8%E9%83%A8%E5%88%86%E7%AB%A0%E7%AF%80_1655188846159.pdf,01d395e1741a1db5,TW_1971_001,1,0.8750,0.1250,2,滿庭香魯肉飯,primary,1.0000,dated archive/newspaper/registry-like source,0.9725,1.0000,0.9725,1.0000,target_positive,,1970,1.0000
MERGED_bd177c9dc22ebb,1971,1971-01-01,1946-1987_taiwan_side_formation,老店柏弘肉燥,Kaohsiung,Taiwan,Taiwan-side,news_report,NOWnews,https://www.nownews.com/amp/news/6762033,date_discrepancy_corroboration,ROC year 60 Kaohsiung Bohong rouzao third generation Michelin local rouzao rice champion,medium,Conflicts with another harvested source that gives 1969; retained as candidate until founding date is reconciled.,TW_BOHONG_1971_CONFLICT,candidate,Taiwan-side,NOWnews says Bohong rouzao was founded in ROC year 60 and became a third-generation Kaohsiung rouzao rice shop.,肉燥飯,高雄地方小吃,,,https://www.nownews.com/amp/news/6762033,1944213ae8fab409,TW_1971_002,1,0.8621,0.1379,2,老店柏弘肉燥,secondary,0.7000,default secondary classification,0.8135,1.0000,0.8135,1.0000,target_positive,,1970,1.0000
MERGED_72cf6377584e60,1971,1971-01-01,1946-1987_taiwan_side_formation,老店柏弘肉燥飯,Kaohsiung,Taiwan,Taiwan-side,platform_menu,Ubr Eats Taiwan,https://www.ubereats.com/tw/store/%E8%80%81%E5%BA%97%E6%9F%8F%E5%BC%98%E8%82%89%E7%87%A5%E9%A3%AF/_7JWzWKSUvmYv0n98TZjRQ,merchant_self_description,1971 Kaohsiung Bohong rouzao rice first generation founded early ROC 60s Taiwan hometown taste domestic pork,medium,Platform menu/self-description gives detailed merchant origin narrative; useful but platform-mediated so keep as probable with platform caveat.,TW_KHH_BOHONG_1971_UBER,probable,Taiwan-side,Uber Eats merchant description says first-generation Li Longhua founded the shop in the early ROC 60s and the third generation uses rouzao rice to transmit Taiwan hometown taste.,肉燥飯,台灣家鄉味,,,https://www.ubereats.com/tw/store/%E8%80%81%E5%BA%97%E6%9F%8F%E5%BC%98%E8%82%89%E7%87%A5%E9%A3%AF/_7JWzWKSUvmYv0n98TZjRQ,42de1bf394c8b8c9,TW_KHH_1971_003,1,1.0000,0.0000,1,老店柏弘肉燥飯,secondary,0.7000,default secondary classification,0.9100,1.0000,0.9100,1.0000,target_positive,,1970,1.0000
BATCH_Q_047,1971,1971-01-01,1946-1987_taiwan_side_formation,東一排骨,Taipei,Taiwan,Taiwan-side,reference_profile,Wikipedia 東一排骨,https://zh.wikipedia.org/wiki/%E6%9D%B1%E4%B8%80%E6%8E%92%E9%AA%A8,reference_brand_history,1971 東一排骨 page anchors Taiwanese bento and lu rou fan menu in Taipei popular food history,medium,Fifty-record top-up batch Q; source-artifact unit checked against existing source/date/brand keys; not marker-split.,SRC_BATCH_Q_047,probable,Taiwan-side,Reference page says 東一排骨 was founded in 1971 and serves Taiwanese-style pork chop rice and half-cooked egg lu rou fan,排骨飯;滷肉飯,臺式料理;台北,,,https://zh.wikipedia.org/wiki/%E6%9D%B1%E4%B8%80%E6%8E%92%E9%AA%A8,6df71f3c3db40381,BATCH_Q_047,1,1.0000,0.0000,1,東一排骨,secondary,0.7000,default secondary classification,0.9100,1.0000,0.9100,1.0000,target_positive,,1970,1.0000
MERGED_0ff83978df7f11,1972,1972-01-01,1946-1987_taiwan_side_formation,鼎泰豐,Taipei,Taiwan,Taiwan-side,restaurant_history_secondary,Hobble Creek / Din Tai Fung sightings,https://hobblecreek.us/blog/entry/din-tai-fung-sightings,restaurant_conversion,Taipei Din Tai Fung stopped selling oil and became full restaurant in 1972,medium,Comparator for restaurantization and later transnational Taiwanese branding; not lu rou fan-specific.,TW_DTF_1972,probable,Taiwan-side,Secondary account says Din Tai Fung became a full restaurant in 1972 after xiaolongbao sales grew.,小籠包,台灣餐飲品牌,,,https://hobblecreek.us/blog/entry/din-tai-fung-sightings,876740ff1607970f,TW_1972_001,1,0.7308,0.2692,2,鼎泰豐,tertiary,0.4000,blog/review/social retrospective source,0.5716,1.0000,0.5716,1.0000,target_positive,,1970,1.0000
BATCH_R_006,1972,1972-01-01,1946-1987_taiwan_side_formation,江川肉燥飯 official tourism profile,Tainan,Taiwan,Taiwan-side,municipal_profile,Tainan Tourism,https://www.twtainan.net/zh-tw/shop/consume/1484/,source_artifact_profile,江川肉燥飯已經開業超過半世紀，目前還是維持著傳統飯桌方式經營。,low,Fifty-record top-up batch R; generated from 60-candidate source-artifact pool; existing source/date/brand keys skipped; not marker-split.,SRC_BATCH_R_006,candidate,Taiwan-side,江川肉燥飯已經開業超過半世紀，目前還是維持著傳統飯桌方式經營。,肉燥飯,Taiwan,,,https://www.twtainan.net/zh-tw/shop/consume/1484/,376a639520746860,BATCH_R_006,1,1.0000,0.0000,1,江川肉燥飯 official tourism profile,secondary,0.7000,official/media curated narrative source,0.9100,1.0000,0.9100,1.0000,target_positive,,1970,1.0000
BATCH_R_005,1972,1972-01-01,1946-1987_taiwan_side_formation,泉成點心店,Tainan,Taiwan,Taiwan-side,municipal_profile,Tainan Tourism,https://www.twtainan.net/zh-tw/shop/consume/2059/,source_artifact_profile,50年老店，店裡包含麵食、肉燥飯、炸蝦卷、炸花枝、炸蝦丸、虱目魚丸、魚皮湯。,low,Fifty-record top-up batch R; generated from 60-candidate source-artifact pool; existing source/date/brand keys skipped; not marker-split.,SRC_BATCH_R_005,candidate,Taiwan-side,50年老店，店裡包含麵食、肉燥飯、炸蝦卷、炸花枝、炸蝦丸、虱目魚丸、魚皮湯。,肉燥飯,Taiwan,,,https://www.twtainan.net/zh-tw/shop/consume/2059/,2275cd9b6dcb5fb9,BATCH_R_005,1,1.0000,0.0000,1,泉成點心店,secondary,0.7000,official/media curated narrative source,0.9100,1.0000,0.9100,1.0000,target_positive,,1970,1.0000
MERGED_8aa66c8607e7e8,1973,1973-01-01,1946-1987_taiwan_side_formation,施家麻油腰花,Taipei,Taiwan,Taiwan-side,food_blog_retrospective,阿球出任務,https://aball.tw/shi-sesame-chicken/,old_shop_origin_and_menu,1973 Taipei Shijia opened by Songshan temple lu rou fan menu long-strip braised pork,medium,Second source for same shop; retained because it supplies more detailed menu/texture description of lu rou fan.,TW_TPE_SHIJIA_1973_ABALL,probable,Taiwan-side,Source says Shijia opened in 1973 / ROC year 62 near Songshan Songde temple and lists lu rou fan as a key menu item.,魯肉飯,台北松山路小吃,,,https://aball.tw/shi-sesame-chicken/,97b9a7e320584c60,TW_TPE_1973_002,1,0.7297,0.2703,2,施家麻油腰花,tertiary,0.4000,blog/review/social retrospective source,0.5708,1.0000,0.5708,1.0000,target_positive,,1970,1.0000
MERGED_89286b8e794f32,1973,1973-01-01,1946-1987_taiwan_side_formation,施家麻油腰花,Taipei,Taiwan,Taiwan-side,food_media_listing,TVBS 食尚玩家,https://supertaste.tvbs.com.tw/review/352551,old_shop_menu_ecology,1973 Taipei Shijia sesame-oil kidney old shop started ROC year 62 lu rou fan common ordered item,medium,Not a lu rou fan specialist; retained as Taipei night-market/old-shop menu ecology because source states ROC year 62 operation and lu rou fan is a common item.,TW_TPE_SHIJIA_1973_TVBS,probable,Taiwan-side,TVBS says Shijia began operating in ROC year 62 and that lu rou fan is almost universally ordered with the sesame-oil kidney soup.,魯肉飯,台北松山路小吃,,,https://supertaste.tvbs.com.tw/review/352551,da4e1a610a5f5d97,TW_TPE_1973_001,1,0.7297,0.2703,2,施家麻油腰花,secondary,0.7000,official/media curated narrative source,0.7208,1.0000,0.7208,1.0000,target_positive,,1970,1.0000
BATCH_R_014,1973,1973-01-01,1946-1987_taiwan_side_formation,美月鴨肉飯,Tainan,Taiwan,Taiwan-side,municipal_profile,Tainan Tourism local-food route,https://www.twtainan.net/only-for-member/zh-tw/event/newsdetail/5560,source_artifact_profile,美月鴨肉飯以鴨肉飯、肉燥飯與鴨肉料理為主打，淋上獨家滷汁。,low,Fifty-record top-up batch R; generated from 60-candidate source-artifact pool; existing source/date/brand keys skipped; not marker-split.,SRC_BATCH_R_014,candidate,Taiwan-side,美月鴨肉飯以鴨肉飯、肉燥飯與鴨肉料理為主打，淋上獨家滷汁。,鴨肉飯;肉燥飯,Taiwan,,,https://www.twtainan.net/only-for-member/zh-tw/event/newsdetail/5560,e3d1fc84591cec75,BATCH_R_014,1,1.0000,0.0000,1,美月鴨肉飯,secondary,0.7000,official/media curated narrative source,0.9100,1.0000,0.9100,1.0000,target_positive,,1970,1.0000
BATCH_U_012,1970,1970-01-01,1946-1987_taiwan_side_formation,冬粉王 TVBS founding card,Kaohsiung,Taiwan,Taiwan-side,media_food_card,TVBS 食尚玩家,https://supertaste.tvbs.com.tw/infocard/7196,food_history_card,TVBS food card states Dongfenwang was founded in 1970 as a Kaohsiung old shop.,medium,Media food card with exact founding year. Fifty-record top-up batch U; 200-row harvesting round checkpoint 3/4; source/date/brand key screened; not marker-split.,SRC_BATCH_U_012,probable,Taiwan,TVBS food card states Dongfenwang was founded in 1970 as a Kaohsiung old shop.,冬粉湯;乾冬粉,高雄;臺灣,unknown,,https://supertaste.tvbs.com.tw/infocard/7196,67cc1f6678d7aed5,BATCH_U_012,1,1.0000,0.0000,1,冬粉王 TVBS founding card,secondary,0.7000,default secondary classification,0.9100,0.0000,0.0000,0.0000,target_dish_absent_taiwan_context,target_dish_absent_taiwan_context,1970,0.0000
BATCH_V_016,1970,1970-01-01,1946-1987_taiwan_side_formation,冬粉王 second source blog article V,Kaohsiung,Taiwan,Taiwan-side,food_blog,Rainieis.tw,https://rainieis.tw/dongfenwang/,food_history_article,Rainieis.tw records 冬粉王 second source blog article V with 冬粉湯;乾冬粉 in Kaohsiung food context.,low,Food blog second source Fifty-record top-up batch V; 200-row harvesting round checkpoint 4/4; source/date/brand key screened; not marker-split.,SRC_BATCH_V_016,candidate,Taiwan,Rainieis.tw records 冬粉王 second source blog article V with 冬粉湯;乾冬粉 in Kaohsiung food context.,冬粉湯;乾冬粉,高雄;臺灣,unknown,,https://rainieis.tw/dongfenwang/,1abd303238e3617b,BATCH_V_016,1,1.0000,0.0000,1,冬粉王 second source blog article V,tertiary,0.4000,blog/review/social retrospective source,0.7600,0.0000,0.0000,0.0000,target_dish_absent_taiwan_context,target_dish_absent_taiwan_context,1970,0.0000
MERGED_3884c6699e89dd,1970,1970-01-01,1946-1987_taiwan_side_formation,青葉食品工業,Taipei,Taiwan,Taiwan-side,official_brand_history,Ching Yeh Food / 青葉飯擔,https://www.chinyeh-fandan.com.tw/pages/about,processed_food_extension,1970 Ching Yeh Food canned lu rou rice meat sauce gua zai rou Tai-cai canned food production,high,Early industrial/packaged extension of lu rou rice flavor; useful for commodity-form layer before internet platformization.,TW_CHINGYEH_1970,probable,Taiwan-side,Official history says Ching Yeh Food began producing canned lu rou rice and related meat sauces in 1970.,嚕肉飯,台菜罐頭,,,https://www.chinyeh-fandan.com.tw/pages/about,a360ac2862d26044,TW_1970_001,1,1.0000,0.0000,1,青葉食品工業,secondary,0.7000,official/media curated narrative source,0.9100,0.0000,0.0000,0.0000,target_dish_absent_taiwan_context,target_dish_absent_taiwan_context,1970,0.0000
SRC_NTPT_1975_LIANWU_LURou,1975,,1946-1987_taiwan_side_formation,蓮霧魯肉飯,New Taipei,,Taiwan-side,official_tourism_profile,New Taipei City Travel,https://newtaipei.travel/zh-tw/shop/detail/207798,shop_profile,1975 New Taipei Lianwu lu rou fan old-shop profile,medium,Official New Taipei shop profile; exact ROC founding year and lu rou fan marker.,SRC_NTPT_1975_LIANWU_LURou,probable,Taiwan-side,民國64年開店至今，是三重地區頗富盛名的老字號小吃；老闆長大後賣魯肉飯，便乾脆引為店名。,魯肉飯;肉燥,新北三重,,,https://newtaipei.travel/zh-tw/shop/detail/207798,,SRC_NTPT_1975_LIANWU_LURou,1,,,,,,,,0.5600,1.0000,0.5600,1.0000,target_positive,,1975,1.0000
BATCH_V_015,1975,1975-01-01,1946-1987_taiwan_side_formation,豐榮肉丸 local food article,Tainan,Taiwan,Taiwan-side,food_blog,Tainan Food Eat,https://tainanfoodeat.blogspot.com/2023/03/fengrong-meatball.html,food_history_article,Tainan Food Eat records 豐榮肉丸 local food article with 肉圓;肉燥飯 in Tainan food context.,low,Food blog and decade date Fifty-record top-up batch V; 200-row harvesting round checkpoint 4/4; source/date/brand key screened; not marker-split.,SRC_BATCH_V_015,candidate,Taiwan,Tainan Food Eat records 豐榮肉丸 local food article with 肉圓;肉燥飯 in Tainan food context.,肉圓;肉燥飯,台南;臺灣,unknown,,https://tainanfoodeat.blogspot.com/2023/03/fengrong-meatball.html,e982b1e1d26e099f,BATCH_V_015,1,1.0000,0.0000,1,豐榮肉丸 local food article,tertiary,0.4000,blog/review/social retrospective source,0.7600,1.0000,0.7600,1.0000,target_positive,,1975,1.0000
BATCH_Q_046,1975,1975-01-01,1946-1987_taiwan_side_formation,小王煮瓜 airport branch profile,Taipei,Taiwan,Taiwan-side,food_media_profile,輕旅行 Travel Yam,https://travel.yam.com/article/135254,media_brand_profile,1975 airport food profile frames 小王煮瓜 black-gold lu rou fan as a Taiwan taste exported to airport space,medium,Fifty-record top-up batch Q; source-artifact unit checked against existing source/date/brand keys; not marker-split.,SRC_BATCH_Q_046,probable,Taiwan-side,Travel Yam airport food article says 小王煮瓜 began in 1975 and highlights black-gold 滷肉飯 as Taiwan flavor,滷肉飯,台灣味;華西街,,,https://travel.yam.com/article/135254,8e3f0dadc259d121,BATCH_Q_046,1,1.0000,0.0000,1,小王煮瓜 airport branch profile,secondary,0.7000,official/media curated narrative source,0.9100,1.0000,0.9100,1.0000,target_positive,,1975,1.0000
BATCH_Q_045,1975,1975-01-01,1946-1987_taiwan_side_formation,小王煮瓜,Taipei,Taiwan,Taiwan-side,official_brand_page,小王煮瓜 official page,https://wangsbroth.com/,official_brand_history,1975 小王煮瓜 official page anchors black-gold lu rou fan and clear gua-zai-rou soup in Huaxi Street,medium,Fifty-record top-up batch Q; source-artifact unit checked against existing source/date/brand keys; not marker-split.,SRC_BATCH_Q_045,probable,Taiwan-side,Official page says 小王煮瓜 formerly 小王清湯瓜仔肉 was founded in 1975 and is known for 滷肉飯 and 清湯瓜仔肉,滷肉飯;清湯瓜仔肉,台北華西街;台灣小吃,,,https://wangsbroth.com/,bd3c17d26d280743,BATCH_Q_045,1,1.0000,0.0000,1,小王煮瓜,secondary,0.7000,official/media curated narrative source,0.9100,1.0000,0.9100,1.0000,target_positive,,1975,1.0000
MERGED_29961f6e31d887,1977,1977-01-01,1946-1987_taiwan_side_formation,丸林魯肉飯,Taipei,Taiwan,Taiwan-side,food_logistics_media,T-Cat black cat food map,https://www.t-cat.com.tw/foodmap/hometown-detail.aspx?h_id=5&h_name=%E5%8F%B0%E5%8C%97&key=1,restaurant_origin_retro,1960s Taipei Roundabout Longfeng lu rou fan apprenticeship 1977 Nong'an Street Wanlin lu rou fan founding taxi drivers,medium,Retrospective source; good for training/apprenticeship and taxi-driver customer geography.,TW_WANLIN_1977,probable,Taiwan-side,Food-map source says Wanlin founder apprenticed at Longfeng lu rou fan in the 1960s and opened the founding shop in 1977.,魯肉飯,台北圓環小吃,,,https://www.t-cat.com.tw/foodmap/hometown-detail.aspx?h_id=5&h_name=%E5%8F%B0%E5%8C%97&key=1,d432d332a78f60c0,TW_1977_001,1,0.7188,0.2812,2,丸林魯肉飯,secondary,0.7000,default secondary classification,0.7132,1.0000,0.7132,1.0000,target_positive,,1975,1.0000
MERGED_939078dd529e8e,1977,1977-01-01,1946-1987_taiwan_side_formation,丸林魯肉飯,Taipei,Taiwan,Taiwan-side,brand_food_map,T-Cat black cat food map,https://www.t-cat.com.tw/foodmap/shop.aspx?id=7,restaurant_origin_retro,1977 Wanlin lu rou fan Nong'an Street founding taxi drivers Taipei Roundabout Longfeng apprenticeship,medium,More focused shop page for Wanlin than prior broader food-map page; useful for origin and customer-base coding.,TW_WANLIN_1977_SHOP,probable,Taiwan-side,T-Cat shop page says Wanlin founded its original Nong'an Street shop in 1977 after the founder apprenticed around Taipei Roundabout lu rou fan.,魯肉飯,台北圓環小吃,,,https://www.t-cat.com.tw/foodmap/shop.aspx?id=7,8b386db33d3854fc,TW_1977_002,1,0.7188,0.2812,2,丸林魯肉飯,secondary,0.7000,default secondary classification,0.7132,1.0000,0.7132,1.0000,target_positive,,1975,1.0000
BATCH_S_003,1978,1978-01-01,1946-1987_taiwan_side_formation,阿江鱔魚意麵,Tainan,Taiwan,Taiwan-side,public_web_profile,FonFood store profile,https://www.fonfood.com/store/159241,source_artifact_profile,阿江鱔魚意麵創立於1978年，以獨特醬汁炒鱔魚聞名，菜單列鱔魚意麵與肉燥飯。,medium,Fifty-record top-up batch S; 200-row harvesting round checkpoint 1/4; source/date/brand key screened; not marker-split.,SRC_BATCH_S_003,probable,Taiwan-side,阿江鱔魚意麵創立於1978年，以獨特醬汁炒鱔魚聞名，菜單列鱔魚意麵與肉燥飯。,肉燥飯;鱔魚意麵,Taiwan,,,https://www.fonfood.com/store/159241,3c81b3baa1d1ee3a,BATCH_S_003,1,1.0000,0.0000,1,阿江鱔魚意麵,secondary,0.7000,default secondary classification,0.9100,1.0000,0.9100,1.0000,target_positive,,1975,1.0000
BATCH_S_002,1978,1978-01-01,1946-1987_taiwan_side_formation,清根魚湯,Tainan,Taiwan,Taiwan-side,public_web_profile,WalkerLand 樂天小高,https://www.walkerland.com.tw/article/view/167134,source_artifact_profile,清根魚湯創立於1978年1月1日，牆面菜單有肉燥飯、魚酥肉飯、香菇肉飯與各式魚料理。,medium,Fifty-record top-up batch S; 200-row harvesting round checkpoint 1/4; source/date/brand key screened; not marker-split.,SRC_BATCH_S_002,probable,Taiwan-side,清根魚湯創立於1978年1月1日，牆面菜單有肉燥飯、魚酥肉飯、香菇肉飯與各式魚料理。,肉燥飯;魚湯,Taiwan,,,https://www.walkerland.com.tw/article/view/167134,668b83e82294df40,BATCH_S_002,1,1.0000,0.0000,1,清根魚湯,secondary,0.7000,default secondary classification,0.9100,1.0000,0.9100,1.0000,target_positive,,1975,1.0000
MERGED_8ddb1f3aa9e486,1979,1979-01-01,1946-1987_taiwan_side_formation,大鼎豬血湯,Taipei,Taiwan,Taiwan-side,food_media_listing,TVBS 食尚玩家,https://supertaste.tvbs.com.tw/infocard/26983,old_shop_menu_ecology,1979 Taipei Dading pig-blood soup founded ROC year 68 lu rou fan menu item,medium,Not a lu rou fan specialist; useful for Taipei old-shop rice/soup pairing ecology and post-1970s menu platforming.,TW_TPE_DADING_1979,probable,Taiwan-side,TVBS listing says Dading pig-blood soup was founded in ROC year 68 and includes lu rou fan as a menu item.,滷肉飯,台北延吉街小吃,,,https://supertaste.tvbs.com.tw/infocard/26983,dad56503fb915cf3,TW_TPE_1979_001,1,1.0000,0.0000,1,大鼎豬血湯,secondary,0.7000,official/media curated narrative source,0.9100,1.0000,0.9100,1.0000,target_positive,,1975,1.0000
SRC_R010B03_TW_MATSU_XIEHE_1976_OFFICIAL,1976,2026-03-10,1946-1987_taiwan_side_formation,發師傅 協和食品行,Lienchiang,Taiwan,Taiwan-side,official_open_data,Taiwan Tourism Administration Open Multimedia Data,https://media.taiwan.net.tw/zh-tw/portal/travel/details/restaurant_a15010500h_002856,official_restaurant_open_data,1976 Matsu official open-data page classifies Xiehe Foods as Taiwanese cuisine and describes Matsu pastries and traditional foods,high,Official Matsu National Scenic Area page gives direct 1976 founding evidence and 2026 update date. Duplicate source-url and artifact-key checked against Round010 overlay before append; one row represents one source artifact.,SRC_R010B03_TW_MATSU_XIEHE_1976_OFFICIAL,verified,Taiwan-side,資料更新日期時間 2026-03-10T15:29:54+08:00；餐飲店家類型：台灣小吃/台菜；協和食品行創立於1976年，於北竿塘岐延續馬祖傳統美食，包括馬祖酥、芙蓉酥、蘿蔔絲餅、黃金地瓜餃與婚慶禮餅。,馬祖酥;芙蓉酥;蘿蔔絲餅;黃金地瓜餃,台灣小吃/台菜;馬祖傳統美食,,,https://media.taiwan.net.tw/zh-tw/portal/travel/details/restaurant_a15010500h_002856,e2de13deede5cbdc,SRC_R010B03_TW_MATSU_XIEHE_1976_OFFICIAL,1,0.9000,0.1000,1,發師傅 協和食品行,secondary,0.7000,official Taiwan Tourism Administration open-data or Michelin-derived tourism source with direct date evidence,0.8400,0.0000,0.0000,0.0000,target_dish_absent_taiwan_context,target_dish_absent_taiwan_context,1975,0.0000
SRC_KHHSHOP_1977_JIBO,1977,,1946-1987_taiwan_side_formation,雞伯,Kaohsiung,,Taiwan-side,official_tourism_profile,Kaohsiung Travel,https://khh.travel/zh-tw/shop/gourmet/783/,shop_profile,1977 Kaohsiung Ji Bo traditional Taiwanese-style restaurant profile,medium,Official Kaohsiung shop profile; exact founding year and Taiwan-style restaurant marker.,SRC_KHHSHOP_1977_JIBO,probable,Taiwan-side,雞伯創立於民國66年（西元1977年），以土雞肉料理為主的傳統特色餐廳，現今已傳承至第三代，是代代相傳富有濃厚傳統色彩的台式餐廳。,台式餐廳,高雄,,,https://khh.travel/zh-tw/shop/gourmet/783/,,SRC_KHHSHOP_1977_JIBO,1,,,,,,,,0.5600,0.0000,0.0000,0.0000,target_dish_absent_taiwan_context,target_dish_absent_taiwan_context,1975,0.0000
MERGED_daf6a6e34e829b,1977,1977-01-01,1946-1987_taiwan_side_formation,欣葉台菜,Taipei,Taiwan,Taiwan-side,official_brand_profile,欣葉國際餐飲集團,https://www.shinyeh.com.tw/content/zh/brand/About.aspx?BrandId=1,tai_cai_restaurantization,1977 Taipei Shinyeh Tai-cai restaurant Shuangcheng Street Taiwanese banquet cuisine lu rou home-style dishes,high,Official brand profile gives exact origin year and explicitly frames Shinyeh as changing Taiwan-cuisine restaurantization beyond snack stalls.,TW_SHINYEH_1977,probable,Taiwan-side,Official Shinyeh profile says Shinyeh Tai-cai began on Shuangcheng Street in Taipei in 1977 and expanded Taiwan cuisine from snacks toward banquet and home-style dishes including lu rou.,滷肉;台菜,台菜餐廳化;台灣美食拼圖,Taiwan restaurant operator,Taiwan,https://www.shinyeh.com.tw/content/zh/brand/About.aspx?BrandId=1,e272418f60c38739,TW_1977_003,1,1.0000,0.0000,1,欣葉台菜,secondary,0.7000,official/media curated narrative source,0.9100,0.0000,0.0000,0.0000,target_dish_absent_taiwan_context,target_dish_absent_taiwan_context,1975,0.0000
BATCH_Q_048,1980,1980-01-01,1946-1987_taiwan_side_formation,永富魚丸店,Taipei,Taiwan,Taiwan-side,food_media_profile,一起吃美食,https://go.17eat.com/151/,media_old_shop_profile,1980s 永富魚丸店 profile records Ximending old-shop snack ecology including lu rou fan,low,Fifty-record top-up batch Q; source-artifact unit checked against existing source/date/brand keys; not marker-split. Relative decade source; retained as candidate not probable.,SRC_BATCH_Q_048,candidate,Taiwan-side,Food profile says 永富魚丸店 began in the 1980s and sells fish balls meat soup and 滷肉飯,滷肉飯;肉羹,台北西門町小吃,,,https://go.17eat.com/151/,dd53e8a70c64dc0a,BATCH_Q_048,1,1.0000,0.0000,1,永富魚丸店,secondary,0.7000,official/media curated narrative source,0.9100,1.0000,0.9100,1.0000,target_positive,,1980,1.0000
BATCH_R_009,1980,1980-01-01,1946-1987_taiwan_side_formation,旗山足好肉燥飯,Kaohsiung,Taiwan,Taiwan-side,public_web_profile,Inmap Kaohsiung food map,https://inmap.tw/archives/28683,source_artifact_profile,旗山在地人常來光顧的老味道，招牌打的是肉燥飯，焢肉飯、肉羹湯、什錦菜湯也受歡迎。,low,Fifty-record top-up batch R; generated from 60-candidate source-artifact pool; existing source/date/brand keys skipped; not marker-split.,SRC_BATCH_R_009,candidate,Taiwan-side,旗山在地人常來光顧的老味道，招牌打的是肉燥飯，焢肉飯、肉羹湯、什錦菜湯也受歡迎。,肉燥飯,Taiwan,,,https://inmap.tw/archives/28683,9dccbbe7f953ca00,BATCH_R_009,1,1.0000,0.0000,1,旗山足好肉燥飯,primary,1.0000,dated archive/newspaper/registry-like source,1.0600,1.0000,1.0600,1.0000,target_positive,,1980,1.0000
BATCH_Q_049,1980,1980-01-01,1946-1987_taiwan_side_formation,小文肉羹魯肉飯,Keelung,Taiwan,Taiwan-side,local_media_profile,基隆海嗨,https://keelunghihi.com.tw/83485,local_media_old_shop_profile,1980s 小文肉羹魯肉飯 profile records Keelung old-shop lu rou fan and meat soup ecology,low,Fifty-record top-up batch Q; source-artifact unit checked against existing source/date/brand keys; not marker-split. Relative decade source; retained as candidate not probable.,SRC_BATCH_Q_049,candidate,Taiwan-side,Keelung local media says 小文肉羹魯肉飯 began in the early 1980s and is known for 滷肉飯 and meat soup,滷肉飯;肉羹,基隆小吃;台灣小吃,,,https://keelunghihi.com.tw/83485,6015349437537286,BATCH_Q_049,1,1.0000,0.0000,1,小文肉羹魯肉飯,secondary,0.7000,default secondary classification,0.9100,1.0000,0.9100,1.0000,target_positive,,1980,1.0000
MERGED_6f6774f3df942c,1980,1980-01-01,1946-1987_taiwan_side_formation,錦田肉燥飯,Kaohsiung,Taiwan,Taiwan-side,local_news_food_business,PChome / 創新聞,https://news.pchome.com.tw/public/pronews/20260527/index-77989075490386353016.html,old_shop_origin,1980 Kaohsiung Jintian rouzao rice Jintian Road Bohai Street salty sweet marinade fed two generations common table memory,medium,Recent local-news/business article gives exact 1980 origin and location; useful for 1980s Kaohsiung rouzao rice ecology but should be corroborated by older source if possible.,TW_KHH_JINTIAN_1980,probable,Taiwan-side,Local-news article says Jintian rouzao rice began in 1980 at the corner of Jintian Road and Bohai Street and frames its marinade as everyday food memory for two generations.,肉燥飯,高雄新興小吃,,,https://news.pchome.com.tw/public/pronews/20260527/index-77989075490386353016.html,509c3a3555af4f88,TW_KHH_1980_001,1,1.0000,0.0000,1,錦田肉燥飯,secondary,0.7000,default secondary classification,0.9100,1.0000,0.9100,1.0000,target_positive,,1980,1.0000
BATCH_T_047,1980,1980-01-01,1946-1987_taiwan_side_formation,旗山足好肉燥飯 secondary guide,Kaohsiung,Taiwan,Taiwan-side,public_food_profile,Nigi33,https://nigi33.tw/qishan-zuhao/,food_history_profile,Secondary guide presents Qishan Zuhao minced-pork rice in local food memory.,low,Secondary guide and relative history; candidate only. Fifty-record top-up batch T; 200-row harvesting round checkpoint 2/4; source/date/brand key screened; not marker-split.,SRC_BATCH_T_047,candidate,Taiwan,Secondary guide presents Qishan Zuhao minced-pork rice in local food memory.,肉燥飯;飯,高雄;臺灣,unknown,,https://nigi33.tw/qishan-zuhao/,ea8c557227490166,BATCH_T_047,1,1.0000,0.0000,1,旗山足好肉燥飯 secondary guide,secondary,0.7000,default secondary classification,0.9100,1.0000,0.9100,1.0000,target_positive,,1980,1.0000
BATCH_Q_050,1980,1980-01-01,1946-1987_taiwan_side_formation,豐味肉羹,New Taipei,Taiwan,Taiwan-side,food_media_profile,吃遍台灣美食餐廳,https://restaurant.howkno.com/info/182070,media_old_shop_profile,1980 豐味肉羹 profile records Ruifang breakfast snack ecology with lu rou fan,low,Fifty-record top-up batch Q; source-artifact unit checked against existing source/date/brand keys; not marker-split. Directory-style source; retained as candidate.,SRC_BATCH_Q_050,candidate,Taiwan-side,Food directory page says 豐味肉羹 was founded in 1980 and menu context includes 滷肉飯,滷肉飯;肉羹,瑞芳小吃;台灣小吃,,,https://restaurant.howkno.com/info/182070,6d7935dda99fcd63,BATCH_Q_050,1,1.0000,0.0000,1,豐味肉羹,secondary,0.7000,official/media curated narrative source,0.9100,1.0000,0.9100,1.0000,target_positive,,1980,1.0000
MERGED_c3d64146dc2c81,1980,1980-01-01,1946-1987_taiwan_side_formation,金峰魯肉飯,Taipei,Taiwan,Taiwan-side,food_media_retrospective,在地老饕阿府,https://wanteatfood.com/food/%E9%AD%AF%E8%82%89%E9%A3%AF,old_shop_origin,1980 Taipei Jinfeng lu rou fan South Gate market location lu rou fan old shop,low,Retrospective index page states Jinfeng has sold lu rou fan from 1980; retained as candidate because the source is an index/summary page rather than a focused historical article.,TW_TPE_JINFENG_1980,candidate,Taiwan-side,Source summary says Jinfeng lu rou fan has operated from 1980 near Nanmen Market / Chiang Kai-shek Memorial Hall.,魯肉飯,台北南門市場小吃,,,https://wanteatfood.com/food/%E9%AD%AF%E8%82%89%E9%A3%AF,645e3c3b1ab59f27,TW_TPE_1980_001,1,1.0000,0.0000,1,金峰魯肉飯,tertiary,0.4000,blog/review/social retrospective source,0.7600,1.0000,0.7600,1.0000,target_positive,,1980,1.0000
BATCH_S_004,1980,1980-01-01,1946-1987_taiwan_side_formation,古都碗粿榕樹下,Tainan,Taiwan,Taiwan-side,public_web_profile,WalkerLand 樂天小高,https://www.walkerland.com.tw/article/view/102980,source_artifact_profile,榕樹下旁的古都碗粿創立於1980年，文中記錄肉燥飯與碗粿餐點。,medium,Fifty-record top-up batch S; 200-row harvesting round checkpoint 1/4; source/date/brand key screened; not marker-split.,SRC_BATCH_S_004,probable,Taiwan-side,榕樹下旁的古都碗粿創立於1980年，文中記錄肉燥飯與碗粿餐點。,肉燥飯;碗粿,Taiwan,,,https://www.walkerland.com.tw/article/view/102980,f148df6dc1aa8ab5,BATCH_S_004,1,1.0000,0.0000,1,古都碗粿榕樹下,secondary,0.7000,default secondary classification,0.9100,1.0000,0.9100,1.0000,target_positive,,1980,1.0000
BATCH_S_005,1980,1980-01-01,1946-1987_taiwan_side_formation,古都碗粿東門總店,Tainan,Taiwan,Taiwan-side,public_web_profile,WalkerLand 樂天小高,https://www.walkerland.com.tw/article/view/104674,source_artifact_profile,古都碗粿東門總店由曾煥祥夫婦創立於1980年，菜單有肉燥飯。,medium,Fifty-record top-up batch S; 200-row harvesting round checkpoint 1/4; source/date/brand key screened; not marker-split.,SRC_BATCH_S_005,probable,Taiwan-side,古都碗粿東門總店由曾煥祥夫婦創立於1980年，菜單有肉燥飯。,肉燥飯;碗粿,Taiwan,,,https://www.walkerland.com.tw/article/view/104674,150aa847dbb2d3e6,BATCH_S_005,1,1.0000,0.0000,1,古都碗粿東門總店,secondary,0.7000,default secondary classification,0.9100,1.0000,0.9100,1.0000,target_positive,,1980,1.0000
MERGED_8904461af559ba,1981,1981-01-01,1946-1987_taiwan_side_formation,余媽媽老麵店,Chiayi,Taiwan,Taiwan-side,food_media_retrospective,Happy Day,https://ihappyday.tw/blog/post/old-mother-noodle,old_shop_origin,ROC year 70 Chiayi old noodle shop lu rou fan rouzao hand-pounded texture Taiwan lu rou fan festival selected shop,medium,Search result and page capture now support ROC year 70 founding plus lu rou fan menu and 2019 Taiwan lu rou fan festival selected-shop status; still retrospective but strong enough for probable.,TW_YUMAMA_1981,probable,Taiwan-side,Happy Day says Yumama old noodle shop was founded in ROC year 70 and was selected for the 2019 Taiwan lu rou fan festival while serving lu rou fan.,魯肉飯,嘉義小吃;台灣滷肉飯節,,,https://ihappyday.tw/blog/post/old-mother-noodle,6ad5c2eedd0ea33c,TW_1981_002,1,1.0000,0.0000,1,余媽媽老麵店,tertiary,0.4000,blog/review/social retrospective source,0.7600,1.0000,0.7600,1.0000,target_positive,,1980,1.0000
MERGED_73574f11e7fcd3,1981,1981-01-01,1946-1987_taiwan_side_formation,五燈獎豬腳魯肉飯,New Taipei,Taiwan,Taiwan-side,food_media_retrospective,Muzi,https://muzi.com.tw/streetfood-newtaipei-5dengjiang/,old_shop_origin,ROC year 70 Sanchong old snack stall pig trotter rice lu rou fan unnamed stall origin,medium,Retrospective food-media source; direct enough for probable but should be checked against shop registration if available.,TW_WUDENGJIANG_1981_ORIGIN,probable,Taiwan-side,Source says Wudengjiang began in ROC year 70 as an unnamed Sanchong snack stall known for pig-trotter rice and lu rou fan.,魯肉飯,新北三重小吃,,,https://muzi.com.tw/streetfood-newtaipei-5dengjiang/,be71a99c2ad9f286,TW_1981_001,1,0.7941,0.2059,2,五燈獎豬腳魯肉飯,tertiary,0.4000,blog/review/social retrospective source,0.6159,1.0000,0.6159,1.0000,target_positive,,1980,1.0000
MERGED_720be570aeac72,1981,1981-01-01,1946-1987_taiwan_side_formation,來來小吃,Kinmen,Taiwan,Taiwan-side,food_blog_retrospective,DongWa,https://www.dongwa.tw/lailai-lieyu/,old_shop_origin_candidate,approx ROC year 70 Kinmen Lieyu Donglin Market Lai Lai snack shop lu rou fan breakfast,low,Approximate ROC-year wording and retrospective blog source; retained as candidate until local or registration corroboration.,TW_KM_LAILAI_1981,candidate,Taiwan-side,DongWa says Lai Lai snack shop in Little Kinmen's Donglin Market has operated from about ROC year 70 and serves noodles soups and lu rou fan.,滷肉飯,金門烈嶼東林市場小吃,,,https://www.dongwa.tw/lailai-lieyu/,b6f1ff1b10f95d39,TW_KM_1981_001,1,1.0000,0.0000,1,來來小吃,tertiary,0.4000,blog/review/social retrospective source,0.7600,1.0000,0.7600,1.0000,target_positive,,1980,1.0000
BATCH_S_006,1982,1982-01-01,1946-1987_taiwan_side_formation,台南紅燒浮水花枝羹,Tainan,Taiwan,Taiwan-side,public_web_profile,饗食客棧,https://i17fun.tw/braised-floating-flower-branch-soup/,source_artifact_profile,台南紅燒浮水花枝羹創立於1982年台南文賢路，菜單包含肉燥飯。,medium,Fifty-record top-up batch S; 200-row harvesting round checkpoint 1/4; source/date/brand key screened; not marker-split.,SRC_BATCH_S_006,probable,Taiwan-side,台南紅燒浮水花枝羹創立於1982年台南文賢路，菜單包含肉燥飯。,肉燥飯;花枝羹,Taiwan,,,https://i17fun.tw/braised-floating-flower-branch-soup/,92bad63b2b3d9fad,BATCH_S_006,1,1.0000,0.0000,1,台南紅燒浮水花枝羹,secondary,0.7000,default secondary classification,0.9100,1.0000,0.9100,1.0000,target_positive,,1980,1.0000
BATCH_S_001,1982,1982-01-01,1946-1987_taiwan_side_formation,豐源上好吃牛肉麵,Tainan,Taiwan,Taiwan-side,public_web_profile,喵爸的部落格,https://wasai117.pixnet.net/blog/post/564887510,source_artifact_profile,豐源上好吃牛肉麵創立於1982年，在台南開店已四十年，菜單另有肉燥飯、水餃及小菜。,medium,Fifty-record top-up batch S; 200-row harvesting round checkpoint 1/4; source/date/brand key screened; not marker-split.,SRC_BATCH_S_001,probable,Taiwan-side,豐源上好吃牛肉麵創立於1982年，在台南開店已四十年，菜單另有肉燥飯、水餃及小菜。,肉燥飯;牛肉麵,Taiwan,,,https://wasai117.pixnet.net/blog/post/564887510,8b42492fec367553,BATCH_S_001,1,1.0000,0.0000,1,豐源上好吃牛肉麵,tertiary,0.4000,blog/review/social retrospective source,0.7600,1.0000,0.7600,1.0000,target_positive,,1980,1.0000
BATCH_R_016,1983,1983-01-01,1946-1987_taiwan_side_formation,林家肉燥飯,Tainan,Taiwan,Taiwan-side,municipal_profile,Tainan Tourism district route,https://www.twtainan.net/only-for-member/zh-tw/event/newsdetail/5976,source_artifact_profile,銅板價美食林家肉燥飯、在地經營60年的水河伯、近50年的國安街無名麵店等。,low,Fifty-record top-up batch R; generated from 60-candidate source-artifact pool; existing source/date/brand keys skipped; not marker-split.,SRC_BATCH_R_016,candidate,Taiwan-side,銅板價美食林家肉燥飯、在地經營60年的水河伯、近50年的國安街無名麵店等。,肉燥飯,Taiwan,,,https://www.twtainan.net/only-for-member/zh-tw/event/newsdetail/5976,52e6fa92c841f188,BATCH_R_016,1,1.0000,0.0000,1,林家肉燥飯,secondary,0.7000,official/media curated narrative source,0.9100,1.0000,0.9100,1.0000,target_positive,,1980,1.0000
BATCH_Q_051,1980,1980-01-01,1946-1987_taiwan_side_formation,老睦家炒鱔魚,Taipei,Taiwan,Taiwan-side,food_media_profile,Mecocute,https://www.mecocute.com/agedmom/,media_taiwanese_cuisine_profile,1980 老睦家 profile records inherited Taiwanese restaurant craft and late twentieth-century Tai-cai continuity,medium,Fifty-record top-up batch Q; source-artifact unit checked against existing source/date/brand keys; not marker-split.,SRC_BATCH_Q_051,probable,Taiwan-side,Food article says 老睦家 inherits parents craft from a restaurant founded in 1980 and identifies the venue as a 台菜 restaurant,台菜;炒鱔魚,臺菜;台北,,,https://www.mecocute.com/agedmom/,06d6e43bf1a0b604,BATCH_Q_051,1,1.0000,0.0000,1,老睦家炒鱔魚,secondary,0.7000,official/media curated narrative source,0.9100,0.0000,0.0000,0.0000,target_dish_absent_taiwan_context,target_dish_absent_taiwan_context,1980,0.0000
MERGED_064a4ee1658e3a,1980,1980-01-01,1946-1987_taiwan_side_formation,保安路米糕,Tainan,Taiwan,Taiwan-side,official_tourism_profile,台南旅遊網,https://www.twtainan.net/zh-tw/shop/consume/1499/,stall_relocation,1980 Tainan Baoan Road rice cake moved to current Baoan Road site after road widening demolition,medium,Official tourism page gives exact ROC year 69 relocation to the current site.,TW_BAOAN_1980_MOVE,probable,Taiwan-side,Official page says road widening in ROC year 69 forced Baoan Road rice cake to move to its current site and continue operating there.,米糕,台南道路拓寬小吃,,,https://www.twtainan.net/zh-tw/shop/consume/1499/,1b9ade76186fd2f1,TW_TN_1980_001,1,0.7885,0.2115,2,保安路米糕,secondary,0.7000,official/media curated narrative source,0.7619,0.0000,0.0000,0.0000,target_dish_absent_taiwan_context,target_dish_absent_taiwan_context,1980,0.0000
BATCH_U_002,1980,1980-01-01,1946-1987_taiwan_side_formation,阿三仔冰店 official founding page,Tainan,Taiwan,Taiwan-side,official_tourism_profile,Tainan Tourism,https://www.twtainan.net/zh-tw/shop/consume/8172/,official_shop_profile,Tainan Tourism profile states Asanzi ice shop was founded in 1980 and lists old-style shaved-ice ingredients.,medium,Official tourism profile with exact founding year. Fifty-record top-up batch U; 200-row harvesting round checkpoint 3/4; source/date/brand key screened; not marker-split.,SRC_BATCH_U_002,probable,Taiwan,Tainan Tourism profile states Asanzi ice shop was founded in 1980 and lists old-style shaved-ice ingredients.,剉冰;愛玉;麵茶,台南;臺灣,unknown,,https://www.twtainan.net/zh-tw/shop/consume/8172/,b4a214355ee41053,BATCH_U_002,1,1.0000,0.0000,1,阿三仔冰店 official founding page,secondary,0.7000,official/media curated narrative source,0.9100,0.0000,0.0000,0.0000,target_dish_absent_taiwan_context,target_dish_absent_taiwan_context,1980,0.0000
MERGED_78bdae66139d62,1986,1986-01-01,1946-1987_taiwan_side_formation,秀明豬心冬粉,Kaohsiung,Taiwan,Taiwan-side,food_media_retrospective,高雄美食地圖,https://inmap.tw/archives/69040,old_shop_menu_ecology,1986 Kaohsiung Qishan Xiuming pig-heart vermicelli founded ROC year 75 moon-egg rouzao rice top rouzao rice,medium,Not a specialist rouzao-rice origin but directly links ROC year 75 old shop to moon-egg rouzao rice and Kaohsiung top-ten rouzao-rice recognition.,TW_KHH_XIUMING_1986,probable,Taiwan-side,Source says Xiuming pig-heart vermicelli was founded in ROC year 75 and is known for moon-egg rouzao rice selected among Kaohsiung top rouzao-rice shops.,肉燥飯,高雄旗山小吃,,,https://inmap.tw/archives/69040,c14522e734c5afe5,TW_KHH_1986_001,1,1.0000,0.0000,1,秀明豬心冬粉,tertiary,0.4000,blog/review/social retrospective source,0.7600,1.0000,0.7600,1.0000,target_positive,,1985,1.0000
MERGED_7e8f0871f2c64e,1986,1986-01-01,1946-1987_taiwan_side_formation,大來小館,Taipei,Taiwan,Taiwan-side,travel_food_media,MOOK 景點家,https://www.mook.com.tw/article/16796,restaurant_origin_and_award,1986 Taipei Yongkang Street Dalai Xiaoguan founded ROC year 75 lu rou fan contest champion Taiwanese creative restaurant,medium,Restaurant rather than street-stall source; useful for Taipei restaurantization of lu rou fan before 1987 and as contrast to market/stall old-shop records.,TW_TPE_DALAI_1986,probable,Taiwan-side,MOOK says Dalai Xiaoguan was founded in ROC year 75 in Yongkang Street and won Taipei lu rou fan contest awards for its lu rou fan.,滷肉飯,台北永康街台式餐廳,,,https://www.mook.com.tw/article/16796,63abd4c992a87959,TW_TPE_1986_001,1,1.0000,0.0000,1,大來小館,secondary,0.7000,official/media curated narrative source,0.9100,1.0000,0.9100,1.0000,target_positive,,1985,1.0000
MERGED_9fd8b4e89ffd23,1986,1986-01-01,1946-1987_taiwan_side_formation,山河魯肉飯,Taichung,Taiwan,Taiwan-side,food_media_retrospective,WalkerLand,https://www.walkerland.com.tw/article/view/412394,old_shop_origin,ROC year 75 Taichung Second Market Shanhe lu rou fan meat-sauce rice market breakfast,medium,Retrospective food-media source gives ROC year 75 founding and menu; useful late-formation central Taiwan market marker.,TW_TC_SHANHE_1986,probable,Taiwan-side,WalkerLand says Shanhe lu rou fan in Taichung Second Market was founded in ROC year 75 and serves lu rou fan plus rouzao rice.,魯肉飯;肉燥飯,台中第二市場小吃,,,https://www.walkerland.com.tw/article/view/412394,4f7f78472f2f34d0,TW_TC_1986_001,1,1.0000,0.0000,1,山河魯肉飯,tertiary,0.4000,blog/review/social retrospective source,0.7600,1.0000,0.7600,1.0000,target_positive,,1985,1.0000
MERGED_dc130c8f9cc465,1987,1987-01-01,1946-1987_taiwan_side_formation,五燈獎豬腳魯肉飯,New Taipei,Taiwan,Taiwan-side,food_media_retrospective,Muzi,https://muzi.com.tw/streetfood-newtaipei-5dengjiang/,renaming_event,ROC year 76 Wudengjiang singing contest title converted unnamed lu rou fan stall into named brand,medium,Useful for linking local snack shop naming and media/pop-culture branding before internet platforms.,TW_WUDENGJIANG_1987_NAME,probable,Taiwan-side,Source says the second-generation operator won the Wudengjiang singing contest in ROC year 76 and the shop name followed that event.,魯肉飯,新北三重小吃,,,https://muzi.com.tw/streetfood-newtaipei-5dengjiang/,fc9e75521c2875f0,TW_1987_002,1,0.7941,0.2059,2,五燈獎豬腳魯肉飯,tertiary,0.4000,blog/review/social retrospective source,0.6159,1.0000,0.6159,1.0000,target_positive,,1985,1.0000
MERGED_83fd3f876ebcd4,1987,1987-01-01,1946-1987_taiwan_side_formation,春水堂珍珠奶茶,Taichung,Taiwan,Taiwan-side,official_product_history,春水堂人文茶館,https://www.chunshuitang.com.tw/drink/innovation/,bubble_tea_market_launch,1987 Chun Shui Tang pearl milk tea market launch national drink world-first Taiwan beverage sign,high,Official product-history page gives 1987 market launch; useful for transition from invention to consumer-facing Taiwan food sign.,TW_CHUNSHUITANG_BMT_1987,probable,Taiwan-side,Chun Shui Tang official page says pearl milk tea launched in 1987 and became a representative hand-shaken national drink.,珍珠奶茶,世界首創;國民飲料,Taiwan tea-house operator,Taiwan,https://www.chunshuitang.com.tw/drink/innovation/,ea20a526df6ef5d3,TW_1987_003,1,0.6552,0.3448,2,春水堂珍珠奶茶,secondary,0.7000,default secondary classification,0.6686,0.0000,0.0000,0.0000,target_dish_absent_taiwan_context,target_dish_absent_taiwan_context,1985,0.0000
MERGED_7c5050ae850456,1986,1986-01-01,1946-1987_taiwan_side_formation,翰林茶館珍珠奶茶,Tainan,Taiwan,Taiwan-side,official_brand_homepage,翰林茶館,https://www.hanlin-tea.com.tw/,bubble_tea_origin_claim,1986 Hanlin Tea House Tu Tsung-ho first pearl milk tea Tainan tea-drink origin claim,medium,Official homepage/search capture gives Hanlin's 1986 first-pearl-milk-tea claim; retain as probable origin-claim record rather than adjudicating invention priority.,TW_HANLIN_BMT_1986,probable,Taiwan-side,Hanlin Tea official search capture says founder Tu Tsung-ho developed the world's first pearl milk tea in 1986.,珍珠奶茶,台南茶飲;珍珠奶茶起源,Taiwan tea-house operator,Taiwan,https://www.hanlin-tea.com.tw/,f352228874aa72b3,TW_1986_003,1,1.0000,0.0000,1,翰林茶館珍珠奶茶,secondary,0.7000,official/media curated narrative source,0.9100,0.0000,0.0000,0.0000,target_dish_absent_taiwan_context,target_dish_absent_taiwan_context,1985,0.0000
MERGED_8afbad82618fec,1986,1986-01-01,1946-1987_taiwan_side_formation,春水堂珍珠奶茶,Taichung,Taiwan,Taiwan-side,official_product_history,春水堂人文茶館,https://www.chunshuitang.com.tw/drink/innovation/,bubble_tea_invention,1986 Chun Shui Tang invented pearl milk tea Taiwan tea drink innovation hand-shaken beverage,high,Official product-history page explicitly states 1986 invention and 1987 launch; keep separate from launch row for innovation timeline.,TW_CHUNSHUITANG_BMT_1986,probable,Taiwan-side,Chun Shui Tang official page says pearl milk tea was invented by Chun Shui Tang in 1986 before being listed for sale in 1987.,珍珠奶茶,世界首創;台灣手搖飲,Taiwan tea-house operator,Taiwan,https://www.chunshuitang.com.tw/drink/innovation/,edc920707958ddbe,TW_1986_002,1,0.6552,0.3448,2,春水堂珍珠奶茶,secondary,0.7000,default secondary classification,0.6686,0.0000,0.0000,0.0000,target_dish_absent_taiwan_context,target_dish_absent_taiwan_context,1985,0.0000
